station,valid,tmpc,dwpc,p01m,snowdepth,hourly_melt
TEX,NA,16,-6.00,0,M,22.11
TEX,NA,16,-6.00,0,M,22.11
TEX,NA,16,-8.00,0,M,22.11
TEX,NA,17,-8.00,0,M,24.119999999999997
TEX,NA,15,-6.00,0,M,20.099999999999998
TEX,NA,15,-6.00,0,M,20.099999999999998
TEX,NA,15,-6.00,0,M,20.099999999999998
TEX,NA,15,-6.00,0,M,20.099999999999998
TEX,NA,15,-6.00,0,M,20.099999999999998
TEX,NA,14,-6.00,0,M,18.089999999999996
TEX,NA,15,-5.00,0,M,20.099999999999998
TEX,NA,15,-5.00,0,M,20.099999999999998
TEX,NA,15,-7.00,0,M,20.099999999999998
TEX,NA,16,-6.00,0,M,22.11
TEX,NA,15,-6.00,0,M,20.099999999999998
TEX,NA,15,-6.00,0,M,20.099999999999998
TEX,NA,15,-7.00,0,M,20.099999999999998
TEX,NA,15,-7.00,0,M,20.099999999999998
TEX,NA,15,-7.00,0,M,20.099999999999998
TEX,NA,15,-7.00,0,M,20.099999999999998
TEX,NA,15,-7.00,0,M,20.099999999999998
TEX,NA,14,-7.00,0,M,18.089999999999996
TEX,NA,14,-7.00,0,M,18.089999999999996
TEX,NA,14,-6.00,0,M,18.089999999999996
TEX,NA,13,-5.00,0,M,16.08
TEX,NA,13,-5.00,0,M,16.08
TEX,NA,13,-5.00,0,M,16.08
TEX,NA,13,-5.00,0,M,16.08
TEX,NA,13,-6.00,0,M,16.08
TEX,NA,12,-6.00,0,M,14.069999999999999
TEX,NA,12,-5.00,0,M,14.069999999999999
TEX,NA,12,-3.00,0,M,14.069999999999999
TEX,NA,12,-2.00,0,M,14.069999999999999
TEX,NA,12,-2.00,0,M,14.069999999999999
TEX,NA,12,-2.00,0,M,14.069999999999999
TEX,NA,12,-2.00,0,M,14.069999999999999
TEX,NA,12,-2.00,0,M,14.069999999999999
TEX,NA,12,-2.00,0,M,14.069999999999999
TEX,NA,12,-1.00,0,M,14.069999999999999
TEX,NA,12,-2.00,0,M,14.069999999999999
TEX,NA,12,-1.00,0,M,14.069999999999999
TEX,NA,12,-2.00,0,M,14.069999999999999
TEX,NA,12,-2.00,0,M,14.069999999999999
TEX,NA,12,-1.00,0,M,14.069999999999999
TEX,NA,12,-2.00,0,M,14.069999999999999
TEX,NA,13,-2.00,0,M,16.08
TEX,NA,12,-2.00,0,M,14.069999999999999
TEX,NA,13,-2.00,0,M,16.08
TEX,NA,13,-4.00,0,M,16.08
TEX,NA,13,-4.00,0,M,16.08
TEX,NA,14,-6.00,0,M,18.089999999999996
TEX,NA,14,-5.00,0,M,18.089999999999996
TEX,NA,15,-6.00,0,M,20.099999999999998
TEX,NA,15,-5.00,0,M,20.099999999999998
TEX,NA,15,-5.00,0,M,20.099999999999998
TEX,NA,15,-7.00,0,M,20.099999999999998
TEX,NA,15,-8.00,0,M,20.099999999999998
TEX,NA,16,-8.00,0,M,22.11
TEX,NA,16,-8.00,0,M,22.11
TEX,NA,16,-7.00,0,M,22.11
TEX,NA,16,-7.00,0,M,22.11
TEX,NA,16,-7.00,0,M,22.11
TEX,NA,16,-8.00,0,M,22.11
TEX,NA,16,-6.00,0,M,22.11
TEX,NA,15,-5.00,0,M,20.099999999999998
TEX,NA,14,-1.00,0,M,18.089999999999996
TEX,NA,15,-2.00,0,M,20.099999999999998
TEX,NA,15,-2.00,0,M,20.099999999999998
TEX,NA,15,-2.00,0,M,20.099999999999998
TEX,NA,14,-3.00,0,M,18.089999999999996
TEX,NA,15,-4.00,0,M,20.099999999999998
TEX,NA,14,-4.00,0,M,18.089999999999996
TEX,NA,13,-2.00,0,M,16.08
TEX,NA,14,-4.00,0,M,18.089999999999996
TEX,NA,13,-5.00,0,M,16.08
TEX,NA,14,-5.00,0,M,18.089999999999996
TEX,NA,14,-5.00,0,M,18.089999999999996
TEX,NA,14,-6.00,0,M,18.089999999999996
TEX,NA,14,-7.00,0,M,18.089999999999996
TEX,NA,15,-7.00,0,M,20.099999999999998
TEX,NA,14,-7.00,0,M,18.089999999999996
TEX,NA,14,-7.00,0,M,18.089999999999996
TEX,NA,13,-5.00,0,M,16.08
TEX,NA,13,-6.00,0,M,16.08
TEX,NA,13,-5.00,0,M,16.08
TEX,NA,11,-1.00,0,M,12.059999999999999
TEX,NA,11,-1.00,0,M,12.059999999999999
TEX,NA,11,0.00,0,M,12.059999999999999
TEX,NA,10,0.00,0,M,10.049999999999999
TEX,NA,10,0.00,0,M,10.049999999999999
TEX,NA,8,2.00,0,M,6.029999999999999
TEX,NA,8,1.00,0,M,6.029999999999999
TEX,NA,8,2.00,0,M,6.029999999999999
TEX,NA,7,2.00,0,M,4.02
TEX,NA,8,2.00,0,M,6.029999999999999
TEX,NA,8,1.00,0,M,6.029999999999999
TEX,NA,8,2.00,0,M,6.029999999999999
TEX,NA,9,2.00,0,M,8.04
TEX,NA,8,2.00,0.25,M,6.029999999999999
TEX,NA,7,3.00,0,M,4.02
TEX,NA,7,3.00,0.25,M,4.02
TEX,NA,8,2.00,0.25,M,6.029999999999999
TEX,NA,9,2.00,0.25,M,8.04
TEX,NA,9,2.00,0.25,M,8.04
TEX,NA,10,2.00,0.25,M,10.049999999999999
TEX,NA,10,1.00,0.25,M,10.049999999999999
TEX,NA,10,1.00,0.25,M,10.049999999999999
TEX,NA,10,1.00,0.25,M,10.049999999999999
TEX,NA,11,0.00,0,M,12.059999999999999
TEX,NA,11,0.00,0,M,12.059999999999999
TEX,NA,11,0.00,0,M,12.059999999999999
TEX,NA,11,0.00,0,M,12.059999999999999
TEX,NA,11,0.00,0,M,12.059999999999999
TEX,NA,11,0.00,0,M,12.059999999999999
TEX,NA,10,0.00,0,M,10.049999999999999
TEX,NA,10,1.00,0,M,10.049999999999999
TEX,NA,10,1.00,0,M,10.049999999999999
TEX,NA,8,0.00,0,M,6.029999999999999
TEX,NA,8,1.00,0.25,M,6.029999999999999
TEX,NA,8,2.00,0.25,M,6.029999999999999
TEX,NA,10,1.00,0.25,M,10.049999999999999
TEX,NA,7,2.00,0.25,M,4.02
TEX,NA,7,3.00,0.25,M,4.02
TEX,NA,10,3.00,0.25,M,10.049999999999999
TEX,NA,11,1.00,0.25,M,12.059999999999999
TEX,NA,11,0.00,0.25,M,12.059999999999999
TEX,NA,11,1.00,0.25,M,12.059999999999999
TEX,NA,11,0.00,0.25,M,12.059999999999999
TEX,NA,11,0.00,0.25,M,12.059999999999999
TEX,NA,7,1.00,0.25,M,4.02
TEX,NA,7,3.00,0.25,M,4.02
TEX,NA,10,2.00,0.51,M,10.049999999999999
TEX,NA,8,2.00,0,M,6.029999999999999
TEX,NA,7,2.00,0,M,4.02
TEX,NA,7,1.00,0,M,4.02
TEX,NA,7,1.00,0.25,M,4.02
TEX,NA,6,1.00,0.25,M,2.01
TEX,NA,6,2.00,0.51,M,2.01
TEX,NA,5,2.00,0,M,0
TEX,NA,6,2.00,0,M,2.01
TEX,NA,6,2.00,0.25,M,2.01
TEX,NA,7,1.00,0.25,M,4.02
TEX,NA,7,1.00,0.25,M,4.02
TEX,NA,7,1.00,0.25,M,4.02
TEX,NA,7,2.00,0,M,4.02
TEX,NA,7,0.00,0.25,M,4.02
TEX,NA,7,1.00,0.25,M,4.02
TEX,NA,7,1.00,0,M,4.02
TEX,NA,6,1.00,0.25,M,2.01
TEX,NA,6,2.00,0.25,M,2.01
TEX,NA,6,2.00,0,M,2.01
TEX,NA,6,1.00,0.25,M,2.01
TEX,NA,5,1.00,0.25,M,0
TEX,NA,5,1.00,0.25,M,0
TEX,NA,5,1.00,0.25,M,0
TEX,NA,4,1.00,0.25,M,0
TEX,NA,3,1.00,0,M,0
TEX,NA,3,0.00,0,M,0
TEX,NA,3,0.00,0,M,0
TEX,NA,3,0.00,0,M,0
TEX,NA,3,0.00,0,M,0
TEX,NA,3,0.00,0,M,0
TEX,NA,3,1.00,0,M,0
TEX,NA,3,0.00,0,M,0
TEX,NA,3,0.00,0,M,0
TEX,NA,3,0.00,0,M,0
TEX,NA,2,0.00,0,M,0
TEX,NA,3,0.00,0,M,0
TEX,NA,3,-1.00,0,M,0
TEX,NA,2,0.00,0,M,0
TEX,NA,2,0.00,0,M,0
TEX,NA,2,0.00,0,M,0
TEX,NA,2,0.00,0,M,0
TEX,NA,1,0.00,0,M,0
TEX,NA,2,0.00,0,M,0
TEX,NA,2,0.00,0,M,0
TEX,NA,2,0.00,0,M,0
TEX,NA,2,0.00,0,M,0
TEX,NA,1,0.00,0,M,0
TEX,NA,1,0.00,0,M,0
TEX,NA,1,0.00,0,M,0
TEX,NA,1,0.00,0,M,0
TEX,NA,0,0.00,0,M,0
TEX,NA,0,0.00,0,M,0
TEX,NA,0,-1.00,0,M,0
TEX,NA,1,-1.00,0,M,0
TEX,NA,1,0.00,0,M,0
TEX,NA,2,-1.00,0,M,0
TEX,NA,2,0.00,0,M,0
TEX,NA,3,0.00,0,M,0
TEX,NA,4,-1.00,0,M,0
TEX,NA,5,-1.00,0,M,0
TEX,NA,6,-4.00,0,M,2.01
TEX,NA,6,-4.00,0,M,2.01
TEX,NA,7,-4.00,0,M,4.02
TEX,NA,7,-4.00,0,M,4.02
TEX,NA,7,-5.00,0,M,4.02
TEX,NA,7,-7.00,0,M,4.02
TEX,NA,8,-5.00,0,M,6.029999999999999
TEX,NA,7,-5.00,0,M,4.02
TEX,NA,8,-5.00,0,M,6.029999999999999
TEX,NA,8,-6.00,0,M,6.029999999999999
TEX,NA,8,-5.00,0,M,6.029999999999999
TEX,NA,10,-6.00,0,M,10.049999999999999
TEX,NA,9,-5.00,0,M,8.04
TEX,NA,10,-6.00,0,M,10.049999999999999
TEX,NA,10,-7.00,0,M,10.049999999999999
TEX,NA,10,-8.00,0,M,10.049999999999999
TEX,NA,11,-8.00,0,M,12.059999999999999
TEX,NA,10,-8.00,0,M,10.049999999999999
TEX,NA,11,-8.00,0,M,12.059999999999999
TEX,NA,10,-8.00,0,M,10.049999999999999
TEX,NA,10,-6.00,0,M,10.049999999999999
TEX,NA,10,-6.00,0,M,10.049999999999999
TEX,NA,10,-6.00,0,M,10.049999999999999
TEX,NA,9,-6.00,0,M,8.04
TEX,NA,9,-6.00,0,M,8.04
TEX,NA,8,-6.00,0,M,6.029999999999999
TEX,NA,7,-5.00,0,M,4.02
TEX,NA,7,-5.00,0,M,4.02
TEX,NA,7,-4.00,0,M,4.02
TEX,NA,6,-3.00,0,M,2.01
TEX,NA,6,-3.00,0,M,2.01
TEX,NA,5,-2.00,0,M,0
TEX,NA,4,-2.00,0,M,0
TEX,NA,4,-2.00,0,M,0
TEX,NA,3,-2.00,0,M,0
TEX,NA,3,-2.00,0,M,0
TEX,NA,3,-2.00,0,M,0
TEX,NA,3,-2.00,0,M,0
TEX,NA,3,-2.00,0,M,0
TEX,NA,3,-2.00,0,M,0
TEX,NA,3,-3.00,0,M,0
TEX,NA,3,-2.00,0,M,0
TEX,NA,2,-2.00,0,M,0
TEX,NA,2,-2.00,0,M,0
TEX,NA,2,-2.00,0,M,0
TEX,NA,2,-2.00,0,M,0
TEX,NA,2,-2.00,0,M,0
TEX,NA,2,-2.00,0,M,0
TEX,NA,2,-2.00,0,M,0
TEX,NA,2,-2.00,0,M,0
TEX,NA,2,-2.00,0,M,0
TEX,NA,2,-2.00,0,M,0
TEX,NA,2,-3.00,0,M,0
TEX,NA,1,-2.00,0,M,0
TEX,NA,1,-2.00,0,M,0
TEX,NA,1,-2.00,0,M,0
TEX,NA,1,-2.00,0,M,0
TEX,NA,1,-3.00,0,M,0
TEX,NA,1,-3.00,0,M,0
TEX,NA,1,-3.00,0,M,0
TEX,NA,1,-3.00,0,M,0
TEX,NA,1,-2.00,0,M,0
TEX,NA,1,-2.00,0,M,0
TEX,NA,1,-2.00,0,M,0
TEX,NA,1,-2.00,0,M,0
TEX,NA,1,-3.00,0,M,0
TEX,NA,2,-3.00,0,M,0
TEX,NA,2,-3.00,0,M,0
TEX,NA,3,-2.00,0,M,0
TEX,NA,3,-2.00,0,M,0
TEX,NA,5,-3.00,0,M,0
TEX,NA,6,-3.00,0,M,2.01
TEX,NA,7,-3.00,0,M,4.02
TEX,NA,10,-5.00,0,M,10.049999999999999
TEX,NA,10,-6.00,0,M,10.049999999999999
TEX,NA,11,-6.00,0,M,12.059999999999999
TEX,NA,11,-5.00,0,M,12.059999999999999
TEX,NA,12,-6.00,0,M,14.069999999999999
TEX,NA,NA,M,0,M,NA
TEX,NA,12,-6.00,0,M,14.069999999999999
TEX,NA,12,-7.00,0,M,14.069999999999999
TEX,NA,13,-6.00,0,M,16.08
TEX,NA,12,-6.00,0,M,14.069999999999999
TEX,NA,12,-6.00,0,M,14.069999999999999
TEX,NA,12,-6.00,0,M,14.069999999999999
TEX,NA,12,-5.00,0,M,14.069999999999999
TEX,NA,12,-5.00,0,M,14.069999999999999
TEX,NA,12,-5.00,0,M,14.069999999999999
TEX,NA,11,-4.00,0,M,12.059999999999999
TEX,NA,10,-4.00,0,M,10.049999999999999
TEX,NA,10,-3.00,0,M,10.049999999999999
TEX,NA,9,-3.00,0,M,8.04
TEX,NA,8,-3.00,0,M,6.029999999999999
TEX,NA,8,-3.00,0,M,6.029999999999999
TEX,NA,8,-4.00,0,M,6.029999999999999
TEX,NA,8,-3.00,0,M,6.029999999999999
TEX,NA,7,-3.00,0,M,4.02
TEX,NA,6,-2.00,0,M,2.01
TEX,NA,6,-2.00,0,M,2.01
TEX,NA,6,-3.00,0,M,2.01
TEX,NA,5,-2.00,0,M,0
TEX,NA,5,-2.00,0,M,0
TEX,NA,4,-2.00,0,M,0
TEX,NA,5,-2.00,0,M,0
TEX,NA,4,-2.00,0,M,0
TEX,NA,3,-2.00,0,M,0
TEX,NA,3,-2.00,0,M,0
TEX,NA,3,-2.00,0,M,0
TEX,NA,3,-2.00,0,M,0
TEX,NA,11,-9.00,0,M,12.059999999999999
TEX,NA,13,-8.00,0,M,16.08
TEX,NA,13,-11.00,0,M,16.08
TEX,NA,13,-9.00,0,M,16.08
TEX,NA,15,-8.00,0,M,20.099999999999998
TEX,NA,15,-8.00,0,M,20.099999999999998
TEX,NA,15,-8.00,0,M,20.099999999999998
TEX,NA,15,-8.00,0,M,20.099999999999998
TEX,NA,16,-8.00,0,M,22.11
TEX,NA,16,-8.00,0,M,22.11
TEX,NA,16,-7.00,0,M,22.11
TEX,NA,16,-7.00,0,M,22.11
TEX,NA,16,-7.00,0,M,22.11
TEX,NA,16,-6.00,0,M,22.11
TEX,NA,16,-6.00,0,M,22.11
TEX,NA,16,-6.00,0,M,22.11
TEX,NA,16,-6.00,0,M,22.11
TEX,NA,16,-6.00,0,M,22.11
TEX,NA,16,-5.00,0,M,22.11
TEX,NA,16,-5.00,0,M,22.11
TEX,NA,15,-5.00,0,M,20.099999999999998
TEX,NA,15,-4.00,0,M,20.099999999999998
TEX,NA,14,-4.00,0,M,18.089999999999996
TEX,NA,13,-3.00,0,M,16.08
TEX,NA,13,-3.00,0,M,16.08
TEX,NA,12,-2.00,0,M,14.069999999999999
TEX,NA,11,-2.00,0,M,12.059999999999999
TEX,NA,11,-2.00,0,M,12.059999999999999
TEX,NA,10,-2.00,0,M,10.049999999999999
TEX,NA,10,-2.00,0,M,10.049999999999999
TEX,NA,9,-2.00,0,M,8.04
TEX,NA,8,-2.00,0,M,6.029999999999999
TEX,NA,8,-1.00,0,M,6.029999999999999
TEX,NA,7,-1.00,0,M,4.02
TEX,NA,7,-1.00,0,M,4.02
TEX,NA,7,-1.00,0,M,4.02
TEX,NA,7,-1.00,0,M,4.02
TEX,NA,6,-1.00,0,M,2.01
TEX,NA,6,-1.00,0,M,2.01
TEX,NA,6,-1.00,0,M,2.01
TEX,NA,6,-1.00,0,M,2.01
TEX,NA,5,-1.00,0,M,0
TEX,NA,5,-1.00,0,M,0
TEX,NA,5,-1.00,0,M,0
TEX,NA,5,-1.00,0,M,0
TEX,NA,5,-1.00,0,M,0
TEX,NA,5,-1.00,0,M,0
TEX,NA,4,-1.00,0,M,0
TEX,NA,3,-1.00,0,M,0
TEX,NA,4,-1.00,0,M,0
TEX,NA,4,-2.00,0,M,0
TEX,NA,3,-2.00,0,M,0
TEX,NA,16,-7.00,0,M,22.11
TEX,NA,16,-7.00,0,M,22.11
TEX,NA,16,-8.00,0,M,22.11
TEX,NA,15,-8.00,0,M,20.099999999999998
TEX,NA,14,-8.00,0,M,18.089999999999996
TEX,NA,14,-8.00,0,M,18.089999999999996
TEX,NA,13,-7.00,0,M,16.08
TEX,NA,12,-6.00,0,M,14.069999999999999
TEX,NA,12,-6.00,0,M,14.069999999999999
TEX,NA,10,-5.00,0,M,10.049999999999999
TEX,NA,10,-5.00,0,M,10.049999999999999
TEX,NA,10,-4.00,0,M,10.049999999999999
TEX,NA,9,-4.00,0,M,8.04
TEX,NA,8,-4.00,0,M,6.029999999999999
TEX,NA,8,-4.00,0,M,6.029999999999999
TEX,NA,8,-3.00,0,M,6.029999999999999
TEX,NA,7,-3.00,0,M,4.02
TEX,NA,8,-4.00,0,M,6.029999999999999
TEX,NA,7,-3.00,0,M,4.02
TEX,NA,7,-3.00,0,M,4.02
TEX,NA,7,-4.00,0,M,4.02
TEX,NA,7,-3.00,0,M,4.02
TEX,NA,6,-3.00,0,M,2.01
TEX,NA,6,-3.00,0,M,2.01
TEX,NA,6,-3.00,0,M,2.01
TEX,NA,6,-3.00,0,M,2.01
TEX,NA,6,-3.00,0,M,2.01
TEX,NA,5,-3.00,0,M,0
TEX,NA,5,-3.00,0,M,0
TEX,NA,5,-3.00,0,M,0
TEX,NA,5,-3.00,0,M,0
TEX,NA,5,-3.00,0,M,0
TEX,NA,5,-3.00,0,M,0
TEX,NA,5,-3.00,0,M,0
TEX,NA,5,-3.00,0,M,0
TEX,NA,4,-3.00,0,M,0
TEX,NA,4,-3.00,0,M,0
TEX,NA,5,-3.00,0,M,0
TEX,NA,4,-3.00,0,M,0
TEX,NA,4,-3.00,0,M,0
TEX,NA,5,-3.00,0,M,0
TEX,NA,5,-3.00,0,M,0
TEX,NA,5,-3.00,0,M,0
TEX,NA,5,-3.00,0,M,0
TEX,NA,6,-3.00,0,M,2.01
TEX,NA,7,-3.00,0,M,4.02
TEX,NA,7,-3.00,0,M,4.02
TEX,NA,8,-3.00,0,M,6.029999999999999
TEX,NA,10,-5.00,0,M,10.049999999999999
TEX,NA,11,-5.00,0,M,12.059999999999999
TEX,NA,12,-6.00,0,M,14.069999999999999
TEX,NA,13,-6.00,0,M,16.08
TEX,NA,14,-7.00,0,M,18.089999999999996
TEX,NA,15,-8.00,0,M,20.099999999999998
TEX,NA,15,-10.00,0,M,20.099999999999998
TEX,NA,15,-10.00,0,M,20.099999999999998
TEX,NA,16,-14.00,0,M,22.11
TEX,NA,16,-15.00,0,M,22.11
TEX,NA,16,-14.00,0,M,22.11
TEX,NA,17,-15.00,0,M,24.119999999999997
TEX,NA,17,-16.00,0,M,24.119999999999997
TEX,NA,17,-16.00,0,M,24.119999999999997
TEX,NA,17,-13.00,0,M,24.119999999999997
TEX,NA,18,-14.00,0,M,26.129999999999995
TEX,NA,18,-14.00,0,M,26.129999999999995
TEX,NA,18,-15.00,0,M,26.129999999999995
TEX,NA,17,-16.00,0,M,24.119999999999997
TEX,NA,18,-17.00,0,M,26.129999999999995
TEX,NA,18,-16.00,0,M,26.129999999999995
TEX,NA,17,-16.00,0,M,24.119999999999997
TEX,NA,17,-7.00,0,M,24.119999999999997
TEX,NA,16,-7.00,0,M,22.11
TEX,NA,16,-7.00,0,M,22.11
TEX,NA,15,-8.00,0,M,20.099999999999998
TEX,NA,14,-9.00,0,M,18.089999999999996
TEX,NA,13,-10.00,0,M,16.08
TEX,NA,13,-10.00,0,M,16.08
TEX,NA,13,-10.00,0,M,16.08
TEX,NA,13,-10.00,0,M,16.08
TEX,NA,13,-10.00,0,M,16.08
TEX,NA,12,-8.00,0,M,14.069999999999999
TEX,NA,11,-8.00,0,M,12.059999999999999
TEX,NA,10,-7.00,0,M,10.049999999999999
TEX,NA,10,-7.00,0,M,10.049999999999999
TEX,NA,9,-6.00,0,M,8.04
TEX,NA,8,-6.00,0,M,6.029999999999999
TEX,NA,8,-6.00,0,M,6.029999999999999
TEX,NA,8,-6.00,0,M,6.029999999999999
TEX,NA,8,-6.00,0,M,6.029999999999999
TEX,NA,7,-6.00,0,M,4.02
TEX,NA,7,-5.00,0,M,4.02
TEX,NA,7,-6.00,0,M,4.02
TEX,NA,7,-6.00,0,M,4.02
TEX,NA,6,-5.00,0,M,2.01
TEX,NA,6,-5.00,0,M,2.01
TEX,NA,7,-6.00,0,M,4.02
TEX,NA,6,-6.00,0,M,2.01
TEX,NA,6,-5.00,0,M,2.01
TEX,NA,5,-5.00,0,M,0
TEX,NA,5,-5.00,0,M,0
TEX,NA,5,-5.00,0,M,0
TEX,NA,5,-5.00,0,M,0
TEX,NA,5,-5.00,0,M,0
TEX,NA,5,-6.00,0,M,0
TEX,NA,5,-5.00,0,M,0
TEX,NA,5,-5.00,0,M,0
TEX,NA,5,-5.00,0,M,0
TEX,NA,5,-5.00,0,M,0
TEX,NA,5,-5.00,0,M,0
TEX,NA,5,-5.00,0,M,0
TEX,NA,5,-5.00,0,M,0
TEX,NA,4,-5.00,0,M,0
TEX,NA,4,-5.00,0,M,0
TEX,NA,5,-5.00,0,M,0
TEX,NA,5,-5.00,0,M,0
TEX,NA,5,-5.00,0,M,0
TEX,NA,6,-5.00,0,M,2.01
TEX,NA,7,-6.00,0,M,4.02
TEX,NA,8,-5.00,0,M,6.029999999999999
TEX,NA,9,-6.00,0,M,8.04
TEX,NA,10,-6.00,0,M,10.049999999999999
TEX,NA,11,-6.00,0,M,12.059999999999999
TEX,NA,13,-6.00,0,M,16.08
TEX,NA,13,-8.00,0,M,16.08
TEX,NA,14,-9.00,0,M,18.089999999999996
TEX,NA,15,-11.00,0,M,20.099999999999998
TEX,NA,15,-10.00,0,M,20.099999999999998
TEX,NA,16,-13.00,0,M,22.11
TEX,NA,16,-15.00,0,M,22.11
TEX,NA,17,-16.00,0,M,24.119999999999997
TEX,NA,17,-15.00,0,M,24.119999999999997
TEX,NA,17,-17.00,0,M,24.119999999999997
TEX,NA,17,-16.00,0,M,24.119999999999997
TEX,NA,17,-16.00,0,M,24.119999999999997
TEX,NA,17,-17.00,0,M,24.119999999999997
TEX,NA,18,-18.00,0,M,26.129999999999995
TEX,NA,18,-17.00,0,M,26.129999999999995
TEX,NA,18,-16.00,0,M,26.129999999999995
TEX,NA,17,-16.00,0,M,24.119999999999997
TEX,NA,18,-15.00,0,M,26.129999999999995
TEX,NA,17,-15.00,0,M,24.119999999999997
TEX,NA,17,-15.00,0,M,24.119999999999997
TEX,NA,17,-16.00,0,M,24.119999999999997
TEX,NA,17,-17.00,0,M,24.119999999999997
TEX,NA,16,-17.00,0,M,22.11
TEX,NA,16,-18.00,0,M,22.11
TEX,NA,15,-17.00,0,M,20.099999999999998
TEX,NA,15,-17.00,0,M,20.099999999999998
TEX,NA,14,-17.00,0,M,18.089999999999996
TEX,NA,13,-15.00,0,M,16.08
TEX,NA,12,-12.00,0,M,14.069999999999999
TEX,NA,11,-12.00,0,M,12.059999999999999
TEX,NA,11,-12.00,0,M,12.059999999999999
TEX,NA,10,-11.00,0,M,10.049999999999999
TEX,NA,10,-11.00,0,M,10.049999999999999
TEX,NA,9,-10.00,0,M,8.04
TEX,NA,8,-10.00,0,M,6.029999999999999
TEX,NA,8,-10.00,0,M,6.029999999999999
TEX,NA,8,-10.00,0,M,6.029999999999999
TEX,NA,7,-10.00,0,M,4.02
TEX,NA,6,-9.00,0,M,2.01
TEX,NA,7,-10.00,0,M,4.02
TEX,NA,6,-9.00,0,M,2.01
TEX,NA,6,-9.00,0,M,2.01
TEX,NA,6,-9.00,0,M,2.01
TEX,NA,7,-10.00,0,M,4.02
TEX,NA,5,-9.00,0,M,0
TEX,NA,5,-8.00,0,M,0
TEX,NA,6,-8.00,0,M,2.01
TEX,NA,5,-8.00,0,M,0
TEX,NA,5,-8.00,0,M,0
TEX,NA,5,-7.00,0,M,0
TEX,NA,5,-8.00,0,M,0
TEX,NA,5,-7.00,0,M,0
TEX,NA,5,-7.00,0,M,0
TEX,NA,5,-7.00,0,M,0
TEX,NA,5,-6.00,0,M,0
TEX,NA,5,-6.00,0,M,0
TEX,NA,5,-6.00,0,M,0
TEX,NA,5,-6.00,0,M,0
TEX,NA,5,-6.00,0,M,0
TEX,NA,5,-6.00,0,M,0
TEX,NA,5,-6.00,0,M,0
TEX,NA,4,-5.00,0,M,0
TEX,NA,5,-5.00,0,M,0
TEX,NA,5,-5.00,0,M,0
TEX,NA,5,-5.00,0,M,0
TEX,NA,5,-5.00,0,M,0
TEX,NA,6,-5.00,0,M,2.01
TEX,NA,6,-4.00,0,M,2.01
TEX,NA,7,-5.00,0,M,4.02
TEX,NA,10,-5.00,0,M,10.049999999999999
TEX,NA,10,-5.00,0,M,10.049999999999999
TEX,NA,11,-4.00,0,M,12.059999999999999
TEX,NA,13,-5.00,0,M,16.08
TEX,NA,12,-5.00,0,M,14.069999999999999
TEX,NA,8,0.00,0.51,M,6.029999999999999
TEX,NA,8,1.00,0,M,6.029999999999999
TEX,NA,9,2.00,0,M,8.04
TEX,NA,8,1.00,0,M,6.029999999999999
TEX,NA,10,1.00,0,M,10.049999999999999
TEX,NA,11,1.00,0,M,12.059999999999999
TEX,NA,12,-1.00,0,M,14.069999999999999
TEX,NA,12,-2.00,0,M,14.069999999999999
TEX,NA,12,-3.00,0,M,14.069999999999999
TEX,NA,10,-3.00,0,M,10.049999999999999
TEX,NA,11,-4.00,0,M,12.059999999999999
TEX,NA,11,-3.00,0,M,12.059999999999999
TEX,NA,10,-2.00,0,M,10.049999999999999
TEX,NA,9,0.00,0,M,8.04
TEX,NA,8,1.00,0.25,M,6.029999999999999
TEX,NA,8,0.00,0,M,6.029999999999999
TEX,NA,9,0.00,0,M,8.04
TEX,NA,10,0.00,0,M,10.049999999999999
TEX,NA,10,-1.00,0,M,10.049999999999999
TEX,NA,10,0.00,0,M,10.049999999999999
TEX,NA,10,0.00,0,M,10.049999999999999
TEX,NA,10,0.00,0,M,10.049999999999999
TEX,NA,9,0.00,0,M,8.04
TEX,NA,8,0.00,0,M,6.029999999999999
TEX,NA,7,0.00,0,M,4.02
TEX,NA,7,0.00,0,M,4.02
TEX,NA,7,0.00,0,M,4.02
TEX,NA,7,0.00,0,M,4.02
TEX,NA,7,0.00,0,M,4.02
TEX,NA,6,-1.00,0,M,2.01
TEX,NA,6,-1.00,0,M,2.01
TEX,NA,6,-1.00,0,M,2.01
TEX,NA,6,-2.00,0,M,2.01
TEX,NA,6,-3.00,0,M,2.01
TEX,NA,6,-2.00,0,M,2.01
TEX,NA,6,-2.00,0,M,2.01
TEX,NA,6,-2.00,0,M,2.01
TEX,NA,6,-3.00,0,M,2.01
TEX,NA,6,-3.00,0,M,2.01
TEX,NA,6,-3.00,0,M,2.01
TEX,NA,7,-3.00,0,M,4.02
TEX,NA,8,-3.00,0,M,6.029999999999999
TEX,NA,8,-3.00,0,M,6.029999999999999
TEX,NA,8,-4.00,0,M,6.029999999999999
TEX,NA,9,-4.00,0,M,8.04
TEX,NA,9,-4.00,0,M,8.04
TEX,NA,9,-4.00,0,M,8.04
TEX,NA,8,-4.00,0,M,6.029999999999999
TEX,NA,8,-3.00,0,M,6.029999999999999
TEX,NA,8,-3.00,0,M,6.029999999999999
TEX,NA,9,-3.00,0,M,8.04
TEX,NA,8,-3.00,0,M,6.029999999999999
TEX,NA,8,-2.00,0,M,6.029999999999999
TEX,NA,8,-2.00,0,M,6.029999999999999
TEX,NA,9,-2.00,0,M,8.04
TEX,NA,10,-2.00,0,M,10.049999999999999
TEX,NA,9,-2.00,0,M,8.04
TEX,NA,8,-2.00,0,M,6.029999999999999
TEX,NA,8,-2.00,0,M,6.029999999999999
TEX,NA,9,-2.00,0,M,8.04
TEX,NA,9,-3.00,0,M,8.04
TEX,NA,8,-3.00,0,M,6.029999999999999
TEX,NA,9,-3.00,0,M,8.04
TEX,NA,9,-4.00,0,M,8.04
TEX,NA,10,-4.00,0,M,10.049999999999999
TEX,NA,10,-5.00,0,M,10.049999999999999
TEX,NA,10,-4.00,0,M,10.049999999999999
TEX,NA,10,-3.00,0,M,10.049999999999999
TEX,NA,11,-4.00,0,M,12.059999999999999
TEX,NA,11,-2.00,0,M,12.059999999999999
TEX,NA,11,-3.00,0,M,12.059999999999999
TEX,NA,11,-3.00,0,M,12.059999999999999
TEX,NA,11,-5.00,0,M,12.059999999999999
TEX,NA,11,-6.00,0,M,12.059999999999999
TEX,NA,11,-5.00,0,M,12.059999999999999
TEX,NA,11,-6.00,0,M,12.059999999999999
TEX,NA,12,-6.00,0,M,14.069999999999999
TEX,NA,12,-6.00,0,M,14.069999999999999
TEX,NA,12,-6.00,0,M,14.069999999999999
TEX,NA,13,-6.00,0,M,16.08
TEX,NA,12,-7.00,0,M,14.069999999999999
TEX,NA,13,-6.00,0,M,16.08
TEX,NA,13,-6.00,0,M,16.08
TEX,NA,12,-7.00,0,M,14.069999999999999
TEX,NA,12,-7.00,0,M,14.069999999999999
TEX,NA,12,-8.00,0,M,14.069999999999999
TEX,NA,12,-8.00,0,M,14.069999999999999
TEX,NA,12,-7.00,0,M,14.069999999999999
TEX,NA,12,-7.00,0,M,14.069999999999999
TEX,NA,12,-8.00,0,M,14.069999999999999
TEX,NA,12,-7.00,0,M,14.069999999999999
TEX,NA,11,-8.00,0,M,12.059999999999999
TEX,NA,11,-7.00,0,M,12.059999999999999
TEX,NA,11,-9.00,0,M,12.059999999999999
TEX,NA,11,-10.00,0,M,12.059999999999999
TEX,NA,11,-12.00,0,M,12.059999999999999
TEX,NA,10,-15.00,0,M,10.049999999999999
TEX,NA,10,-7.00,0,M,10.049999999999999
TEX,NA,7,-3.00,0,M,4.02
TEX,NA,7,-2.00,0,M,4.02
TEX,NA,6,-1.00,0,M,2.01
TEX,NA,5,0.00,0,M,0
TEX,NA,4,0.00,0,M,0
TEX,NA,4,0.00,0,M,0
TEX,NA,4,0.00,0,M,0
TEX,NA,3,0.00,0,M,0
TEX,NA,3,-2.00,0,M,0
TEX,NA,2,-1.00,0,M,0
TEX,NA,1,-1.00,0,M,0
TEX,NA,1,-1.00,0,M,0
TEX,NA,0,0.00,0,M,0
TEX,NA,0,-1.00,0,M,0
TEX,NA,0,-1.00,0,M,0
TEX,NA,0,-2.00,0,M,0
TEX,NA,0,-2.00,0,M,0
TEX,NA,0,-2.00,0,M,0
TEX,NA,0,-2.00,0,M,0
TEX,NA,0,-1.00,0,M,0
TEX,NA,0,-2.00,0,M,0
TEX,NA,0,-2.00,0,M,0
TEX,NA,0,-2.00,0,M,0
TEX,NA,0,-2.00,0,M,0
TEX,NA,0,-2.00,0,M,0
TEX,NA,0,-2.00,0,M,0
TEX,NA,-1,-2.00,0,M,0
TEX,NA,-1,-2.00,0,M,0
TEX,NA,-1,-2.00,0,M,0
TEX,NA,0,-3.00,0,M,0
TEX,NA,0,-3.00,0,M,0
TEX,NA,0,-5.00,0,M,0
TEX,NA,0,-5.00,0,M,0
TEX,NA,0,-5.00,0,M,0
TEX,NA,0,-5.00,0,M,0
TEX,NA,-1,-6.00,0,M,0
TEX,NA,0,-6.00,0,M,0
TEX,NA,0,-6.00,0,M,0
TEX,NA,-1,-6.00,0,M,0
TEX,NA,0,-6.00,0,M,0
TEX,NA,-1,-6.00,0,M,0
TEX,NA,0,-5.00,0,M,0
TEX,NA,0,-5.00,0,M,0
TEX,NA,0,-5.00,0,M,0
TEX,NA,0,-5.00,0,M,0
TEX,NA,0,-4.00,0,M,0
TEX,NA,0,-5.00,0.25,M,0
TEX,NA,2,-4.00,0.25,M,0
TEX,NA,2,-6.00,0.25,M,0
TEX,NA,3,-6.00,0,M,0
TEX,NA,4,-7.00,0,M,0
TEX,NA,3,-7.00,0,M,0
TEX,NA,3,-7.00,0,M,0
TEX,NA,3,-8.00,0,M,0
TEX,NA,5,-10.00,0,M,0
TEX,NA,4,-10.00,0,M,0
TEX,NA,5,-11.00,0,M,0
TEX,NA,5,-10.00,0,M,0
TEX,NA,5,-11.00,0,M,0
TEX,NA,4,-10.00,0,M,0
TEX,NA,4,-10.00,0,M,0
TEX,NA,4,-10.00,0,M,0
TEX,NA,4,-10.00,0,M,0
TEX,NA,4,-10.00,0,M,0
TEX,NA,4,-10.00,0,M,0
TEX,NA,4,-10.00,0,M,0
TEX,NA,4,-10.00,0,M,0
TEX,NA,3,-10.00,0,M,0
TEX,NA,3,-10.00,0,M,0
TEX,NA,3,-9.00,0,M,0
TEX,NA,3,-9.00,0,M,0
TEX,NA,3,-8.00,0,M,0
TEX,NA,3,-8.00,0,M,0
TEX,NA,3,-8.00,0,M,0
TEX,NA,2,-8.00,0,M,0
TEX,NA,2,-8.00,0,M,0
TEX,NA,2,-8.00,0,M,0
TEX,NA,2,-7.00,0,M,0
TEX,NA,2,-7.00,0,M,0
TEX,NA,2,-7.00,0,M,0
TEX,NA,2,-7.00,0,M,0
TEX,NA,2,-7.00,0,M,0
TEX,NA,2,-7.00,0,M,0
TEX,NA,2,-6.00,0,M,0
TEX,NA,2,-6.00,0,M,0
TEX,NA,2,-6.00,0,M,0
TEX,NA,2,-6.00,0,M,0
TEX,NA,2,-6.00,0,M,0
TEX,NA,2,-6.00,0,M,0
TEX,NA,2,-6.00,0,M,0
TEX,NA,2,-6.00,0,M,0
TEX,NA,2,-5.00,0,M,0
TEX,NA,2,-5.00,0,M,0
TEX,NA,2,-5.00,0,M,0
TEX,NA,1,-5.00,0,M,0
TEX,NA,1,-5.00,0,M,0
TEX,NA,0,-5.00,0,M,0
TEX,NA,0,-5.00,0,M,0
TEX,NA,0,-5.00,0,M,0
TEX,NA,0,-5.00,0,M,0
TEX,NA,0,-5.00,0,M,0
TEX,NA,0,-5.00,0,M,0
TEX,NA,0,-5.00,0,M,0
TEX,NA,0,-5.00,0,M,0
TEX,NA,0,-5.00,0,M,0
TEX,NA,0,-5.00,0,M,0
TEX,NA,-1,-5.00,0,M,0
TEX,NA,-1,-6.00,0,M,0
TEX,NA,-1,-5.00,0,M,0
TEX,NA,0,-5.00,0,M,0
TEX,NA,0,-5.00,0,M,0
TEX,NA,1,-5.00,0,M,0
TEX,NA,2,-6.00,0,M,0
TEX,NA,2,-5.00,0,M,0
TEX,NA,3,-5.00,0,M,0
TEX,NA,4,-6.00,0,M,0
TEX,NA,5,-7.00,0,M,0
TEX,NA,6,-7.00,0,M,2.01
TEX,NA,7,-10.00,0,M,4.02
TEX,NA,8,-10.00,0,M,6.029999999999999
TEX,NA,8,-10.00,0,M,6.029999999999999
TEX,NA,9,-9.00,0,M,8.04
TEX,NA,8,-8.00,0,M,6.029999999999999
TEX,NA,9,-8.00,0,M,8.04
TEX,NA,9,-7.00,0,M,8.04
TEX,NA,9,-7.00,0,M,8.04
TEX,NA,9,-6.00,0,M,8.04
TEX,NA,9,-6.00,0,M,8.04
TEX,NA,9,-6.00,0,M,8.04
TEX,NA,9,-6.00,0,M,8.04
TEX,NA,9,-6.00,0,M,8.04
TEX,NA,9,-7.00,0,M,8.04
TEX,NA,10,-7.00,0,M,10.049999999999999
TEX,NA,10,-7.00,0,M,10.049999999999999
TEX,NA,9,-7.00,0,M,8.04
TEX,NA,9,-8.00,0,M,8.04
TEX,NA,8,-8.00,0,M,6.029999999999999
TEX,NA,8,-8.00,0,M,6.029999999999999
TEX,NA,8,-7.00,0,M,6.029999999999999
TEX,NA,7,-7.00,0,M,4.02
TEX,NA,6,-6.00,0,M,2.01
TEX,NA,6,-6.00,0,M,2.01
TEX,NA,6,-6.00,0,M,2.01
TEX,NA,5,-6.00,0,M,0
TEX,NA,5,-6.00,0,M,0
TEX,NA,4,-6.00,0,M,0
TEX,NA,3,-6.00,0,M,0
TEX,NA,3,-6.00,0,M,0
TEX,NA,3,-6.00,0,M,0
TEX,NA,2,-5.00,0,M,0
TEX,NA,2,-5.00,0,M,0
TEX,NA,2,-5.00,0,M,0
TEX,NA,2,-5.00,0,M,0
TEX,NA,2,-5.00,0,M,0
TEX,NA,1,-5.00,0,M,0
TEX,NA,1,-5.00,0,M,0
TEX,NA,1,-5.00,0,M,0
TEX,NA,1,-5.00,0,M,0
TEX,NA,1,-5.00,0,M,0
TEX,NA,1,-5.00,0,M,0
TEX,NA,1,-5.00,0,M,0
TEX,NA,1,-5.00,0,M,0
TEX,NA,1,-5.00,0,M,0
TEX,NA,2,-6.00,0,M,0
TEX,NA,1,-6.00,0,M,0
TEX,NA,1,-6.00,0,M,0
TEX,NA,1,-6.00,0,M,0
TEX,NA,0,-6.00,0,M,0
TEX,NA,1,-7.00,0,M,0
TEX,NA,1,-8.00,0,M,0
TEX,NA,1,-8.00,0,M,0
TEX,NA,1,-7.00,0,M,0
TEX,NA,1,-7.00,0,M,0
TEX,NA,1,-8.00,0,M,0
TEX,NA,0,-8.00,0,M,0
TEX,NA,1,-8.00,0,M,0
TEX,NA,0,-10.00,0,M,0
TEX,NA,0,-10.00,0,M,0
TEX,NA,0,-11.00,0,M,0
TEX,NA,0,-11.00,0,M,0
TEX,NA,0,-11.00,0,M,0
TEX,NA,2,-10.00,0,M,0
TEX,NA,2,-10.00,0,M,0
TEX,NA,2,-11.00,0,M,0
TEX,NA,3,-12.00,0,M,0
TEX,NA,5,-13.00,0,M,0
TEX,NA,5,-13.00,0,M,0
TEX,NA,6,-13.00,0,M,2.01
TEX,NA,5,-12.00,0,M,0
TEX,NA,5,-13.00,0,M,0
TEX,NA,6,-13.00,0,M,2.01
TEX,NA,7,-12.00,0,M,4.02
TEX,NA,8,-13.00,0,M,6.029999999999999
TEX,NA,8,-13.00,0,M,6.029999999999999
TEX,NA,10,-13.00,0,M,10.049999999999999
TEX,NA,11,-14.00,0,M,12.059999999999999
TEX,NA,11,-16.00,0,M,12.059999999999999
TEX,NA,11,-16.00,0,M,12.059999999999999
TEX,NA,12,-18.00,0,M,14.069999999999999
TEX,NA,12,-17.00,0,M,14.069999999999999
TEX,NA,12,-20.00,0,M,14.069999999999999
TEX,NA,13,-20.00,0,M,16.08
TEX,NA,13,-20.00,0,M,16.08
TEX,NA,13,-17.00,0,M,16.08
TEX,NA,13,-16.00,0,M,16.08
TEX,NA,12,-16.00,0,M,14.069999999999999
TEX,NA,12,-15.00,0,M,14.069999999999999
TEX,NA,12,-15.00,0,M,14.069999999999999
TEX,NA,12,-13.00,0,M,14.069999999999999
TEX,NA,11,-12.00,0,M,12.059999999999999
TEX,NA,11,-11.00,0,M,12.059999999999999
TEX,NA,10,-11.00,0,M,10.049999999999999
TEX,NA,9,-10.00,0,M,8.04
TEX,NA,9,-10.00,0,M,8.04
TEX,NA,8,-10.00,0,M,6.029999999999999
TEX,NA,7,-10.00,0,M,4.02
TEX,NA,7,-10.00,0,M,4.02
TEX,NA,7,-10.00,0,M,4.02
TEX,NA,6,-9.00,0,M,2.01
TEX,NA,6,-9.00,0,M,2.01
TEX,NA,5,-8.00,0,M,0
TEX,NA,4,-8.00,0,M,0
TEX,NA,4,-8.00,0,M,0
TEX,NA,4,-8.00,0,M,0
TEX,NA,3,-8.00,0,M,0
TEX,NA,3,-8.00,0,M,0
TEX,NA,3,-8.00,0,M,0
TEX,NA,2,-9.00,0,M,0
TEX,NA,2,-10.00,0,M,0
TEX,NA,2,-10.00,0,M,0
TEX,NA,2,-10.00,0,M,0
TEX,NA,2,-10.00,0,M,0
TEX,NA,2,-10.00,0,M,0
TEX,NA,1,-11.00,0,M,0
TEX,NA,2,-11.00,0,M,0
TEX,NA,2,-11.00,0,M,0
TEX,NA,2,-11.00,0,M,0
TEX,NA,2,-11.00,0,M,0
TEX,NA,2,-11.00,0,M,0
TEX,NA,2,-12.00,0,M,0
TEX,NA,1,-11.00,0,M,0
TEX,NA,1,-11.00,0,M,0
TEX,NA,2,-12.00,0,M,0
TEX,NA,2,-12.00,0,M,0
TEX,NA,1,-12.00,0,M,0
TEX,NA,1,-12.00,0,M,0
TEX,NA,2,-12.00,0,M,0
TEX,NA,1,-12.00,0,M,0
TEX,NA,1,-12.00,0,M,0
TEX,NA,2,-12.00,0,M,0
TEX,NA,1,-12.00,0,M,0
TEX,NA,1,-12.00,0,M,0
TEX,NA,2,-12.00,0,M,0
TEX,NA,2,-11.00,0,M,0
TEX,NA,5,-12.00,0,M,0
TEX,NA,5,-11.00,0,M,0
TEX,NA,6,-12.00,0,M,2.01
TEX,NA,7,-12.00,0,M,4.02
TEX,NA,8,-13.00,0,M,6.029999999999999
TEX,NA,10,-12.00,0,M,10.049999999999999
TEX,NA,11,-13.00,0,M,12.059999999999999
TEX,NA,12,-13.00,0,M,14.069999999999999
TEX,NA,13,-13.00,0,M,16.08
TEX,NA,13,-13.00,0,M,16.08
TEX,NA,15,-13.00,0,M,20.099999999999998
TEX,NA,15,-13.00,0,M,20.099999999999998
TEX,NA,15,-13.00,0,M,20.099999999999998
TEX,NA,15,-12.00,0,M,20.099999999999998
TEX,NA,16,-13.00,0,M,22.11
TEX,NA,16,-15.00,0,M,22.11
TEX,NA,16,-16.00,0,M,22.11
TEX,NA,16,-17.00,0,M,22.11
TEX,NA,16,-16.00,0,M,22.11
TEX,NA,16,-15.00,0,M,22.11
TEX,NA,16,-15.00,0,M,22.11
TEX,NA,17,-16.00,0,M,24.119999999999997
TEX,NA,16,-16.00,0,M,22.11
TEX,NA,16,-16.00,0,M,22.11
TEX,NA,16,-17.00,0,M,22.11
TEX,NA,16,-16.00,0,M,22.11
TEX,NA,16,-16.00,0,M,22.11
TEX,NA,16,-15.00,0,M,22.11
TEX,NA,15,-16.00,0,M,20.099999999999998
TEX,NA,14,-15.00,0,M,18.089999999999996
TEX,NA,13,-13.00,0,M,16.08
TEX,NA,12,-11.00,0,M,14.069999999999999
TEX,NA,12,-11.00,0,M,14.069999999999999
TEX,NA,11,-10.00,0,M,12.059999999999999
TEX,NA,11,-10.00,0,M,12.059999999999999
TEX,NA,10,-11.00,0,M,10.049999999999999
TEX,NA,10,-10.00,0,M,10.049999999999999
TEX,NA,8,-9.00,0,M,6.029999999999999
TEX,NA,8,-9.00,0,M,6.029999999999999
TEX,NA,7,-9.00,0,M,4.02
TEX,NA,7,-9.00,0,M,4.02
TEX,NA,7,-8.00,0,M,4.02
TEX,NA,6,-8.00,0,M,2.01
TEX,NA,6,-8.00,0,M,2.01
TEX,NA,6,-8.00,0,M,2.01
TEX,NA,6,-8.00,0,M,2.01
TEX,NA,5,-7.00,0,M,0
TEX,NA,5,-7.00,0,M,0
TEX,NA,5,-7.00,0,M,0
TEX,NA,5,-7.00,0,M,0
TEX,NA,5,-7.00,0,M,0
TEX,NA,5,-7.00,0,M,0
TEX,NA,5,-7.00,0,M,0
TEX,NA,5,-8.00,0,M,0
TEX,NA,5,-7.00,0,M,0
TEX,NA,5,-7.00,0,M,0
TEX,NA,4,-7.00,0,M,0
TEX,NA,5,-7.00,0,M,0
TEX,NA,4,-8.00,0,M,0
TEX,NA,5,-8.00,0,M,0
TEX,NA,5,-8.00,0,M,0
TEX,NA,4,-7.00,0,M,0
TEX,NA,5,-7.00,0,M,0
TEX,NA,5,-7.00,0,M,0
TEX,NA,4,-7.00,0,M,0
TEX,NA,5,-7.00,0,M,0
TEX,NA,5,-8.00,0,M,0
TEX,NA,5,-8.00,0,M,0
TEX,NA,4,-7.00,0,M,0
TEX,NA,5,-7.00,0,M,0
TEX,NA,5,-7.00,0,M,0
TEX,NA,6,-7.00,0,M,2.01
TEX,NA,7,-7.00,0,M,4.02
TEX,NA,8,-8.00,0,M,6.029999999999999
TEX,NA,10,-8.00,0,M,10.049999999999999
TEX,NA,11,-8.00,0,M,12.059999999999999
TEX,NA,12,-8.00,0,M,14.069999999999999
TEX,NA,13,-8.00,0,M,16.08
TEX,NA,15,-9.00,0,M,20.099999999999998
TEX,NA,16,-11.00,0,M,22.11
TEX,NA,16,-12.00,0,M,22.11
TEX,NA,17,-12.00,0,M,24.119999999999997
TEX,NA,17,-12.00,0,M,24.119999999999997
TEX,NA,18,-12.00,0,M,26.129999999999995
TEX,NA,18,-12.00,0,M,26.129999999999995
TEX,NA,20,-13.00,0,M,30.15
TEX,NA,20,-12.00,0,M,30.15
TEX,NA,20,-12.00,0,M,30.15
TEX,NA,20,-13.00,0,M,30.15
TEX,NA,20,-12.00,0,M,30.15
TEX,NA,20,-12.00,0,M,30.15
TEX,NA,20,-12.00,0,M,30.15
TEX,NA,20,-12.00,0,M,30.15
TEX,NA,19,-12.00,0,M,28.139999999999997
TEX,NA,19,-12.00,0,M,28.139999999999997
TEX,NA,19,-12.00,0,M,28.139999999999997
TEX,NA,18,-11.00,0,M,26.129999999999995
TEX,NA,18,-11.00,0,M,26.129999999999995
TEX,NA,17,-11.00,0,M,24.119999999999997
TEX,NA,17,-11.00,0,M,24.119999999999997
TEX,NA,17,-10.00,0,M,24.119999999999997
TEX,NA,16,-10.00,0,M,22.11
TEX,NA,15,-10.00,0,M,20.099999999999998
TEX,NA,15,-9.00,0,M,20.099999999999998
TEX,NA,14,-9.00,0,M,18.089999999999996
TEX,NA,13,-9.00,0,M,16.08
TEX,NA,13,-8.00,0,M,16.08
TEX,NA,11,-7.00,0,M,12.059999999999999
TEX,NA,11,-7.00,0,M,12.059999999999999
TEX,NA,10,-7.00,0,M,10.049999999999999
TEX,NA,10,-7.00,0,M,10.049999999999999
TEX,NA,10,-7.00,0,M,10.049999999999999
TEX,NA,10,-7.00,0,M,10.049999999999999
TEX,NA,9,-6.00,0,M,8.04
TEX,NA,8,-6.00,0,M,6.029999999999999
TEX,NA,8,-6.00,0,M,6.029999999999999
TEX,NA,8,-6.00,0,M,6.029999999999999
TEX,NA,8,-6.00,0,M,6.029999999999999
TEX,NA,7,-6.00,0,M,4.02
TEX,NA,7,-6.00,0,M,4.02
TEX,NA,7,-6.00,0,M,4.02
TEX,NA,7,-6.00,0,M,4.02
TEX,NA,6,-6.00,0,M,2.01
TEX,NA,7,-6.00,0,M,4.02
TEX,NA,7,-6.00,0,M,4.02
TEX,NA,6,-6.00,0,M,2.01
TEX,NA,6,-6.00,0,M,2.01
TEX,NA,6,-6.00,0,M,2.01
TEX,NA,6,-6.00,0,M,2.01
TEX,NA,6,-6.00,0,M,2.01
TEX,NA,6,-6.00,0,M,2.01
TEX,NA,6,-6.00,0,M,2.01
TEX,NA,6,-6.00,0,M,2.01
TEX,NA,5,-6.00,0,M,0
TEX,NA,5,-6.00,0,M,0
TEX,NA,5,-7.00,0,M,0
TEX,NA,6,-7.00,0,M,2.01
TEX,NA,6,-7.00,0,M,2.01
TEX,NA,5,-7.00,0,M,0
TEX,NA,5,-7.00,0,M,0
TEX,NA,5,-7.00,0,M,0
TEX,NA,5,-7.00,0,M,0
TEX,NA,5,-7.00,0,M,0
TEX,NA,7,-8.00,0,M,4.02
TEX,NA,7,-8.00,0,M,4.02
TEX,NA,8,-8.00,0,M,6.029999999999999
TEX,NA,9,-8.00,0,M,8.04
TEX,NA,11,-9.00,0,M,12.059999999999999
TEX,NA,12,-9.00,0,M,14.069999999999999
TEX,NA,13,-10.00,0,M,16.08
TEX,NA,14,-10.00,0,M,18.089999999999996
TEX,NA,15,-12.00,0,M,20.099999999999998
TEX,NA,15,-13.00,0,M,20.099999999999998
TEX,NA,16,-14.00,0,M,22.11
TEX,NA,17,-15.00,0,M,24.119999999999997
TEX,NA,17,-14.00,0,M,24.119999999999997
TEX,NA,17,-13.00,0,M,24.119999999999997
TEX,NA,18,-13.00,0,M,26.129999999999995
TEX,NA,18,-13.00,0,M,26.129999999999995
TEX,NA,18,-13.00,0,M,26.129999999999995
TEX,NA,18,-14.00,0,M,26.129999999999995
TEX,NA,18,-15.00,0,M,26.129999999999995
TEX,NA,18,-15.00,0,M,26.129999999999995
TEX,NA,18,-16.00,0,M,26.129999999999995
TEX,NA,18,-16.00,0,M,26.129999999999995
TEX,NA,18,-16.00,0,M,26.129999999999995
TEX,NA,18,-16.00,0,M,26.129999999999995
TEX,NA,18,-17.00,0,M,26.129999999999995
TEX,NA,17,-16.00,0,M,24.119999999999997
TEX,NA,17,-15.00,0,M,24.119999999999997
TEX,NA,17,-15.00,0,M,24.119999999999997
TEX,NA,17,-15.00,0,M,24.119999999999997
TEX,NA,16,-13.00,0,M,22.11
TEX,NA,15,-12.00,0,M,20.099999999999998
TEX,NA,15,-11.00,0,M,20.099999999999998
TEX,NA,15,-11.00,0,M,20.099999999999998
TEX,NA,14,-11.00,0,M,18.089999999999996
TEX,NA,13,-11.00,0,M,16.08
TEX,NA,12,-10.00,0,M,14.069999999999999
TEX,NA,11,-10.00,0,M,12.059999999999999
TEX,NA,11,-10.00,0,M,12.059999999999999
TEX,NA,10,-9.00,0,M,10.049999999999999
TEX,NA,10,-9.00,0,M,10.049999999999999
TEX,NA,9,-8.00,0,M,8.04
TEX,NA,9,-8.00,0,M,8.04
TEX,NA,8,-8.00,0,M,6.029999999999999
TEX,NA,8,-8.00,0,M,6.029999999999999
TEX,NA,7,-7.00,0,M,4.02
TEX,NA,8,-8.00,0,M,6.029999999999999
TEX,NA,7,-7.00,0,M,4.02
TEX,NA,7,-7.00,0,M,4.02
TEX,NA,7,-7.00,0,M,4.02
TEX,NA,7,-7.00,0,M,4.02
TEX,NA,6,-7.00,0,M,2.01
TEX,NA,6,-7.00,0,M,2.01
TEX,NA,6,-7.00,0,M,2.01
TEX,NA,5,-6.00,0,M,0
TEX,NA,6,-7.00,0,M,2.01
TEX,NA,5,-7.00,0,M,0
TEX,NA,6,-7.00,0,M,2.01
TEX,NA,5,-6.00,0,M,0
TEX,NA,5,-7.00,0,M,0
TEX,NA,5,-7.00,0,M,0
TEX,NA,5,-7.00,0,M,0
TEX,NA,5,-7.00,0,M,0
TEX,NA,5,-7.00,0,M,0
TEX,NA,5,-7.00,0,M,0
TEX,NA,5,-7.00,0,M,0
TEX,NA,4,-6.00,0,M,0
TEX,NA,5,-7.00,0,M,0
TEX,NA,4,-6.00,0,M,0
TEX,NA,5,-7.00,0,M,0
TEX,NA,4,-6.00,0,M,0
TEX,NA,4,-6.00,0,M,0
TEX,NA,4,-6.00,0,M,0
TEX,NA,5,-6.00,0,M,0
TEX,NA,6,-7.00,0,M,2.01
TEX,NA,7,-6.00,0,M,4.02
TEX,NA,8,-7.00,0,M,6.029999999999999
TEX,NA,10,-7.00,0,M,10.049999999999999
TEX,NA,11,-7.00,0,M,12.059999999999999
TEX,NA,12,-8.00,0,M,14.069999999999999
TEX,NA,12,-8.00,0,M,14.069999999999999
TEX,NA,14,-10.00,0,M,18.089999999999996
TEX,NA,15,-11.00,0,M,20.099999999999998
TEX,NA,15,-12.00,0,M,20.099999999999998
TEX,NA,16,-11.00,0,M,22.11
TEX,NA,16,-12.00,0,M,22.11
TEX,NA,17,-12.00,0,M,24.119999999999997
TEX,NA,17,-13.00,0,M,24.119999999999997
TEX,NA,17,-12.00,0,M,24.119999999999997
TEX,NA,18,-12.00,0,M,26.129999999999995
TEX,NA,18,-12.00,0,M,26.129999999999995
TEX,NA,18,-12.00,0,M,26.129999999999995
TEX,NA,18,-14.00,0,M,26.129999999999995
TEX,NA,18,-16.00,0,M,26.129999999999995
TEX,NA,18,-16.00,0,M,26.129999999999995
TEX,NA,18,-17.00,0,M,26.129999999999995
TEX,NA,18,-15.00,0,M,26.129999999999995
TEX,NA,17,-13.00,0,M,24.119999999999997
TEX,NA,17,-16.00,0,M,24.119999999999997
TEX,NA,17,-15.00,0,M,24.119999999999997
TEX,NA,17,-16.00,0,M,24.119999999999997
TEX,NA,17,-15.00,0,M,24.119999999999997
TEX,NA,16,-17.00,0,M,22.11
TEX,NA,15,-13.00,0,M,20.099999999999998
TEX,NA,15,-12.00,0,M,20.099999999999998
TEX,NA,14,-11.00,0,M,18.089999999999996
TEX,NA,13,-11.00,0,M,16.08
TEX,NA,13,-10.00,0,M,16.08
TEX,NA,12,-10.00,0,M,14.069999999999999
TEX,NA,12,-10.00,0,M,14.069999999999999
TEX,NA,11,-10.00,0,M,12.059999999999999
TEX,NA,11,-10.00,0,M,12.059999999999999
TEX,NA,9,-8.00,0,M,8.04
TEX,NA,9,-9.00,0,M,8.04
TEX,NA,8,-8.00,0,M,6.029999999999999
TEX,NA,9,-9.00,0,M,8.04
TEX,NA,8,-8.00,0,M,6.029999999999999
TEX,NA,7,-8.00,0,M,4.02
TEX,NA,7,-7.00,0,M,4.02
TEX,NA,7,-8.00,0,M,4.02
TEX,NA,7,-7.00,0,M,4.02
TEX,NA,7,-7.00,0,M,4.02
TEX,NA,6,-7.00,0,M,2.01
TEX,NA,6,-7.00,0,M,2.01
TEX,NA,6,-7.00,0,M,2.01
TEX,NA,5,-7.00,0,M,0
TEX,NA,6,-7.00,0,M,2.01
TEX,NA,6,-7.00,0,M,2.01
TEX,NA,5,-7.00,0,M,0
TEX,NA,5,-7.00,0,M,0
TEX,NA,5,-7.00,0,M,0
TEX,NA,5,-7.00,0,M,0
TEX,NA,5,-6.00,0,M,0
TEX,NA,5,-6.00,0,M,0
TEX,NA,5,-6.00,0,M,0
TEX,NA,5,-6.00,0,M,0
TEX,NA,5,-7.00,0,M,0
TEX,NA,5,-7.00,0,M,0
TEX,NA,5,-7.00,0,M,0
TEX,NA,5,-6.00,0,M,0
TEX,NA,4,-6.00,0,M,0
TEX,NA,4,-6.00,0,M,0
TEX,NA,5,-7.00,0,M,0
TEX,NA,4,-6.00,0,M,0
TEX,NA,4,-6.00,0,M,0
TEX,NA,5,-6.00,0,M,0
TEX,NA,6,-6.00,0,M,2.01
TEX,NA,7,-7.00,0,M,4.02
TEX,NA,9,-7.00,0,M,8.04
TEX,NA,10,-8.00,0,M,10.049999999999999
TEX,NA,11,-8.00,0,M,12.059999999999999
TEX,NA,12,-8.00,0,M,14.069999999999999
TEX,NA,13,-8.00,0,M,16.08
TEX,NA,15,-7.00,0,M,20.099999999999998
TEX,NA,15,-7.00,0,M,20.099999999999998
TEX,NA,16,-9.00,0,M,22.11
TEX,NA,16,-12.00,0,M,22.11
TEX,NA,18,-16.00,0,M,26.129999999999995
TEX,NA,18,-16.00,0,M,26.129999999999995
TEX,NA,18,-11.00,0,M,26.129999999999995
TEX,NA,19,-13.00,0,M,28.139999999999997
TEX,NA,19,-17.00,0,M,28.139999999999997
TEX,NA,19,-18.00,0,M,28.139999999999997
TEX,NA,20,-17.00,0,M,30.15
TEX,NA,20,-16.00,0,M,30.15
TEX,NA,20,-16.00,0,M,30.15
TEX,NA,20,-15.00,0,M,30.15
TEX,NA,20,-18.00,0,M,30.15
TEX,NA,19,-18.00,0,M,28.139999999999997
TEX,NA,18,-18.00,0,M,26.129999999999995
TEX,NA,19,-21.00,0,M,28.139999999999997
TEX,NA,18,-18.00,0,M,26.129999999999995
TEX,NA,18,-21.00,0,M,26.129999999999995
TEX,NA,18,-17.00,0,M,26.129999999999995
TEX,NA,17,-15.00,0,M,24.119999999999997
TEX,NA,16,-13.00,0,M,22.11
TEX,NA,15,-13.00,0,M,20.099999999999998
TEX,NA,14,-13.00,0,M,18.089999999999996
TEX,NA,14,-13.00,0,M,18.089999999999996
TEX,NA,13,-12.00,0,M,16.08
TEX,NA,13,-12.00,0,M,16.08
TEX,NA,11,-11.00,0,M,12.059999999999999
TEX,NA,10,-11.00,0,M,10.049999999999999
TEX,NA,10,-11.00,0,M,10.049999999999999
TEX,NA,9,-11.00,0,M,8.04
TEX,NA,8,-11.00,0,M,6.029999999999999
TEX,NA,8,-10.00,0,M,6.029999999999999
TEX,NA,8,-10.00,0,M,6.029999999999999
TEX,NA,8,-11.00,0,M,6.029999999999999
TEX,NA,8,-11.00,0,M,6.029999999999999
TEX,NA,7,-10.00,0,M,4.02
TEX,NA,8,-11.00,0,M,6.029999999999999
TEX,NA,7,-10.00,0,M,4.02
TEX,NA,6,-11.00,0,M,2.01
TEX,NA,6,-11.00,0,M,2.01
TEX,NA,6,-11.00,0,M,2.01
TEX,NA,7,-11.00,0,M,4.02
TEX,NA,5,-11.00,0,M,0
TEX,NA,6,-12.00,0,M,2.01
TEX,NA,6,-12.00,0,M,2.01
TEX,NA,6,-12.00,0,M,2.01
TEX,NA,6,-14.00,0,M,2.01
TEX,NA,6,-15.00,0,M,2.01
TEX,NA,6,-16.00,0,M,2.01
TEX,NA,5,-15.00,0,M,0
TEX,NA,6,-17.00,0,M,2.01
TEX,NA,6,-16.00,0,M,2.01
TEX,NA,6,-17.00,0,M,2.01
TEX,NA,6,-18.00,0,M,2.01
TEX,NA,6,-18.00,0,M,2.01
TEX,NA,5,-18.00,0,M,0
TEX,NA,5,-18.00,0,M,0
TEX,NA,6,-20.00,0,M,2.01
TEX,NA,6,-20.00,0,M,2.01
TEX,NA,6,-20.00,0,M,2.01
TEX,NA,6,-20.00,0,M,2.01
TEX,NA,6,-20.00,0,M,2.01
TEX,NA,7,-20.00,0,M,4.02
TEX,NA,7,-18.00,0,M,4.02
TEX,NA,10,-21.00,0,M,10.049999999999999
TEX,NA,10,-22.00,0,M,10.049999999999999
TEX,NA,12,-22.00,0,M,14.069999999999999
TEX,NA,13,-23.00,0,M,16.08
TEX,NA,15,-23.00,0,M,20.099999999999998
TEX,NA,16,-24.00,0,M,22.11
TEX,NA,17,-27.00,0,M,24.119999999999997
TEX,NA,18,-38.00,0,M,26.129999999999995
TEX,NA,18,-32.00,0,M,26.129999999999995
TEX,NA,19,-29.00,0,M,28.139999999999997
TEX,NA,20,-29.00,0,M,30.15
TEX,NA,20,-29.00,0,M,30.15
TEX,NA,20,-29.00,0,M,30.15
TEX,NA,20,-30.00,0,M,30.15
TEX,NA,20,-29.00,0,M,30.15
TEX,NA,20,-28.00,0,M,30.15
TEX,NA,21,-28.00,0,M,32.16
TEX,NA,21,-26.00,0,M,32.16
TEX,NA,21,-26.00,0,M,32.16
TEX,NA,21,-26.00,0,M,32.16
TEX,NA,21,-26.00,0,M,32.16
TEX,NA,21,-26.00,0,M,32.16
TEX,NA,20,-26.00,0,M,30.15
TEX,NA,20,-24.00,0,M,30.15
TEX,NA,20,-24.00,0,M,30.15
TEX,NA,19,-24.00,0,M,28.139999999999997
TEX,NA,18,-25.00,0,M,26.129999999999995
TEX,NA,18,-25.00,0,M,26.129999999999995
TEX,NA,17,-23.00,0,M,24.119999999999997
TEX,NA,16,-22.00,0,M,22.11
TEX,NA,16,-21.00,0,M,22.11
TEX,NA,15,-20.00,0,M,20.099999999999998
TEX,NA,14,-20.00,0,M,18.089999999999996
TEX,NA,13,-19.00,0,M,16.08
TEX,NA,12,-18.00,0,M,14.069999999999999
TEX,NA,12,-16.00,0,M,14.069999999999999
TEX,NA,11,-16.00,0,M,12.059999999999999
TEX,NA,10,-16.00,0,M,10.049999999999999
TEX,NA,10,-15.00,0,M,10.049999999999999
TEX,NA,10,-15.00,0,M,10.049999999999999
TEX,NA,8,-14.00,0,M,6.029999999999999
TEX,NA,9,-15.00,0,M,8.04
TEX,NA,8,-15.00,0,M,6.029999999999999
TEX,NA,9,-15.00,0,M,8.04
TEX,NA,9,-15.00,0,M,8.04
TEX,NA,7,-14.00,0,M,4.02
TEX,NA,7,-13.00,0,M,4.02
TEX,NA,7,-14.00,0,M,4.02
TEX,NA,6,-14.00,0,M,2.01
TEX,NA,8,-15.00,0,M,6.029999999999999
TEX,NA,7,-13.00,0,M,4.02
TEX,NA,7,-13.00,0,M,4.02
TEX,NA,6,-13.00,0,M,2.01
TEX,NA,7,-13.00,0,M,4.02
TEX,NA,6,-13.00,0,M,2.01
TEX,NA,6,-13.00,0,M,2.01
TEX,NA,6,-14.00,0,M,2.01
TEX,NA,7,-16.00,0,M,4.02
TEX,NA,6,-15.00,0,M,2.01
TEX,NA,6,-15.00,0,M,2.01
TEX,NA,6,-16.00,0,M,2.01
TEX,NA,6,-16.00,0,M,2.01
TEX,NA,6,-16.00,0,M,2.01
TEX,NA,6,-16.00,0,M,2.01
TEX,NA,5,-16.00,0,M,0
TEX,NA,6,-16.00,0,M,2.01
TEX,NA,5,-16.00,0,M,0
TEX,NA,6,-16.00,0,M,2.01
TEX,NA,5,-16.00,0,M,0
TEX,NA,5,-16.00,0,M,0
TEX,NA,6,-16.00,0,M,2.01
TEX,NA,7,-16.00,0,M,4.02
TEX,NA,8,-16.00,0,M,6.029999999999999
TEX,NA,10,-16.00,0,M,10.049999999999999
TEX,NA,11,-17.00,0,M,12.059999999999999
TEX,NA,12,-17.00,0,M,14.069999999999999
TEX,NA,13,-18.00,0,M,16.08
TEX,NA,14,-21.00,0,M,18.089999999999996
TEX,NA,16,-22.00,0,M,22.11
TEX,NA,17,-21.00,0,M,24.119999999999997
TEX,NA,17,-20.00,0,M,24.119999999999997
TEX,NA,18,-21.00,0,M,26.129999999999995
TEX,NA,17,-21.00,0,M,24.119999999999997
TEX,NA,18,-21.00,0,M,26.129999999999995
TEX,NA,18,-21.00,0,M,26.129999999999995
TEX,NA,18,-21.00,0,M,26.129999999999995
TEX,NA,18,-21.00,0,M,26.129999999999995
TEX,NA,19,-23.00,0,M,28.139999999999997
TEX,NA,19,-22.00,0,M,28.139999999999997
TEX,NA,20,-21.00,0,M,30.15
TEX,NA,19,-20.00,0,M,28.139999999999997
TEX,NA,18,-21.00,0,M,26.129999999999995
TEX,NA,20,-21.00,0,M,30.15
TEX,NA,18,-19.00,0,M,26.129999999999995
TEX,NA,19,-19.00,0,M,28.139999999999997
TEX,NA,19,-18.00,0,M,28.139999999999997
TEX,NA,18,-18.00,0,M,26.129999999999995
TEX,NA,17,-18.00,0,M,24.119999999999997
TEX,NA,18,-17.00,0,M,26.129999999999995
TEX,NA,17,-16.00,0,M,24.119999999999997
TEX,NA,16,-15.00,0,M,22.11
TEX,NA,16,-13.00,0,M,22.11
TEX,NA,15,-13.00,0,M,20.099999999999998
TEX,NA,15,-12.00,0,M,20.099999999999998
TEX,NA,14,-12.00,0,M,18.089999999999996
TEX,NA,13,-11.00,0,M,16.08
TEX,NA,13,-11.00,0,M,16.08
TEX,NA,12,-11.00,0,M,14.069999999999999
TEX,NA,11,-11.00,0,M,12.059999999999999
TEX,NA,12,-11.00,0,M,14.069999999999999
TEX,NA,10,-10.00,0,M,10.049999999999999
TEX,NA,10,-10.00,0,M,10.049999999999999
TEX,NA,10,-10.00,0,M,10.049999999999999
TEX,NA,9,-10.00,0,M,8.04
TEX,NA,9,-10.00,0,M,8.04
TEX,NA,8,-10.00,0,M,6.029999999999999
TEX,NA,8,-10.00,0,M,6.029999999999999
TEX,NA,8,-10.00,0,M,6.029999999999999
TEX,NA,8,-10.00,0,M,6.029999999999999
TEX,NA,7,-10.00,0,M,4.02
TEX,NA,7,-10.00,0,M,4.02
TEX,NA,7,-9.00,0,M,4.02
TEX,NA,7,-9.00,0,M,4.02
TEX,NA,8,-10.00,0,M,6.029999999999999
TEX,NA,7,-8.00,0,M,4.02
TEX,NA,7,-8.00,0,M,4.02
TEX,NA,6,-8.00,0,M,2.01
TEX,NA,6,-8.00,0,M,2.01
TEX,NA,6,-8.00,0,M,2.01
TEX,NA,6,-8.00,0,M,2.01
TEX,NA,6,-8.00,0,M,2.01
TEX,NA,5,-7.00,0,M,0
TEX,NA,6,-8.00,0,M,2.01
TEX,NA,5,-7.00,0,M,0
TEX,NA,6,-8.00,0,M,2.01
TEX,NA,5,-7.00,0,M,0
TEX,NA,5,-8.00,0,M,0
TEX,NA,5,-8.00,0,M,0
TEX,NA,5,-7.00,0,M,0
TEX,NA,5,-7.00,0,M,0
TEX,NA,4,-7.00,0,M,0
TEX,NA,5,-8.00,0,M,0
TEX,NA,6,-7.00,0,M,2.01
TEX,NA,7,-8.00,0,M,4.02
TEX,NA,7,-8.00,0,M,4.02
TEX,NA,9,-8.00,0,M,8.04
TEX,NA,9,-8.00,0,M,8.04
TEX,NA,11,-9.00,0,M,12.059999999999999
TEX,NA,12,-9.00,0,M,14.069999999999999
TEX,NA,13,-10.00,0,M,16.08
TEX,NA,14,-11.00,0,M,18.089999999999996
TEX,NA,15,-12.00,0,M,20.099999999999998
TEX,NA,15,-13.00,0,M,20.099999999999998
TEX,NA,16,-13.00,0,M,22.11
TEX,NA,16,-13.00,0,M,22.11
TEX,NA,16,-13.00,0,M,22.11
TEX,NA,16,-13.00,0,M,22.11
TEX,NA,16,-13.00,0,M,22.11
TEX,NA,16,-13.00,0,M,22.11
TEX,NA,17,-16.00,0,M,24.119999999999997
TEX,NA,17,-15.00,0,M,24.119999999999997
TEX,NA,17,-15.00,0,M,24.119999999999997
TEX,NA,16,-13.00,0,M,22.11
TEX,NA,17,-14.00,0,M,24.119999999999997
TEX,NA,16,-13.00,0,M,22.11
TEX,NA,17,-13.00,0,M,24.119999999999997
TEX,NA,17,-12.00,0,M,24.119999999999997
TEX,NA,17,-13.00,0,M,24.119999999999997
TEX,NA,17,-12.00,0,M,24.119999999999997
TEX,NA,17,-12.00,0,M,24.119999999999997
TEX,NA,16,-12.00,0,M,22.11
TEX,NA,16,-12.00,0,M,22.11
TEX,NA,15,-11.00,0,M,20.099999999999998
TEX,NA,13,-11.00,0,M,16.08
TEX,NA,13,-10.00,0,M,16.08
TEX,NA,12,-10.00,0,M,14.069999999999999
TEX,NA,12,-10.00,0,M,14.069999999999999
TEX,NA,12,-10.00,0,M,14.069999999999999
TEX,NA,12,-10.00,0,M,14.069999999999999
TEX,NA,11,-10.00,0,M,12.059999999999999
TEX,NA,11,-10.00,0,M,12.059999999999999
TEX,NA,10,-10.00,0,M,10.049999999999999
TEX,NA,10,-9.00,0,M,10.049999999999999
TEX,NA,11,-10.00,0,M,12.059999999999999
TEX,NA,10,-10.00,0,M,10.049999999999999
TEX,NA,10,-10.00,0,M,10.049999999999999
TEX,NA,10,-10.00,0,M,10.049999999999999
TEX,NA,10,-10.00,0,M,10.049999999999999
TEX,NA,10,-10.00,0,M,10.049999999999999
TEX,NA,10,-10.00,0,M,10.049999999999999
TEX,NA,10,-10.00,0,M,10.049999999999999
TEX,NA,9,-10.00,0,M,8.04
TEX,NA,9,-10.00,0,M,8.04
TEX,NA,8,-10.00,0,M,6.029999999999999
TEX,NA,8,-9.00,0,M,6.029999999999999
TEX,NA,7,-9.00,0,M,4.02
TEX,NA,7,-9.00,0,M,4.02
TEX,NA,7,-9.00,0,M,4.02
TEX,NA,7,-8.00,0,M,4.02
TEX,NA,7,-8.00,0,M,4.02
TEX,NA,7,-8.00,0,M,4.02
TEX,NA,7,-9.00,0,M,4.02
TEX,NA,7,-9.00,0,M,4.02
TEX,NA,6,-8.00,0,M,2.01
TEX,NA,7,-9.00,0,M,4.02
TEX,NA,7,-9.00,0,M,4.02
TEX,NA,7,-9.00,0,M,4.02
TEX,NA,8,-10.00,0,M,6.029999999999999
TEX,NA,9,-10.00,0,M,8.04
TEX,NA,7,-10.00,0,M,4.02
TEX,NA,7,-9.00,0,M,4.02
TEX,NA,6,-8.00,0,M,2.01
TEX,NA,8,-9.00,0,M,6.029999999999999
TEX,NA,8,-8.00,0,M,6.029999999999999
TEX,NA,9,-8.00,0,M,8.04
TEX,NA,9,-8.00,0,M,8.04
TEX,NA,10,-7.00,0,M,10.049999999999999
TEX,NA,11,-8.00,0,M,12.059999999999999
TEX,NA,11,-7.00,0,M,12.059999999999999
TEX,NA,12,-7.00,0,M,14.069999999999999
TEX,NA,12,-7.00,0,M,14.069999999999999
TEX,NA,12,-8.00,0,M,14.069999999999999
TEX,NA,13,-8.00,0,M,16.08
TEX,NA,13,-10.00,0,M,16.08
TEX,NA,13,-12.00,0,M,16.08
TEX,NA,14,-15.00,0,M,18.089999999999996
TEX,NA,13,-12.00,0,M,16.08
TEX,NA,15,-13.00,0,M,20.099999999999998
TEX,NA,15,-15.00,0,M,20.099999999999998
TEX,NA,15,-14.00,0,M,20.099999999999998
TEX,NA,15,-13.00,0,M,20.099999999999998
TEX,NA,16,-12.00,0,M,22.11
TEX,NA,16,-11.00,0,M,22.11
TEX,NA,15,-12.00,0,M,20.099999999999998
TEX,NA,15,-12.00,0,M,20.099999999999998
TEX,NA,15,-13.00,0,M,20.099999999999998
TEX,NA,15,-12.00,0,M,20.099999999999998
TEX,NA,15,-12.00,0,M,20.099999999999998
TEX,NA,15,-14.00,0,M,20.099999999999998
TEX,NA,15,-15.00,0,M,20.099999999999998
TEX,NA,15,-14.00,0,M,20.099999999999998
TEX,NA,15,-14.00,0,M,20.099999999999998
TEX,NA,14,-15.00,0,M,18.089999999999996
TEX,NA,14,-14.00,0,M,18.089999999999996
TEX,NA,13,-14.00,0,M,16.08
TEX,NA,13,-12.00,0,M,16.08
TEX,NA,13,-11.00,0,M,16.08
TEX,NA,13,-11.00,0,M,16.08
TEX,NA,12,-11.00,0,M,14.069999999999999
TEX,NA,12,-10.00,0,M,14.069999999999999
TEX,NA,12,-10.00,0,M,14.069999999999999
TEX,NA,11,-10.00,0,M,12.059999999999999
TEX,NA,11,-9.00,0,M,12.059999999999999
TEX,NA,10,-9.00,0,M,10.049999999999999
TEX,NA,9,-9.00,0,M,8.04
TEX,NA,8,-8.00,0,M,6.029999999999999
TEX,NA,8,-8.00,0,M,6.029999999999999
TEX,NA,8,-8.00,0,M,6.029999999999999
TEX,NA,8,-8.00,0,M,6.029999999999999
TEX,NA,7,-8.00,0,M,4.02
TEX,NA,7,-7.00,0,M,4.02
TEX,NA,7,-7.00,0,M,4.02
TEX,NA,6,-7.00,0,M,2.01
TEX,NA,6,-8.00,0,M,2.01
TEX,NA,6,-8.00,0,M,2.01
TEX,NA,6,-8.00,0,M,2.01
TEX,NA,6,-7.00,0,M,2.01
TEX,NA,6,-7.00,0,M,2.01
TEX,NA,6,-7.00,0,M,2.01
TEX,NA,6,-8.00,0,M,2.01
TEX,NA,6,-7.00,0,M,2.01
TEX,NA,6,-8.00,0,M,2.01
TEX,NA,6,-8.00,0,M,2.01
TEX,NA,6,-8.00,0,M,2.01
TEX,NA,7,-8.00,0,M,4.02
TEX,NA,6,-8.00,0,M,2.01
TEX,NA,6,-8.00,0,M,2.01
TEX,NA,6,-8.00,0,M,2.01
TEX,NA,6,-7.00,0,M,2.01
TEX,NA,7,-6.00,0,M,4.02
TEX,NA,7,-3.00,0,M,4.02
TEX,NA,7,-2.00,0,M,4.02
TEX,NA,7,-3.00,0,M,4.02
TEX,NA,6,-4.00,0,M,2.01
TEX,NA,5,-2.00,0,M,0
TEX,NA,6,0.00,0,M,2.01
TEX,NA,6,-1.00,0,M,2.01
TEX,NA,7,-1.00,0,M,4.02
TEX,NA,7,-1.00,0,M,4.02
TEX,NA,7,-1.00,0,M,4.02
TEX,NA,8,-1.00,0,M,6.029999999999999
TEX,NA,9,-2.00,0,M,8.04
TEX,NA,9,-2.00,0,M,8.04
TEX,NA,10,-2.00,0,M,10.049999999999999
TEX,NA,10,-2.00,0,M,10.049999999999999
TEX,NA,10,-3.00,0,M,10.049999999999999
TEX,NA,11,-3.00,0,M,12.059999999999999
TEX,NA,11,-5.00,0,M,12.059999999999999
TEX,NA,11,-5.00,0,M,12.059999999999999
TEX,NA,11,-4.00,0,M,12.059999999999999
TEX,NA,10,-5.00,0,M,10.049999999999999
TEX,NA,8,-2.00,0,M,6.029999999999999
TEX,NA,9,-2.00,0,M,8.04
TEX,NA,9,-2.00,0,M,8.04
TEX,NA,10,-2.00,0,M,10.049999999999999
TEX,NA,11,-3.00,0,M,12.059999999999999
TEX,NA,11,-3.00,0,M,12.059999999999999
TEX,NA,11,-4.00,0,M,12.059999999999999
TEX,NA,11,-4.00,0,M,12.059999999999999
TEX,NA,11,-4.00,0,M,12.059999999999999
TEX,NA,11,-3.00,0,M,12.059999999999999
TEX,NA,11,-3.00,0,M,12.059999999999999
TEX,NA,11,-3.00,0,M,12.059999999999999
TEX,NA,11,-3.00,0,M,12.059999999999999
TEX,NA,10,-2.00,0,M,10.049999999999999
TEX,NA,10,-2.00,0,M,10.049999999999999
TEX,NA,10,-2.00,0,M,10.049999999999999
TEX,NA,10,-2.00,0,M,10.049999999999999
TEX,NA,9,-3.00,0,M,8.04
TEX,NA,9,-3.00,0,M,8.04
TEX,NA,9,-3.00,0,M,8.04
TEX,NA,8,-3.00,0,M,6.029999999999999
TEX,NA,8,-2.00,0,M,6.029999999999999
TEX,NA,8,-2.00,0,M,6.029999999999999
TEX,NA,8,-3.00,0,M,6.029999999999999
TEX,NA,8,-2.00,0,M,6.029999999999999
TEX,NA,7,-2.00,0,M,4.02
TEX,NA,7,-2.00,0,M,4.02
TEX,NA,6,-2.00,0,M,2.01
TEX,NA,6,-2.00,0,M,2.01
TEX,NA,6,-2.00,0,M,2.01
TEX,NA,6,-2.00,0,M,2.01
TEX,NA,6,-2.00,0,M,2.01
TEX,NA,5,-2.00,0,M,0
TEX,NA,5,-2.00,0,M,0
TEX,NA,4,-2.00,0,M,0
TEX,NA,4,-2.00,0,M,0
TEX,NA,4,-2.00,0,M,0
TEX,NA,3,-2.00,0,M,0
TEX,NA,4,-2.00,0,M,0
TEX,NA,3,-2.00,0,M,0
TEX,NA,3,-2.00,0,M,0
TEX,NA,3,-2.00,0,M,0
TEX,NA,3,-2.00,0,M,0
TEX,NA,2,-2.00,0,M,0
TEX,NA,2,-3.00,0,M,0
TEX,NA,2,-3.00,0,M,0
TEX,NA,2,-3.00,0,M,0
TEX,NA,2,-3.00,0,M,0
TEX,NA,2,-3.00,0,M,0
TEX,NA,2,-3.00,0,M,0
TEX,NA,2,-4.00,0,M,0
TEX,NA,2,-5.00,0,M,0
TEX,NA,2,-5.00,0,M,0
TEX,NA,2,-4.00,0,M,0
TEX,NA,1,-5.00,0,M,0
TEX,NA,1,-5.00,0,M,0
TEX,NA,1,-6.00,0,M,0
TEX,NA,2,-6.00,0,M,0
TEX,NA,2,-6.00,0,M,0
TEX,NA,3,-6.00,0,M,0
TEX,NA,5,-6.00,0,M,0
TEX,NA,5,-6.00,0,M,0
TEX,NA,7,-7.00,0,M,4.02
TEX,NA,7,-8.00,0,M,4.02
TEX,NA,8,-7.00,0,M,6.029999999999999
TEX,NA,9,-7.00,0,M,8.04
TEX,NA,10,-6.00,0,M,10.049999999999999
TEX,NA,10,-6.00,0,M,10.049999999999999
TEX,NA,11,-7.00,0,M,12.059999999999999
TEX,NA,12,-9.00,0,M,14.069999999999999
TEX,NA,12,-8.00,0,M,14.069999999999999
TEX,NA,12,-8.00,0,M,14.069999999999999
TEX,NA,13,-8.00,0,M,16.08
TEX,NA,13,-8.00,0,M,16.08
TEX,NA,13,-8.00,0,M,16.08
TEX,NA,13,-8.00,0,M,16.08
TEX,NA,14,-9.00,0,M,18.089999999999996
TEX,NA,14,-10.00,0,M,18.089999999999996
TEX,NA,13,-10.00,0,M,16.08
TEX,NA,13,-9.00,0,M,16.08
TEX,NA,13,-7.00,0,M,16.08
TEX,NA,13,-8.00,0,M,16.08
TEX,NA,13,-8.00,0,M,16.08
TEX,NA,12,-7.00,0,M,14.069999999999999
TEX,NA,12,-7.00,0,M,14.069999999999999
TEX,NA,12,-7.00,0,M,14.069999999999999
TEX,NA,11,-7.00,0,M,12.059999999999999
TEX,NA,10,-7.00,0,M,10.049999999999999
TEX,NA,10,-6.00,0,M,10.049999999999999
TEX,NA,10,-6.00,0,M,10.049999999999999
TEX,NA,9,-6.00,0,M,8.04
TEX,NA,8,-7.00,0,M,6.029999999999999
TEX,NA,8,-6.00,0,M,6.029999999999999
TEX,NA,8,-6.00,0,M,6.029999999999999
TEX,NA,7,-6.00,0,M,4.02
TEX,NA,7,-6.00,0,M,4.02
TEX,NA,7,-5.00,0,M,4.02
TEX,NA,7,-5.00,0,M,4.02
TEX,NA,7,-6.00,0,M,4.02
TEX,NA,6,-6.00,0,M,2.01
TEX,NA,6,-6.00,0,M,2.01
TEX,NA,6,-6.00,0,M,2.01
TEX,NA,6,-5.00,0,M,2.01
TEX,NA,6,-6.00,0,M,2.01
TEX,NA,6,-6.00,0,M,2.01
TEX,NA,6,-6.00,0,M,2.01
TEX,NA,6,-6.00,0,M,2.01
TEX,NA,6,-6.00,0,M,2.01
TEX,NA,6,-7.00,0,M,2.01
TEX,NA,6,-7.00,0,M,2.01
TEX,NA,6,-7.00,0,M,2.01
TEX,NA,6,-8.00,0,M,2.01
TEX,NA,6,-9.00,0,M,2.01
TEX,NA,6,-9.00,0,M,2.01
TEX,NA,6,-8.00,0,M,2.01
TEX,NA,6,-8.00,0,M,2.01
TEX,NA,6,-8.00,0,M,2.01
TEX,NA,6,-7.00,0,M,2.01
TEX,NA,6,-7.00,0,M,2.01
TEX,NA,6,-7.00,0,M,2.01
TEX,NA,6,-7.00,0,M,2.01
TEX,NA,6,-7.00,0,M,2.01
TEX,NA,6,-7.00,0,M,2.01
TEX,NA,6,-7.00,0,M,2.01
TEX,NA,6,-7.00,0,M,2.01
TEX,NA,6,-7.00,0,M,2.01
TEX,NA,6,-7.00,0,M,2.01
TEX,NA,6,-7.00,0,M,2.01
TEX,NA,6,-7.00,0,M,2.01
TEX,NA,6,-7.00,0,M,2.01
TEX,NA,6,-7.00,0,M,2.01
TEX,NA,7,-7.00,0,M,4.02
TEX,NA,7,-7.00,0,M,4.02
TEX,NA,8,-8.00,0,M,6.029999999999999
TEX,NA,8,-8.00,0,M,6.029999999999999
TEX,NA,8,-8.00,0,M,6.029999999999999
TEX,NA,8,-8.00,0,M,6.029999999999999
TEX,NA,8,-8.00,0,M,6.029999999999999
TEX,NA,9,-8.00,0,M,8.04
TEX,NA,9,-7.00,0,M,8.04
TEX,NA,10,-8.00,0,M,10.049999999999999
TEX,NA,10,-8.00,0,M,10.049999999999999
TEX,NA,9,-8.00,0,M,8.04
TEX,NA,9,-8.00,0,M,8.04
TEX,NA,10,-8.00,0,M,10.049999999999999
TEX,NA,10,-8.00,0,M,10.049999999999999
TEX,NA,11,-8.00,0,M,12.059999999999999
TEX,NA,12,-7.00,0,M,14.069999999999999
TEX,NA,12,-6.00,0,M,14.069999999999999
TEX,NA,11,-6.00,0,M,12.059999999999999
TEX,NA,10,-5.00,0,M,10.049999999999999
TEX,NA,8,-4.00,0,M,6.029999999999999
TEX,NA,8,-3.00,0,M,6.029999999999999
TEX,NA,8,-3.00,0,M,6.029999999999999
TEX,NA,8,-3.00,0,M,6.029999999999999
TEX,NA,7,-3.00,0,M,4.02
TEX,NA,8,-3.00,0,M,6.029999999999999
TEX,NA,8,-4.00,0,M,6.029999999999999
TEX,NA,8,-4.00,0,M,6.029999999999999
TEX,NA,7,-5.00,0,M,4.02
TEX,NA,7,-5.00,0,M,4.02
TEX,NA,7,-5.00,0,M,4.02
TEX,NA,7,-5.00,0,M,4.02
TEX,NA,6,-4.00,0,M,2.01
TEX,NA,6,-5.00,0,M,2.01
TEX,NA,6,-5.00,0,M,2.01
TEX,NA,5,-5.00,0,M,0
TEX,NA,5,-5.00,0,M,0
TEX,NA,5,-5.00,0,M,0
TEX,NA,5,-5.00,0,M,0
TEX,NA,5,-4.00,0,M,0
TEX,NA,4,-4.00,0,M,0
TEX,NA,3,-5.00,0,M,0
TEX,NA,4,-5.00,0,M,0
TEX,NA,4,-5.00,0,M,0
TEX,NA,3,-5.00,0,M,0
TEX,NA,3,-5.00,0,M,0
TEX,NA,4,-5.00,0,M,0
TEX,NA,3,-5.00,0,M,0
TEX,NA,3,-5.00,0,M,0
TEX,NA,3,-5.00,0,M,0
TEX,NA,3,-5.00,0,M,0
TEX,NA,3,-5.00,0,M,0
TEX,NA,3,-5.00,0,M,0
TEX,NA,3,-5.00,0,M,0
TEX,NA,4,-5.00,0,M,0
TEX,NA,3,-5.00,0,M,0
TEX,NA,3,-5.00,0,M,0
TEX,NA,4,-5.00,0,M,0
TEX,NA,3,-5.00,0,M,0
TEX,NA,3,-5.00,0,M,0
TEX,NA,3,-5.00,0,M,0
TEX,NA,2,-5.00,0,M,0
TEX,NA,4,-5.00,0,M,0
TEX,NA,3,-5.00,0,M,0
TEX,NA,2,-5.00,0,M,0
TEX,NA,4,-5.00,0,M,0
TEX,NA,4,-5.00,0,M,0
TEX,NA,5,-5.00,0,M,0
TEX,NA,5,-5.00,0,M,0
TEX,NA,5,-5.00,0,M,0
TEX,NA,5,-5.00,0,M,0
TEX,NA,5,-5.00,0,M,0
TEX,NA,6,-5.00,0,M,2.01
TEX,NA,7,-5.00,0,M,4.02
TEX,NA,7,-5.00,0,M,4.02
TEX,NA,7,-6.00,0,M,4.02
TEX,NA,8,-6.00,0,M,6.029999999999999
TEX,NA,8,-7.00,0,M,6.029999999999999
TEX,NA,8,-7.00,0,M,6.029999999999999
TEX,NA,9,-8.00,0,M,8.04
TEX,NA,10,-10.00,0,M,10.049999999999999
TEX,NA,11,-10.00,0,M,12.059999999999999
TEX,NA,11,-11.00,0,M,12.059999999999999
TEX,NA,11,-10.00,0,M,12.059999999999999
TEX,NA,11,-12.00,0,M,12.059999999999999
TEX,NA,11,-16.00,0,M,12.059999999999999
TEX,NA,11,-14.00,0,M,12.059999999999999
TEX,NA,11,-13.00,0,M,12.059999999999999
TEX,NA,11,-15.00,0,M,12.059999999999999
TEX,NA,12,-15.00,0,M,14.069999999999999
TEX,NA,12,-16.00,0,M,14.069999999999999
TEX,NA,12,-16.00,0,M,14.069999999999999
TEX,NA,12,-18.00,0,M,14.069999999999999
TEX,NA,12,-21.00,0,M,14.069999999999999
TEX,NA,12,-21.00,0,M,14.069999999999999
TEX,NA,12,-21.00,0,M,14.069999999999999
TEX,NA,12,-21.00,0,M,14.069999999999999
TEX,NA,11,-19.00,0,M,12.059999999999999
TEX,NA,10,-16.00,0,M,10.049999999999999
TEX,NA,10,-14.00,0,M,10.049999999999999
TEX,NA,9,-12.00,0,M,8.04
TEX,NA,9,-12.00,0,M,8.04
TEX,NA,8,-10.00,0,M,6.029999999999999
TEX,NA,9,-12.00,0,M,8.04
TEX,NA,8,-11.00,0,M,6.029999999999999
TEX,NA,8,-10.00,0,M,6.029999999999999
TEX,NA,8,-8.00,0,M,6.029999999999999
TEX,NA,8,-8.00,0,M,6.029999999999999
TEX,NA,8,-8.00,0,M,6.029999999999999
TEX,NA,8,-8.00,0,M,6.029999999999999
TEX,NA,8,-8.00,0,M,6.029999999999999
TEX,NA,8,-8.00,0,M,6.029999999999999
TEX,NA,8,-7.00,0,M,6.029999999999999
TEX,NA,8,-6.00,0,M,6.029999999999999
TEX,NA,8,-6.00,0,M,6.029999999999999
TEX,NA,8,-5.00,0,M,6.029999999999999
TEX,NA,7,-5.00,0,M,4.02
TEX,NA,7,-4.00,0,M,4.02
TEX,NA,6,-1.00,0,M,2.01
TEX,NA,5,0.00,0,M,0
TEX,NA,5,0.00,0,M,0
TEX,NA,5,0.00,0,M,0
TEX,NA,3,0.00,0,M,0
TEX,NA,3,1.00,0,M,0
TEX,NA,3,1.00,0.25,M,0
TEX,NA,2,1.00,0.25,M,0
TEX,NA,3,0.00,0.25,M,0
TEX,NA,3,0.00,0.25,M,0
TEX,NA,2,1.00,0.51,M,0
TEX,NA,2,1.00,0.51,M,0
TEX,NA,2,0.00,0.25,M,0
TEX,NA,1,0.00,0.51,M,0
TEX,NA,1,0.00,0.76,M,0
TEX,NA,2,1.00,0.25,M,0
TEX,NA,1,0.00,0.51,M,0
TEX,NA,2,1.00,1.02,M,0
TEX,NA,2,1.00,0.25,M,0
TEX,NA,2,1.00,0.76,M,0
TEX,NA,2,0.00,1.02,M,0
TEX,NA,2,1.00,0.25,M,0
TEX,NA,2,1.00,0.51,M,0
TEX,NA,2,0.00,0.76,M,0
TEX,NA,2,0.00,0,M,0
TEX,NA,2,1.00,0,M,0
TEX,NA,3,1.00,0,M,0
TEX,NA,3,1.00,0,M,0
TEX,NA,3,0.00,0,M,0
TEX,NA,3,0.00,0,M,0
TEX,NA,3,0.00,0,M,0
TEX,NA,4,0.00,0,M,0
TEX,NA,4,0.00,0,M,0
TEX,NA,5,-1.00,0,M,0
TEX,NA,5,0.00,0,M,0
TEX,NA,5,0.00,0,M,0
TEX,NA,5,-1.00,0,M,0
TEX,NA,3,0.00,0,M,0
TEX,NA,3,0.00,0,M,0
TEX,NA,3,0.00,0,M,0
TEX,NA,5,-1.00,0,M,0
TEX,NA,6,-2.00,0,M,2.01
TEX,NA,6,-2.00,0,M,2.01
TEX,NA,6,-2.00,0,M,2.01
TEX,NA,6,-2.00,0,M,2.01
TEX,NA,7,-2.00,0,M,4.02
TEX,NA,7,-4.00,0,M,4.02
TEX,NA,7,-3.00,0,M,4.02
TEX,NA,7,-4.00,0,M,4.02
TEX,NA,6,-1.00,0,M,2.01
TEX,NA,3,0.00,0,M,0
TEX,NA,3,0.00,0,M,0
TEX,NA,3,0.00,0,M,0
TEX,NA,3,0.00,0,M,0
TEX,NA,1,0.00,0,M,0
TEX,NA,1,0.00,0,M,0
TEX,NA,1,0.00,0,M,0
TEX,NA,2,0.00,0,M,0
TEX,NA,2,0.00,0,M,0
TEX,NA,2,0.00,0,M,0
TEX,NA,2,0.00,0,M,0
TEX,NA,2,-1.00,0,M,0
TEX,NA,1,0.00,0,M,0
TEX,NA,1,0.00,0,M,0
TEX,NA,1,0.00,0,M,0
TEX,NA,1,-1.00,0,M,0
TEX,NA,1,0.00,0,M,0
TEX,NA,1,0.00,0,M,0
TEX,NA,1,0.00,0,M,0
TEX,NA,1,0.00,0,M,0
TEX,NA,0,0.00,0,M,0
TEX,NA,0,0.00,0,M,0
TEX,NA,0,0.00,0,M,0
TEX,NA,0,0.00,0,M,0
TEX,NA,0,0.00,0,M,0
TEX,NA,0,-1.00,0,M,0
TEX,NA,0,-1.00,0,M,0
TEX,NA,0,0.00,0,M,0
TEX,NA,0,-1.00,0,M,0
TEX,NA,0,-1.00,0,M,0
TEX,NA,0,-1.00,0,M,0
TEX,NA,0,-1.00,0,M,0
TEX,NA,0,-1.00,0,M,0
TEX,NA,0,-1.00,0,M,0
TEX,NA,-1,-1.00,0,M,0
TEX,NA,-1,-1.00,0,M,0
TEX,NA,-1,-1.00,0,M,0
TEX,NA,-1,-1.00,0,M,0
TEX,NA,-1,-1.00,0,M,0
TEX,NA,-1,-2.00,0,M,0
TEX,NA,-1,-2.00,0,M,0
TEX,NA,-1,-2.00,0,M,0
TEX,NA,-1,-2.00,0,M,0
TEX,NA,-1,-2.00,0,M,0
TEX,NA,-2,-2.00,0,M,0
TEX,NA,-2,-3.00,0,M,0
TEX,NA,-2,-3.00,0,M,0
TEX,NA,-2,-3.00,0,M,0
TEX,NA,-2,-3.00,0,M,0
TEX,NA,-2,-3.00,0,M,0
TEX,NA,-2,-3.00,0,M,0
TEX,NA,-2,-2.00,0,M,0
TEX,NA,-1,-2.00,0,M,0
TEX,NA,-1,-2.00,0,M,0
TEX,NA,-2,-3.00,0,M,0
TEX,NA,-2,-3.00,0,M,0
TEX,NA,-2,-3.00,0,M,0
TEX,NA,-2,-3.00,0,M,0
TEX,NA,-2,-4.00,0,M,0
TEX,NA,-2,-5.00,0,M,0
TEX,NA,-2,-5.00,0,M,0
TEX,NA,-1,-5.00,0,M,0
TEX,NA,-1,-5.00,0,M,0
TEX,NA,-1,-5.00,0,M,0
TEX,NA,-1,-6.00,0,M,0
TEX,NA,-1,-6.00,0,M,0
TEX,NA,-1,-6.00,0,M,0
TEX,NA,-1,-6.00,0,M,0
TEX,NA,-1,-7.00,0,M,0
TEX,NA,-1,-7.00,0,M,0
TEX,NA,-1,-7.00,0,M,0
TEX,NA,-2,-7.00,0,M,0
TEX,NA,-2,-7.00,0,M,0
TEX,NA,-2,-7.00,0,M,0
TEX,NA,-2,-8.00,0,M,0
TEX,NA,-2,-7.00,0,M,0
TEX,NA,-3,-7.00,0,M,0
TEX,NA,-3,-7.00,0,M,0
TEX,NA,-4,-7.00,0,M,0
TEX,NA,-5,-7.00,0,M,0
TEX,NA,-5,-8.00,0,M,0
TEX,NA,-5,-7.00,0,M,0
TEX,NA,-5,-7.00,0,M,0
TEX,NA,-5,-8.00,0,M,0
TEX,NA,-5,-8.00,0,M,0
TEX,NA,-5,-7.00,0,M,0
TEX,NA,-6,-8.00,0,M,0
TEX,NA,-6,-8.00,0,M,0
TEX,NA,-6,-8.00,0,M,0
TEX,NA,-7,-8.00,0,M,0
TEX,NA,-6,-8.00,0,M,0
TEX,NA,-7,-8.00,0,M,0
TEX,NA,-7,-8.00,0,M,0
TEX,NA,-7,-8.00,0,M,0
TEX,NA,-7,-8.00,0,M,0
TEX,NA,-7,-8.00,0,M,0
TEX,NA,-7,-9.00,0,M,0
TEX,NA,-8,-10.00,0,M,0
TEX,NA,-8,-10.00,0,M,0
TEX,NA,-8,-11.00,0,M,0
TEX,NA,-8,-11.00,0,M,0
TEX,NA,-8,-11.00,0,M,0
TEX,NA,-8,-11.00,0,M,0
TEX,NA,-8,-11.00,0,M,0
TEX,NA,-8,-12.00,0,M,0
TEX,NA,-8,-12.00,0,M,0
TEX,NA,-9,-12.00,0,M,0
TEX,NA,-9,-12.00,0,M,0
TEX,NA,-8,-12.00,0,M,0
TEX,NA,-8,-12.00,0,M,0
TEX,NA,-8,-12.00,0,M,0
TEX,NA,-8,-13.00,0,M,0
TEX,NA,-8,-13.00,0,M,0
TEX,NA,-8,-13.00,0,M,0
TEX,NA,-8,-13.00,0,M,0
TEX,NA,-8,-13.00,0,M,0
TEX,NA,-8,-13.00,0,M,0
TEX,NA,-8,-13.00,0,M,0
TEX,NA,-7,-12.00,0,M,0
TEX,NA,-7,-12.00,0,M,0
TEX,NA,-6,-13.00,0,M,0
TEX,NA,-5,-12.00,0,M,0
TEX,NA,-5,-11.00,0,M,0
TEX,NA,-3,-11.00,0,M,0
TEX,NA,-3,-12.00,0,M,0
TEX,NA,-2,-15.00,0,M,0
TEX,NA,0,-12.00,0,M,0
TEX,NA,0,-12.00,0,M,0
TEX,NA,0,-17.00,0,M,0
TEX,NA,1,-23.00,0.25,M,0
TEX,NA,1,-23.00,0,M,0
TEX,NA,1,-17.00,0.25,M,0
TEX,NA,2,-23.00,0.25,M,0
TEX,NA,2,-17.00,0,M,0
TEX,NA,2,-15.00,0,M,0
TEX,NA,2,-16.00,0,M,0
TEX,NA,2,-17.00,0,M,0
TEX,NA,2,-16.00,0,M,0
TEX,NA,2,-16.00,0,M,0
TEX,NA,2,-16.00,0,M,0
TEX,NA,2,-17.00,0,M,0
TEX,NA,2,-17.00,0,M,0
TEX,NA,2,-17.00,0,M,0
TEX,NA,2,-18.00,0,M,0
TEX,NA,2,-17.00,0,M,0
TEX,NA,2,-17.00,0,M,0
TEX,NA,1,-16.00,0,M,0
TEX,NA,1,-16.00,0,M,0
TEX,NA,0,-16.00,0,M,0
TEX,NA,0,-15.00,0,M,0
TEX,NA,0,-15.00,0,M,0
TEX,NA,0,-15.00,0,M,0
TEX,NA,-1,-13.00,0,M,0
TEX,NA,-1,-12.00,0,M,0
TEX,NA,-2,-12.00,0,M,0
TEX,NA,-2,-11.00,0,M,0
TEX,NA,-2,-12.00,0,M,0
TEX,NA,-3,-11.00,0,M,0
TEX,NA,-3,-12.00,0,M,0
TEX,NA,-3,-11.00,0,M,0
TEX,NA,-3,-11.00,0,M,0
TEX,NA,-3,-12.00,0,M,0
TEX,NA,-4,-12.00,0,M,0
TEX,NA,-4,-12.00,0,M,0
TEX,NA,-4,-12.00,0,M,0
TEX,NA,-4,-12.00,0,M,0
TEX,NA,-4,-12.00,0,M,0
TEX,NA,-4,-12.00,0,M,0
TEX,NA,-5,-12.00,0,M,0
TEX,NA,-5,-12.00,0,M,0
TEX,NA,-5,-12.00,0,M,0
TEX,NA,-5,-12.00,0,M,0
TEX,NA,-5,-12.00,0,M,0
TEX,NA,-5,-12.00,0,M,0
TEX,NA,-5,-12.00,0,M,0
TEX,NA,-5,-13.00,0,M,0
TEX,NA,-5,-12.00,0,M,0
TEX,NA,-5,-13.00,0,M,0
TEX,NA,-5,-13.00,0,M,0
TEX,NA,-5,-13.00,0,M,0
TEX,NA,-5,-13.00,0,M,0
TEX,NA,-6,-13.00,0,M,0
TEX,NA,-6,-13.00,0,M,0
TEX,NA,-6,-13.00,0,M,0
TEX,NA,-5,-13.00,0,M,0
TEX,NA,-6,-14.00,0,M,0
TEX,NA,-6,-14.00,0,M,0
TEX,NA,-5,-14.00,0,M,0
TEX,NA,-6,-14.00,0,M,0
TEX,NA,-6,-14.00,0,M,0
TEX,NA,-6,-14.00,0,M,0
TEX,NA,-5,-14.00,0,M,0
TEX,NA,-3,-15.00,0,M,0
TEX,NA,-2,-16.00,0,M,0
TEX,NA,-1,-13.00,0,M,0
TEX,NA,0,-15.00,0,M,0
TEX,NA,0,-16.00,0,M,0
TEX,NA,1,-19.00,0,M,0
TEX,NA,2,-22.00,0,M,0
TEX,NA,3,-22.00,0,M,0
TEX,NA,4,-26.00,0,M,0
TEX,NA,5,-27.00,0,M,0
TEX,NA,6,-25.00,0,M,2.01
TEX,NA,6,-25.00,0,M,2.01
TEX,NA,6,-25.00,0,M,2.01
TEX,NA,6,-26.00,0,M,2.01
TEX,NA,7,-23.00,0,M,4.02
TEX,NA,7,-22.00,0,M,4.02
TEX,NA,7,-22.00,0,M,4.02
TEX,NA,7,-21.00,0,M,4.02
TEX,NA,7,-21.00,0,M,4.02
TEX,NA,7,-20.00,0,M,4.02
TEX,NA,7,-20.00,0,M,4.02
TEX,NA,7,-19.00,0,M,4.02
TEX,NA,6,-18.00,0,M,2.01
TEX,NA,6,-18.00,0,M,2.01
TEX,NA,6,-18.00,0,M,2.01
TEX,NA,6,-18.00,0,M,2.01
TEX,NA,5,-19.00,0,M,0
TEX,NA,4,-18.00,0,M,0
TEX,NA,3,-18.00,0,M,0
TEX,NA,3,-17.00,0,M,0
TEX,NA,3,-18.00,0,M,0
TEX,NA,2,-17.00,0,M,0
TEX,NA,1,-16.00,0,M,0
TEX,NA,1,-13.00,0,M,0
TEX,NA,0,-13.00,0,M,0
TEX,NA,0,-12.00,0,M,0
TEX,NA,0,-12.00,0,M,0
TEX,NA,0,-12.00,0,M,0
TEX,NA,0,-12.00,0,M,0
TEX,NA,0,-12.00,0,M,0
TEX,NA,0,-11.00,0,M,0
TEX,NA,0,-12.00,0,M,0
TEX,NA,0,-12.00,0,M,0
TEX,NA,0,-12.00,0,M,0
TEX,NA,0,-12.00,0,M,0
TEX,NA,-1,-12.00,0,M,0
TEX,NA,-1,-11.00,0,M,0
TEX,NA,-1,-11.00,0,M,0
TEX,NA,-1,-11.00,0,M,0
TEX,NA,-1,-12.00,0,M,0
TEX,NA,-2,-11.00,0,M,0
TEX,NA,-2,-10.00,0,M,0
TEX,NA,-2,-10.00,0,M,0
TEX,NA,-1,-11.00,0,M,0
TEX,NA,-1,-11.00,0,M,0
TEX,NA,-1,-11.00,0,M,0
TEX,NA,-1,-11.00,0,M,0
TEX,NA,-1,-11.00,0,M,0
TEX,NA,-1,-12.00,0,M,0
TEX,NA,-1,-11.00,0,M,0
TEX,NA,-1,-11.00,0,M,0
TEX,NA,-1,-11.00,0,M,0
TEX,NA,-1,-11.00,0,M,0
TEX,NA,-1,-11.00,0,M,0
TEX,NA,-1,-12.00,0,M,0
TEX,NA,-1,-11.00,0,M,0
TEX,NA,-1,-12.00,0,M,0
TEX,NA,-1,-12.00,0,M,0
TEX,NA,-2,-11.00,0,M,0
TEX,NA,-2,-11.00,0,M,0
TEX,NA,-1,-12.00,0,M,0
TEX,NA,0,-11.00,0,M,0
TEX,NA,0,-11.00,0,M,0
TEX,NA,0,-11.00,0,M,0
TEX,NA,1,-11.00,0,M,0
TEX,NA,2,-12.00,0,M,0
TEX,NA,3,-12.00,0,M,0
TEX,NA,4,-13.00,0,M,0
TEX,NA,5,-13.00,0,M,0
TEX,NA,6,-13.00,0,M,2.01
TEX,NA,7,-14.00,0,M,4.02
TEX,NA,8,-16.00,0,M,6.029999999999999
TEX,NA,9,-16.00,0,M,8.04
TEX,NA,10,-17.00,0,M,10.049999999999999
TEX,NA,10,-16.00,0,M,10.049999999999999
TEX,NA,10,-16.00,0,M,10.049999999999999
TEX,NA,10,-16.00,0,M,10.049999999999999
TEX,NA,11,-17.00,0,M,12.059999999999999
TEX,NA,10,-16.00,0,M,10.049999999999999
TEX,NA,11,-16.00,0,M,12.059999999999999
TEX,NA,11,-16.00,0,M,12.059999999999999
TEX,NA,10,-15.00,0,M,10.049999999999999
TEX,NA,10,-15.00,0,M,10.049999999999999
TEX,NA,10,-15.00,0,M,10.049999999999999
TEX,NA,9,-12.00,0,M,8.04
TEX,NA,8,-12.00,0,M,6.029999999999999
TEX,NA,7,-12.00,0,M,4.02
TEX,NA,7,-12.00,0,M,4.02
TEX,NA,6,-12.00,0,M,2.01
TEX,NA,6,-12.00,0,M,2.01
TEX,NA,5,-12.00,0,M,0
TEX,NA,5,-12.00,0,M,0
TEX,NA,5,-12.00,0,M,0
TEX,NA,4,-12.00,0,M,0
TEX,NA,4,-11.00,0,M,0
TEX,NA,3,-10.00,0,M,0
TEX,NA,3,-10.00,0,M,0
TEX,NA,2,-9.00,0,M,0
TEX,NA,2,-9.00,0,M,0
TEX,NA,1,-8.00,0,M,0
TEX,NA,1,-9.00,0,M,0
TEX,NA,1,-8.00,0,M,0
TEX,NA,1,-8.00,0,M,0
TEX,NA,0,-8.00,0,M,0
TEX,NA,0,-8.00,0,M,0
TEX,NA,0,-8.00,0,M,0
TEX,NA,0,-8.00,0,M,0
TEX,NA,0,-8.00,0,M,0
TEX,NA,0,-8.00,0,M,0
TEX,NA,0,-8.00,0,M,0
TEX,NA,0,-9.00,0,M,0
TEX,NA,0,-9.00,0,M,0
TEX,NA,0,-10.00,0,M,0
TEX,NA,0,-10.00,0,M,0
TEX,NA,0,-10.00,0,M,0
TEX,NA,0,-10.00,0,M,0
TEX,NA,0,-10.00,0,M,0
TEX,NA,0,-10.00,0,M,0
TEX,NA,0,-11.00,0,M,0
TEX,NA,0,-10.00,0,M,0
TEX,NA,-1,-10.00,0,M,0
TEX,NA,0,-11.00,0,M,0
TEX,NA,0,-11.00,0,M,0
TEX,NA,0,-12.00,0,M,0
TEX,NA,0,-11.00,0,M,0
TEX,NA,0,-12.00,0,M,0
TEX,NA,0,-12.00,0,M,0
TEX,NA,0,-12.00,0,M,0
TEX,NA,-2,-12.00,0,M,0
TEX,NA,0,-13.00,0,M,0
TEX,NA,-1,-12.00,0,M,0
TEX,NA,-1,-12.00,0,M,0
TEX,NA,0,-13.00,0,M,0
TEX,NA,0,-13.00,0,M,0
TEX,NA,0,-13.00,0,M,0
TEX,NA,1,-13.00,0,M,0
TEX,NA,2,-15.00,0,M,0
TEX,NA,3,-16.00,0,M,0
TEX,NA,5,-17.00,0,M,0
TEX,NA,6,-17.00,0,M,2.01
TEX,NA,7,-16.00,0,M,4.02
TEX,NA,8,-22.00,0,M,6.029999999999999
TEX,NA,10,-29.00,0,M,10.049999999999999
TEX,NA,10,-27.00,0,M,10.049999999999999
TEX,NA,10,-26.00,0,M,10.049999999999999
TEX,NA,10,-19.00,0,M,10.049999999999999
TEX,NA,11,-20.00,0,M,12.059999999999999
TEX,NA,11,-18.00,0,M,12.059999999999999
TEX,NA,11,-16.00,0,M,12.059999999999999
TEX,NA,11,-15.00,0,M,12.059999999999999
TEX,NA,11,-15.00,0,M,12.059999999999999
TEX,NA,11,-15.00,0,M,12.059999999999999
TEX,NA,11,-14.00,0,M,12.059999999999999
TEX,NA,11,-14.00,0,M,12.059999999999999
TEX,NA,11,-14.00,0,M,12.059999999999999
TEX,NA,11,-13.00,0,M,12.059999999999999
TEX,NA,11,-13.00,0,M,12.059999999999999
TEX,NA,11,-13.00,0,M,12.059999999999999
TEX,NA,10,-13.00,0,M,10.049999999999999
TEX,NA,10,-13.00,0,M,10.049999999999999
TEX,NA,10,-13.00,0,M,10.049999999999999
TEX,NA,10,-13.00,0,M,10.049999999999999
TEX,NA,8,-13.00,0,M,6.029999999999999
TEX,NA,8,-12.00,0,M,6.029999999999999
TEX,NA,7,-11.00,0,M,4.02
TEX,NA,6,-10.00,0,M,2.01
TEX,NA,6,-10.00,0,M,2.01
TEX,NA,5,-10.00,0,M,0
TEX,NA,5,-9.00,0,M,0
TEX,NA,3,-8.00,0,M,0
TEX,NA,3,-8.00,0,M,0
TEX,NA,3,-8.00,0,M,0
TEX,NA,3,-8.00,0,M,0
TEX,NA,3,-8.00,0,M,0
TEX,NA,2,-8.00,0,M,0
TEX,NA,2,-8.00,0,M,0
TEX,NA,2,-8.00,0,M,0
TEX,NA,2,-8.00,0,M,0
TEX,NA,2,-8.00,0,M,0
TEX,NA,2,-9.00,0,M,0
TEX,NA,2,-9.00,0,M,0
TEX,NA,2,-9.00,0,M,0
TEX,NA,2,-9.00,0,M,0
TEX,NA,2,-9.00,0,M,0
TEX,NA,1,-9.00,0,M,0
TEX,NA,1,-9.00,0,M,0
TEX,NA,2,-10.00,0,M,0
TEX,NA,2,-9.00,0,M,0
TEX,NA,1,-9.00,0,M,0
TEX,NA,2,-9.00,0,M,0
TEX,NA,1,-9.00,0,M,0
TEX,NA,1,-8.00,0,M,0
TEX,NA,2,-8.00,0,M,0
TEX,NA,1,-8.00,0,M,0
TEX,NA,2,-8.00,0,M,0
TEX,NA,1,-7.00,0,M,0
TEX,NA,1,-7.00,0,M,0
TEX,NA,1,-8.00,0,M,0
TEX,NA,1,-8.00,0,M,0
TEX,NA,1,-8.00,0,M,0
TEX,NA,1,-8.00,0,M,0
TEX,NA,1,-8.00,0,M,0
TEX,NA,1,-8.00,0,M,0
TEX,NA,1,-9.00,0,M,0
TEX,NA,1,-9.00,0,M,0
TEX,NA,2,-8.00,0,M,0
TEX,NA,2,-8.00,0,M,0
TEX,NA,4,-8.00,0,M,0
TEX,NA,5,-8.00,0,M,0
TEX,NA,6,-8.00,0,M,2.01
TEX,NA,7,-9.00,0,M,4.02
TEX,NA,8,-9.00,0,M,6.029999999999999
TEX,NA,10,-10.00,0,M,10.049999999999999
TEX,NA,10,-9.00,0,M,10.049999999999999
TEX,NA,11,-10.00,0,M,12.059999999999999
TEX,NA,12,-11.00,0,M,14.069999999999999
TEX,NA,12,-13.00,0,M,14.069999999999999
TEX,NA,12,-13.00,0,M,14.069999999999999
TEX,NA,12,-12.00,0,M,14.069999999999999
TEX,NA,12,-13.00,0,M,14.069999999999999
TEX,NA,12,-12.00,0,M,14.069999999999999
TEX,NA,13,-12.00,0,M,16.08
TEX,NA,13,-11.00,0,M,16.08
TEX,NA,13,-10.00,0,M,16.08
TEX,NA,13,-10.00,0,M,16.08
TEX,NA,13,-11.00,0,M,16.08
TEX,NA,13,-11.00,0,M,16.08
TEX,NA,12,-11.00,0,M,14.069999999999999
TEX,NA,11,-11.00,0,M,12.059999999999999
TEX,NA,11,-12.00,0,M,12.059999999999999
TEX,NA,11,-12.00,0,M,12.059999999999999
TEX,NA,10,-12.00,0,M,10.049999999999999
TEX,NA,10,-12.00,0,M,10.049999999999999
TEX,NA,10,-12.00,0,M,10.049999999999999
TEX,NA,10,-12.00,0,M,10.049999999999999
TEX,NA,9,-11.00,0,M,8.04
TEX,NA,8,-11.00,0,M,6.029999999999999
TEX,NA,7,-10.00,0,M,4.02
TEX,NA,7,-10.00,0,M,4.02
TEX,NA,6,-9.00,0,M,2.01
TEX,NA,6,-9.00,0,M,2.01
TEX,NA,5,-8.00,0,M,0
TEX,NA,4,-8.00,0,M,0
TEX,NA,4,-8.00,0,M,0
TEX,NA,3,-8.00,0,M,0
TEX,NA,3,-7.00,0,M,0
TEX,NA,3,-7.00,0,M,0
TEX,NA,3,-7.00,0,M,0
TEX,NA,3,-7.00,0,M,0
TEX,NA,2,-7.00,0,M,0
TEX,NA,2,-7.00,0,M,0
TEX,NA,3,-7.00,0,M,0
TEX,NA,2,-7.00,0,M,0
TEX,NA,2,-7.00,0,M,0
TEX,NA,2,-6.00,0,M,0
TEX,NA,2,-6.00,0,M,0
TEX,NA,2,-6.00,0,M,0
TEX,NA,2,-6.00,0,M,0
TEX,NA,2,-6.00,0,M,0
TEX,NA,2,-5.00,0,M,0
TEX,NA,1,-5.00,0,M,0
TEX,NA,1,-5.00,0,M,0
TEX,NA,2,-5.00,0,M,0
TEX,NA,2,-6.00,0,M,0
TEX,NA,1,-5.00,0,M,0
TEX,NA,1,-5.00,0,M,0
TEX,NA,1,-5.00,0,M,0
TEX,NA,1,-6.00,0,M,0
TEX,NA,1,-6.00,0,M,0
TEX,NA,1,-6.00,0,M,0
TEX,NA,1,-6.00,0,M,0
TEX,NA,0,-6.00,0,M,0
TEX,NA,1,-6.00,0,M,0
TEX,NA,1,-6.00,0,M,0
TEX,NA,0,-6.00,0,M,0
TEX,NA,1,-6.00,0,M,0
TEX,NA,1,-6.00,0,M,0
TEX,NA,1,-6.00,0,M,0
TEX,NA,2,-6.00,0,M,0
TEX,NA,3,-7.00,0,M,0
TEX,NA,4,-7.00,0,M,0
TEX,NA,6,-7.00,0,M,2.01
TEX,NA,6,-8.00,0,M,2.01
TEX,NA,7,-8.00,0,M,4.02
TEX,NA,8,-8.00,0,M,6.029999999999999
TEX,NA,9,-10.00,0,M,8.04
TEX,NA,11,-16.00,0,M,12.059999999999999
TEX,NA,11,-13.00,0,M,12.059999999999999
TEX,NA,12,-16.00,0,M,14.069999999999999
TEX,NA,12,-19.00,0,M,14.069999999999999
TEX,NA,13,-23.00,0,M,16.08
TEX,NA,13,-25.00,0,M,16.08
TEX,NA,13,-28.00,0,M,16.08
TEX,NA,14,-27.00,0,M,18.089999999999996
TEX,NA,14,-28.00,0,M,18.089999999999996
TEX,NA,15,-35.00,0,M,20.099999999999998
TEX,NA,15,-35.00,0,M,20.099999999999998
TEX,NA,15,-32.00,0,M,20.099999999999998
TEX,NA,15,-28.00,0,M,20.099999999999998
TEX,NA,14,-26.00,0,M,18.089999999999996
TEX,NA,13,-23.00,0,M,16.08
TEX,NA,13,-20.00,0,M,16.08
TEX,NA,12,-14.00,0,M,14.069999999999999
TEX,NA,12,-13.00,0,M,14.069999999999999
TEX,NA,11,-11.00,0,M,12.059999999999999
TEX,NA,11,-11.00,0,M,12.059999999999999
TEX,NA,10,-10.00,0,M,10.049999999999999
TEX,NA,9,-10.00,0,M,8.04
TEX,NA,8,-10.00,0,M,6.029999999999999
TEX,NA,7,-10.00,0,M,4.02
TEX,NA,7,-10.00,0,M,4.02
TEX,NA,7,-10.00,0,M,4.02
TEX,NA,6,-10.00,0,M,2.01
TEX,NA,5,-9.00,0,M,0
TEX,NA,5,-9.00,0,M,0
TEX,NA,5,-9.00,0,M,0
TEX,NA,3,-8.00,0,M,0
TEX,NA,4,-9.00,0,M,0
TEX,NA,3,-9.00,0,M,0
TEX,NA,3,-9.00,0,M,0
TEX,NA,3,-9.00,0,M,0
TEX,NA,3,-8.00,0,M,0
TEX,NA,2,-8.00,0,M,0
TEX,NA,3,-8.00,0,M,0
TEX,NA,3,-9.00,0,M,0
TEX,NA,3,-8.00,0,M,0
TEX,NA,2,-8.00,0,M,0
TEX,NA,3,-10.00,0,M,0
TEX,NA,3,-10.00,0,M,0
TEX,NA,3,-9.00,0,M,0
TEX,NA,3,-9.00,0,M,0
TEX,NA,3,-10.00,0,M,0
TEX,NA,3,-9.00,0,M,0
TEX,NA,3,-9.00,0,M,0
TEX,NA,3,-9.00,0,M,0
TEX,NA,3,-9.00,0,M,0
TEX,NA,2,-9.00,0,M,0
TEX,NA,3,-9.00,0,M,0
TEX,NA,3,-9.00,0,M,0
TEX,NA,3,-9.00,0,M,0
TEX,NA,3,-9.00,0,M,0
TEX,NA,3,-9.00,0,M,0
TEX,NA,3,-9.00,0,M,0
TEX,NA,4,-10.00,0,M,0
TEX,NA,4,-10.00,0,M,0
TEX,NA,5,-11.00,0,M,0
TEX,NA,4,-11.00,0,M,0
TEX,NA,4,-11.00,0,M,0
TEX,NA,3,-10.00,0,M,0
TEX,NA,3,-10.00,0,M,0
TEX,NA,5,-11.00,0,M,0
TEX,NA,6,-12.00,0,M,2.01
TEX,NA,8,-14.00,0,M,6.029999999999999
TEX,NA,10,-15.00,0,M,10.049999999999999
TEX,NA,11,-17.00,0,M,12.059999999999999
TEX,NA,12,-18.00,0,M,14.069999999999999
TEX,NA,12,-18.00,0,M,14.069999999999999
TEX,NA,13,-21.00,0,M,16.08
TEX,NA,14,-22.00,0,M,18.089999999999996
TEX,NA,15,-24.00,0,M,20.099999999999998
TEX,NA,15,-23.00,0,M,20.099999999999998
TEX,NA,14,-23.00,0,M,18.089999999999996
TEX,NA,14,-23.00,0,M,18.089999999999996
TEX,NA,15,-23.00,0,M,20.099999999999998
TEX,NA,15,-25.00,0,M,20.099999999999998
TEX,NA,15,-23.00,0,M,20.099999999999998
TEX,NA,15,-22.00,0,M,20.099999999999998
TEX,NA,15,-21.00,0,M,20.099999999999998
TEX,NA,15,-21.00,0,M,20.099999999999998
TEX,NA,14,-20.00,0,M,18.089999999999996
TEX,NA,14,-20.00,0,M,18.089999999999996
TEX,NA,13,-18.00,0,M,16.08
TEX,NA,13,-18.00,0,M,16.08
TEX,NA,13,-18.00,0,M,16.08
TEX,NA,13,-20.00,0,M,16.08
TEX,NA,12,-19.00,0,M,14.069999999999999
TEX,NA,12,-19.00,0,M,14.069999999999999
TEX,NA,12,-19.00,0,M,14.069999999999999
TEX,NA,11,-19.00,0,M,12.059999999999999
TEX,NA,11,-19.00,0,M,12.059999999999999
TEX,NA,11,-19.00,0,M,12.059999999999999
TEX,NA,10,-18.00,0,M,10.049999999999999
TEX,NA,9,-17.00,0,M,8.04
TEX,NA,9,-17.00,0,M,8.04
TEX,NA,8,-17.00,0,M,6.029999999999999
TEX,NA,8,-17.00,0,M,6.029999999999999
TEX,NA,8,-16.00,0,M,6.029999999999999
TEX,NA,8,-16.00,0,M,6.029999999999999
TEX,NA,8,-16.00,0,M,6.029999999999999
TEX,NA,8,-16.00,0,M,6.029999999999999
TEX,NA,7,-15.00,0,M,4.02
TEX,NA,6,-13.00,0,M,2.01
TEX,NA,6,-13.00,0,M,2.01
TEX,NA,6,-14.00,0,M,2.01
TEX,NA,6,-14.00,0,M,2.01
TEX,NA,6,-14.00,0,M,2.01
TEX,NA,6,-14.00,0,M,2.01
TEX,NA,6,-14.00,0,M,2.01
TEX,NA,6,-14.00,0,M,2.01
TEX,NA,7,-15.00,0,M,4.02
TEX,NA,7,-14.00,0,M,4.02
TEX,NA,7,-14.00,0,M,4.02
TEX,NA,7,-14.00,0,M,4.02
TEX,NA,7,-15.00,0,M,4.02
TEX,NA,7,-15.00,0,M,4.02
TEX,NA,8,-17.00,0,M,6.029999999999999
TEX,NA,8,-17.00,0,M,6.029999999999999
TEX,NA,7,-17.00,0,M,4.02
TEX,NA,7,-17.00,0,M,4.02
TEX,NA,7,-16.00,0,M,4.02
TEX,NA,7,-16.00,0,M,4.02
TEX,NA,6,-15.00,0,M,2.01
TEX,NA,7,-15.00,0,M,4.02
TEX,NA,8,-15.00,0,M,6.029999999999999
TEX,NA,7,-14.00,0,M,4.02
TEX,NA,7,-13.00,0,M,4.02
TEX,NA,7,-13.00,0,M,4.02
TEX,NA,7,-13.00,0,M,4.02
TEX,NA,7,-13.00,0,M,4.02
TEX,NA,7,-12.00,0,M,4.02
TEX,NA,8,-12.00,0,M,6.029999999999999
TEX,NA,8,-12.00,0,M,6.029999999999999
TEX,NA,10,-12.00,0,M,10.049999999999999
TEX,NA,11,-13.00,0,M,12.059999999999999
TEX,NA,11,-13.00,0,M,12.059999999999999
TEX,NA,12,-13.00,0,M,14.069999999999999
TEX,NA,12,-13.00,0,M,14.069999999999999
TEX,NA,12,-14.00,0,M,14.069999999999999
TEX,NA,12,-14.00,0,M,14.069999999999999
TEX,NA,13,-13.00,0,M,16.08
TEX,NA,13,-15.00,0,M,16.08
TEX,NA,14,-17.00,0,M,18.089999999999996
TEX,NA,14,-18.00,0,M,18.089999999999996
TEX,NA,14,-19.00,0,M,18.089999999999996
TEX,NA,14,-20.00,0,M,18.089999999999996
TEX,NA,14,-18.00,0,M,18.089999999999996
TEX,NA,13,-16.00,0,M,16.08
TEX,NA,13,-17.00,0,M,16.08
TEX,NA,14,-18.00,0,M,18.089999999999996
TEX,NA,14,-18.00,0,M,18.089999999999996
TEX,NA,15,-19.00,0,M,20.099999999999998
TEX,NA,15,-19.00,0,M,20.099999999999998
TEX,NA,14,-18.00,0,M,18.089999999999996
TEX,NA,14,-20.00,0,M,18.089999999999996
TEX,NA,14,-19.00,0,M,18.089999999999996
TEX,NA,15,-20.00,0,M,20.099999999999998
TEX,NA,14,-20.00,0,M,18.089999999999996
TEX,NA,13,-20.00,0,M,16.08
TEX,NA,13,-21.00,0,M,16.08
TEX,NA,12,-19.00,0,M,14.069999999999999
TEX,NA,11,-16.00,0,M,12.059999999999999
TEX,NA,11,-16.00,0,M,12.059999999999999
TEX,NA,11,-13.00,0,M,12.059999999999999
TEX,NA,11,-12.00,0,M,12.059999999999999
TEX,NA,11,-12.00,0,M,12.059999999999999
TEX,NA,10,-11.00,0,M,10.049999999999999
TEX,NA,10,-12.00,0,M,10.049999999999999
TEX,NA,10,-12.00,0,M,10.049999999999999
TEX,NA,10,-13.00,0,M,10.049999999999999
TEX,NA,10,-13.00,0,M,10.049999999999999
TEX,NA,8,-13.00,0,M,6.029999999999999
TEX,NA,9,-13.00,0,M,8.04
TEX,NA,9,-15.00,0,M,8.04
TEX,NA,8,-14.00,0,M,6.029999999999999
TEX,NA,8,-15.00,0,M,6.029999999999999
TEX,NA,10,-15.00,0,M,10.049999999999999
TEX,NA,10,-14.00,0,M,10.049999999999999
TEX,NA,8,-13.00,0,M,6.029999999999999
TEX,NA,8,-13.00,0,M,6.029999999999999
TEX,NA,9,-13.00,0,M,8.04
TEX,NA,9,-13.00,0,M,8.04
TEX,NA,9,-12.00,0,M,8.04
TEX,NA,9,-12.00,0,M,8.04
TEX,NA,9,-12.00,0,M,8.04
TEX,NA,9,-12.00,0,M,8.04
TEX,NA,9,-12.00,0,M,8.04
TEX,NA,9,-11.00,0,M,8.04
TEX,NA,8,-11.00,0,M,6.029999999999999
TEX,NA,8,-11.00,0,M,6.029999999999999
TEX,NA,8,-11.00,0,M,6.029999999999999
TEX,NA,8,-12.00,0,M,6.029999999999999
TEX,NA,8,-12.00,0,M,6.029999999999999
TEX,NA,7,-11.00,0,M,4.02
TEX,NA,7,-11.00,0,M,4.02
TEX,NA,7,-11.00,0,M,4.02
TEX,NA,7,-11.00,0,M,4.02
TEX,NA,7,-11.00,0,M,4.02
TEX,NA,7,-11.00,0,M,4.02
TEX,NA,7,-11.00,0,M,4.02
TEX,NA,6,-11.00,0,M,2.01
TEX,NA,6,-12.00,0,M,2.01
TEX,NA,6,-12.00,0,M,2.01
TEX,NA,7,-12.00,0,M,4.02
TEX,NA,7,-12.00,0,M,4.02
TEX,NA,8,-12.00,0,M,6.029999999999999
TEX,NA,8,-13.00,0,M,6.029999999999999
TEX,NA,9,-13.00,0,M,8.04
TEX,NA,10,-13.00,0,M,10.049999999999999
TEX,NA,10,-13.00,0,M,10.049999999999999
TEX,NA,10,-13.00,0,M,10.049999999999999
TEX,NA,11,-15.00,0,M,12.059999999999999
TEX,NA,11,-16.00,0,M,12.059999999999999
TEX,NA,12,-16.00,0,M,14.069999999999999
TEX,NA,12,-19.00,0,M,14.069999999999999
TEX,NA,13,-20.00,0,M,16.08
TEX,NA,13,-21.00,0,M,16.08
TEX,NA,13,-21.00,0,M,16.08
TEX,NA,13,-21.00,0,M,16.08
TEX,NA,13,-22.00,0,M,16.08
TEX,NA,13,-23.00,0,M,16.08
TEX,NA,13,-21.00,0,M,16.08
TEX,NA,13,-21.00,0,M,16.08
TEX,NA,13,-20.00,0,M,16.08
TEX,NA,13,-21.00,0,M,16.08
TEX,NA,13,-20.00,0,M,16.08
TEX,NA,13,-19.00,0,M,16.08
TEX,NA,13,-21.00,0,M,16.08
TEX,NA,13,-18.00,0,M,16.08
TEX,NA,12,-16.00,0,M,14.069999999999999
TEX,NA,12,-15.00,0,M,14.069999999999999
TEX,NA,11,-15.00,0,M,12.059999999999999
TEX,NA,11,-14.00,0,M,12.059999999999999
TEX,NA,11,-13.00,0,M,12.059999999999999
TEX,NA,11,-13.00,0,M,12.059999999999999
TEX,NA,10,-12.00,0,M,10.049999999999999
TEX,NA,11,-12.00,0,M,12.059999999999999
TEX,NA,10,-12.00,0,M,10.049999999999999
TEX,NA,11,-13.00,0,M,12.059999999999999
TEX,NA,11,-13.00,0,M,12.059999999999999
TEX,NA,11,-13.00,0,M,12.059999999999999
TEX,NA,11,-13.00,0,M,12.059999999999999
TEX,NA,11,-13.00,0,M,12.059999999999999
TEX,NA,10,-13.00,0,M,10.049999999999999
TEX,NA,10,-12.00,0,M,10.049999999999999
TEX,NA,10,-12.00,0,M,10.049999999999999
TEX,NA,10,-11.00,0,M,10.049999999999999
TEX,NA,10,-11.00,0,M,10.049999999999999
TEX,NA,9,-11.00,0,M,8.04
TEX,NA,8,-11.00,0,M,6.029999999999999
TEX,NA,8,-11.00,0,M,6.029999999999999
TEX,NA,8,-11.00,0,M,6.029999999999999
TEX,NA,7,-12.00,0,M,4.02
TEX,NA,7,-12.00,0,M,4.02
TEX,NA,7,-12.00,0,M,4.02
TEX,NA,7,-12.00,0,M,4.02
TEX,NA,6,-12.00,0,M,2.01
TEX,NA,6,-12.00,0,M,2.01
TEX,NA,6,-12.00,0,M,2.01
TEX,NA,5,-12.00,0,M,0
TEX,NA,5,-11.00,0,M,0
TEX,NA,5,-11.00,0,M,0
TEX,NA,5,-11.00,0,M,0
TEX,NA,4,-10.00,0,M,0
TEX,NA,4,-11.00,0,M,0
TEX,NA,3,-11.00,0,M,0
TEX,NA,3,-10.00,0,M,0
TEX,NA,2,-10.00,0,M,0
TEX,NA,2,-10.00,0,M,0
TEX,NA,2,-10.00,0,M,0
TEX,NA,1,-8.00,0,M,0
TEX,NA,1,-7.00,0,M,0
TEX,NA,0,-7.00,0,M,0
TEX,NA,0,-7.00,0,M,0
TEX,NA,0,-7.00,0,M,0
TEX,NA,0,-7.00,0,M,0
TEX,NA,0,-7.00,0,M,0
TEX,NA,0,-7.00,0,M,0
TEX,NA,1,-6.00,0,M,0
TEX,NA,1,-6.00,0,M,0
TEX,NA,1,-6.00,0,M,0
TEX,NA,1,-7.00,0,M,0
TEX,NA,1,-7.00,0,M,0
TEX,NA,1,-7.00,0,M,0
TEX,NA,2,-7.00,0,M,0
TEX,NA,2,-7.00,0,M,0
TEX,NA,3,-7.00,0,M,0
TEX,NA,3,-8.00,0,M,0
TEX,NA,4,-8.00,0,M,0
TEX,NA,4,-8.00,0,M,0
TEX,NA,5,-8.00,0,M,0
TEX,NA,5,-8.00,0,M,0
TEX,NA,4,-8.00,0,M,0
TEX,NA,3,-7.00,0,M,0
TEX,NA,3,-6.00,0,M,0
TEX,NA,3,-6.00,0,M,0
TEX,NA,2,-6.00,0,M,0
TEX,NA,2,-5.00,0,M,0
TEX,NA,2,-5.00,0,M,0
TEX,NA,2,-5.00,0,M,0
TEX,NA,1,-5.00,0,M,0
TEX,NA,1,-5.00,0,M,0
TEX,NA,0,-6.00,0,M,0
TEX,NA,0,-5.00,0,M,0
TEX,NA,0,-5.00,0,M,0
TEX,NA,0,-6.00,0,M,0
TEX,NA,-1,-5.00,0,M,0
TEX,NA,-1,-5.00,0,M,0
TEX,NA,-1,-5.00,0,M,0
TEX,NA,-1,-5.00,0,M,0
TEX,NA,-1,-4.00,0,M,0
TEX,NA,-1,-4.00,0,M,0
TEX,NA,-1,-4.00,0,M,0
TEX,NA,-1,-4.00,0,M,0
TEX,NA,-1,-4.00,0,M,0
TEX,NA,-1,-5.00,0,M,0
TEX,NA,-2,-4.00,0,M,0
TEX,NA,-2,-5.00,0,M,0
TEX,NA,-2,-5.00,0,M,0
TEX,NA,-2,-5.00,0,M,0
TEX,NA,-2,-5.00,0,M,0
TEX,NA,-2,-5.00,0,M,0
TEX,NA,-2,-5.00,0,M,0
TEX,NA,-2,-5.00,0,M,0
TEX,NA,-2,-6.00,0,M,0
TEX,NA,-2,-5.00,0,M,0
TEX,NA,-3,-5.00,0,M,0
TEX,NA,-3,-5.00,0,M,0
TEX,NA,-3,-5.00,0,M,0
TEX,NA,-3,-5.00,0,M,0
TEX,NA,-3,-5.00,0,M,0
TEX,NA,-4,-5.00,0,M,0
TEX,NA,-4,-6.00,0,M,0
TEX,NA,-4,-6.00,0,M,0
TEX,NA,-4,-6.00,0,M,0
TEX,NA,-4,-6.00,0,M,0
TEX,NA,-5,-6.00,0,M,0
TEX,NA,-5,-6.00,0,M,0
TEX,NA,-5,-6.00,0,M,0
TEX,NA,-5,-6.00,0,M,0
TEX,NA,-5,-7.00,0,M,0
TEX,NA,-6,-7.00,0,M,0
TEX,NA,-6,-7.00,0,M,0
TEX,NA,-6,-8.00,0,M,0
TEX,NA,-6,-8.00,0,M,0
TEX,NA,-7,-8.00,0,M,0
TEX,NA,-7,-9.00,0,M,0
TEX,NA,-7,-8.00,0,M,0
TEX,NA,-8,-10.00,0,M,0
TEX,NA,-7,-8.00,0,M,0
TEX,NA,-6,-7.00,0,M,0
TEX,NA,-5,-7.00,0,M,0
TEX,NA,-5,-6.00,0,M,0
TEX,NA,-4,-6.00,0,M,0
TEX,NA,-1,-7.00,0,M,0
TEX,NA,0,-8.00,0,M,0
TEX,NA,0,-8.00,0,M,0
TEX,NA,1,-11.00,0,M,0
TEX,NA,1,-11.00,0,M,0
TEX,NA,1,-10.00,0,M,0
TEX,NA,1,-10.00,0,M,0
TEX,NA,1,-11.00,0,M,0
TEX,NA,1,-12.00,0,M,0
TEX,NA,2,-11.00,0,M,0
TEX,NA,2,-12.00,0,M,0
TEX,NA,2,-12.00,0,M,0
TEX,NA,2,-13.00,0,M,0
TEX,NA,2,-12.00,0,M,0
TEX,NA,2,-11.00,0,M,0
TEX,NA,2,-12.00,0,M,0
TEX,NA,2,-12.00,0,M,0
TEX,NA,2,-10.00,0,M,0
TEX,NA,2,-11.00,0,M,0
TEX,NA,2,-11.00,0,M,0
TEX,NA,1,-12.00,0,M,0
TEX,NA,1,-12.00,0,M,0
TEX,NA,0,-11.00,0,M,0
TEX,NA,0,-11.00,0,M,0
TEX,NA,0,-11.00,0,M,0
TEX,NA,0,-11.00,0,M,0
TEX,NA,0,-11.00,0,M,0
TEX,NA,0,-11.00,0,M,0
TEX,NA,0,-11.00,0,M,0
TEX,NA,-1,-11.00,0,M,0
TEX,NA,-1,-11.00,0,M,0
TEX,NA,-2,-11.00,0,M,0
TEX,NA,-2,-11.00,0,M,0
TEX,NA,-2,-11.00,0,M,0
TEX,NA,-2,-11.00,0,M,0
TEX,NA,-2,-11.00,0,M,0
TEX,NA,-2,-12.00,0,M,0
TEX,NA,-3,-11.00,0,M,0
TEX,NA,-3,-11.00,0,M,0
TEX,NA,-3,-11.00,0,M,0
TEX,NA,-3,-11.00,0,M,0
TEX,NA,-3,-11.00,0,M,0
TEX,NA,-5,-11.00,0,M,0
TEX,NA,-3,-11.00,0,M,0
TEX,NA,-3,-11.00,0,M,0
TEX,NA,-4,-11.00,0,M,0
TEX,NA,-3,-11.00,0,M,0
TEX,NA,-3,-11.00,0,M,0
TEX,NA,-3,-11.00,0,M,0
TEX,NA,-3,-12.00,0,M,0
TEX,NA,-3,-12.00,0,M,0
TEX,NA,-3,-12.00,0,M,0
TEX,NA,-3,-12.00,0,M,0
TEX,NA,-3,-12.00,0,M,0
TEX,NA,-3,-11.00,0,M,0
TEX,NA,-3,-11.00,0,M,0
TEX,NA,-3,-12.00,0,M,0
TEX,NA,-3,-12.00,0,M,0
TEX,NA,-3,-11.00,0,M,0
TEX,NA,-3,-12.00,0,M,0
TEX,NA,-3,-12.00,0,M,0
TEX,NA,-3,-11.00,0,M,0
TEX,NA,-3,-11.00,0,M,0
TEX,NA,-3,-11.00,0,M,0
TEX,NA,-3,-11.00,0,M,0
TEX,NA,-3,-10.00,0,M,0
TEX,NA,-3,-11.00,0,M,0
TEX,NA,-2,-10.00,0,M,0
TEX,NA,-1,-11.00,0,M,0
TEX,NA,-1,-11.00,0,M,0
TEX,NA,0,-11.00,0,M,0
TEX,NA,0,-12.00,0,M,0
TEX,NA,1,-13.00,0,M,0
TEX,NA,2,-12.00,0,M,0
TEX,NA,3,-15.00,0,M,0
TEX,NA,3,-16.00,0,M,0
TEX,NA,3,-15.00,0,M,0
TEX,NA,5,-15.00,0,M,0
TEX,NA,4,-15.00,0,M,0
TEX,NA,5,-15.00,0,M,0
TEX,NA,5,-15.00,0,M,0
TEX,NA,5,-15.00,0,M,0
TEX,NA,5,-15.00,0,M,0
TEX,NA,5,-14.00,0,M,0
TEX,NA,5,-12.00,0,M,0
TEX,NA,4,-11.00,0,M,0
TEX,NA,3,-10.00,0,M,0
TEX,NA,3,-10.00,0,M,0
TEX,NA,3,-9.00,0,M,0
TEX,NA,3,-9.00,0,M,0
TEX,NA,3,-8.00,0,M,0
TEX,NA,2,-8.00,0,M,0
TEX,NA,2,-7.00,0,M,0
TEX,NA,2,-8.00,0,M,0
TEX,NA,2,-7.00,0,M,0
TEX,NA,2,-7.00,0,M,0
TEX,NA,1,-7.00,0,M,0
TEX,NA,1,-7.00,0,M,0
TEX,NA,1,-7.00,0,M,0
TEX,NA,1,-7.00,0,M,0
TEX,NA,1,-7.00,0,M,0
TEX,NA,0,-7.00,0,M,0
TEX,NA,0,-7.00,0,M,0
TEX,NA,0,-7.00,0,M,0
TEX,NA,0,-7.00,0,M,0
TEX,NA,0,-7.00,0,M,0
TEX,NA,-1,-7.00,0,M,0
TEX,NA,0,-7.00,0,M,0
TEX,NA,-1,-7.00,0,M,0
TEX,NA,-1,-7.00,0,M,0
TEX,NA,-1,-7.00,0,M,0
TEX,NA,-1,-7.00,0,M,0
TEX,NA,-1,-7.00,0,M,0
TEX,NA,-1,-7.00,0,M,0
TEX,NA,-2,-7.00,0,M,0
TEX,NA,-2,-7.00,0,M,0
TEX,NA,-2,-8.00,0,M,0
TEX,NA,-2,-8.00,0,M,0
TEX,NA,-3,-8.00,0,M,0
TEX,NA,-3,-8.00,0,M,0
TEX,NA,-3,-8.00,0,M,0
TEX,NA,-3,-8.00,0,M,0
TEX,NA,-3,-9.00,0,M,0
TEX,NA,-3,-9.00,0,M,0
TEX,NA,-3,-8.00,0,M,0
TEX,NA,-4,-9.00,0,M,0
TEX,NA,-3,-9.00,0,M,0
TEX,NA,-3,-10.00,0,M,0
TEX,NA,-3,-10.00,0,M,0
TEX,NA,-5,-10.00,0,M,0
TEX,NA,-4,-10.00,0,M,0
TEX,NA,-5,-10.00,0,M,0
TEX,NA,-5,-10.00,0,M,0
TEX,NA,-4,-10.00,0,M,0
TEX,NA,-5,-10.00,0,M,0
TEX,NA,-5,-10.00,0,M,0
TEX,NA,-5,-11.00,0,M,0
TEX,NA,-6,-11.00,0,M,0
TEX,NA,-5,-11.00,0,M,0
TEX,NA,-4,-11.00,0,M,0
TEX,NA,-3,-11.00,0,M,0
TEX,NA,-2,-11.00,0,M,0
TEX,NA,-2,-10.00,0,M,0
TEX,NA,-1,-11.00,0,M,0
TEX,NA,0,-15.00,0,M,0
TEX,NA,1,-12.00,0,M,0
TEX,NA,2,-13.00,0,M,0
TEX,NA,2,-15.00,0,M,0
TEX,NA,3,-15.00,0,M,0
TEX,NA,4,-16.00,0,M,0
TEX,NA,5,-18.00,0,M,0
TEX,NA,5,-20.00,0,M,0
TEX,NA,6,-20.00,0,M,2.01
TEX,NA,6,-20.00,0,M,2.01
TEX,NA,6,-20.00,0,M,2.01
TEX,NA,6,-20.00,0,M,2.01
TEX,NA,6,-20.00,0,M,2.01
TEX,NA,6,-20.00,0,M,2.01
TEX,NA,6,-21.00,0,M,2.01
TEX,NA,6,-21.00,0,M,2.01
TEX,NA,6,-20.00,0,M,2.01
TEX,NA,6,-20.00,0,M,2.01
TEX,NA,6,-20.00,0,M,2.01
TEX,NA,6,-20.00,0,M,2.01
TEX,NA,6,-20.00,0,M,2.01
TEX,NA,5,-20.00,0,M,0
TEX,NA,5,-20.00,0,M,0
TEX,NA,3,-19.00,0,M,0
TEX,NA,3,-18.00,0,M,0
TEX,NA,2,-17.00,0,M,0
TEX,NA,1,-17.00,0,M,0
TEX,NA,1,-17.00,0,M,0
TEX,NA,1,-16.00,0,M,0
TEX,NA,0,-15.00,0,M,0
TEX,NA,0,-16.00,0,M,0
TEX,NA,0,-16.00,0,M,0
TEX,NA,0,-16.00,0,M,0
TEX,NA,0,-16.00,0,M,0
TEX,NA,-1,-16.00,0,M,0
TEX,NA,-1,-15.00,0,M,0
TEX,NA,-1,-15.00,0,M,0
TEX,NA,-1,-15.00,0,M,0
TEX,NA,-1,-16.00,0,M,0
TEX,NA,-2,-15.00,0,M,0
TEX,NA,-2,-15.00,0,M,0
TEX,NA,-2,-15.00,0,M,0
TEX,NA,-2,-17.00,0,M,0
TEX,NA,-2,-17.00,0,M,0
TEX,NA,-2,-16.00,0,M,0
TEX,NA,-2,-18.00,0,M,0
TEX,NA,-2,-17.00,0,M,0
TEX,NA,-2,-17.00,0,M,0
TEX,NA,-2,-18.00,0,M,0
TEX,NA,-3,-17.00,0,M,0
TEX,NA,-2,-18.00,0,M,0
TEX,NA,-2,-18.00,0,M,0
TEX,NA,-2,-18.00,0,M,0
TEX,NA,-2,-18.00,0,M,0
TEX,NA,-3,-18.00,0,M,0
TEX,NA,-3,-20.00,0,M,0
TEX,NA,-2,-20.00,0,M,0
TEX,NA,-2,-21.00,0,M,0
TEX,NA,-2,-22.00,0,M,0
TEX,NA,-2,-22.00,0,M,0
TEX,NA,-2,-22.00,0,M,0
TEX,NA,-3,-22.00,0,M,0
TEX,NA,-3,-23.00,0,M,0
TEX,NA,-2,-23.00,0,M,0
TEX,NA,-2,-24.00,0,M,0
TEX,NA,-2,-22.00,0,M,0
TEX,NA,-1,-23.00,0,M,0
TEX,NA,0,-25.00,0,M,0
TEX,NA,0,-23.00,0,M,0
TEX,NA,1,-24.00,0,M,0
TEX,NA,2,-23.00,0,M,0
TEX,NA,3,-25.00,0,M,0
TEX,NA,4,-22.00,0,M,0
TEX,NA,5,-23.00,0,M,0
TEX,NA,7,-26.00,0,M,4.02
TEX,NA,8,-37.00,0,M,6.029999999999999
TEX,NA,9,-30.00,0,M,8.04
TEX,NA,9,-30.00,0,M,8.04
TEX,NA,10,-33.00,0,M,10.049999999999999
TEX,NA,11,-30.00,0,M,12.059999999999999
TEX,NA,11,-28.00,0,M,12.059999999999999
TEX,NA,12,-28.00,0,M,14.069999999999999
TEX,NA,12,-26.00,0,M,14.069999999999999
TEX,NA,12,-27.00,0,M,14.069999999999999
TEX,NA,11,-27.00,0,M,12.059999999999999
TEX,NA,11,-25.00,0,M,12.059999999999999
TEX,NA,11,-25.00,0,M,12.059999999999999
TEX,NA,11,-25.00,0,M,12.059999999999999
TEX,NA,11,-24.00,0,M,12.059999999999999
TEX,NA,11,-23.00,0,M,12.059999999999999
TEX,NA,10,-22.00,0,M,10.049999999999999
TEX,NA,10,-20.00,0,M,10.049999999999999
TEX,NA,10,-20.00,0,M,10.049999999999999
TEX,NA,9,-19.00,0,M,8.04
TEX,NA,7,-18.00,0,M,4.02
TEX,NA,7,-18.00,0,M,4.02
TEX,NA,7,-18.00,0,M,4.02
TEX,NA,6,-17.00,0,M,2.01
TEX,NA,5,-17.00,0,M,0
TEX,NA,5,-17.00,0,M,0
TEX,NA,3,-16.00,0,M,0
TEX,NA,3,-16.00,0,M,0
TEX,NA,3,-16.00,0,M,0
TEX,NA,3,-16.00,0,M,0
TEX,NA,2,-16.00,0,M,0
TEX,NA,3,-17.00,0,M,0
TEX,NA,3,-17.00,0,M,0
TEX,NA,3,-16.00,0,M,0
TEX,NA,3,-17.00,0,M,0
TEX,NA,4,-17.00,0,M,0
TEX,NA,3,-16.00,0,M,0
TEX,NA,3,-17.00,0,M,0
TEX,NA,4,-18.00,0,M,0
TEX,NA,5,-18.00,0,M,0
TEX,NA,4,-18.00,0,M,0
TEX,NA,3,-18.00,0,M,0
TEX,NA,4,-19.00,0,M,0
TEX,NA,5,-20.00,0,M,0
TEX,NA,5,-20.00,0,M,0
TEX,NA,5,-20.00,0,M,0
TEX,NA,3,-20.00,0,M,0
TEX,NA,5,-20.00,0,M,0
TEX,NA,4,-20.00,0,M,0
TEX,NA,4,-20.00,0,M,0
TEX,NA,5,-19.00,0,M,0
TEX,NA,5,-20.00,0,M,0
TEX,NA,5,-20.00,0,M,0
TEX,NA,5,-19.00,0,M,0
TEX,NA,5,-19.00,0,M,0
TEX,NA,4,-18.00,0,M,0
TEX,NA,3,-18.00,0,M,0
TEX,NA,5,-19.00,0,M,0
TEX,NA,4,-19.00,0,M,0
TEX,NA,3,-18.00,0,M,0
TEX,NA,3,-19.00,0,M,0
TEX,NA,4,-20.00,0,M,0
TEX,NA,4,-19.00,0,M,0
TEX,NA,4,-19.00,0,M,0
TEX,NA,3,-18.00,0,M,0
TEX,NA,4,-18.00,0,M,0
TEX,NA,5,-19.00,0,M,0
TEX,NA,7,-20.00,0,M,4.02
TEX,NA,7,-20.00,0,M,4.02
TEX,NA,8,-21.00,0,M,6.029999999999999
TEX,NA,8,-21.00,0,M,6.029999999999999
TEX,NA,9,-23.00,0,M,8.04
TEX,NA,9,-24.00,0,M,8.04
TEX,NA,10,-25.00,0,M,10.049999999999999
TEX,NA,10,-26.00,0,M,10.049999999999999
TEX,NA,11,-27.00,0,M,12.059999999999999
TEX,NA,11,-27.00,0,M,12.059999999999999
TEX,NA,11,-28.00,0,M,12.059999999999999
TEX,NA,12,-29.00,0,M,14.069999999999999
TEX,NA,12,-31.00,0,M,14.069999999999999
TEX,NA,12,-32.00,0,M,14.069999999999999
TEX,NA,13,-33.00,0,M,16.08
TEX,NA,13,-28.00,0,M,16.08
TEX,NA,13,-28.00,0,M,16.08
TEX,NA,13,-27.00,0,M,16.08
TEX,NA,13,-27.00,0,M,16.08
TEX,NA,12,-25.00,0,M,14.069999999999999
TEX,NA,11,-23.00,0,M,12.059999999999999
TEX,NA,11,-22.00,0,M,12.059999999999999
TEX,NA,11,-22.00,0,M,12.059999999999999
TEX,NA,10,-22.00,0,M,10.049999999999999
TEX,NA,10,-22.00,0,M,10.049999999999999
TEX,NA,8,-21.00,0,M,6.029999999999999
TEX,NA,7,-20.00,0,M,4.02
TEX,NA,6,-19.00,0,M,2.01
TEX,NA,6,-20.00,0,M,2.01
TEX,NA,6,-19.00,0,M,2.01
TEX,NA,5,-18.00,0,M,0
TEX,NA,4,-18.00,0,M,0
TEX,NA,4,-18.00,0,M,0
TEX,NA,3,-18.00,0,M,0
TEX,NA,3,-18.00,0,M,0
TEX,NA,3,-19.00,0,M,0
TEX,NA,2,-20.00,0,M,0
TEX,NA,3,-20.00,0,M,0
TEX,NA,2,-18.00,0,M,0
TEX,NA,2,-20.00,0,M,0
TEX,NA,3,-22.00,0,M,0
TEX,NA,3,-25.00,0,M,0
TEX,NA,4,-28.00,0,M,0
TEX,NA,5,-31.00,0,M,0
TEX,NA,5,-33.00,0,M,0
TEX,NA,5,-33.00,0,M,0
TEX,NA,4,-34.00,0,M,0
TEX,NA,4,-33.00,0,M,0
TEX,NA,4,-32.00,0,M,0
TEX,NA,3,-32.00,0,M,0
TEX,NA,2,-29.00,0,M,0
TEX,NA,3,-31.00,0,M,0
TEX,NA,3,-31.00,0,M,0
TEX,NA,2,-28.00,0,M,0
TEX,NA,2,-27.00,0,M,0
TEX,NA,2,-28.00,0,M,0
TEX,NA,2,-30.00,0,M,0
TEX,NA,2,-31.00,0,M,0
TEX,NA,2,-30.00,0,M,0
TEX,NA,2,-31.00,0,M,0
TEX,NA,2,-30.00,0,M,0
TEX,NA,2,-29.00,0,M,0
TEX,NA,1,-26.00,0,M,0
TEX,NA,1,-25.00,0,M,0
TEX,NA,0,-22.00,0,M,0
TEX,NA,0,-26.00,0,M,0
TEX,NA,0,-26.00,0,M,0
TEX,NA,1,-23.00,0,M,0
TEX,NA,1,-21.00,0,M,0
TEX,NA,1,-21.00,0,M,0
TEX,NA,2,-18.00,0,M,0
TEX,NA,3,-19.00,0,M,0
TEX,NA,3,-16.00,0,M,0
TEX,NA,5,-20.00,0,M,0
TEX,NA,6,-17.00,0,M,2.01
TEX,NA,6,-19.00,0,M,2.01
TEX,NA,7,-16.00,0,M,4.02
TEX,NA,8,-16.00,0,M,6.029999999999999
TEX,NA,9,-17.00,0,M,8.04
TEX,NA,10,-18.00,0,M,10.049999999999999
TEX,NA,11,-16.00,0,M,12.059999999999999
TEX,NA,10,-16.00,0,M,10.049999999999999
TEX,NA,11,-17.00,0,M,12.059999999999999
TEX,NA,11,-16.00,0,M,12.059999999999999
TEX,NA,12,-16.00,0,M,14.069999999999999
TEX,NA,12,-15.00,0,M,14.069999999999999
TEX,NA,12,-14.00,0,M,14.069999999999999
TEX,NA,11,-12.00,0,M,12.059999999999999
TEX,NA,11,-12.00,0,M,12.059999999999999
TEX,NA,12,-13.00,0,M,14.069999999999999
TEX,NA,12,-12.00,0,M,14.069999999999999
TEX,NA,12,-12.00,0,M,14.069999999999999
TEX,NA,11,-11.00,0,M,12.059999999999999
TEX,NA,11,-11.00,0,M,12.059999999999999
TEX,NA,11,-11.00,0,M,12.059999999999999
TEX,NA,10,-10.00,0,M,10.049999999999999
TEX,NA,10,-10.00,0,M,10.049999999999999
TEX,NA,8,-8.00,0,M,6.029999999999999
TEX,NA,7,-8.00,0,M,4.02
TEX,NA,7,-8.00,0,M,4.02
TEX,NA,7,-8.00,0,M,4.02
TEX,NA,6,-9.00,0,M,2.01
TEX,NA,5,-9.00,0,M,0
TEX,NA,5,-10.00,0,M,0
TEX,NA,4,-9.00,0,M,0
TEX,NA,3,-9.00,0,M,0
TEX,NA,2,-8.00,0,M,0
TEX,NA,3,-8.00,0,M,0
TEX,NA,3,-9.00,0,M,0
TEX,NA,2,-10.00,0,M,0
TEX,NA,3,-10.00,0,M,0
TEX,NA,3,-10.00,0,M,0
TEX,NA,1,-9.00,0,M,0
TEX,NA,1,-9.00,0,M,0
TEX,NA,2,-9.00,0,M,0
TEX,NA,2,-10.00,0,M,0
TEX,NA,1,-10.00,0,M,0
TEX,NA,1,-11.00,0,M,0
TEX,NA,1,-11.00,0,M,0
TEX,NA,0,-10.00,0,M,0
TEX,NA,0,-10.00,0,M,0
TEX,NA,0,-11.00,0,M,0
TEX,NA,0,-12.00,0,M,0
TEX,NA,0,-12.00,0,M,0
TEX,NA,0,-12.00,0,M,0
TEX,NA,0,-13.00,0,M,0
TEX,NA,0,-13.00,0,M,0
TEX,NA,0,-13.00,0,M,0
TEX,NA,0,-13.00,0,M,0
TEX,NA,0,-15.00,0,M,0
TEX,NA,0,-16.00,0,M,0
TEX,NA,0,-15.00,0,M,0
TEX,NA,0,-16.00,0,M,0
TEX,NA,0,-17.00,0,M,0
TEX,NA,0,-18.00,0,M,0
TEX,NA,0,-17.00,0,M,0
TEX,NA,0,-17.00,0,M,0
TEX,NA,0,-18.00,0,M,0
TEX,NA,0,-18.00,0,M,0
TEX,NA,0,-18.00,0,M,0
TEX,NA,0,-18.00,0,M,0
TEX,NA,0,-18.00,0,M,0
TEX,NA,0,-19.00,0,M,0
TEX,NA,3,-21.00,0,M,0
TEX,NA,3,-21.00,0,M,0
TEX,NA,4,-20.00,0,M,0
TEX,NA,5,-21.00,0,M,0
TEX,NA,6,-21.00,0,M,2.01
TEX,NA,7,-17.00,0,M,4.02
TEX,NA,8,-15.00,0,M,6.029999999999999
TEX,NA,8,-15.00,0,M,6.029999999999999
TEX,NA,10,-21.00,0,M,10.049999999999999
TEX,NA,10,-25.00,0,M,10.049999999999999
TEX,NA,12,-25.00,0,M,14.069999999999999
TEX,NA,11,-21.00,0,M,12.059999999999999
TEX,NA,12,-26.00,0,M,14.069999999999999
TEX,NA,12,-27.00,0,M,14.069999999999999
TEX,NA,12,-28.00,0,M,14.069999999999999
TEX,NA,13,-27.00,0,M,16.08
TEX,NA,13,-24.00,0,M,16.08
TEX,NA,12,-11.00,0,M,14.069999999999999
TEX,NA,12,-12.00,0,M,14.069999999999999
TEX,NA,12,-10.00,0,M,14.069999999999999
TEX,NA,12,-10.00,0,M,14.069999999999999
TEX,NA,11,-8.00,0,M,12.059999999999999
TEX,NA,11,-7.00,0,M,12.059999999999999
TEX,NA,10,-7.00,0,M,10.049999999999999
TEX,NA,10,-7.00,0,M,10.049999999999999
TEX,NA,9,-6.00,0,M,8.04
TEX,NA,8,-6.00,0,M,6.029999999999999
TEX,NA,8,-6.00,0,M,6.029999999999999
TEX,NA,8,-6.00,0,M,6.029999999999999
TEX,NA,7,-6.00,0,M,4.02
TEX,NA,7,-6.00,0,M,4.02
TEX,NA,6,-6.00,0,M,2.01
TEX,NA,6,-6.00,0,M,2.01
TEX,NA,5,-6.00,0,M,0
TEX,NA,6,-7.00,0,M,2.01
TEX,NA,6,-7.00,0,M,2.01
TEX,NA,7,-8.00,0,M,4.02
TEX,NA,7,-9.00,0,M,4.02
TEX,NA,6,-10.00,0,M,2.01
TEX,NA,6,-10.00,0,M,2.01
TEX,NA,6,-11.00,0,M,2.01
TEX,NA,6,-11.00,0,M,2.01
TEX,NA,6,-11.00,0,M,2.01
TEX,NA,6,-11.00,0,M,2.01
TEX,NA,6,-12.00,0,M,2.01
TEX,NA,7,-14.00,0,M,4.02
TEX,NA,7,-13.00,0,M,4.02
TEX,NA,7,-11.00,0,M,4.02
TEX,NA,7,-11.00,0,M,4.02
TEX,NA,7,-11.00,0,M,4.02
TEX,NA,6,-11.00,0,M,2.01
TEX,NA,7,-11.00,0,M,4.02
TEX,NA,7,-11.00,0,M,4.02
TEX,NA,7,-12.00,0,M,4.02
TEX,NA,7,-12.00,0,M,4.02
TEX,NA,8,-12.00,0,M,6.029999999999999
TEX,NA,8,-12.00,0,M,6.029999999999999
TEX,NA,8,-12.00,0,M,6.029999999999999
TEX,NA,8,-7.00,0,M,6.029999999999999
TEX,NA,7,-5.00,0,M,4.02
TEX,NA,7,-5.00,0,M,4.02
TEX,NA,7,-3.00,0,M,4.02
TEX,NA,7,-3.00,0,M,4.02
TEX,NA,7,-3.00,0,M,4.02
TEX,NA,7,-3.00,0,M,4.02
TEX,NA,6,-3.00,0,M,2.01
TEX,NA,7,-3.00,0,M,4.02
TEX,NA,7,-4.00,0,M,4.02
TEX,NA,7,-2.00,0,M,4.02
TEX,NA,7,-1.00,0,M,4.02
TEX,NA,7,-1.00,0,M,4.02
TEX,NA,7,-1.00,0,M,4.02
TEX,NA,7,0.00,0,M,4.02
TEX,NA,6,1.00,0,M,2.01
TEX,NA,6,0.00,0,M,2.01
TEX,NA,7,0.00,0,M,4.02
TEX,NA,7,0.00,0,M,4.02
TEX,NA,7,0.00,0,M,4.02
TEX,NA,8,-1.00,0,M,6.029999999999999
TEX,NA,8,-1.00,0,M,6.029999999999999
TEX,NA,8,-1.00,0,M,6.029999999999999
TEX,NA,9,-2.00,0,M,8.04
TEX,NA,8,-2.00,0,M,6.029999999999999
TEX,NA,10,-2.00,0,M,10.049999999999999
TEX,NA,7,-1.00,0,M,4.02
TEX,NA,6,0.00,0,M,2.01
TEX,NA,5,1.00,0,M,0
TEX,NA,5,1.00,0,M,0
TEX,NA,7,0.00,0,M,4.02
TEX,NA,8,0.00,0,M,6.029999999999999
TEX,NA,7,0.00,0,M,4.02
TEX,NA,7,0.00,0,M,4.02
TEX,NA,8,-1.00,0,M,6.029999999999999
TEX,NA,8,-2.00,0,M,6.029999999999999
TEX,NA,8,-5.00,0,M,6.029999999999999
TEX,NA,8,-4.00,0,M,6.029999999999999
TEX,NA,7,-3.00,0,M,4.02
TEX,NA,6,-2.00,0,M,2.01
TEX,NA,6,-3.00,0,M,2.01
TEX,NA,6,-3.00,0,M,2.01
TEX,NA,5,-3.00,0,M,0
TEX,NA,5,-3.00,0,M,0
TEX,NA,5,-3.00,0,M,0
TEX,NA,5,-3.00,0,M,0
TEX,NA,4,-3.00,0,M,0
TEX,NA,3,-3.00,0,M,0
TEX,NA,5,-4.00,0,M,0
TEX,NA,3,-4.00,0,M,0
TEX,NA,3,-4.00,0,M,0
TEX,NA,3,-5.00,0,M,0
TEX,NA,3,-5.00,0,M,0
TEX,NA,3,-5.00,0,M,0
TEX,NA,2,-5.00,0,M,0
TEX,NA,2,-6.00,0,M,0
TEX,NA,2,-6.00,0,M,0
TEX,NA,1,-6.00,0,M,0
TEX,NA,1,-6.00,0,M,0
TEX,NA,1,-6.00,0,M,0
TEX,NA,1,-6.00,0,M,0
TEX,NA,0,-6.00,0,M,0
TEX,NA,0,-6.00,0,M,0
TEX,NA,0,-6.00,0,M,0
TEX,NA,0,-5.00,0,M,0
TEX,NA,0,-6.00,0,M,0
TEX,NA,1,-6.00,0,M,0
TEX,NA,1,-6.00,0,M,0
TEX,NA,0,-6.00,0,M,0
TEX,NA,1,-6.00,0,M,0
TEX,NA,1,-6.00,0,M,0
TEX,NA,1,-5.00,0,M,0
TEX,NA,1,-5.00,0,M,0
TEX,NA,1,-5.00,0,M,0
TEX,NA,1,-5.00,0,M,0
TEX,NA,1,-6.00,0,M,0
TEX,NA,1,-6.00,0,M,0
TEX,NA,0,-6.00,0,M,0
TEX,NA,0,-6.00,0,M,0
TEX,NA,0,-6.00,0,M,0
TEX,NA,0,-6.00,0,M,0
TEX,NA,0,-6.00,0,M,0
TEX,NA,0,-6.00,0,M,0
TEX,NA,1,-6.00,0,M,0
TEX,NA,2,-6.00,0,M,0
TEX,NA,2,-6.00,0,M,0
TEX,NA,3,-6.00,0,M,0
TEX,NA,4,-6.00,0,M,0
TEX,NA,5,-6.00,0,M,0
TEX,NA,5,-6.00,0,M,0
TEX,NA,6,-7.00,0,M,2.01
TEX,NA,7,-10.00,0,M,4.02
TEX,NA,7,-13.00,0,M,4.02
TEX,NA,8,-14.00,0,M,6.029999999999999
TEX,NA,8,-15.00,0,M,6.029999999999999
TEX,NA,10,-16.00,0,M,10.049999999999999
TEX,NA,10,-15.00,0,M,10.049999999999999
TEX,NA,10,-13.00,0,M,10.049999999999999
TEX,NA,10,-12.00,0,M,10.049999999999999
TEX,NA,10,-11.00,0,M,10.049999999999999
TEX,NA,10,-9.00,0,M,10.049999999999999
TEX,NA,10,-9.00,0,M,10.049999999999999
TEX,NA,11,-10.00,0,M,12.059999999999999
TEX,NA,11,-10.00,0,M,12.059999999999999
TEX,NA,10,-8.00,0,M,10.049999999999999
TEX,NA,10,-8.00,0,M,10.049999999999999
TEX,NA,10,-8.00,0,M,10.049999999999999
TEX,NA,10,-8.00,0,M,10.049999999999999
TEX,NA,9,-8.00,0,M,8.04
TEX,NA,8,-7.00,0,M,6.029999999999999
TEX,NA,7,-6.00,0,M,4.02
TEX,NA,7,-6.00,0,M,4.02
TEX,NA,7,-6.00,0,M,4.02
TEX,NA,6,-6.00,0,M,2.01
TEX,NA,5,-7.00,0,M,0
TEX,NA,4,-7.00,0,M,0
TEX,NA,3,-7.00,0,M,0
TEX,NA,3,-8.00,0,M,0
TEX,NA,3,-7.00,0,M,0
TEX,NA,2,-7.00,0,M,0
TEX,NA,2,-7.00,0,M,0
TEX,NA,2,-7.00,0,M,0
TEX,NA,2,-8.00,0,M,0
TEX,NA,2,-7.00,0,M,0
TEX,NA,2,-8.00,0,M,0
TEX,NA,2,-8.00,0,M,0
TEX,NA,2,-8.00,0,M,0
TEX,NA,2,-8.00,0,M,0
TEX,NA,3,-8.00,0,M,0
TEX,NA,3,-9.00,0,M,0
TEX,NA,3,-8.00,0,M,0
TEX,NA,3,-8.00,0,M,0
TEX,NA,4,-9.00,0,M,0
TEX,NA,3,-10.00,0,M,0
TEX,NA,3,-10.00,0,M,0
TEX,NA,4,-10.00,0,M,0
TEX,NA,3,-10.00,0,M,0
TEX,NA,2,-10.00,0,M,0
TEX,NA,2,-12.00,0,M,0
TEX,NA,2,-12.00,0,M,0
TEX,NA,2,-11.00,0,M,0
TEX,NA,2,-11.00,0,M,0
TEX,NA,2,-9.00,0,M,0
TEX,NA,3,-7.00,0,M,0
TEX,NA,2,-8.00,0,M,0
TEX,NA,2,-7.00,0,M,0
TEX,NA,2,-7.00,0,M,0
TEX,NA,2,-8.00,0,M,0
TEX,NA,3,-7.00,0,M,0
TEX,NA,3,-6.00,0,M,0
TEX,NA,3,-7.00,0,M,0
TEX,NA,4,-7.00,0,M,0
TEX,NA,2,-7.00,0,M,0
TEX,NA,3,-7.00,0,M,0
TEX,NA,3,-7.00,0,M,0
TEX,NA,4,-8.00,0,M,0
TEX,NA,4,-8.00,0,M,0
TEX,NA,5,-9.00,0,M,0
TEX,NA,6,-9.00,0,M,2.01
TEX,NA,6,-9.00,0,M,2.01
TEX,NA,6,-9.00,0,M,2.01
TEX,NA,6,-6.00,0,M,2.01
TEX,NA,6,-6.00,0,M,2.01
TEX,NA,6,-6.00,0,M,2.01
TEX,NA,6,-7.00,0,M,2.01
TEX,NA,7,-7.00,0,M,4.02
TEX,NA,7,-6.00,0,M,4.02
TEX,NA,7,-7.00,0,M,4.02
TEX,NA,7,-10.00,0,M,4.02
TEX,NA,6,-11.00,0,M,2.01
TEX,NA,6,-7.00,0,M,2.01
TEX,NA,5,-6.00,0,M,0
TEX,NA,4,-5.00,0,M,0
TEX,NA,3,-3.00,0,M,0
TEX,NA,3,-3.00,0,M,0
TEX,NA,3,-4.00,0,M,0
TEX,NA,5,-5.00,0,M,0
TEX,NA,5,-5.00,0,M,0
TEX,NA,6,-5.00,0,M,2.01
TEX,NA,6,-5.00,0,M,2.01
TEX,NA,6,-6.00,0,M,2.01
TEX,NA,5,-7.00,0,M,0
TEX,NA,4,-6.00,0,M,0
TEX,NA,3,-6.00,0,M,0
TEX,NA,3,-5.00,0,M,0
TEX,NA,3,-5.00,0,M,0
TEX,NA,2,-5.00,0,M,0
TEX,NA,2,-5.00,0,M,0
TEX,NA,1,-6.00,0,M,0
TEX,NA,2,-5.00,0,M,0
TEX,NA,1,-6.00,0,M,0
TEX,NA,1,-5.00,0,M,0
TEX,NA,0,-6.00,0,M,0
TEX,NA,1,-5.00,0,M,0
TEX,NA,1,-6.00,0,M,0
TEX,NA,1,-6.00,0,M,0
TEX,NA,1,-6.00,0,M,0
TEX,NA,1,-6.00,0,M,0
TEX,NA,1,-5.00,0,M,0
TEX,NA,1,-5.00,0,M,0
TEX,NA,1,-5.00,0,M,0
TEX,NA,1,-5.00,0,M,0
TEX,NA,0,-5.00,0,M,0
TEX,NA,0,-5.00,0,M,0
TEX,NA,0,-5.00,0,M,0
TEX,NA,1,-5.00,0,M,0
TEX,NA,1,-5.00,0,M,0
TEX,NA,1,-5.00,0,M,0
TEX,NA,1,-5.00,0,M,0
TEX,NA,0,-5.00,0,M,0
TEX,NA,1,-5.00,0,M,0
TEX,NA,0,-5.00,0,M,0
TEX,NA,0,-5.00,0,M,0
TEX,NA,1,-5.00,0,M,0
TEX,NA,0,-5.00,0,M,0
TEX,NA,0,-5.00,0,M,0
TEX,NA,0,-5.00,0,M,0
TEX,NA,0,-5.00,0,M,0
TEX,NA,0,-5.00,0,M,0
TEX,NA,0,-5.00,0,M,0
TEX,NA,0,-5.00,0,M,0
TEX,NA,0,-5.00,0,M,0
TEX,NA,0,-4.00,0,M,0
TEX,NA,0,-4.00,0,M,0
TEX,NA,0,-3.00,0,M,0
TEX,NA,0,-3.00,0,M,0
TEX,NA,0,-3.00,0,M,0
TEX,NA,0,-3.00,0,M,0
TEX,NA,0,-3.00,0,M,0
TEX,NA,1,-3.00,0,M,0
TEX,NA,1,-3.00,0,M,0
TEX,NA,1,-2.00,0,M,0
TEX,NA,1,-2.00,0,M,0
TEX,NA,1,-2.00,0,M,0
TEX,NA,2,-3.00,0,M,0
TEX,NA,2,-3.00,0,M,0
TEX,NA,2,-3.00,0,M,0
TEX,NA,0,-2.00,0,M,0
TEX,NA,0,-2.00,0,M,0
TEX,NA,0,-2.00,0,M,0
TEX,NA,0,-1.00,0,M,0
TEX,NA,0,-1.00,0,M,0
TEX,NA,0,-1.00,0,M,0
TEX,NA,0,-1.00,0,M,0
TEX,NA,0,-1.00,0,M,0
TEX,NA,0,-1.00,0,M,0
TEX,NA,0,-1.00,0,M,0
TEX,NA,0,-1.00,0,M,0
TEX,NA,0,-1.00,0,M,0
TEX,NA,0,-1.00,0,M,0
TEX,NA,0,-1.00,0,M,0
TEX,NA,0,-1.00,0,M,0
TEX,NA,0,-1.00,0,M,0
TEX,NA,0,-1.00,0,M,0
TEX,NA,0,-1.00,0,M,0
TEX,NA,0,-1.00,0,M,0
TEX,NA,0,-1.00,0,M,0
TEX,NA,0,-1.00,0,M,0
TEX,NA,0,-1.00,0,M,0
TEX,NA,0,-1.00,0,M,0
TEX,NA,0,-1.00,0,M,0
TEX,NA,0,-1.00,0,M,0
TEX,NA,0,-1.00,0,M,0
TEX,NA,0,-1.00,0,M,0
TEX,NA,0,-1.00,0,M,0
TEX,NA,0,-1.00,0,M,0
TEX,NA,0,-1.00,0,M,0
TEX,NA,0,-1.00,0,M,0
TEX,NA,-1,-1.00,0,M,0
TEX,NA,-1,-1.00,0,M,0
TEX,NA,-1,-1.00,0,M,0
TEX,NA,-1,-1.00,0,M,0
TEX,NA,-1,-1.00,0,M,0
TEX,NA,-1,-1.00,0,M,0
TEX,NA,-1,-1.00,0,M,0
TEX,NA,-1,-1.00,0,M,0
TEX,NA,-1,-1.00,0,M,0
TEX,NA,-1,-1.00,0,M,0
TEX,NA,-1,-1.00,0,M,0
TEX,NA,-1,-2.00,0,M,0
TEX,NA,-1,-2.00,0,M,0
TEX,NA,-1,-2.00,0,M,0
TEX,NA,-1,-2.00,0,M,0
TEX,NA,-1,-2.00,0,M,0
TEX,NA,-1,-2.00,0,M,0
TEX,NA,-1,-2.00,0,M,0
TEX,NA,-1,-2.00,0,M,0
TEX,NA,-1,-2.00,0,M,0
TEX,NA,-1,-2.00,0,M,0
TEX,NA,-1,-2.00,0,M,0
TEX,NA,-1,-3.00,0,M,0
TEX,NA,-1,-3.00,0,M,0
TEX,NA,-1,-3.00,0,M,0
TEX,NA,-1,-4.00,0,M,0
TEX,NA,-1,-3.00,0,M,0
TEX,NA,-1,-3.00,0,M,0
TEX,NA,-1,-4.00,0,M,0
TEX,NA,-1,-5.00,0,M,0
TEX,NA,-1,-4.00,0,M,0
TEX,NA,-1,-4.00,0,M,0
TEX,NA,-1,-4.00,0,M,0
TEX,NA,-1,-4.00,0,M,0
TEX,NA,-1,-4.00,0,M,0
TEX,NA,-1,-4.00,0,M,0
TEX,NA,0,-5.00,0,M,0
TEX,NA,-1,-4.00,0,M,0
TEX,NA,-1,-4.00,0,M,0
TEX,NA,-1,-4.00,0,M,0
TEX,NA,0,-4.00,0,M,0
TEX,NA,0,-5.00,0,M,0
TEX,NA,0,-6.00,0,M,0
TEX,NA,0,-5.00,0,M,0
TEX,NA,0,-5.00,0,M,0
TEX,NA,0,-5.00,0,M,0
TEX,NA,0,-6.00,0,M,0
TEX,NA,0,-7.00,0,M,0
TEX,NA,0,-7.00,0,M,0
TEX,NA,0,-7.00,0,M,0
TEX,NA,0,-5.00,0,M,0
TEX,NA,0,-5.00,0,M,0
TEX,NA,0,-6.00,0,M,0
TEX,NA,0,-6.00,0,M,0
TEX,NA,0,-6.00,0,M,0
TEX,NA,0,-6.00,0,M,0
TEX,NA,0,-7.00,0,M,0
TEX,NA,0,-6.00,0,M,0
TEX,NA,0,-6.00,0,M,0
TEX,NA,0,-6.00,0,M,0
TEX,NA,0,-5.00,0,M,0
TEX,NA,0,-4.00,0,M,0
TEX,NA,0,-4.00,0,M,0
TEX,NA,0,-4.00,0,M,0
TEX,NA,-1,-5.00,0,M,0
TEX,NA,-1,-4.00,0,M,0
TEX,NA,-1,-4.00,0,M,0
TEX,NA,-1,-5.00,0,M,0
TEX,NA,-1,-5.00,0,M,0
TEX,NA,-2,-5.00,0,M,0
TEX,NA,-2,-4.00,0,M,0
TEX,NA,-2,-5.00,0,M,0
TEX,NA,-2,-5.00,0,M,0
TEX,NA,-3,-5.00,0,M,0
TEX,NA,-3,-5.00,0,M,0
TEX,NA,-3,-6.00,0,M,0
TEX,NA,-4,-6.00,0,M,0
TEX,NA,-4,-6.00,0,M,0
TEX,NA,-4,-6.00,0,M,0
TEX,NA,-5,-7.00,0,M,0
TEX,NA,-5,-7.00,0,M,0
TEX,NA,-5,-7.00,0,M,0
TEX,NA,-5,-8.00,0,M,0
TEX,NA,-6,-8.00,0,M,0
TEX,NA,-6,-9.00,0,M,0
TEX,NA,-6,-9.00,0,M,0
TEX,NA,-6,-9.00,0,M,0
TEX,NA,-6,-9.00,0,M,0
TEX,NA,-6,-8.00,0,M,0
TEX,NA,-6,-9.00,0,M,0
TEX,NA,-6,-9.00,0,M,0
TEX,NA,-6,-9.00,0,M,0
TEX,NA,-6,-9.00,0,M,0
TEX,NA,-6,-9.00,0,M,0
TEX,NA,-7,-10.00,0,M,0
TEX,NA,-7,-10.00,0,M,0
TEX,NA,-7,-10.00,0,M,0
TEX,NA,-6,-9.00,0,M,0
TEX,NA,-7,-10.00,0,M,0
TEX,NA,-7,-10.00,0,M,0
TEX,NA,-7,-10.00,0,M,0
TEX,NA,-7,-10.00,0,M,0
TEX,NA,-7,-10.00,0,M,0
TEX,NA,-6,-10.00,0,M,0
TEX,NA,-6,-10.00,0,M,0
TEX,NA,-5,-9.00,0,M,0
TEX,NA,-4,-8.00,0,M,0
TEX,NA,-3,-8.00,0,M,0
TEX,NA,-3,-7.00,0,M,0
TEX,NA,-2,-8.00,0,M,0
TEX,NA,-1,-10.00,0,M,0
TEX,NA,-1,-8.00,0,M,0
TEX,NA,0,-7.00,0,M,0
TEX,NA,2,-10.00,0,M,0
TEX,NA,1,-9.00,0,M,0
TEX,NA,2,-10.00,0,M,0
TEX,NA,3,-8.00,0.25,M,0
TEX,NA,2,-8.00,2.29,M,0
TEX,NA,2,-8.00,3.81,M,0
TEX,NA,2,-8.00,0.51,M,0
TEX,NA,2,-9.00,1.02,M,0
TEX,NA,3,-9.00,1.02,M,0
TEX,NA,5,-8.00,0,M,0
TEX,NA,4,-6.00,0,M,0
TEX,NA,3,-6.00,0,M,0
TEX,NA,3,-7.00,0,M,0
TEX,NA,3,-7.00,0,M,0
TEX,NA,3,-6.00,0,M,0
TEX,NA,3,-6.00,0,M,0
TEX,NA,2,-5.00,0,M,0
TEX,NA,2,-5.00,0,M,0
TEX,NA,1,-5.00,0,M,0
TEX,NA,1,-5.00,0,M,0
TEX,NA,0,-5.00,0,M,0
TEX,NA,0,-5.00,0,M,0
TEX,NA,0,-5.00,0,M,0
TEX,NA,0,-5.00,0,M,0
TEX,NA,-1,-5.00,0,M,0
TEX,NA,-1,-5.00,0,M,0
TEX,NA,-1,-5.00,0,M,0
TEX,NA,-1,-5.00,0,M,0
TEX,NA,-2,-6.00,0,M,0
TEX,NA,-1,-6.00,0,M,0
TEX,NA,-2,-6.00,0,M,0
TEX,NA,-2,-6.00,0,M,0
TEX,NA,-2,-6.00,0,M,0
TEX,NA,-2,-6.00,0,M,0
TEX,NA,-2,-6.00,0,M,0
TEX,NA,-2,-7.00,0,M,0
TEX,NA,-3,-7.00,0,M,0
TEX,NA,-3,-7.00,0,M,0
TEX,NA,-3,-7.00,0,M,0
TEX,NA,-3,-7.00,0,M,0
TEX,NA,-3,-7.00,0,M,0
TEX,NA,-2,-7.00,0,M,0
TEX,NA,-3,-7.00,0,M,0
TEX,NA,-3,-8.00,0,M,0
TEX,NA,-3,-8.00,0,M,0
TEX,NA,-3,-8.00,0,M,0
TEX,NA,-3,-8.00,0,M,0
TEX,NA,-4,-8.00,0,M,0
TEX,NA,-3,-8.00,0,M,0
TEX,NA,-2,-8.00,0,M,0
TEX,NA,-2,-8.00,0,M,0
TEX,NA,-3,-9.00,0,M,0
TEX,NA,-3,-9.00,0,M,0
TEX,NA,-3,-9.00,0,M,0
TEX,NA,-3,-10.00,0,M,0
TEX,NA,-4,-9.00,0,M,0
TEX,NA,-3,-10.00,0,M,0
TEX,NA,-2,-9.00,0,M,0
TEX,NA,-3,-9.00,0,M,0
TEX,NA,-2,-10.00,0,M,0
TEX,NA,-3,-10.00,0,M,0
TEX,NA,-3,-10.00,0,M,0
TEX,NA,-2,-10.00,0,M,0
TEX,NA,-1,-10.00,0,M,0
TEX,NA,-1,-9.00,0,M,0
TEX,NA,0,-10.00,0,M,0
TEX,NA,0,-9.00,0,M,0
TEX,NA,1,-8.00,0,M,0
TEX,NA,1,-10.00,0,M,0
TEX,NA,2,-9.00,0,M,0
TEX,NA,5,-9.00,0,M,0
TEX,NA,3,-10.00,0,M,0
TEX,NA,5,-9.00,0,M,0
TEX,NA,5,-10.00,0,M,0
TEX,NA,5,-9.00,0,M,0
TEX,NA,6,-10.00,0,M,2.01
TEX,NA,6,-11.00,0,M,2.01
TEX,NA,6,-9.00,0,M,2.01
TEX,NA,6,-10.00,0,M,2.01
TEX,NA,6,-11.00,0,M,2.01
TEX,NA,7,-11.00,0,M,4.02
TEX,NA,7,-11.00,0,M,4.02
TEX,NA,7,-10.00,0,M,4.02
TEX,NA,6,-10.00,0,M,2.01
TEX,NA,6,-10.00,0,M,2.01
TEX,NA,6,-10.00,0,M,2.01
TEX,NA,6,-9.00,0,M,2.01
TEX,NA,5,-9.00,0,M,0
TEX,NA,4,-8.00,0,M,0
TEX,NA,3,-7.00,0,M,0
TEX,NA,3,-7.00,0,M,0
TEX,NA,2,-7.00,0,M,0
TEX,NA,2,-7.00,0,M,0
TEX,NA,1,-7.00,0,M,0
TEX,NA,1,-7.00,0,M,0
TEX,NA,1,-7.00,0,M,0
TEX,NA,0,-7.00,0,M,0
TEX,NA,0,-7.00,0,M,0
TEX,NA,0,-7.00,0,M,0
TEX,NA,0,-7.00,0,M,0
TEX,NA,0,-7.00,0,M,0
TEX,NA,-1,-7.00,0,M,0
TEX,NA,-1,-7.00,0,M,0
TEX,NA,-1,-7.00,0,M,0
TEX,NA,0,-7.00,0,M,0
TEX,NA,0,-8.00,0,M,0
TEX,NA,-1,-8.00,0,M,0
TEX,NA,-1,-8.00,0,M,0
TEX,NA,-1,-8.00,0,M,0
TEX,NA,-1,-8.00,0,M,0
TEX,NA,-1,-8.00,0,M,0
TEX,NA,-1,-8.00,0,M,0
TEX,NA,-1,-8.00,0,M,0
TEX,NA,-1,-8.00,0,M,0
TEX,NA,-1,-9.00,0,M,0
TEX,NA,-1,-9.00,0,M,0
TEX,NA,-1,-8.00,0,M,0
TEX,NA,-1,-10.00,0,M,0
TEX,NA,-1,-9.00,0,M,0
TEX,NA,-2,-9.00,0,M,0
TEX,NA,-1,-10.00,0,M,0
TEX,NA,-1,-10.00,0,M,0
TEX,NA,-2,-10.00,0,M,0
TEX,NA,-2,-10.00,0,M,0
TEX,NA,-2,-10.00,0,M,0
TEX,NA,-2,-10.00,0,M,0
TEX,NA,-1,-11.00,0,M,0
TEX,NA,-2,-11.00,0,M,0
TEX,NA,-1,-11.00,0,M,0
TEX,NA,-1,-10.00,0,M,0
TEX,NA,-1,-10.00,0,M,0
TEX,NA,-1,-11.00,0,M,0
TEX,NA,-2,-11.00,0,M,0
TEX,NA,-1,-11.00,0,M,0
TEX,NA,-1,-11.00,0,M,0
TEX,NA,-1,-10.00,0,M,0
TEX,NA,-1,-10.00,0,M,0
TEX,NA,0,-10.00,0,M,0
TEX,NA,1,-9.00,0,M,0
TEX,NA,1,-9.00,0,M,0
TEX,NA,2,-10.00,0,M,0
TEX,NA,3,-10.00,0,M,0
TEX,NA,3,-10.00,0,M,0
TEX,NA,5,-10.00,0,M,0
TEX,NA,4,-11.00,0,M,0
TEX,NA,3,-11.00,0,M,0
TEX,NA,4,-12.00,0,M,0
TEX,NA,5,-12.00,0,M,0
TEX,NA,5,-12.00,0,M,0
TEX,NA,5,-12.00,0,M,0
TEX,NA,5,-12.00,0,M,0
TEX,NA,5,-11.00,0,M,0
TEX,NA,5,-11.00,0,M,0
TEX,NA,5,-11.00,0,M,0
TEX,NA,5,-10.00,0,M,0
TEX,NA,4,-10.00,0,M,0
TEX,NA,3,-10.00,0,M,0
TEX,NA,3,-10.00,0,M,0
TEX,NA,3,-10.00,0,M,0
TEX,NA,3,-9.00,0,M,0
TEX,NA,3,-9.00,0,M,0
TEX,NA,2,-8.00,0,M,0
TEX,NA,2,-9.00,0,M,0
TEX,NA,2,-8.00,0,M,0
TEX,NA,4,-14.00,0,M,0
TEX,NA,4,-17.00,0,M,0
TEX,NA,4,-19.00,0,M,0
TEX,NA,3,-20.00,0,M,0
TEX,NA,3,-21.00,0,M,0
TEX,NA,3,-20.00,0,M,0
TEX,NA,3,-20.00,0,M,0
TEX,NA,3,-18.00,0,M,0
TEX,NA,2,-11.00,0,M,0
TEX,NA,2,-10.00,0,M,0
TEX,NA,2,-11.00,0,M,0
TEX,NA,2,-11.00,0,M,0
TEX,NA,2,-11.00,0,M,0
TEX,NA,2,-10.00,0,M,0
TEX,NA,2,-7.00,0,M,0
TEX,NA,1,-7.00,0,M,0
TEX,NA,1,-7.00,0,M,0
TEX,NA,1,-7.00,0,M,0
TEX,NA,1,-7.00,0,M,0
TEX,NA,2,-9.00,0,M,0
TEX,NA,1,-10.00,0,M,0
TEX,NA,1,-10.00,0,M,0
TEX,NA,1,-10.00,0,M,0
TEX,NA,1,-8.00,0,M,0
TEX,NA,0,-7.00,0,M,0
TEX,NA,0,-7.00,0,M,0
TEX,NA,0,-7.00,0,M,0
TEX,NA,0,-6.00,0,M,0
TEX,NA,0,-7.00,0,M,0
TEX,NA,0,-8.00,0,M,0
TEX,NA,0,-8.00,0,M,0
TEX,NA,0,-9.00,0,M,0
TEX,NA,0,-10.00,0,M,0
TEX,NA,0,-9.00,0,M,0
TEX,NA,0,-9.00,0,M,0
TEX,NA,-1,-9.00,0,M,0
TEX,NA,-1,-8.00,0,M,0
TEX,NA,-1,-8.00,0,M,0
TEX,NA,-1,-8.00,0,M,0
TEX,NA,-1,-8.00,0,M,0
TEX,NA,-1,-8.00,0,M,0
TEX,NA,-1,-8.00,0,M,0
TEX,NA,-1,-9.00,0,M,0
TEX,NA,0,-10.00,0,M,0
TEX,NA,0,-10.00,0,M,0
TEX,NA,0,-10.00,0,M,0
TEX,NA,0,-10.00,0,M,0
TEX,NA,0,-10.00,0,M,0
TEX,NA,0,-10.00,0,M,0
TEX,NA,0,-10.00,0,M,0
TEX,NA,1,-10.00,0,M,0
TEX,NA,0,-10.00,0,M,0
TEX,NA,0,-8.00,0,M,0
TEX,NA,0,-7.00,0,M,0
TEX,NA,1,-8.00,0,M,0
TEX,NA,0,-9.00,0,M,0
TEX,NA,0,-8.00,0,M,0
TEX,NA,0,-7.00,0,M,0
TEX,NA,-1,-5.00,0,M,0
TEX,NA,-1,-5.00,0,M,0
TEX,NA,-1,-4.00,0,M,0
TEX,NA,-2,-5.00,0,M,0
TEX,NA,-1,-4.00,0,M,0
TEX,NA,-1,-5.00,0,M,0
TEX,NA,0,-7.00,0,M,0
TEX,NA,0,-6.00,0,M,0
TEX,NA,0,-6.00,0,M,0
TEX,NA,-1,-6.00,0,M,0
TEX,NA,-1,-5.00,0,M,0
TEX,NA,-1,-4.00,0,M,0
TEX,NA,-2,-3.00,0,M,0
TEX,NA,-2,-3.00,0,M,0
TEX,NA,-2,-3.00,0,M,0
TEX,NA,-2,-5.00,0,M,0
TEX,NA,-2,-5.00,0,M,0
TEX,NA,-2,-5.00,0,M,0
TEX,NA,-2,-4.00,0,M,0
TEX,NA,-2,-4.00,0,M,0
TEX,NA,-2,-4.00,0,M,0
TEX,NA,-2,-4.00,0,M,0
TEX,NA,-2,-3.00,0,M,0
TEX,NA,-2,-4.00,0,M,0
TEX,NA,-2,-7.00,0,M,0
TEX,NA,-3,-6.00,0,M,0
TEX,NA,-3,-6.00,0,M,0
TEX,NA,-3,-8.00,0,M,0
TEX,NA,-3,-7.00,0,M,0
TEX,NA,-3,-12.00,0,M,0
TEX,NA,-3,-14.00,0,M,0
TEX,NA,-5,-14.00,0,M,0
TEX,NA,-4,-15.00,0,M,0
TEX,NA,-5,-14.00,0,M,0
TEX,NA,-6,-13.00,0,M,0
TEX,NA,-5,-16.00,0,M,0
TEX,NA,-6,-13.00,0,M,0
TEX,NA,-6,-13.00,0,M,0
TEX,NA,-5,-12.00,0,M,0
TEX,NA,-5,-11.00,0,M,0
TEX,NA,-5,-11.00,0,M,0
TEX,NA,-5,-11.00,0,M,0
TEX,NA,-5,-12.00,0,M,0
TEX,NA,-6,-11.00,0,M,0
TEX,NA,-6,-11.00,0,M,0
TEX,NA,-6,-11.00,0,M,0
TEX,NA,-7,-11.00,0,M,0
TEX,NA,-6,-11.00,0,M,0
TEX,NA,-6,-11.00,0,M,0
TEX,NA,-6,-10.00,0,M,0
TEX,NA,-6,-11.00,0,M,0
TEX,NA,-6,-10.00,0,M,0
TEX,NA,-6,-10.00,0,M,0
TEX,NA,-6,-10.00,0,M,0
TEX,NA,-6,-10.00,0,M,0
TEX,NA,-6,-9.00,0,M,0
TEX,NA,-6,-9.00,0,M,0
TEX,NA,-6,-8.00,0,M,0
TEX,NA,-6,-8.00,0,M,0
TEX,NA,-6,-8.00,0,M,0
TEX,NA,-5,-8.00,0,M,0
TEX,NA,-5,-8.00,0,M,0
TEX,NA,-6,-7.00,0,M,0
TEX,NA,-6,-8.00,0,M,0
TEX,NA,-6,-8.00,0,M,0
TEX,NA,-6,-9.00,0,M,0
TEX,NA,-6,-9.00,0,M,0
TEX,NA,-6,-9.00,0,M,0
TEX,NA,-6,-9.00,0,M,0
TEX,NA,-6,-9.00,0,M,0
TEX,NA,-5,-10.00,0,M,0
TEX,NA,-5,-10.00,0,M,0
TEX,NA,-5,-10.00,0,M,0
TEX,NA,-5,-9.00,0,M,0
TEX,NA,-5,-9.00,0,M,0
TEX,NA,-5,-9.00,0,M,0
TEX,NA,-5,-10.00,0,M,0
TEX,NA,-5,-10.00,0,M,0
TEX,NA,-5,-10.00,0,M,0
TEX,NA,-5,-10.00,0,M,0
TEX,NA,-6,-10.00,0,M,0
TEX,NA,-6,-10.00,0,M,0
TEX,NA,-7,-10.00,0,M,0
TEX,NA,-7,-10.00,0,M,0
TEX,NA,-7,-10.00,0,M,0
TEX,NA,-7,-10.00,0,M,0
TEX,NA,-7,-10.00,0,M,0
TEX,NA,-7,-10.00,0,M,0
TEX,NA,-7,-10.00,0,M,0
TEX,NA,-7,-10.00,0,M,0
TEX,NA,-7,-10.00,0,M,0
TEX,NA,-8,-10.00,0,M,0
TEX,NA,-8,-10.00,0,M,0
TEX,NA,-8,-10.00,0,M,0
TEX,NA,-8,-10.00,0,M,0
TEX,NA,-9,-11.00,0,M,0
TEX,NA,-8,-12.00,0,M,0
TEX,NA,-9,-12.00,0,M,0
TEX,NA,-10,-12.00,0,M,0
TEX,NA,-10,-12.00,0,M,0
TEX,NA,-10,-13.00,0,M,0
TEX,NA,-10,-12.00,0,M,0
TEX,NA,-13,-16.00,0,M,0
TEX,NA,-12,-15.00,0,M,0
TEX,NA,-12,-15.00,0,M,0
TEX,NA,-12,-15.00,0,M,0
TEX,NA,-12,-16.00,0,M,0
TEX,NA,-11,-15.00,0,M,0
TEX,NA,-11,-15.00,0,M,0
TEX,NA,-12,-15.00,0,M,0
TEX,NA,-11,-14.00,0,M,0
TEX,NA,-10,-15.00,0,M,0
TEX,NA,-9,-13.00,0,M,0
TEX,NA,-8,-13.00,0,M,0
TEX,NA,-7,-13.00,0,M,0
TEX,NA,-6,-13.00,0,M,0
TEX,NA,-6,-12.00,0,M,0
TEX,NA,-5,-11.00,0,M,0
TEX,NA,-5,-13.00,0,M,0
TEX,NA,-2,-12.00,0,M,0
TEX,NA,-1,-13.00,0.25,M,0
TEX,NA,-1,-13.00,0.76,M,0
TEX,NA,-2,-13.00,0,M,0
TEX,NA,-1,-13.00,0,M,0
TEX,NA,-1,-12.00,0,M,0
TEX,NA,-2,-10.00,0,M,0
TEX,NA,-2,-11.00,0,M,0
TEX,NA,-2,-11.00,0,M,0
TEX,NA,-2,-10.00,0,M,0
TEX,NA,-2,-10.00,0,M,0
TEX,NA,-2,-10.00,0,M,0
TEX,NA,-3,-10.00,0,M,0
TEX,NA,-3,-10.00,0,M,0
TEX,NA,-3,-10.00,0,M,0
TEX,NA,-3,-10.00,0,M,0
TEX,NA,-5,-10.00,0,M,0
TEX,NA,-6,-9.00,0,M,0
TEX,NA,-6,-9.00,0,M,0
TEX,NA,-6,-9.00,0,M,0
TEX,NA,-6,-9.00,0,M,0
TEX,NA,-6,-9.00,0,M,0
TEX,NA,-7,-10.00,0,M,0
TEX,NA,-7,-10.00,0,M,0
TEX,NA,-7,-10.00,0,M,0
TEX,NA,-8,-11.00,0,M,0
TEX,NA,-8,-11.00,0,M,0
TEX,NA,-8,-11.00,0,M,0
TEX,NA,-8,-11.00,0,M,0
TEX,NA,-8,-11.00,0,M,0
TEX,NA,-8,-11.00,0,M,0
TEX,NA,-8,-11.00,0,M,0
TEX,NA,-8,-12.00,0,M,0
TEX,NA,-8,-12.00,0,M,0
TEX,NA,-9,-12.00,0,M,0
TEX,NA,-9,-12.00,0,M,0
TEX,NA,-10,-13.00,0,M,0
TEX,NA,-9,-13.00,0,M,0
TEX,NA,-9,-13.00,0,M,0
TEX,NA,-10,-14.00,0,M,0
TEX,NA,-9,-13.00,0,M,0
TEX,NA,-10,-13.00,0,M,0
TEX,NA,-10,-15.00,0,M,0
TEX,NA,-11,-15.00,0,M,0
TEX,NA,-11,-15.00,0,M,0
TEX,NA,-11,-16.00,0,M,0
TEX,NA,-11,-15.00,0,M,0
TEX,NA,-11,-15.00,0,M,0
TEX,NA,-11,-15.00,0,M,0
TEX,NA,-11,-15.00,0,M,0
TEX,NA,-11,-15.00,0,M,0
TEX,NA,-12,-16.00,0,M,0
TEX,NA,-11,-16.00,0,M,0
TEX,NA,-11,-16.00,0,M,0
TEX,NA,-11,-15.00,0,M,0
TEX,NA,-11,-15.00,0,M,0
TEX,NA,-11,-16.00,0,M,0
TEX,NA,-11,-16.00,0,M,0
TEX,NA,-11,-16.00,0,M,0
TEX,NA,-11,-17.00,0,M,0
TEX,NA,-11,-17.00,0,M,0
TEX,NA,-10,-17.00,0,M,0
TEX,NA,-10,-17.00,0,M,0
TEX,NA,-10,-16.00,0,M,0
TEX,NA,-6,-15.00,0,M,0
TEX,NA,-5,-13.00,0,M,0
TEX,NA,-4,-14.00,0,M,0
TEX,NA,-3,-16.00,0,M,0
TEX,NA,-2,-16.00,0,M,0
TEX,NA,-1,-18.00,0,M,0
TEX,NA,0,-22.00,0.51,M,0
TEX,NA,0,-22.00,0.76,M,0
TEX,NA,0,-21.00,0.25,M,0
TEX,NA,1,-21.00,0.25,M,0
TEX,NA,1,-20.00,0.25,M,0
TEX,NA,1,-22.00,0,M,0
TEX,NA,1,-22.00,0,M,0
TEX,NA,2,-22.00,0,M,0
TEX,NA,1,-21.00,0,M,0
TEX,NA,1,-20.00,0,M,0
TEX,NA,1,-21.00,0,M,0
TEX,NA,1,-20.00,0,M,0
TEX,NA,1,-19.00,0,M,0
TEX,NA,0,-18.00,0,M,0
TEX,NA,0,-17.00,0,M,0
TEX,NA,0,-16.00,0,M,0
TEX,NA,-1,-15.00,0,M,0
TEX,NA,-2,-16.00,0,M,0
TEX,NA,-2,-15.00,0,M,0
TEX,NA,-3,-14.00,0,M,0
TEX,NA,-3,-14.00,0,M,0
TEX,NA,-3,-14.00,0,M,0
TEX,NA,-5,-13.00,0,M,0
TEX,NA,-5,-13.00,0,M,0
TEX,NA,-6,-14.00,0,M,0
TEX,NA,-6,-14.00,0,M,0
TEX,NA,-6,-15.00,0,M,0
TEX,NA,-7,-14.00,0,M,0
TEX,NA,-7,-15.00,0,M,0
TEX,NA,-7,-15.00,0,M,0
TEX,NA,-7,-15.00,0,M,0
TEX,NA,-7,-15.00,0,M,0
TEX,NA,-8,-15.00,0,M,0
TEX,NA,-8,-15.00,0,M,0
TEX,NA,-8,-15.00,0,M,0
TEX,NA,-8,-15.00,0,M,0
TEX,NA,-8,-15.00,0,M,0
TEX,NA,-8,-15.00,0,M,0
TEX,NA,-8,-15.00,0,M,0
TEX,NA,-8,-15.00,0,M,0
TEX,NA,-8,-16.00,0,M,0
TEX,NA,-8,-16.00,0,M,0
TEX,NA,-8,-16.00,0,M,0
TEX,NA,-8,-17.00,0,M,0
TEX,NA,-8,-17.00,0,M,0
TEX,NA,-8,-17.00,0,M,0
TEX,NA,-8,-17.00,0,M,0
TEX,NA,-8,-17.00,0,M,0
TEX,NA,-8,-17.00,0,M,0
TEX,NA,-8,-17.00,0,M,0
TEX,NA,-8,-17.00,0,M,0
TEX,NA,-7,-17.00,0,M,0
TEX,NA,-7,-18.00,0,M,0
TEX,NA,-7,-18.00,0,M,0
TEX,NA,-8,-18.00,0,M,0
TEX,NA,-8,-17.00,0,M,0
TEX,NA,-8,-17.00,0,M,0
TEX,NA,-8,-18.00,0,M,0
TEX,NA,-7,-18.00,0,M,0
TEX,NA,-6,-18.00,0,M,0
TEX,NA,-7,-18.00,0,M,0
TEX,NA,-7,-18.00,0,M,0
TEX,NA,-6,-17.00,0,M,0
TEX,NA,-5,-18.00,0,M,0
TEX,NA,-4,-17.00,0,M,0
TEX,NA,-3,-17.00,0,M,0
TEX,NA,-2,-16.00,0,M,0
TEX,NA,-1,-17.00,0,M,0
TEX,NA,0,-18.00,0,M,0
TEX,NA,1,-17.00,0,M,0
TEX,NA,1,-17.00,0,M,0
TEX,NA,2,-21.00,0,M,0
TEX,NA,5,-25.00,0,M,0
TEX,NA,3,-22.00,0,M,0
TEX,NA,4,-22.00,0,M,0
TEX,NA,5,-22.00,0,M,0
TEX,NA,5,-23.00,0,M,0
TEX,NA,5,-22.00,0,M,0
TEX,NA,5,-20.00,0,M,0
TEX,NA,5,-18.00,0,M,0
TEX,NA,5,-18.00,0,M,0
TEX,NA,5,-17.00,0,M,0
TEX,NA,4,-16.00,0,M,0
TEX,NA,4,-16.00,0,M,0
TEX,NA,4,-16.00,0,M,0
TEX,NA,4,-15.00,0,M,0
TEX,NA,3,-15.00,0,M,0
TEX,NA,2,-15.00,0,M,0
TEX,NA,1,-14.00,0,M,0
TEX,NA,1,-15.00,0,M,0
TEX,NA,0,-13.00,0,M,0
TEX,NA,0,-13.00,0,M,0
TEX,NA,-1,-12.00,0,M,0
TEX,NA,-1,-12.00,0,M,0
TEX,NA,-1,-12.00,0,M,0
TEX,NA,-1,-12.00,0,M,0
TEX,NA,-1,-12.00,0,M,0
TEX,NA,-1,-12.00,0,M,0
TEX,NA,-1,-13.00,0,M,0
TEX,NA,-2,-12.00,0,M,0
TEX,NA,-2,-13.00,0,M,0
TEX,NA,-1,-13.00,0,M,0
TEX,NA,-1,-13.00,0,M,0
TEX,NA,-2,-14.00,0,M,0
TEX,NA,-2,-14.00,0,M,0
TEX,NA,-2,-15.00,0,M,0
TEX,NA,-2,-15.00,0,M,0
TEX,NA,-2,-15.00,0,M,0
TEX,NA,-2,-15.00,0,M,0
TEX,NA,-2,-15.00,0,M,0
TEX,NA,-2,-15.00,0,M,0
TEX,NA,-2,-15.00,0,M,0
TEX,NA,-2,-15.00,0,M,0
TEX,NA,-3,-15.00,0,M,0
TEX,NA,-2,-15.00,0,M,0
TEX,NA,-3,-16.00,0,M,0
TEX,NA,-3,-16.00,0,M,0
TEX,NA,-3,-16.00,0,M,0
TEX,NA,-3,-15.00,0,M,0
TEX,NA,-3,-16.00,0,M,0
TEX,NA,-3,-16.00,0,M,0
TEX,NA,-3,-17.00,0,M,0
TEX,NA,-2,-18.00,0,M,0
TEX,NA,-3,-18.00,0,M,0
TEX,NA,-3,-17.00,0,M,0
TEX,NA,-3,-18.00,0,M,0
TEX,NA,-3,-17.00,0,M,0
TEX,NA,-3,-18.00,0,M,0
TEX,NA,-3,-18.00,0,M,0
TEX,NA,-3,-17.00,0,M,0
TEX,NA,-3,-18.00,0,M,0
TEX,NA,-3,-18.00,0,M,0
TEX,NA,-3,-18.00,0,M,0
TEX,NA,-3,-18.00,0,M,0
TEX,NA,-2,-19.00,0,M,0
TEX,NA,-2,-18.00,0,M,0
TEX,NA,-2,-18.00,0,M,0
TEX,NA,-1,-17.00,0,M,0
TEX,NA,-1,-18.00,0,M,0
TEX,NA,0,-18.00,0,M,0
TEX,NA,1,-18.00,0,M,0
TEX,NA,2,-16.00,0,M,0
TEX,NA,2,-18.00,0,M,0
TEX,NA,3,-18.00,0,M,0
TEX,NA,3,-21.00,0,M,0
TEX,NA,3,-20.00,0,M,0
TEX,NA,3,-17.00,0,M,0
TEX,NA,3,-16.00,0,M,0
TEX,NA,3,-15.00,0,M,0
TEX,NA,4,-14.00,0,M,0
TEX,NA,3,-13.00,0,M,0
TEX,NA,3,-12.00,0,M,0
TEX,NA,3,-11.00,0,M,0
TEX,NA,3,-11.00,0,M,0
TEX,NA,3,-10.00,0,M,0
TEX,NA,2,-10.00,0,M,0
TEX,NA,3,-10.00,0,M,0
TEX,NA,2,-9.00,0,M,0
TEX,NA,2,-8.00,0,M,0
TEX,NA,1,-8.00,0,M,0
TEX,NA,0,-8.00,0,M,0
TEX,NA,0,-8.00,0,M,0
TEX,NA,0,-8.00,0,M,0
TEX,NA,0,-8.00,0,M,0
TEX,NA,0,-8.00,0,M,0
TEX,NA,0,-8.00,0,M,0
TEX,NA,0,-8.00,0,M,0
TEX,NA,0,-8.00,0,M,0
TEX,NA,-1,-9.00,0,M,0
TEX,NA,-2,-8.00,0,M,0
TEX,NA,-1,-8.00,0,M,0
TEX,NA,-1,-8.00,0,M,0
TEX,NA,-2,-8.00,0,M,0
TEX,NA,-2,-8.00,0,M,0
TEX,NA,-2,-8.00,0,M,0
TEX,NA,-2,-8.00,0,M,0
TEX,NA,-2,-8.00,0,M,0
TEX,NA,-2,-8.00,0,M,0
TEX,NA,-2,-8.00,0,M,0
TEX,NA,-2,-8.00,0,M,0
TEX,NA,-2,-8.00,0,M,0
TEX,NA,-3,-8.00,0,M,0
TEX,NA,-3,-8.00,0,M,0
TEX,NA,-2,-8.00,0,M,0
TEX,NA,-3,-8.00,0,M,0
TEX,NA,-3,-8.00,0,M,0
TEX,NA,-3,-8.00,0,M,0
TEX,NA,-3,-8.00,0,M,0
TEX,NA,-3,-8.00,0,M,0
TEX,NA,-3,-8.00,0,M,0
TEX,NA,-3,-8.00,0,M,0
TEX,NA,-3,-9.00,0,M,0
TEX,NA,-4,-9.00,0,M,0
TEX,NA,-3,-9.00,0,M,0
TEX,NA,-3,-9.00,0,M,0
TEX,NA,-3,-9.00,0,M,0
TEX,NA,-4,-9.00,0,M,0
TEX,NA,-4,-9.00,0,M,0
TEX,NA,-5,-9.00,0,M,0
TEX,NA,-5,-9.00,0,M,0
TEX,NA,-5,-10.00,0,M,0
TEX,NA,-5,-9.00,0,M,0
TEX,NA,-5,-10.00,0,M,0
TEX,NA,-5,-9.00,0,M,0
TEX,NA,-5,-10.00,0,M,0
TEX,NA,-6,-10.00,0,M,0
TEX,NA,-5,-10.00,0,M,0
TEX,NA,-4,-9.00,0,M,0
TEX,NA,-3,-9.00,0,M,0
TEX,NA,-3,-8.00,0,M,0
TEX,NA,-2,-9.00,0,M,0
TEX,NA,-2,-8.00,0,M,0
TEX,NA,-1,-8.00,0,M,0
TEX,NA,-1,-8.00,0,M,0
TEX,NA,0,-7.00,0,M,0
TEX,NA,0,-7.00,0,M,0
TEX,NA,0,-6.00,0,M,0
TEX,NA,1,-6.00,0,M,0
TEX,NA,1,-7.00,0,M,0
TEX,NA,1,-6.00,0,M,0
TEX,NA,1,-6.00,0,M,0
TEX,NA,1,-7.00,0,M,0
TEX,NA,0,-6.00,0,M,0
TEX,NA,0,-5.00,0,M,0
TEX,NA,0,-6.00,0,M,0
TEX,NA,0,-6.00,0,M,0
TEX,NA,0,-6.00,0,M,0
TEX,NA,0,-5.00,0,M,0
TEX,NA,-1,-5.00,0,M,0
TEX,NA,-1,-4.00,0,M,0
TEX,NA,-1,-5.00,0,M,0
TEX,NA,-1,-4.00,0,M,0
TEX,NA,-2,-4.00,0,M,0
TEX,NA,-2,-4.00,0,M,0
TEX,NA,-1,-5.00,0,M,0
TEX,NA,-1,-6.00,0,M,0
TEX,NA,-1,-5.00,0,M,0
TEX,NA,-2,-4.00,0,M,0
TEX,NA,-2,-4.00,0,M,0
TEX,NA,-2,-3.00,0,M,0
TEX,NA,-2,-4.00,0,M,0
TEX,NA,-2,-3.00,0,M,0
TEX,NA,-3,-4.00,0,M,0
TEX,NA,-3,-4.00,0,M,0
TEX,NA,-3,-4.00,0,M,0
TEX,NA,-3,-4.00,0,M,0
TEX,NA,-3,-4.00,0,M,0
TEX,NA,-3,-4.00,0,M,0
TEX,NA,-3,-5.00,0,M,0
TEX,NA,-3,-5.00,0,M,0
TEX,NA,-3,-5.00,0,M,0
TEX,NA,-3,-5.00,0,M,0
TEX,NA,-3,-5.00,0,M,0
TEX,NA,-3,-5.00,0,M,0
TEX,NA,-3,-5.00,0,M,0
TEX,NA,-4,-6.00,0,M,0
TEX,NA,-4,-6.00,0,M,0
TEX,NA,-4,-6.00,0,M,0
TEX,NA,-4,-5.00,0,M,0
TEX,NA,-4,-5.00,0,M,0
TEX,NA,-4,-5.00,0,M,0
TEX,NA,-4,-5.00,0,M,0
TEX,NA,-4,-5.00,0,M,0
TEX,NA,-4,-5.00,0,M,0
TEX,NA,-4,-5.00,0,M,0
TEX,NA,-4,-6.00,0,M,0
TEX,NA,-4,-6.00,0,M,0
TEX,NA,-4,-6.00,0,M,0
TEX,NA,-4,-6.00,0,M,0
TEX,NA,-4,-6.00,0,M,0
TEX,NA,-5,-6.00,0,M,0
TEX,NA,-5,-6.00,0,M,0
TEX,NA,-5,-6.00,0,M,0
TEX,NA,-5,-6.00,0,M,0
TEX,NA,-5,-6.00,0,M,0
TEX,NA,-5,-6.00,0,M,0
TEX,NA,-5,-6.00,0,M,0
TEX,NA,-5,-6.00,0,M,0
TEX,NA,-5,-6.00,0,M,0
TEX,NA,-5,-6.00,0,M,0
TEX,NA,-4,-6.00,0,M,0
TEX,NA,-4,-6.00,0,M,0
TEX,NA,-4,-6.00,0,M,0
TEX,NA,-4,-6.00,0,M,0
TEX,NA,-3,-7.00,0,M,0
TEX,NA,-3,-7.00,0,M,0
TEX,NA,-3,-7.00,0,M,0
TEX,NA,-3,-6.00,0,M,0
TEX,NA,-3,-6.00,0,M,0
TEX,NA,-3,-7.00,0,M,0
TEX,NA,-3,-6.00,0,M,0
TEX,NA,-3,-6.00,0,M,0
TEX,NA,-3,-7.00,0,M,0
TEX,NA,-3,-6.00,0,M,0
TEX,NA,-3,-7.00,0,M,0
TEX,NA,-3,-7.00,0,M,0
TEX,NA,-4,-7.00,0,M,0
TEX,NA,-3,-8.00,0,M,0
TEX,NA,-5,-7.00,0,M,0
TEX,NA,-5,-7.00,0,M,0
TEX,NA,-5,-7.00,0,M,0
TEX,NA,-5,-7.00,0,M,0
TEX,NA,-5,-8.00,0,M,0
TEX,NA,-5,-9.00,0,M,0
TEX,NA,-5,-8.00,0,M,0
TEX,NA,-6,-8.00,0,M,0
TEX,NA,-6,-9.00,0,M,0
TEX,NA,-6,-9.00,0,M,0
TEX,NA,-6,-9.00,0,M,0
TEX,NA,-6,-9.00,0,M,0
TEX,NA,-6,-9.00,0,M,0
TEX,NA,-6,-9.00,0,M,0
TEX,NA,-6,-9.00,0,M,0
TEX,NA,-6,-8.00,0,M,0
TEX,NA,-6,-8.00,0,M,0
TEX,NA,-6,-8.00,0,M,0
TEX,NA,-6,-9.00,0,M,0
TEX,NA,-6,-10.00,0,M,0
TEX,NA,-6,-10.00,0,M,0
TEX,NA,-7,-10.00,0,M,0
TEX,NA,-8,-11.00,0,M,0
TEX,NA,-8,-11.00,0,M,0
TEX,NA,-8,-12.00,0,M,0
TEX,NA,-7,-11.00,0,M,0
TEX,NA,-7,-11.00,0,M,0
TEX,NA,-8,-10.00,0,M,0
TEX,NA,-8,-10.00,0,M,0
TEX,NA,-7,-10.00,0,M,0
TEX,NA,-7,-9.00,0,M,0
TEX,NA,-7,-9.00,0,M,0
TEX,NA,-7,-9.00,0,M,0
TEX,NA,-7,-9.00,0,M,0
TEX,NA,-7,-10.00,0,M,0
TEX,NA,-7,-10.00,0,M,0
TEX,NA,-7,-10.00,0,M,0
TEX,NA,-7,-10.00,0,M,0
TEX,NA,-7,-10.00,0,M,0
TEX,NA,-7,-10.00,0,M,0
TEX,NA,-7,-10.00,0,M,0
TEX,NA,-7,-10.00,0,M,0
TEX,NA,-7,-10.00,0,M,0
TEX,NA,-7,-10.00,0,M,0
TEX,NA,-7,-10.00,0,M,0
TEX,NA,-7,-10.00,0,M,0
TEX,NA,-7,-11.00,0,M,0
TEX,NA,-7,-11.00,0,M,0
TEX,NA,-7,-11.00,0,M,0
TEX,NA,-8,-10.00,0,M,0
TEX,NA,-8,-10.00,0,M,0
TEX,NA,-8,-10.00,0,M,0
TEX,NA,-8,-10.00,0,M,0
TEX,NA,-7,-10.00,0,M,0
TEX,NA,-7,-10.00,0,M,0
TEX,NA,-7,-10.00,0,M,0
TEX,NA,-7,-10.00,0,M,0
TEX,NA,-7,-10.00,0,M,0
TEX,NA,-6,-10.00,0,M,0
TEX,NA,-6,-10.00,0,M,0
TEX,NA,-6,-11.00,0,M,0
TEX,NA,-6,-11.00,0,M,0
TEX,NA,-6,-11.00,0,M,0
TEX,NA,-5,-11.00,0,M,0
TEX,NA,-5,-12.00,0,M,0
TEX,NA,-5,-12.00,0,M,0
TEX,NA,-5,-12.00,0,M,0
TEX,NA,-5,-12.00,0,M,0
TEX,NA,-5,-12.00,0,M,0
TEX,NA,-5,-13.00,0,M,0
TEX,NA,-3,-14.00,0,M,0
TEX,NA,-4,-14.00,0,M,0
TEX,NA,-5,-15.00,0,M,0
TEX,NA,-5,-14.00,0,M,0
TEX,NA,-5,-14.00,0,M,0
TEX,NA,-5,-13.00,0,M,0
TEX,NA,-5,-13.00,0,M,0
TEX,NA,-5,-12.00,0,M,0
TEX,NA,-5,-12.00,0,M,0
TEX,NA,-6,-12.00,0,M,0
TEX,NA,-6,-12.00,0,M,0
TEX,NA,-6,-12.00,0,M,0
TEX,NA,-5,-12.00,0,M,0
TEX,NA,-5,-12.00,0,M,0
TEX,NA,-5,-12.00,0,M,0
TEX,NA,-6,-11.00,0,M,0
TEX,NA,-6,-11.00,0,M,0
TEX,NA,-6,-10.00,0,M,0
TEX,NA,-6,-9.00,0,M,0
TEX,NA,-6,-9.00,0,M,0
TEX,NA,-6,-9.00,0,M,0
TEX,NA,-6,-9.00,0,M,0
TEX,NA,-6,-8.00,0,M,0
TEX,NA,-6,-9.00,0,M,0
TEX,NA,-6,-8.00,0,M,0
TEX,NA,-6,-8.00,0,M,0
TEX,NA,-6,-9.00,0,M,0
TEX,NA,-6,-9.00,0,M,0
TEX,NA,-6,-9.00,0,M,0
TEX,NA,-6,-9.00,0,M,0
TEX,NA,-6,-9.00,0,M,0
TEX,NA,-6,-9.00,0,M,0
TEX,NA,-5,-10.00,0,M,0
TEX,NA,-6,-10.00,0,M,0
TEX,NA,-5,-10.00,0,M,0
TEX,NA,-5,-10.00,0,M,0
TEX,NA,-5,-10.00,0,M,0
TEX,NA,-5,-10.00,0,M,0
TEX,NA,-5,-9.00,0,M,0
TEX,NA,-5,-9.00,0,M,0
TEX,NA,-5,-9.00,0,M,0
TEX,NA,-5,-8.00,0,M,0
TEX,NA,-5,-8.00,0,M,0
TEX,NA,-5,-8.00,0,M,0
TEX,NA,-5,-8.00,0,M,0
TEX,NA,-4,-8.00,0,M,0
TEX,NA,-4,-8.00,0,M,0
TEX,NA,-4,-8.00,0,M,0
TEX,NA,-3,-8.00,0,M,0
TEX,NA,-4,-8.00,0,M,0
TEX,NA,-4,-8.00,0,M,0
TEX,NA,-3,-8.00,0,M,0
TEX,NA,-3,-8.00,0,M,0
TEX,NA,-3,-8.00,0,M,0
TEX,NA,-3,-8.00,0,M,0
TEX,NA,-3,-8.00,0,M,0
TEX,NA,-2,-8.00,0,M,0
TEX,NA,-2,-8.00,0,M,0
TEX,NA,-3,-7.00,0,M,0
TEX,NA,-2,-7.00,0,M,0
TEX,NA,-2,-7.00,0,M,0
TEX,NA,-2,-6.00,0,M,0
TEX,NA,-2,-6.00,0,M,0
TEX,NA,-2,-6.00,0,M,0
TEX,NA,-2,-6.00,0,M,0
TEX,NA,-2,-6.00,0,M,0
TEX,NA,-2,-5.00,0,M,0
TEX,NA,-2,-5.00,0,M,0
TEX,NA,-2,-5.00,0,M,0
TEX,NA,-1,-5.00,0,M,0
TEX,NA,-1,-5.00,0,M,0
TEX,NA,-1,-5.00,0,M,0
TEX,NA,-1,-6.00,0,M,0
TEX,NA,0,-5.00,0,M,0
TEX,NA,0,-6.00,0,M,0
TEX,NA,0,-6.00,0,M,0
TEX,NA,0,-6.00,0,M,0
TEX,NA,0,-6.00,0,M,0
TEX,NA,0,-6.00,0,M,0
TEX,NA,0,-6.00,0,M,0
TEX,NA,0,-6.00,0,M,0
TEX,NA,0,-6.00,0,M,0
TEX,NA,0,-6.00,0,M,0
TEX,NA,0,-6.00,0,M,0
TEX,NA,-1,-6.00,0,M,0
TEX,NA,-1,-6.00,0,M,0
TEX,NA,-1,-6.00,0,M,0
TEX,NA,-1,-5.00,0,M,0
TEX,NA,-1,-5.00,0,M,0
TEX,NA,-2,-5.00,0,M,0
TEX,NA,-2,-5.00,0,M,0
TEX,NA,-2,-5.00,0,M,0
TEX,NA,-2,-5.00,0,M,0
TEX,NA,-2,-5.00,0,M,0
TEX,NA,-3,-6.00,0,M,0
TEX,NA,-3,-5.00,0,M,0
TEX,NA,-3,-5.00,0,M,0
TEX,NA,-3,-6.00,0,M,0
TEX,NA,-3,-6.00,0,M,0
TEX,NA,-3,-6.00,0,M,0
TEX,NA,-3,-6.00,0,M,0
TEX,NA,-2,-6.00,0,M,0
TEX,NA,-3,-6.00,0,M,0
TEX,NA,-3,-6.00,0,M,0
TEX,NA,-3,-6.00,0,M,0
TEX,NA,-3,-5.00,0,M,0
TEX,NA,-3,-5.00,0,M,0
TEX,NA,-3,-5.00,0,M,0
TEX,NA,-3,-5.00,0,M,0
TEX,NA,-2,-5.00,0,M,0
TEX,NA,-3,-5.00,0,M,0
TEX,NA,-3,-5.00,0,M,0
TEX,NA,-3,-5.00,0,M,0
TEX,NA,-3,-6.00,0,M,0
TEX,NA,-3,-5.00,0,M,0
TEX,NA,-2,-5.00,0,M,0
TEX,NA,-2,-5.00,0,M,0
TEX,NA,-2,-5.00,0,M,0
TEX,NA,-2,-5.00,0,M,0
TEX,NA,-2,-5.00,0,M,0
TEX,NA,-2,-5.00,0,M,0
TEX,NA,-2,-5.00,0,M,0
TEX,NA,-2,-5.00,0,M,0
TEX,NA,-2,-5.00,0,M,0
TEX,NA,-1,-5.00,0,M,0
TEX,NA,-2,-5.00,0,M,0
TEX,NA,-2,-5.00,0,M,0
TEX,NA,-2,-5.00,0,M,0
TEX,NA,-1,-5.00,0,M,0
TEX,NA,-1,-5.00,0,M,0
TEX,NA,0,-5.00,0,M,0
TEX,NA,0,-5.00,0,M,0
TEX,NA,0,-5.00,0,M,0
TEX,NA,2,-5.00,0,M,0
TEX,NA,2,-5.00,0,M,0
TEX,NA,2,-5.00,0.51,M,0
TEX,NA,3,-5.00,2.29,M,0
TEX,NA,3,-5.00,2.79,M,0
TEX,NA,3,-5.00,0,M,0
TEX,NA,3,-5.00,0,M,0
TEX,NA,3,-5.00,0,M,0
TEX,NA,3,-5.00,0,M,0
TEX,NA,4,-5.00,0,M,0
TEX,NA,4,-5.00,0,M,0
TEX,NA,4,-5.00,0,M,0
TEX,NA,5,-5.00,0,M,0
TEX,NA,5,-5.00,0,M,0
TEX,NA,5,-6.00,0,M,0
TEX,NA,4,-6.00,0,M,0
TEX,NA,5,-6.00,0,M,0
TEX,NA,3,-6.00,0,M,0
TEX,NA,2,-5.00,0,M,0
TEX,NA,2,-4.00,0,M,0
TEX,NA,1,-3.00,0,M,0
TEX,NA,0,-4.00,0,M,0
TEX,NA,0,-3.00,0,M,0
TEX,NA,0,-4.00,0,M,0
TEX,NA,0,-4.00,0,M,0
TEX,NA,0,-4.00,0,M,0
TEX,NA,-1,-4.00,0,M,0
TEX,NA,-1,-4.00,0,M,0
TEX,NA,-1,-5.00,0,M,0
TEX,NA,-1,-5.00,0,M,0
TEX,NA,-1,-5.00,0,M,0
TEX,NA,-2,-5.00,0,M,0
TEX,NA,-2,-5.00,0,M,0
TEX,NA,-2,-5.00,0,M,0
TEX,NA,-2,-5.00,0,M,0
TEX,NA,-2,-5.00,0,M,0
TEX,NA,-3,-5.00,0,M,0
TEX,NA,-3,-5.00,0,M,0
TEX,NA,-3,-6.00,0,M,0
TEX,NA,-3,-6.00,0,M,0
TEX,NA,-3,-6.00,0,M,0
TEX,NA,-3,-6.00,0,M,0
TEX,NA,-3,-7.00,0,M,0
TEX,NA,-3,-7.00,0,M,0
TEX,NA,-3,-7.00,0,M,0
TEX,NA,-4,-7.00,0,M,0
TEX,NA,-4,-6.00,0,M,0
TEX,NA,-3,-6.00,0,M,0
TEX,NA,-3,-7.00,0,M,0
TEX,NA,-4,-7.00,0,M,0
TEX,NA,-3,-7.00,0,M,0
TEX,NA,-3,-7.00,0,M,0
TEX,NA,-4,-7.00,0,M,0
TEX,NA,-3,-7.00,0,M,0
TEX,NA,-4,-7.00,0,M,0
TEX,NA,-3,-8.00,0,M,0
TEX,NA,-3,-8.00,0,M,0
TEX,NA,-4,-8.00,0,M,0
TEX,NA,-4,-8.00,0,M,0
TEX,NA,-3,-8.00,0,M,0
TEX,NA,-3,-8.00,0,M,0
TEX,NA,-3,-8.00,0,M,0
TEX,NA,-4,-8.00,0,M,0
TEX,NA,-3,-7.00,0,M,0
TEX,NA,-3,-8.00,0,M,0
TEX,NA,-2,-8.00,0,M,0
TEX,NA,-1,-7.00,0,M,0
TEX,NA,0,-6.00,0,M,0
TEX,NA,0,-6.00,0,M,0
TEX,NA,0,-6.00,0,M,0
TEX,NA,0,-7.00,0,M,0
TEX,NA,1,-7.00,0,M,0
TEX,NA,2,-6.00,0,M,0
TEX,NA,4,-6.00,0,M,0
TEX,NA,5,-6.00,0,M,0
TEX,NA,6,-7.00,0,M,2.01
TEX,NA,7,-6.00,0,M,4.02
TEX,NA,7,-7.00,0,M,4.02
TEX,NA,8,-6.00,0,M,6.029999999999999
TEX,NA,7,-7.00,0,M,4.02
TEX,NA,7,-8.00,0,M,4.02
TEX,NA,8,-8.00,0,M,6.029999999999999
TEX,NA,8,-8.00,0,M,6.029999999999999
TEX,NA,8,-7.00,0,M,6.029999999999999
TEX,NA,8,-7.00,0,M,6.029999999999999
TEX,NA,8,-8.00,0,M,6.029999999999999
TEX,NA,9,-8.00,0,M,8.04
TEX,NA,8,-7.00,0,M,6.029999999999999
TEX,NA,8,-7.00,0,M,6.029999999999999
TEX,NA,7,-7.00,0,M,4.02
TEX,NA,6,-5.00,0,M,2.01
TEX,NA,5,-5.00,0,M,0
TEX,NA,3,-5.00,0,M,0
TEX,NA,3,-5.00,0,M,0
TEX,NA,3,-4.00,0,M,0
TEX,NA,2,-3.00,0,M,0
TEX,NA,2,-5.00,0,M,0
TEX,NA,1,-5.00,0,M,0
TEX,NA,2,-5.00,0,M,0
TEX,NA,1,-5.00,0,M,0
TEX,NA,1,-5.00,0,M,0
TEX,NA,0,-6.00,0,M,0
TEX,NA,1,-6.00,0,M,0
TEX,NA,0,-6.00,0,M,0
TEX,NA,1,-6.00,0,M,0
TEX,NA,0,-6.00,0,M,0
TEX,NA,0,-7.00,0,M,0
TEX,NA,0,-7.00,0,M,0
TEX,NA,0,-7.00,0,M,0
TEX,NA,0,-7.00,0,M,0
TEX,NA,0,-8.00,0,M,0
TEX,NA,0,-8.00,0,M,0
TEX,NA,0,-8.00,0,M,0
TEX,NA,0,-8.00,0,M,0
TEX,NA,0,-8.00,0,M,0
TEX,NA,0,-8.00,0,M,0
TEX,NA,0,-9.00,0,M,0
TEX,NA,0,-8.00,0,M,0
TEX,NA,0,-9.00,0,M,0
TEX,NA,0,-9.00,0,M,0
TEX,NA,0,-9.00,0,M,0
TEX,NA,0,-9.00,0,M,0
TEX,NA,0,-10.00,0,M,0
TEX,NA,1,-10.00,0,M,0
TEX,NA,0,-10.00,0,M,0
TEX,NA,0,-10.00,0,M,0
TEX,NA,0,-10.00,0,M,0
TEX,NA,0,-10.00,0,M,0
TEX,NA,0,-10.00,0,M,0
TEX,NA,0,-10.00,0,M,0
TEX,NA,0,-10.00,0,M,0
TEX,NA,0,-10.00,0,M,0
TEX,NA,-1,-10.00,0,M,0
TEX,NA,0,-10.00,0,M,0
TEX,NA,0,-10.00,0,M,0
TEX,NA,0,-10.00,0,M,0
TEX,NA,0,-11.00,0,M,0
TEX,NA,0,-11.00,0,M,0
TEX,NA,1,-11.00,0,M,0
TEX,NA,1,-11.00,0,M,0
TEX,NA,2,-11.00,0,M,0
TEX,NA,3,-11.00,0,M,0
TEX,NA,4,-12.00,0,M,0
TEX,NA,5,-11.00,0,M,0
TEX,NA,6,-13.00,0,M,2.01
TEX,NA,7,-12.00,0,M,4.02
TEX,NA,8,-12.00,0,M,6.029999999999999
TEX,NA,8,-12.00,0,M,6.029999999999999
TEX,NA,10,-13.00,0,M,10.049999999999999
TEX,NA,9,-15.00,0,M,8.04
TEX,NA,10,-13.00,0,M,10.049999999999999
TEX,NA,10,-12.00,0,M,10.049999999999999
TEX,NA,9,-12.00,0,M,8.04
TEX,NA,10,-12.00,0,M,10.049999999999999
TEX,NA,10,-12.00,0,M,10.049999999999999
TEX,NA,10,-12.00,0,M,10.049999999999999
TEX,NA,9,-12.00,0,M,8.04
TEX,NA,9,-11.00,0,M,8.04
TEX,NA,8,-11.00,0,M,6.029999999999999
TEX,NA,8,-10.00,0,M,6.029999999999999
TEX,NA,7,-10.00,0,M,4.02
TEX,NA,7,-10.00,0,M,4.02
TEX,NA,6,-9.00,0,M,2.01
TEX,NA,5,-8.00,0,M,0
TEX,NA,5,-8.00,0,M,0
TEX,NA,4,-7.00,0,M,0
TEX,NA,3,-7.00,0,M,0
TEX,NA,2,-7.00,0,M,0
TEX,NA,2,-7.00,0,M,0
TEX,NA,1,-7.00,0,M,0
TEX,NA,1,-7.00,0,M,0
TEX,NA,1,-7.00,0,M,0
TEX,NA,1,-8.00,0,M,0
TEX,NA,1,-9.00,0,M,0
TEX,NA,2,-10.00,0,M,0
TEX,NA,2,-11.00,0,M,0
TEX,NA,3,-15.00,0,M,0
TEX,NA,3,-16.00,0,M,0
TEX,NA,3,-16.00,0,M,0
TEX,NA,3,-15.00,0,M,0
TEX,NA,3,-15.00,0,M,0
TEX,NA,3,-15.00,0,M,0
TEX,NA,3,-14.00,0,M,0
TEX,NA,3,-13.00,0,M,0
TEX,NA,3,-13.00,0,M,0
TEX,NA,4,-12.00,0,M,0
TEX,NA,5,-12.00,0,M,0
TEX,NA,4,-12.00,0,M,0
TEX,NA,4,-12.00,0,M,0
TEX,NA,3,-12.00,0,M,0
TEX,NA,4,-13.00,0,M,0
TEX,NA,3,-12.00,0,M,0
TEX,NA,4,-13.00,0,M,0
TEX,NA,5,-13.00,0,M,0
TEX,NA,4,-13.00,0,M,0
TEX,NA,4,-13.00,0,M,0
TEX,NA,3,-12.00,0,M,0
TEX,NA,3,-11.00,0,M,0
TEX,NA,3,-11.00,0,M,0
TEX,NA,2,-11.00,0,M,0
TEX,NA,3,-10.00,0,M,0
TEX,NA,3,-9.00,0,M,0
TEX,NA,3,-9.00,0,M,0
TEX,NA,2,-9.00,0,M,0
TEX,NA,3,-10.00,0,M,0
TEX,NA,2,-9.00,0,M,0
TEX,NA,2,-10.00,0,M,0
TEX,NA,2,-10.00,0,M,0
TEX,NA,2,-10.00,0,M,0
TEX,NA,2,-10.00,0,M,0
TEX,NA,3,-11.00,0,M,0
TEX,NA,4,-11.00,0,M,0
TEX,NA,4,-11.00,0,M,0
TEX,NA,4,-11.00,0,M,0
TEX,NA,4,-11.00,0,M,0
TEX,NA,4,-11.00,0,M,0
TEX,NA,5,-11.00,0,M,0
TEX,NA,5,-11.00,0,M,0
TEX,NA,5,-12.00,0,M,0
TEX,NA,5,-11.00,0,M,0
TEX,NA,5,-12.00,0,M,0
TEX,NA,5,-12.00,0,M,0
TEX,NA,5,-15.00,0,M,0
TEX,NA,6,-17.00,0,M,2.01
TEX,NA,6,-16.00,0,M,2.01
TEX,NA,6,-15.00,0,M,2.01
TEX,NA,6,-16.00,0,M,2.01
TEX,NA,6,-15.00,0,M,2.01
TEX,NA,5,-15.00,0,M,0
TEX,NA,5,-14.00,0,M,0
TEX,NA,5,-14.00,0,M,0
TEX,NA,4,-16.00,0,M,0
TEX,NA,4,-15.00,0,M,0
TEX,NA,3,-15.00,0,M,0
TEX,NA,3,-16.00,0,M,0
TEX,NA,3,-14.00,0,M,0
TEX,NA,3,-14.00,0,M,0
TEX,NA,2,-15.00,0,M,0
TEX,NA,2,-15.00,0,M,0
TEX,NA,2,-15.00,0,M,0
TEX,NA,1,-14.00,0,M,0
TEX,NA,1,-13.00,0,M,0
TEX,NA,1,-13.00,0,M,0
TEX,NA,0,-13.00,0,M,0
TEX,NA,1,-13.00,0,M,0
TEX,NA,1,-13.00,0,M,0
TEX,NA,0,-12.00,0,M,0
TEX,NA,0,-12.00,0,M,0
TEX,NA,0,-12.00,0,M,0
TEX,NA,0,-12.00,0,M,0
TEX,NA,0,-12.00,0,M,0
TEX,NA,0,-11.00,0,M,0
TEX,NA,0,-11.00,0,M,0
TEX,NA,0,-11.00,0,M,0
TEX,NA,0,-11.00,0,M,0
TEX,NA,0,-10.00,0,M,0
TEX,NA,0,-10.00,0,M,0
TEX,NA,0,-10.00,0,M,0
TEX,NA,0,-10.00,0,M,0
TEX,NA,0,-10.00,0,M,0
TEX,NA,0,-9.00,0,M,0
TEX,NA,0,-8.00,0,M,0
TEX,NA,0,-7.00,0,M,0
TEX,NA,-1,-7.00,0,M,0
TEX,NA,-2,-6.00,0,M,0
TEX,NA,-2,-7.00,0,M,0
TEX,NA,-1,-7.00,0,M,0
TEX,NA,-1,-8.00,0,M,0
TEX,NA,-1,-8.00,0,M,0
TEX,NA,-1,-9.00,0,M,0
TEX,NA,-1,-10.00,0,M,0
TEX,NA,-1,-10.00,0,M,0
TEX,NA,0,-11.00,0,M,0
TEX,NA,-2,-8.00,0,M,0
TEX,NA,-2,-8.00,0,M,0
TEX,NA,-2,-8.00,0,M,0
TEX,NA,-3,-6.00,0,M,0
TEX,NA,-4,-6.00,0,M,0
TEX,NA,-3,-7.00,0,M,0
TEX,NA,-3,-7.00,0,M,0
TEX,NA,-4,-7.00,0,M,0
TEX,NA,-4,-6.00,0,M,0
TEX,NA,-4,-7.00,0,M,0
TEX,NA,-3,-7.00,0,M,0
TEX,NA,-3,-8.00,0,M,0
TEX,NA,-2,-10.00,0,M,0
TEX,NA,-3,-10.00,0,M,0
TEX,NA,-3,-8.00,0,M,0
TEX,NA,-4,-8.00,0,M,0
TEX,NA,-5,-8.00,0,M,0
TEX,NA,-5,-9.00,0,M,0
TEX,NA,-4,-10.00,0,M,0
TEX,NA,-3,-10.00,0,M,0
TEX,NA,-3,-10.00,0,M,0
TEX,NA,-3,-12.00,0,M,0
TEX,NA,-3,-12.00,0,M,0
TEX,NA,-3,-12.00,0,M,0
TEX,NA,-6,-10.00,0,M,0
TEX,NA,-5,-11.00,0,M,0
TEX,NA,-4,-12.00,0,M,0
TEX,NA,-3,-14.00,0,M,0
TEX,NA,-5,-15.00,0,M,0
TEX,NA,-5,-13.00,0,M,0
TEX,NA,-5,-13.00,0,M,0
TEX,NA,-6,-13.00,0,M,0
TEX,NA,-6,-13.00,0,M,0
TEX,NA,-6,-15.00,0,M,0
TEX,NA,-6,-12.00,0,M,0
TEX,NA,-7,-11.00,0,M,0
TEX,NA,-7,-12.00,0,M,0
TEX,NA,-7,-12.00,0,M,0
TEX,NA,-7,-15.00,0,M,0
TEX,NA,-7,-17.00,0,M,0
TEX,NA,-7,-17.00,0,M,0
TEX,NA,-8,-16.00,0,M,0
TEX,NA,-8,-17.00,0,M,0
TEX,NA,-8,-17.00,0,M,0
TEX,NA,-8,-17.00,0,M,0
TEX,NA,-8,-18.00,0,M,0
TEX,NA,-8,-16.00,0,M,0
TEX,NA,-9,-15.00,0,M,0
TEX,NA,-9,-15.00,0,M,0
TEX,NA,-9,-16.00,0,M,0
TEX,NA,-9,-14.00,0,M,0
TEX,NA,-10,-15.00,0,M,0
TEX,NA,-10,-15.00,0,M,0
TEX,NA,-10,-14.00,0,M,0
TEX,NA,-10,-15.00,0,M,0
TEX,NA,-10,-14.00,0,M,0
TEX,NA,-11,-13.00,0,M,0
TEX,NA,-10,-13.00,0,M,0
TEX,NA,-11,-13.00,0,M,0
TEX,NA,-11,-13.00,0,M,0
TEX,NA,-11,-12.00,0,M,0
TEX,NA,-10,-12.00,0,M,0
TEX,NA,-10,-12.00,0,M,0
TEX,NA,-10,-12.00,0,M,0
TEX,NA,-10,-12.00,0,M,0
TEX,NA,-10,-13.00,0,M,0
TEX,NA,-11,-13.00,0,M,0
TEX,NA,-11,-13.00,0,M,0
TEX,NA,-11,-13.00,0,M,0
TEX,NA,-11,-13.00,0,M,0
TEX,NA,-11,-13.00,0,M,0
TEX,NA,-11,-13.00,0,M,0
TEX,NA,-11,-13.00,0,M,0
TEX,NA,-11,-13.00,0,M,0
TEX,NA,-11,-13.00,0,M,0
TEX,NA,-12,-14.00,0,M,0
TEX,NA,-12,-15.00,0,M,0
TEX,NA,-12,-15.00,0,M,0
TEX,NA,-12,-15.00,0,M,0
TEX,NA,-13,-16.00,0,M,0
TEX,NA,-12,-15.00,0,M,0
TEX,NA,-12,-15.00,0,M,0
TEX,NA,-12,-15.00,0,M,0
TEX,NA,-11,-15.00,0,M,0
TEX,NA,-11,-14.00,0,M,0
TEX,NA,-10,-14.00,0,M,0
TEX,NA,-9,-14.00,0,M,0
TEX,NA,-8,-14.00,0,M,0
TEX,NA,-8,-15.00,0,M,0
TEX,NA,-7,-15.00,0,M,0
TEX,NA,-7,-15.00,0,M,0
TEX,NA,-7,-15.00,0,M,0
TEX,NA,-6,-14.00,0,M,0
TEX,NA,-6,-14.00,0,M,0
TEX,NA,-6,-13.00,0,M,0
TEX,NA,-5,-14.00,0,M,0
TEX,NA,-5,-15.00,0,M,0
TEX,NA,-5,-15.00,0,M,0
TEX,NA,-5,-15.00,0,M,0
TEX,NA,-5,-14.00,0,M,0
TEX,NA,-5,-15.00,0,M,0
TEX,NA,-5,-16.00,0,M,0
TEX,NA,-5,-15.00,0,M,0
TEX,NA,-5,-16.00,0,M,0
TEX,NA,-6,-16.00,0,M,0
TEX,NA,-7,-16.00,0,M,0
TEX,NA,-7,-15.00,0,M,0
TEX,NA,-7,-15.00,0,M,0
TEX,NA,-7,-15.00,0,M,0
TEX,NA,-8,-16.00,0,M,0
TEX,NA,-8,-16.00,0,M,0
TEX,NA,-10,-15.00,0,M,0
TEX,NA,-10,-16.00,0,M,0
TEX,NA,-10,-15.00,0,M,0
TEX,NA,-11,-16.00,0,M,0
TEX,NA,-11,-16.00,0,M,0
TEX,NA,-11,-16.00,0,M,0
TEX,NA,-11,-16.00,0,M,0
TEX,NA,-11,-16.00,0,M,0
TEX,NA,-11,-16.00,0,M,0
TEX,NA,-12,-16.00,0,M,0
TEX,NA,-12,-16.00,0,M,0
TEX,NA,-12,-16.00,0,M,0
TEX,NA,-11,-16.00,0,M,0
TEX,NA,-12,-16.00,0,M,0
TEX,NA,-12,-17.00,0,M,0
TEX,NA,-12,-17.00,0,M,0
TEX,NA,-12,-17.00,0,M,0
TEX,NA,-12,-17.00,0,M,0
TEX,NA,-13,-17.00,0,M,0
TEX,NA,-13,-17.00,0,M,0
TEX,NA,-12,-18.00,0,M,0
TEX,NA,-12,-17.00,0,M,0
TEX,NA,-12,-17.00,0,M,0
TEX,NA,-11,-18.00,0,M,0
TEX,NA,-11,-17.00,0,M,0
TEX,NA,-12,-17.00,0,M,0
TEX,NA,-11,-17.00,0,M,0
TEX,NA,-11,-18.00,0,M,0
TEX,NA,-11,-17.00,0,M,0
TEX,NA,-11,-17.00,0,M,0
TEX,NA,-10,-18.00,0,M,0
TEX,NA,-9,-18.00,0,M,0
TEX,NA,-9,-18.00,0,M,0
TEX,NA,-9,-17.00,0,M,0
TEX,NA,-8,-18.00,0,M,0
TEX,NA,-8,-18.00,0,M,0
TEX,NA,-7,-18.00,0,M,0
TEX,NA,-7,-17.00,0,M,0
TEX,NA,-6,-21.00,0,M,0
TEX,NA,-5,-18.00,0,M,0
TEX,NA,-5,-18.00,0,M,0
TEX,NA,-5,-17.00,0,M,0
TEX,NA,-5,-18.00,0,M,0
TEX,NA,-3,-20.00,0,M,0
TEX,NA,-3,-18.00,0,M,0
TEX,NA,-3,-16.00,0,M,0
TEX,NA,-2,-15.00,0,M,0
TEX,NA,-1,-15.00,0,M,0
TEX,NA,-1,-16.00,0,M,0
TEX,NA,0,-19.00,0,M,0
TEX,NA,0,-17.00,0,M,0
TEX,NA,1,-17.00,0,M,0
TEX,NA,2,-16.00,0,M,0
TEX,NA,3,-21.00,0,M,0
TEX,NA,3,-24.00,0,M,0
TEX,NA,5,-17.00,0,M,0
TEX,NA,4,-13.00,0,M,0
TEX,NA,5,-13.00,0,M,0
TEX,NA,5,-11.00,0,M,0
TEX,NA,4,-8.00,0,M,0
TEX,NA,4,-8.00,0,M,0
TEX,NA,3,-8.00,0,M,0
TEX,NA,3,-8.00,0,M,0
TEX,NA,3,-8.00,0,M,0
TEX,NA,3,-8.00,0,M,0
TEX,NA,2,-9.00,0,M,0
TEX,NA,2,-10.00,0,M,0
TEX,NA,1,-12.00,0,M,0
TEX,NA,1,-11.00,0,M,0
TEX,NA,1,-11.00,0,M,0
TEX,NA,1,-11.00,0,M,0
TEX,NA,1,-8.00,0,M,0
TEX,NA,0,-8.00,0,M,0
TEX,NA,0,-8.00,0,M,0
TEX,NA,0,-9.00,0,M,0
TEX,NA,0,-9.00,0,M,0
TEX,NA,0,-8.00,0,M,0
TEX,NA,0,-9.00,0,M,0
TEX,NA,0,-8.00,0,M,0
TEX,NA,-1,-8.00,0,M,0
TEX,NA,-1,-7.00,0,M,0
TEX,NA,-1,-7.00,0,M,0
TEX,NA,-1,-7.00,0,M,0
TEX,NA,-1,-7.00,0,M,0
TEX,NA,-1,-7.00,0,M,0
TEX,NA,-1,-7.00,0,M,0
TEX,NA,-1,-7.00,0,M,0
TEX,NA,-1,-7.00,0,M,0
TEX,NA,-2,-7.00,0,M,0
TEX,NA,-1,-7.00,0,M,0
TEX,NA,-1,-7.00,0,M,0
TEX,NA,-1,-7.00,0,M,0
TEX,NA,-1,-8.00,0,M,0
TEX,NA,-1,-8.00,0,M,0
TEX,NA,-2,-8.00,0,M,0
TEX,NA,-2,-8.00,0,M,0
TEX,NA,-2,-8.00,0,M,0
TEX,NA,-3,-10.00,0,M,0
TEX,NA,-3,-10.00,0,M,0
TEX,NA,-3,-10.00,0,M,0
TEX,NA,-3,-11.00,0,M,0
TEX,NA,-3,-11.00,0,M,0
TEX,NA,-2,-11.00,0,M,0
TEX,NA,-3,-12.00,0,M,0
TEX,NA,-3,-12.00,0,M,0
TEX,NA,-3,-12.00,0,M,0
TEX,NA,-4,-12.00,0,M,0
TEX,NA,-3,-12.00,0,M,0
TEX,NA,-3,-12.00,0,M,0
TEX,NA,-3,-13.00,0,M,0
TEX,NA,-3,-13.00,0,M,0
TEX,NA,-3,-13.00,0,M,0
TEX,NA,-4,-13.00,0,M,0
TEX,NA,-2,-13.00,0,M,0
TEX,NA,-2,-13.00,0,M,0
TEX,NA,-1,-12.00,0,M,0
TEX,NA,-1,-12.00,0,M,0
TEX,NA,-1,-12.00,0,M,0
TEX,NA,0,-12.00,0,M,0
TEX,NA,1,-11.00,0,M,0
TEX,NA,1,-11.00,0,M,0
TEX,NA,3,-11.00,0,M,0
TEX,NA,3,-11.00,0,M,0
TEX,NA,4,-10.00,0,M,0
TEX,NA,5,-10.00,0,M,0
TEX,NA,6,-8.00,0,M,2.01
TEX,NA,6,-8.00,0,M,2.01
TEX,NA,6,-8.00,0,M,2.01
TEX,NA,6,-8.00,0,M,2.01
TEX,NA,6,-9.00,0,M,2.01
TEX,NA,6,-9.00,0,M,2.01
TEX,NA,6,-9.00,0,M,2.01
TEX,NA,6,-9.00,0,M,2.01
TEX,NA,6,-9.00,0,M,2.01
TEX,NA,5,-9.00,0,M,0
TEX,NA,5,-8.00,0,M,0
TEX,NA,5,-9.00,0,M,0
TEX,NA,4,-9.00,0,M,0
TEX,NA,3,-9.00,0,M,0
TEX,NA,3,-9.00,0,M,0
TEX,NA,2,-9.00,0,M,0
TEX,NA,2,-8.00,0,M,0
TEX,NA,1,-8.00,0,M,0
TEX,NA,0,-7.00,0,M,0
TEX,NA,0,-8.00,0,M,0
TEX,NA,0,-8.00,0,M,0
TEX,NA,0,-9.00,0,M,0
TEX,NA,0,-9.00,0,M,0
TEX,NA,0,-10.00,0,M,0
TEX,NA,0,-11.00,0,M,0
TEX,NA,-1,-12.00,0,M,0
TEX,NA,-1,-13.00,0,M,0
TEX,NA,0,-13.00,0,M,0
TEX,NA,-1,-13.00,0,M,0
TEX,NA,0,-15.00,0,M,0
TEX,NA,-1,-15.00,0,M,0
TEX,NA,-1,-16.00,0,M,0
TEX,NA,-1,-16.00,0,M,0
TEX,NA,-1,-17.00,0,M,0
TEX,NA,-1,-17.00,0,M,0
TEX,NA,-1,-17.00,0,M,0
TEX,NA,-1,-17.00,0,M,0
TEX,NA,-1,-17.00,0,M,0
TEX,NA,0,-18.00,0,M,0
TEX,NA,0,-18.00,0,M,0
TEX,NA,-1,-17.00,0,M,0
TEX,NA,0,-18.00,0,M,0
TEX,NA,-1,-18.00,0,M,0
TEX,NA,0,-18.00,0,M,0
TEX,NA,1,-21.00,0,M,0
TEX,NA,1,-20.00,0,M,0
TEX,NA,2,-22.00,0,M,0
TEX,NA,2,-23.00,0,M,0
TEX,NA,3,-24.00,0,M,0
TEX,NA,3,-23.00,0,M,0
TEX,NA,3,-23.00,0,M,0
TEX,NA,3,-22.00,0,M,0
TEX,NA,3,-23.00,0,M,0
TEX,NA,3,-22.00,0,M,0
TEX,NA,3,-21.00,0,M,0
TEX,NA,3,-13.00,0,M,0
TEX,NA,3,-10.00,0,M,0
TEX,NA,3,-8.00,0,M,0
TEX,NA,2,-7.00,0,M,0
TEX,NA,3,-8.00,0,M,0
TEX,NA,2,-7.00,0,M,0
TEX,NA,2,-7.00,0,M,0
TEX,NA,2,-7.00,0,M,0
TEX,NA,3,-8.00,0,M,0
TEX,NA,3,-8.00,0,M,0
TEX,NA,3,-8.00,0,M,0
TEX,NA,4,-10.00,0,M,0
TEX,NA,5,-9.00,0,M,0
TEX,NA,4,-10.00,0,M,0
TEX,NA,5,-10.00,0,M,0
TEX,NA,6,-12.00,0,M,2.01
TEX,NA,6,-14.00,0,M,2.01
TEX,NA,6,-16.00,0,M,2.01
TEX,NA,7,-17.00,0,M,4.02
TEX,NA,7,-18.00,0,M,4.02
TEX,NA,7,-21.00,0,M,4.02
TEX,NA,7,-22.00,0,M,4.02
TEX,NA,6,-21.00,0,M,2.01
TEX,NA,6,-22.00,0,M,2.01
TEX,NA,6,-20.00,0,M,2.01
TEX,NA,6,-20.00,0,M,2.01
TEX,NA,6,-19.00,0,M,2.01
TEX,NA,5,-19.00,0,M,0
TEX,NA,5,-18.00,0,M,0
TEX,NA,5,-17.00,0,M,0
TEX,NA,4,-16.00,0,M,0
TEX,NA,4,-16.00,0,M,0
TEX,NA,4,-17.00,0,M,0
TEX,NA,4,-16.00,0,M,0
TEX,NA,3,-14.00,0,M,0
TEX,NA,3,-13.00,0,M,0
TEX,NA,3,-13.00,0,M,0
TEX,NA,3,-13.00,0,M,0
TEX,NA,3,-13.00,0,M,0
TEX,NA,2,-12.00,0,M,0
TEX,NA,2,-12.00,0,M,0
TEX,NA,3,-14.00,0,M,0
TEX,NA,2,-13.00,0,M,0
TEX,NA,2,-14.00,0,M,0
TEX,NA,2,-14.00,0,M,0
TEX,NA,2,-12.00,0,M,0
TEX,NA,2,-14.00,0,M,0
TEX,NA,2,-13.00,0,M,0
TEX,NA,2,-13.00,0,M,0
TEX,NA,2,-12.00,0,M,0
TEX,NA,2,-12.00,0,M,0
TEX,NA,2,-12.00,0,M,0
TEX,NA,2,-11.00,0,M,0
TEX,NA,1,-9.00,0,M,0
TEX,NA,1,-8.00,0,M,0
TEX,NA,1,-8.00,0,M,0
TEX,NA,1,-8.00,0,M,0
TEX,NA,1,-8.00,0,M,0
TEX,NA,1,-9.00,0,M,0
TEX,NA,1,-9.00,0,M,0
TEX,NA,2,-10.00,0,M,0
TEX,NA,2,-10.00,0,M,0
TEX,NA,2,-10.00,0,M,0
TEX,NA,2,-9.00,0,M,0
TEX,NA,2,-10.00,0,M,0
TEX,NA,2,-10.00,0,M,0
TEX,NA,2,-10.00,0,M,0
TEX,NA,2,-11.00,0,M,0
TEX,NA,2,-10.00,0,M,0
TEX,NA,2,-10.00,0,M,0
TEX,NA,2,-10.00,0,M,0
TEX,NA,2,-10.00,0,M,0
TEX,NA,1,-10.00,0,M,0
TEX,NA,2,-10.00,0,M,0
TEX,NA,2,-11.00,0,M,0
TEX,NA,1,-10.00,0,M,0
TEX,NA,2,-10.00,0,M,0
TEX,NA,2,-10.00,0,M,0
TEX,NA,2,-9.00,0,M,0
TEX,NA,2,-8.00,0,M,0
TEX,NA,2,-8.00,0,M,0
TEX,NA,2,-8.00,0,M,0
TEX,NA,2,-8.00,0,M,0
TEX,NA,3,-8.00,0,M,0
TEX,NA,3,-8.00,0,M,0
TEX,NA,3,-8.00,0,M,0
TEX,NA,3,-7.00,0,M,0
TEX,NA,3,-7.00,0,M,0
TEX,NA,1,-5.00,0,M,0
TEX,NA,1,-5.00,0,M,0
TEX,NA,1,-4.00,0,M,0
TEX,NA,1,-5.00,0,M,0
TEX,NA,0,-2.00,0,M,0
TEX,NA,0,-1.00,0.25,M,0
TEX,NA,0,-2.00,0.25,M,0
TEX,NA,1,-2.00,0,M,0
TEX,NA,2,-1.00,0,M,0
TEX,NA,2,-1.00,0,M,0
TEX,NA,2,-3.00,0,M,0
TEX,NA,2,-3.00,0,M,0
TEX,NA,1,-3.00,0,M,0
TEX,NA,0,-2.00,0,M,0
TEX,NA,1,-3.00,0,M,0
TEX,NA,0,-3.00,0,M,0
TEX,NA,0,-2.00,0,M,0
TEX,NA,0,-3.00,0,M,0
TEX,NA,0,-3.00,0,M,0
TEX,NA,0,-2.00,0,M,0
TEX,NA,-1,-3.00,0,M,0
TEX,NA,0,-4.00,0,M,0
TEX,NA,0,-3.00,0,M,0
TEX,NA,0,-5.00,0,M,0
TEX,NA,0,-4.00,0,M,0
TEX,NA,0,-5.00,0,M,0
TEX,NA,0,-5.00,0,M,0
TEX,NA,0,-3.00,0,M,0
TEX,NA,0,-3.00,0,M,0
TEX,NA,0,-3.00,0,M,0
TEX,NA,0,-2.00,0,M,0
TEX,NA,0,-2.00,0,M,0
TEX,NA,0,-2.00,0,M,0
TEX,NA,-1,-2.00,0,M,0
TEX,NA,-1,-2.00,0,M,0
TEX,NA,-1,-2.00,0,M,0
TEX,NA,-1,-2.00,0,M,0
TEX,NA,0,-1.00,0,M,0
TEX,NA,0,-1.00,0,M,0
TEX,NA,-1,-1.00,0,M,0
TEX,NA,0,-1.00,0,M,0
TEX,NA,0,-1.00,0,M,0
TEX,NA,-1,-1.00,0,M,0
TEX,NA,-1,-1.00,0,M,0
TEX,NA,-1,-2.00,0,M,0
TEX,NA,-1,-2.00,0,M,0
TEX,NA,-1,-2.00,0,M,0
TEX,NA,-1,-2.00,0,M,0
TEX,NA,-1,-2.00,0,M,0
TEX,NA,-1,-2.00,0,M,0
TEX,NA,-1,-2.00,0,M,0
TEX,NA,-1,-2.00,0,M,0
TEX,NA,-1,-2.00,0,M,0
TEX,NA,-2,-3.00,0,M,0
TEX,NA,-2,-3.00,0,M,0
TEX,NA,-2,-3.00,0,M,0
TEX,NA,-2,-3.00,0,M,0
TEX,NA,-2,-3.00,0,M,0
TEX,NA,-2,-3.00,0,M,0
TEX,NA,-2,-4.00,0,M,0
TEX,NA,-3,-5.00,0,M,0
TEX,NA,-3,-4.00,0,M,0
TEX,NA,-3,-5.00,0,M,0
TEX,NA,-3,-3.00,0,M,0
TEX,NA,-3,-4.00,0,M,0
TEX,NA,-2,-3.00,0,M,0
TEX,NA,-2,-3.00,0,M,0
TEX,NA,-2,-3.00,0,M,0
TEX,NA,-2,-3.00,0,M,0
TEX,NA,-2,-3.00,0,M,0
TEX,NA,-1,-2.00,0,M,0
TEX,NA,-1,-2.00,0,M,0
TEX,NA,-1,-2.00,0,M,0
TEX,NA,-1,-2.00,0,M,0
TEX,NA,-1,-2.00,0,M,0
TEX,NA,-1,-2.00,0,M,0
TEX,NA,-1,-2.00,0,M,0
TEX,NA,-1,-2.00,0,M,0
TEX,NA,-1,-3.00,0,M,0
TEX,NA,-1,-3.00,0,M,0
TEX,NA,-1,-3.00,0,M,0
TEX,NA,0,-3.00,0,M,0
TEX,NA,-1,-3.00,0,M,0
TEX,NA,-1,-3.00,0,M,0
TEX,NA,-1,-3.00,0,M,0
TEX,NA,-1,-3.00,0,M,0
TEX,NA,-1,-3.00,0,M,0
TEX,NA,-1,-3.00,0,M,0
TEX,NA,-1,-2.00,0,M,0
TEX,NA,-1,-2.00,0,M,0
TEX,NA,-1,-2.00,0,M,0
TEX,NA,-1,-2.00,0,M,0
TEX,NA,-1,-2.00,0,M,0
TEX,NA,-1,-2.00,0,M,0
TEX,NA,-1,-2.00,0,M,0
TEX,NA,-1,-2.00,0,M,0
TEX,NA,-1,-2.00,0,M,0
TEX,NA,-2,-2.00,0,M,0
TEX,NA,-2,-2.00,0,M,0
TEX,NA,-2,-2.00,0,M,0
TEX,NA,-2,-2.00,0,M,0
TEX,NA,-2,-3.00,0,M,0
TEX,NA,-2,-3.00,0,M,0
TEX,NA,-3,-3.00,0,M,0
TEX,NA,-3,-4.00,0,M,0
TEX,NA,-3,-4.00,0,M,0
TEX,NA,-3,-4.00,0,M,0
TEX,NA,-3,-4.00,0,M,0
TEX,NA,-3,-5.00,0,M,0
TEX,NA,-3,-5.00,0,M,0
TEX,NA,-4,-6.00,0,M,0
TEX,NA,-4,-5.00,0,M,0
TEX,NA,-4,-5.00,0,M,0
TEX,NA,-4,-5.00,0,M,0
TEX,NA,-4,-6.00,0,M,0
TEX,NA,-5,-6.00,0,M,0
TEX,NA,-5,-6.00,0,M,0
TEX,NA,-5,-7.00,0,M,0
TEX,NA,-6,-7.00,0,M,0
TEX,NA,-6,-7.00,0,M,0
TEX,NA,-6,-8.00,0,M,0
TEX,NA,-7,-8.00,0,M,0
TEX,NA,-7,-9.00,0,M,0
TEX,NA,-7,-9.00,0,M,0
TEX,NA,-7,-10.00,0,M,0
TEX,NA,-7,-10.00,0,M,0
TEX,NA,-8,-10.00,0,M,0
TEX,NA,-7,-10.00,0,M,0
TEX,NA,-7,-9.00,0,M,0
TEX,NA,-7,-9.00,0,M,0
TEX,NA,-8,-10.00,0,M,0
TEX,NA,-7,-10.00,0,M,0
TEX,NA,-7,-10.00,0,M,0
TEX,NA,-7,-9.00,0,M,0
TEX,NA,-7,-9.00,0,M,0
TEX,NA,-6,-8.00,0,M,0
TEX,NA,-6,-8.00,0,M,0
TEX,NA,-6,-7.00,0,M,0
TEX,NA,-6,-8.00,0,M,0
TEX,NA,-5,-7.00,0,M,0
TEX,NA,-3,-7.00,0,M,0
TEX,NA,-2,-7.00,0,M,0
TEX,NA,-1,-8.00,0,M,0
TEX,NA,0,-6.00,0,M,0
TEX,NA,0,-7.00,0,M,0
TEX,NA,0,-6.00,0,M,0
TEX,NA,1,-9.00,1.27,M,0
TEX,NA,2,-10.00,3.3,M,0
TEX,NA,2,-11.00,0.51,M,0
TEX,NA,2,-12.00,0.51,M,0
TEX,NA,3,-13.00,0.51,M,0
TEX,NA,3,-12.00,0,M,0
TEX,NA,3,-13.00,0,M,0
TEX,NA,3,-17.00,0,M,0
TEX,NA,3,-17.00,0,M,0
TEX,NA,2,-16.00,0,M,0
TEX,NA,3,-17.00,0,M,0
TEX,NA,2,-17.00,0,M,0
TEX,NA,1,-12.00,0,M,0
TEX,NA,0,-10.00,0,M,0
TEX,NA,-1,-10.00,0,M,0
TEX,NA,-1,-11.00,0,M,0
TEX,NA,-1,-10.00,0,M,0
TEX,NA,-2,-10.00,0,M,0
TEX,NA,-2,-10.00,0,M,0
TEX,NA,-3,-10.00,0,M,0
TEX,NA,-3,-10.00,0,M,0
TEX,NA,-3,-10.00,0,M,0
TEX,NA,-3,-10.00,0,M,0
TEX,NA,-4,-10.00,0,M,0
TEX,NA,-4,-10.00,0,M,0
TEX,NA,-3,-10.00,0,M,0
TEX,NA,-3,-10.00,0,M,0
TEX,NA,-4,-10.00,0,M,0
TEX,NA,-5,-10.00,0,M,0
TEX,NA,-4,-10.00,0,M,0
TEX,NA,-5,-10.00,0,M,0
TEX,NA,-5,-10.00,0,M,0
TEX,NA,-3,-11.00,0,M,0
TEX,NA,-5,-11.00,0,M,0
TEX,NA,-5,-11.00,0,M,0
TEX,NA,-5,-11.00,0,M,0
TEX,NA,-5,-12.00,0,M,0
TEX,NA,-6,-11.00,0,M,0
TEX,NA,-5,-11.00,0,M,0
TEX,NA,-5,-11.00,0,M,0
TEX,NA,-5,-12.00,0,M,0
TEX,NA,-3,-13.00,0,M,0
TEX,NA,-5,-13.00,0,M,0
TEX,NA,-5,-13.00,0,M,0
TEX,NA,-5,-12.00,0,M,0
TEX,NA,-6,-13.00,0,M,0
TEX,NA,-5,-12.00,0,M,0
TEX,NA,-6,-13.00,0,M,0
TEX,NA,-5,-13.00,0,M,0
TEX,NA,-5,-13.00,0,M,0
TEX,NA,-5,-13.00,0,M,0
TEX,NA,-5,-13.00,0,M,0
TEX,NA,-5,-13.00,0,M,0
TEX,NA,-5,-13.00,0,M,0
TEX,NA,-5,-13.00,0,M,0
TEX,NA,-5,-13.00,0,M,0
TEX,NA,-5,-13.00,0,M,0
TEX,NA,-5,-13.00,0,M,0
TEX,NA,-3,-13.00,0,M,0
TEX,NA,-3,-14.00,0,M,0
TEX,NA,-2,-15.00,0,M,0
TEX,NA,-2,-14.00,0,M,0
TEX,NA,-1,-12.00,0,M,0
TEX,NA,-1,-12.00,0,M,0
TEX,NA,0,-12.00,0,M,0
TEX,NA,0,-12.00,0,M,0
TEX,NA,1,-15.00,0,M,0
TEX,NA,2,-13.00,0,M,0
TEX,NA,3,-13.00,0,M,0
TEX,NA,5,-13.00,0,M,0
TEX,NA,5,-12.00,0,M,0
TEX,NA,6,-13.00,0,M,2.01
TEX,NA,7,-22.00,0,M,4.02
TEX,NA,7,-17.00,0,M,4.02
TEX,NA,7,-16.00,0,M,4.02
TEX,NA,8,-17.00,0,M,6.029999999999999
TEX,NA,7,-15.00,0,M,4.02
TEX,NA,7,-15.00,0,M,4.02
TEX,NA,7,-13.00,0,M,4.02
TEX,NA,7,-13.00,0,M,4.02
TEX,NA,7,-13.00,0,M,4.02
TEX,NA,6,-13.00,0,M,2.01
TEX,NA,6,-13.00,0,M,2.01
TEX,NA,5,-12.00,0,M,0
TEX,NA,5,-13.00,0,M,0
TEX,NA,3,-12.00,0,M,0
TEX,NA,2,-11.00,0,M,0
TEX,NA,1,-10.00,0,M,0
TEX,NA,1,-10.00,0,M,0
TEX,NA,1,-10.00,0,M,0
TEX,NA,1,-10.00,0,M,0
TEX,NA,1,-10.00,0,M,0
TEX,NA,0,-11.00,0,M,0
TEX,NA,0,-11.00,0,M,0
TEX,NA,0,-12.00,0,M,0
TEX,NA,-1,-11.00,0,M,0
TEX,NA,-1,-12.00,0,M,0
TEX,NA,-1,-12.00,0,M,0
TEX,NA,0,-13.00,0,M,0
TEX,NA,0,-14.00,0,M,0
TEX,NA,-1,-14.00,0,M,0
TEX,NA,-2,-14.00,0,M,0
TEX,NA,-1,-15.00,0,M,0
TEX,NA,-1,-17.00,0,M,0
TEX,NA,-1,-16.00,0,M,0
TEX,NA,0,-17.00,0,M,0
TEX,NA,-1,-17.00,0,M,0
TEX,NA,-2,-16.00,0,M,0
TEX,NA,0,-18.00,0,M,0
TEX,NA,-2,-16.00,0,M,0
TEX,NA,-2,-17.00,0,M,0
TEX,NA,-1,-18.00,0,M,0
TEX,NA,-1,-17.00,0,M,0
TEX,NA,-1,-17.00,0,M,0
TEX,NA,-1,-17.00,0,M,0
TEX,NA,0,-18.00,0,M,0
TEX,NA,-1,-17.00,0,M,0
TEX,NA,-2,-16.00,0,M,0
TEX,NA,0,-18.00,0,M,0
TEX,NA,-1,-18.00,0,M,0
TEX,NA,-2,-18.00,0,M,0
TEX,NA,-1,-17.00,0,M,0
TEX,NA,-1,-17.00,0,M,0
TEX,NA,-1,-16.00,0,M,0
TEX,NA,-2,-16.00,0,M,0
TEX,NA,-1,-16.00,0,M,0
TEX,NA,-1,-16.00,0,M,0
TEX,NA,-1,-17.00,0,M,0
TEX,NA,-1,-16.00,0,M,0
TEX,NA,-1,-16.00,0,M,0
TEX,NA,-2,-15.00,0,M,0
TEX,NA,-1,-15.00,0,M,0
TEX,NA,-1,-15.00,0,M,0
TEX,NA,0,-15.00,0,M,0
TEX,NA,0,-15.00,0,M,0
TEX,NA,0,-14.00,0,M,0
TEX,NA,1,-16.00,0,M,0
TEX,NA,2,-16.00,0,M,0
TEX,NA,3,-15.00,0,M,0
TEX,NA,4,-15.00,0,M,0
TEX,NA,5,-14.00,0,M,0
TEX,NA,6,-16.00,0,M,2.01
TEX,NA,8,-25.00,0,M,6.029999999999999
TEX,NA,8,-26.00,0,M,6.029999999999999
TEX,NA,8,-26.00,0,M,6.029999999999999
TEX,NA,8,-26.00,0,M,6.029999999999999
TEX,NA,8,-26.00,0,M,6.029999999999999
TEX,NA,8,-24.00,0,M,6.029999999999999
TEX,NA,8,-26.00,0,M,6.029999999999999
TEX,NA,8,-25.00,0,M,6.029999999999999
TEX,NA,8,-27.00,0,M,6.029999999999999
TEX,NA,8,-28.00,0,M,6.029999999999999
TEX,NA,7,-25.00,0,M,4.02
TEX,NA,6,-21.00,0,M,2.01
TEX,NA,6,-21.00,0,M,2.01
TEX,NA,5,-21.00,0,M,0
TEX,NA,5,-18.00,0,M,0
TEX,NA,4,-17.00,0,M,0
TEX,NA,2,-17.00,0,M,0
TEX,NA,3,-17.00,0,M,0
TEX,NA,2,-16.00,0,M,0
TEX,NA,1,-16.00,0,M,0
TEX,NA,1,-16.00,0,M,0
TEX,NA,1,-16.00,0,M,0
TEX,NA,1,-16.00,0,M,0
TEX,NA,0,-15.00,0,M,0
TEX,NA,0,-16.00,0,M,0
TEX,NA,0,-16.00,0,M,0
TEX,NA,0,-16.00,0,M,0
TEX,NA,0,-16.00,0,M,0
TEX,NA,0,-16.00,0,M,0
TEX,NA,0,-16.00,0,M,0
TEX,NA,0,-16.00,0,M,0
TEX,NA,0,-17.00,0,M,0
TEX,NA,0,-17.00,0,M,0
TEX,NA,0,-17.00,0,M,0
TEX,NA,0,-17.00,0,M,0
TEX,NA,0,-17.00,0,M,0
TEX,NA,-1,-16.00,0,M,0
TEX,NA,-1,-17.00,0,M,0
TEX,NA,0,-18.00,0,M,0
TEX,NA,0,-18.00,0,M,0
TEX,NA,0,-18.00,0,M,0
TEX,NA,0,-18.00,0,M,0
TEX,NA,-1,-18.00,0,M,0
TEX,NA,0,-18.00,0,M,0
TEX,NA,0,-20.00,0,M,0
TEX,NA,0,-19.00,0,M,0
TEX,NA,0,-19.00,0,M,0
TEX,NA,0,-19.00,0,M,0
TEX,NA,0,-18.00,0,M,0
TEX,NA,0,-19.00,0,M,0
TEX,NA,0,-19.00,0,M,0
TEX,NA,0,-19.00,0,M,0
TEX,NA,0,-20.00,0,M,0
TEX,NA,0,-20.00,0,M,0
TEX,NA,0,-20.00,0,M,0
TEX,NA,0,-20.00,0,M,0
TEX,NA,-1,-20.00,0,M,0
TEX,NA,0,-20.00,0,M,0
TEX,NA,0,-20.00,0,M,0
TEX,NA,0,-20.00,0,M,0
TEX,NA,0,-19.00,0,M,0
TEX,NA,0,-20.00,0,M,0
TEX,NA,1,-20.00,0,M,0
TEX,NA,1,-20.00,0,M,0
TEX,NA,2,-20.00,0,M,0
TEX,NA,2,-18.00,0,M,0
TEX,NA,2,-18.00,0,M,0
TEX,NA,3,-18.00,0,M,0
TEX,NA,5,-20.00,0,M,0
TEX,NA,6,-19.00,0,M,2.01
TEX,NA,7,-17.00,0,M,4.02
TEX,NA,8,-17.00,0,M,6.029999999999999
TEX,NA,7,-18.00,0,M,4.02
TEX,NA,8,-20.00,0,M,6.029999999999999
TEX,NA,10,-23.00,0,M,10.049999999999999
TEX,NA,8,-22.00,0,M,6.029999999999999
TEX,NA,9,-23.00,0,M,8.04
TEX,NA,9,-22.00,0,M,8.04
TEX,NA,9,-24.00,0,M,8.04
TEX,NA,9,-25.00,0,M,8.04
TEX,NA,10,-23.00,0,M,10.049999999999999
TEX,NA,10,-25.00,0,M,10.049999999999999
TEX,NA,9,-25.00,0,M,8.04
TEX,NA,8,-22.00,0,M,6.029999999999999
TEX,NA,8,-21.00,0,M,6.029999999999999
TEX,NA,7,-21.00,0,M,4.02
TEX,NA,8,-25.00,0,M,6.029999999999999
TEX,NA,7,-22.00,0,M,4.02
TEX,NA,6,-21.00,0,M,2.01
TEX,NA,5,-20.00,0,M,0
TEX,NA,6,-20.00,0,M,2.01
TEX,NA,6,-20.00,0,M,2.01
TEX,NA,6,-22.00,0,M,2.01
TEX,NA,6,-24.00,0,M,2.01
TEX,NA,5,-21.00,0,M,0
TEX,NA,5,-22.00,0,M,0
TEX,NA,5,-23.00,0,M,0
TEX,NA,5,-23.00,0,M,0
TEX,NA,4,-23.00,0,M,0
TEX,NA,5,-25.00,0,M,0
TEX,NA,3,-23.00,0,M,0
TEX,NA,4,-25.00,0,M,0
TEX,NA,3,-24.00,0,M,0
TEX,NA,4,-25.00,0,M,0
TEX,NA,3,-24.00,0,M,0
TEX,NA,3,-22.00,0,M,0
TEX,NA,3,-22.00,0,M,0
TEX,NA,2,-20.00,0,M,0
TEX,NA,2,-18.00,0,M,0
TEX,NA,2,-20.00,0,M,0
TEX,NA,2,-19.00,0,M,0
TEX,NA,2,-18.00,0,M,0
TEX,NA,1,-17.00,0,M,0
TEX,NA,1,-17.00,0,M,0
TEX,NA,2,-18.00,0,M,0
TEX,NA,2,-17.00,0,M,0
TEX,NA,1,-16.00,0,M,0
TEX,NA,1,-16.00,0,M,0
TEX,NA,2,-17.00,0,M,0
TEX,NA,1,-17.00,0,M,0
TEX,NA,2,-15.00,0,M,0
TEX,NA,2,-15.00,0,M,0
TEX,NA,1,-13.00,0,M,0
TEX,NA,1,-13.00,0,M,0
TEX,NA,0,-13.00,0,M,0
TEX,NA,1,-13.00,0,M,0
TEX,NA,0,-13.00,0,M,0
TEX,NA,0,-12.00,0,M,0
TEX,NA,0,-13.00,0,M,0
TEX,NA,0,-13.00,0,M,0
TEX,NA,0,-12.00,0,M,0
TEX,NA,0,-12.00,0,M,0
TEX,NA,0,-12.00,0,M,0
TEX,NA,1,-12.00,0,M,0
TEX,NA,1,-11.00,0,M,0
TEX,NA,2,-11.00,0,M,0
TEX,NA,2,-11.00,0,M,0
TEX,NA,3,-10.00,0,M,0
TEX,NA,3,-8.00,0,M,0
TEX,NA,5,-8.00,0,M,0
TEX,NA,5,-9.00,0,M,0
TEX,NA,6,-10.00,0,M,2.01
TEX,NA,6,-10.00,0,M,2.01
TEX,NA,7,-11.00,0,M,4.02
TEX,NA,7,-12.00,0,M,4.02
TEX,NA,7,-16.00,0,M,4.02
TEX,NA,7,-16.00,0,M,4.02
TEX,NA,7,-15.00,0,M,4.02
TEX,NA,8,-16.00,0,M,6.029999999999999
TEX,NA,8,-16.00,0,M,6.029999999999999
TEX,NA,8,-15.00,0,M,6.029999999999999
TEX,NA,7,-16.00,0,M,4.02
TEX,NA,7,-16.00,0,M,4.02
TEX,NA,7,-15.00,0,M,4.02
TEX,NA,6,-14.00,0,M,2.01
TEX,NA,6,-13.00,0,M,2.01
TEX,NA,6,-12.00,0,M,2.01
TEX,NA,5,-11.00,0,M,0
TEX,NA,5,-11.00,0,M,0
TEX,NA,4,-11.00,0,M,0
TEX,NA,4,-11.00,0,M,0
TEX,NA,4,-11.00,0,M,0
TEX,NA,4,-11.00,0,M,0
TEX,NA,3,-10.00,0,M,0
TEX,NA,3,-11.00,0,M,0
TEX,NA,3,-10.00,0,M,0
TEX,NA,3,-10.00,0,M,0
TEX,NA,2,-11.00,0,M,0
TEX,NA,3,-11.00,0,M,0
TEX,NA,3,-10.00,0,M,0
TEX,NA,3,-10.00,0,M,0
TEX,NA,3,-9.00,0,M,0
TEX,NA,3,-9.00,0,M,0
TEX,NA,3,-9.00,0,M,0
TEX,NA,3,-8.00,0,M,0
TEX,NA,3,-7.00,0,M,0
TEX,NA,3,-7.00,0,M,0
TEX,NA,3,-7.00,0,M,0
TEX,NA,3,-6.00,0,M,0
TEX,NA,3,-6.00,0,M,0
TEX,NA,3,-6.00,0,M,0
TEX,NA,3,-6.00,0,M,0
TEX,NA,2,-7.00,0,M,0
TEX,NA,2,-6.00,0,M,0
TEX,NA,3,-6.00,0,M,0
TEX,NA,3,-6.00,0,M,0
TEX,NA,3,-6.00,0,M,0
TEX,NA,3,-6.00,0,M,0
TEX,NA,2,-6.00,0,M,0
TEX,NA,2,-6.00,0,M,0
TEX,NA,2,-6.00,0,M,0
TEX,NA,2,-6.00,0,M,0
TEX,NA,2,-6.00,0,M,0
TEX,NA,2,-6.00,0,M,0
TEX,NA,2,-6.00,0,M,0
TEX,NA,2,-6.00,0,M,0
TEX,NA,2,-5.00,0,M,0
TEX,NA,1,-5.00,0,M,0
TEX,NA,2,-5.00,0,M,0
TEX,NA,2,-6.00,0,M,0
TEX,NA,1,-5.00,0,M,0
TEX,NA,1,-5.00,0,M,0
TEX,NA,2,-6.00,0,M,0
TEX,NA,2,-6.00,0,M,0
TEX,NA,1,-6.00,0,M,0
TEX,NA,1,-6.00,0,M,0
TEX,NA,2,-6.00,0,M,0
TEX,NA,2,-6.00,0,M,0
TEX,NA,2,-6.00,0,M,0
TEX,NA,3,-7.00,0,M,0
TEX,NA,3,-6.00,0,M,0
TEX,NA,4,-6.00,0,M,0
TEX,NA,4,-7.00,0,M,0
TEX,NA,5,-7.00,0,M,0
TEX,NA,5,-6.00,0,M,0
TEX,NA,5,-6.00,0,M,0
TEX,NA,5,-7.00,0,M,0
TEX,NA,5,-7.00,0,M,0
TEX,NA,5,-7.00,0,M,0
TEX,NA,6,-7.00,0,M,2.01
TEX,NA,6,-7.00,0,M,2.01
TEX,NA,6,-7.00,0,M,2.01
TEX,NA,5,-6.00,0,M,0
TEX,NA,5,-6.00,0,M,0
TEX,NA,5,-6.00,0,M,0
TEX,NA,5,-5.00,0,M,0
TEX,NA,5,-5.00,0,M,0
TEX,NA,5,-6.00,0,M,0
TEX,NA,5,-5.00,0,M,0
TEX,NA,4,-4.00,0,M,0
TEX,NA,3,-5.00,0,M,0
TEX,NA,3,-4.00,0,M,0
TEX,NA,2,-4.00,0,M,0
TEX,NA,2,-3.00,0,M,0
TEX,NA,1,-2.00,0,M,0
TEX,NA,1,-2.00,0,M,0
TEX,NA,0,-2.00,0,M,0
TEX,NA,0,-2.00,0,M,0
TEX,NA,0,-1.00,0,M,0
TEX,NA,0,-1.00,0,M,0
TEX,NA,0,-1.00,0,M,0
TEX,NA,0,-1.00,0,M,0
TEX,NA,0,-1.00,0,M,0
TEX,NA,0,-1.00,0,M,0
TEX,NA,0,-1.00,0,M,0
TEX,NA,0,-1.00,0,M,0
TEX,NA,0,-1.00,0,M,0
TEX,NA,0,-1.00,0,M,0
TEX,NA,0,-1.00,0,M,0
TEX,NA,0,-1.00,0,M,0
TEX,NA,0,-1.00,0,M,0
TEX,NA,0,-1.00,0,M,0
TEX,NA,0,-1.00,0,M,0
TEX,NA,0,-1.00,0,M,0
TEX,NA,0,-1.00,0,M,0
TEX,NA,0,-1.00,0,M,0
TEX,NA,0,-1.00,0,M,0
TEX,NA,0,-1.00,0,M,0
TEX,NA,0,-1.00,0,M,0
TEX,NA,0,-1.00,0,M,0
TEX,NA,0,-1.00,0,M,0
TEX,NA,0,-1.00,0,M,0
TEX,NA,0,-1.00,0,M,0
TEX,NA,0,-1.00,0,M,0
TEX,NA,0,-1.00,0,M,0
TEX,NA,0,-1.00,0,M,0
TEX,NA,0,-1.00,0,M,0
TEX,NA,0,-1.00,0,M,0
TEX,NA,0,-1.00,0,M,0
TEX,NA,0,-1.00,0,M,0
TEX,NA,0,-1.00,0,M,0
TEX,NA,0,-1.00,0,M,0
TEX,NA,0,-1.00,0,M,0
TEX,NA,0,-1.00,0,M,0
TEX,NA,0,-1.00,0,M,0
TEX,NA,0,-1.00,0,M,0
TEX,NA,0,-1.00,0,M,0
TEX,NA,0,-1.00,0,M,0
TEX,NA,0,-1.00,0,M,0
TEX,NA,0,-1.00,0,M,0
TEX,NA,0,-1.00,0,M,0
TEX,NA,0,-1.00,0,M,0
TEX,NA,0,-1.00,0,M,0
TEX,NA,0,-1.00,0,M,0
TEX,NA,0,0.00,0.51,M,0
TEX,NA,1,-1.00,0.51,M,0
TEX,NA,1,-1.00,0,M,0
TEX,NA,3,-1.00,0,M,0
TEX,NA,4,-2.00,0,M,0
TEX,NA,3,-3.00,0,M,0
TEX,NA,4,-3.00,0,M,0
TEX,NA,5,-4.00,0,M,0
TEX,NA,5,-6.00,0,M,0
TEX,NA,5,-5.00,0,M,0
TEX,NA,5,-5.00,0,M,0
TEX,NA,5,-4.00,0,M,0
TEX,NA,5,-5.00,0,M,0
TEX,NA,5,-4.00,0,M,0
TEX,NA,5,-3.00,0,M,0
TEX,NA,4,-2.00,0,M,0
TEX,NA,3,-2.00,0,M,0
TEX,NA,3,-2.00,0,M,0
TEX,NA,2,-1.00,0,M,0
TEX,NA,2,-1.00,0,M,0
TEX,NA,1,-1.00,0,M,0
TEX,NA,1,-1.00,0,M,0
TEX,NA,0,-2.00,0,M,0
TEX,NA,0,-1.00,0,M,0
TEX,NA,0,-2.00,0,M,0
TEX,NA,0,-4.00,0,M,0
TEX,NA,0,-3.00,0,M,0
TEX,NA,-1,-4.00,0,M,0
TEX,NA,0,-5.00,0,M,0
TEX,NA,-1,-5.00,0,M,0
TEX,NA,0,-5.00,0,M,0
TEX,NA,-1,-5.00,0,M,0
TEX,NA,-1,-5.00,0,M,0
TEX,NA,-1,-6.00,0,M,0
TEX,NA,-1,-7.00,0,M,0
TEX,NA,-1,-6.00,0,M,0
TEX,NA,-2,-6.00,0,M,0
TEX,NA,-1,-7.00,0,M,0
TEX,NA,-2,-7.00,0,M,0
TEX,NA,-2,-7.00,0,M,0
TEX,NA,-2,-8.00,0,M,0
TEX,NA,-2,-8.00,0,M,0
TEX,NA,-2,-9.00,0,M,0
TEX,NA,-2,-9.00,0,M,0
TEX,NA,-2,-10.00,0,M,0
TEX,NA,-2,-10.00,0,M,0
TEX,NA,-2,-10.00,0,M,0
TEX,NA,-2,-10.00,0,M,0
TEX,NA,-2,-10.00,0,M,0
TEX,NA,-2,-11.00,0,M,0
TEX,NA,-2,-10.00,0,M,0
TEX,NA,-2,-11.00,0,M,0
TEX,NA,-2,-11.00,0,M,0
TEX,NA,-2,-11.00,0,M,0
TEX,NA,-1,-11.00,0,M,0
TEX,NA,-2,-11.00,0,M,0
TEX,NA,-2,-11.00,0,M,0
TEX,NA,-2,-11.00,0,M,0
TEX,NA,-2,-11.00,0,M,0
TEX,NA,-1,-11.00,0,M,0
TEX,NA,-2,-10.00,0,M,0
TEX,NA,-1,-10.00,0,M,0
TEX,NA,-1,-9.00,0,M,0
TEX,NA,-1,-9.00,0,M,0
TEX,NA,-1,-9.00,0,M,0
TEX,NA,-1,-8.00,0,M,0
TEX,NA,0,-7.00,0,M,0
TEX,NA,0,-7.00,0,M,0
TEX,NA,1,-8.00,0,M,0
TEX,NA,1,-7.00,0,M,0
TEX,NA,2,-7.00,0,M,0
TEX,NA,2,-7.00,0,M,0
TEX,NA,5,-7.00,0,M,0
TEX,NA,5,-8.00,0,M,0
TEX,NA,6,-8.00,0,M,2.01
TEX,NA,6,-8.00,0,M,2.01
TEX,NA,6,-8.00,0,M,2.01
TEX,NA,6,-8.00,0,M,2.01
TEX,NA,6,-8.00,0,M,2.01
TEX,NA,6,-8.00,0,M,2.01
TEX,NA,6,-9.00,0,M,2.01
TEX,NA,6,-8.00,0,M,2.01
TEX,NA,6,-8.00,0,M,2.01
TEX,NA,6,-9.00,0,M,2.01
TEX,NA,6,-9.00,0,M,2.01
TEX,NA,5,-8.00,0,M,0
TEX,NA,5,-9.00,0,M,0
TEX,NA,5,-10.00,0,M,0
TEX,NA,5,-10.00,0,M,0
TEX,NA,5,-9.00,0,M,0
TEX,NA,5,-8.00,0,M,0
TEX,NA,4,-8.00,0,M,0
TEX,NA,4,-7.00,0,M,0
TEX,NA,3,-6.00,0,M,0
TEX,NA,3,-6.00,0,M,0
TEX,NA,3,-5.00,0,M,0
TEX,NA,2,-5.00,0,M,0
TEX,NA,2,-5.00,0,M,0
TEX,NA,2,-5.00,0,M,0
TEX,NA,2,-5.00,0,M,0
TEX,NA,2,-5.00,0,M,0
TEX,NA,1,-5.00,0,M,0
TEX,NA,2,-5.00,0,M,0
TEX,NA,2,-6.00,0,M,0
TEX,NA,2,-5.00,0,M,0
TEX,NA,2,-5.00,0,M,0
TEX,NA,2,-5.00,0,M,0
TEX,NA,2,-5.00,0,M,0
TEX,NA,0,-4.00,0,M,0
TEX,NA,1,-4.00,0,M,0
TEX,NA,1,-4.00,0,M,0
TEX,NA,0,-4.00,0,M,0
TEX,NA,0,-4.00,0,M,0
TEX,NA,1,-3.00,0,M,0
TEX,NA,0,-3.00,0,M,0
TEX,NA,0,-2.00,0,M,0
TEX,NA,0,-2.00,0,M,0
TEX,NA,0,-2.00,0,M,0
TEX,NA,0,-1.00,0,M,0
TEX,NA,0,-1.00,0,M,0
TEX,NA,0,-1.00,0,M,0
TEX,NA,0,-1.00,0,M,0
TEX,NA,0,-1.00,0,M,0
TEX,NA,0,-1.00,0,M,0
TEX,NA,0,-1.00,0,M,0
TEX,NA,0,-1.00,0,M,0
TEX,NA,0,-1.00,0,M,0
TEX,NA,0,-1.00,0,M,0
TEX,NA,0,-1.00,0,M,0
TEX,NA,-1,-1.00,0,M,0
TEX,NA,0,-1.00,0,M,0
TEX,NA,0,-1.00,0,M,0
TEX,NA,-1,-1.00,0,M,0
TEX,NA,0,-1.00,0,M,0
TEX,NA,0,-1.00,0,M,0
TEX,NA,0,-1.00,0,M,0
TEX,NA,0,-1.00,0,M,0
TEX,NA,0,-1.00,0,M,0
TEX,NA,0,-2.00,0,M,0
TEX,NA,1,-3.00,0,M,0
TEX,NA,1,-4.00,0,M,0
TEX,NA,1,-5.00,0,M,0
TEX,NA,1,-3.00,0,M,0
TEX,NA,1,-5.00,0,M,0
TEX,NA,1,-4.00,0.51,M,0
TEX,NA,1,-5.00,1.27,M,0
TEX,NA,1,-5.00,0.51,M,0
TEX,NA,1,-6.00,0.51,M,0
TEX,NA,1,-6.00,0.51,M,0
TEX,NA,2,-6.00,0,M,0
TEX,NA,1,-5.00,0,M,0
TEX,NA,2,-5.00,0,M,0
TEX,NA,1,-5.00,0,M,0
TEX,NA,1,-5.00,0,M,0
TEX,NA,2,-6.00,0,M,0
TEX,NA,1,-5.00,0,M,0
TEX,NA,1,-4.00,0,M,0
TEX,NA,1,-4.00,0,M,0
TEX,NA,1,-4.00,0,M,0
TEX,NA,0,-3.00,0,M,0
TEX,NA,0,-3.00,0,M,0
TEX,NA,0,-3.00,0,M,0
TEX,NA,0,-3.00,0,M,0
TEX,NA,-1,-2.00,0,M,0
TEX,NA,-1,-3.00,0,M,0
TEX,NA,-1,-3.00,0,M,0
TEX,NA,-1,-3.00,0,M,0
TEX,NA,-1,-3.00,0,M,0
TEX,NA,-2,-3.00,0,M,0
TEX,NA,-2,-3.00,0,M,0
TEX,NA,-2,-3.00,0,M,0
TEX,NA,-2,-3.00,0,M,0
TEX,NA,-2,-3.00,0,M,0
TEX,NA,-2,-3.00,0,M,0
TEX,NA,-2,-3.00,0,M,0
TEX,NA,-2,-3.00,0,M,0
TEX,NA,-2,-3.00,0,M,0
TEX,NA,-2,-3.00,0,M,0
TEX,NA,-3,-4.00,0,M,0
TEX,NA,-3,-5.00,0,M,0
TEX,NA,-3,-5.00,0,M,0
TEX,NA,-3,-5.00,0,M,0
TEX,NA,-3,-6.00,0,M,0
TEX,NA,-3,-6.00,0,M,0
TEX,NA,-3,-6.00,0,M,0
TEX,NA,-4,-6.00,0,M,0
TEX,NA,-4,-6.00,0,M,0
TEX,NA,-4,-6.00,0,M,0
TEX,NA,-5,-6.00,0,M,0
TEX,NA,-5,-6.00,0,M,0
TEX,NA,-5,-7.00,0,M,0
TEX,NA,-6,-7.00,0,M,0
TEX,NA,-6,-8.00,0,M,0
TEX,NA,-7,-10.00,0,M,0
TEX,NA,-7,-10.00,0,M,0
TEX,NA,-7,-10.00,0,M,0
TEX,NA,-7,-10.00,0,M,0
TEX,NA,-7,-11.00,0,M,0
TEX,NA,-7,-11.00,0,M,0
TEX,NA,-7,-11.00,0,M,0
TEX,NA,-8,-10.00,0,M,0
TEX,NA,-8,-10.00,0,M,0
TEX,NA,-8,-10.00,0,M,0
TEX,NA,-8,-10.00,0,M,0
TEX,NA,-8,-11.00,0,M,0
TEX,NA,-9,-11.00,0,M,0
TEX,NA,-9,-12.00,0,M,0
TEX,NA,-9,-12.00,0,M,0
TEX,NA,-9,-12.00,0,M,0
TEX,NA,-8,-12.00,0,M,0
TEX,NA,-9,-12.00,0,M,0
TEX,NA,-9,-12.00,0,M,0
TEX,NA,-9,-12.00,0,M,0
TEX,NA,-8,-12.00,0,M,0
TEX,NA,-8,-12.00,0,M,0
TEX,NA,-7,-12.00,0,M,0
TEX,NA,-7,-12.00,0,M,0
TEX,NA,-6,-11.00,0,M,0
TEX,NA,-5,-11.00,0.25,M,0
TEX,NA,-5,-12.00,0.25,M,0
TEX,NA,-5,-12.00,0.25,M,0
TEX,NA,-5,-12.00,0,M,0
TEX,NA,-5,-11.00,0,M,0
TEX,NA,-5,-12.00,0,M,0
TEX,NA,-5,-12.00,0,M,0
TEX,NA,-5,-12.00,0,M,0
TEX,NA,-5,-12.00,0,M,0
TEX,NA,-5,-12.00,0,M,0
TEX,NA,-5,-12.00,0,M,0
TEX,NA,-5,-12.00,0,M,0
TEX,NA,-5,-11.00,0,M,0
TEX,NA,-6,-11.00,0,M,0
TEX,NA,-6,-11.00,0,M,0
TEX,NA,-6,-11.00,0,M,0
TEX,NA,-7,-11.00,0,M,0
TEX,NA,-7,-11.00,0,M,0
TEX,NA,-7,-12.00,0,M,0
TEX,NA,-8,-11.00,0,M,0
TEX,NA,-8,-11.00,0,M,0
TEX,NA,-8,-10.00,0,M,0
TEX,NA,-8,-10.00,0,M,0
TEX,NA,-8,-11.00,0,M,0
TEX,NA,-8,-11.00,0,M,0
TEX,NA,-8,-11.00,0,M,0
TEX,NA,-8,-11.00,0,M,0
TEX,NA,-9,-11.00,0,M,0
TEX,NA,-9,-11.00,0,M,0
TEX,NA,-9,-11.00,0,M,0
TEX,NA,-9,-11.00,0,M,0
TEX,NA,-10,-11.00,0,M,0
TEX,NA,-10,-11.00,0,M,0
TEX,NA,-10,-11.00,0,M,0
TEX,NA,-9,-12.00,0,M,0
TEX,NA,-9,-12.00,0,M,0
TEX,NA,-10,-12.00,0,M,0
TEX,NA,-10,-12.00,0,M,0
TEX,NA,-11,-12.00,0,M,0
TEX,NA,-11,-13.00,0,M,0
TEX,NA,-11,-13.00,0,M,0
TEX,NA,-11,-13.00,0,M,0
TEX,NA,-12,-15.00,0,M,0
TEX,NA,-13,-16.00,0,M,0
TEX,NA,-13,-16.00,0,M,0
TEX,NA,-13,-16.00,0,M,0
TEX,NA,-13,-16.00,0,M,0
TEX,NA,-13,-17.00,0,M,0
TEX,NA,-14,-17.00,0,M,0
TEX,NA,-13,-17.00,0,M,0
TEX,NA,-15,-18.00,0,M,0
TEX,NA,-15,-18.00,0,M,0
TEX,NA,-15,-19.00,0,M,0
TEX,NA,-15,-19.00,0,M,0
TEX,NA,-15,-19.00,0,M,0
TEX,NA,-15,-18.00,0,M,0
TEX,NA,-16,-18.00,0,M,0
TEX,NA,-16,-19.00,0,M,0
TEX,NA,-16,-20.00,0,M,0
TEX,NA,-16,-20.00,0,M,0
TEX,NA,-17,-20.00,0,M,0
TEX,NA,-16,-20.00,0,M,0
TEX,NA,-16,-20.00,0,M,0
TEX,NA,-16,-20.00,0,M,0
TEX,NA,-15,-19.00,0,M,0
TEX,NA,-14,-18.00,0,M,0
TEX,NA,-13,-18.00,0,M,0
TEX,NA,-13,-18.00,0,M,0
TEX,NA,-12,-17.00,0,M,0
TEX,NA,-12,-16.00,0,M,0
TEX,NA,-10,-17.00,0,M,0
TEX,NA,-10,-17.00,0,M,0
TEX,NA,-9,-16.00,0,M,0
TEX,NA,-7,-20.00,0,M,0
TEX,NA,-6,-22.00,0,M,0
TEX,NA,-6,-23.00,0,M,0
TEX,NA,-6,-22.00,0,M,0
TEX,NA,-6,-22.00,0,M,0
TEX,NA,-6,-23.00,0,M,0
TEX,NA,-5,-23.00,0,M,0
TEX,NA,-6,-23.00,0,M,0
TEX,NA,-6,-22.00,0,M,0
TEX,NA,-6,-20.00,0,M,0
TEX,NA,-6,-16.00,0,M,0
TEX,NA,-7,-15.00,0,M,0
TEX,NA,-7,-15.00,0,M,0
TEX,NA,-7,-16.00,0,M,0
TEX,NA,-7,-17.00,0,M,0
TEX,NA,-7,-20.00,0,M,0
TEX,NA,-8,-23.00,0,M,0
TEX,NA,-8,-21.00,0,M,0
TEX,NA,-8,-22.00,0,M,0
TEX,NA,-8,-20.00,0,M,0
TEX,NA,-9,-20.00,0,M,0
TEX,NA,-10,-19.00,0,M,0
TEX,NA,-10,-19.00,0,M,0
TEX,NA,-10,-18.00,0,M,0
TEX,NA,-10,-17.00,0,M,0
TEX,NA,-11,-17.00,0,M,0
TEX,NA,-11,-17.00,0,M,0
TEX,NA,-11,-17.00,0,M,0
TEX,NA,-12,-16.00,0,M,0
TEX,NA,-12,-17.00,0,M,0
TEX,NA,-12,-18.00,0,M,0
TEX,NA,-13,-18.00,0,M,0
TEX,NA,-13,-18.00,0,M,0
TEX,NA,-13,-18.00,0,M,0
TEX,NA,-13,-18.00,0,M,0
TEX,NA,-14,-18.00,0,M,0
TEX,NA,-10,-24.00,0,M,0
TEX,NA,-10,-26.00,0,M,0
TEX,NA,-8,-29.00,0,M,0
TEX,NA,-8,-27.00,0,M,0
TEX,NA,-10,-27.00,0,M,0
TEX,NA,-8,-28.00,0,M,0
TEX,NA,-9,-28.00,0,M,0
TEX,NA,-10,-26.00,0,M,0
TEX,NA,-10,-26.00,0,M,0
TEX,NA,-11,-25.00,0,M,0
TEX,NA,-11,-25.00,0,M,0
TEX,NA,-12,-25.00,0,M,0
TEX,NA,-12,-24.00,0,M,0
TEX,NA,-12,-24.00,0,M,0
TEX,NA,-12,-24.00,0,M,0
TEX,NA,-12,-24.00,0,M,0
TEX,NA,-12,-24.00,0,M,0
TEX,NA,-12,-24.00,0,M,0
TEX,NA,-12,-23.00,0,M,0
TEX,NA,-13,-23.00,0,M,0
TEX,NA,-13,-23.00,0,M,0
TEX,NA,-13,-23.00,0,M,0
TEX,NA,-13,-23.00,0,M,0
TEX,NA,-13,-22.00,0,M,0
TEX,NA,-13,-22.00,0,M,0
TEX,NA,-13,-22.00,0,M,0
TEX,NA,-13,-22.00,0,M,0
TEX,NA,-13,-23.00,0,M,0
TEX,NA,-12,-23.00,0,M,0
TEX,NA,-12,-23.00,0,M,0
TEX,NA,-10,-25.00,0,M,0
TEX,NA,-10,-26.00,0,M,0
TEX,NA,-8,-26.00,0,M,0
TEX,NA,-8,-26.00,0,M,0
TEX,NA,-6,-26.00,0,M,0
TEX,NA,-6,-26.00,0,M,0
TEX,NA,-5,-25.00,0,M,0
TEX,NA,-3,-26.00,0,M,0
TEX,NA,-3,-27.00,0,M,0
TEX,NA,-3,-26.00,0,M,0
TEX,NA,-2,-25.00,0,M,0
TEX,NA,-2,-24.00,0,M,0
TEX,NA,-2,-23.00,0,M,0
TEX,NA,-2,-22.00,0,M,0
TEX,NA,-2,-20.00,0,M,0
TEX,NA,-2,-20.00,0,M,0
TEX,NA,-2,-18.00,0,M,0
TEX,NA,-2,-18.00,0,M,0
TEX,NA,-3,-16.00,0,M,0
TEX,NA,-3,-15.00,0,M,0
TEX,NA,-3,-14.00,0,M,0
TEX,NA,-3,-18.00,0,M,0
TEX,NA,-4,-21.00,0,M,0
TEX,NA,-5,-22.00,0,M,0
TEX,NA,-5,-21.00,0,M,0
TEX,NA,-5,-21.00,0,M,0
TEX,NA,-5,-21.00,0,M,0
TEX,NA,-5,-20.00,0,M,0
TEX,NA,-6,-18.00,0,M,0
TEX,NA,-6,-18.00,0,M,0
TEX,NA,-6,-18.00,0,M,0
TEX,NA,-7,-18.00,0,M,0
TEX,NA,-7,-17.00,0,M,0
TEX,NA,-7,-18.00,0,M,0
TEX,NA,-7,-18.00,0,M,0
TEX,NA,-8,-17.00,0,M,0
TEX,NA,-7,-17.00,0,M,0
TEX,NA,-8,-18.00,0,M,0
TEX,NA,-8,-17.00,0,M,0
TEX,NA,-8,-17.00,0,M,0
TEX,NA,-8,-17.00,0,M,0
TEX,NA,-9,-17.00,0,M,0
TEX,NA,-9,-16.00,0,M,0
TEX,NA,-8,-16.00,0,M,0
TEX,NA,-8,-16.00,0,M,0
TEX,NA,-9,-16.00,0,M,0
TEX,NA,-9,-16.00,0,M,0
TEX,NA,-9,-16.00,0,M,0
TEX,NA,-10,-16.00,0,M,0
TEX,NA,-10,-16.00,0,M,0
TEX,NA,-9,-15.00,0,M,0
TEX,NA,-9,-15.00,0,M,0
TEX,NA,-10,-15.00,0,M,0
TEX,NA,-10,-15.00,0,M,0
TEX,NA,-10,-15.00,0,M,0
TEX,NA,-9,-15.00,0,M,0
TEX,NA,-10,-15.00,0,M,0
TEX,NA,-10,-14.00,0,M,0
TEX,NA,-10,-15.00,0,M,0
TEX,NA,-10,-15.00,0,M,0
TEX,NA,-10,-15.00,0,M,0
TEX,NA,-11,-15.00,0,M,0
TEX,NA,-10,-14.00,0,M,0
TEX,NA,-11,-14.00,0,M,0
TEX,NA,-10,-14.00,0,M,0
TEX,NA,-10,-14.00,0,M,0
TEX,NA,-10,-15.00,0,M,0
TEX,NA,-9,-15.00,0,M,0
TEX,NA,-10,-15.00,0,M,0
TEX,NA,-8,-15.00,0,M,0
TEX,NA,-8,-14.00,0,M,0
TEX,NA,-7,-15.00,0,M,0
TEX,NA,-6,-15.00,0,M,0
TEX,NA,-6,-15.00,0,M,0
TEX,NA,-5,-16.00,0,M,0
TEX,NA,-4,-16.00,0,M,0
TEX,NA,-3,-14.00,0,M,0
TEX,NA,-1,-19.00,0,M,0
TEX,NA,-1,-18.00,0,M,0
TEX,NA,-1,-17.00,0,M,0
TEX,NA,0,-19.00,0,M,0
TEX,NA,2,-21.00,0,M,0
TEX,NA,2,-25.00,0,M,0
TEX,NA,1,-24.00,0,M,0
TEX,NA,1,-22.00,0,M,0
TEX,NA,1,-28.00,0,M,0
TEX,NA,1,-30.00,0,M,0
TEX,NA,2,-30.00,0,M,0
TEX,NA,1,-27.00,0,M,0
TEX,NA,1,-25.00,0,M,0
TEX,NA,1,-23.00,0,M,0
TEX,NA,0,-22.00,0,M,0
TEX,NA,0,-21.00,0,M,0
TEX,NA,-1,-21.00,0,M,0
TEX,NA,-1,-20.00,0,M,0
TEX,NA,-2,-18.00,0,M,0
TEX,NA,-2,-18.00,0,M,0
TEX,NA,-3,-17.00,0,M,0
TEX,NA,-3,-17.00,0,M,0
TEX,NA,-4,-16.00,0,M,0
TEX,NA,-4,-16.00,0,M,0
TEX,NA,-5,-16.00,0,M,0
TEX,NA,-6,-17.00,0,M,0
TEX,NA,-5,-17.00,0,M,0
TEX,NA,-6,-17.00,0,M,0
TEX,NA,-7,-17.00,0,M,0
TEX,NA,-7,-16.00,0,M,0
TEX,NA,-7,-17.00,0,M,0
TEX,NA,-7,-17.00,0,M,0
TEX,NA,-7,-17.00,0,M,0
TEX,NA,-7,-17.00,0,M,0
TEX,NA,-8,-17.00,0,M,0
TEX,NA,-8,-18.00,0,M,0
TEX,NA,-8,-17.00,0,M,0
TEX,NA,-8,-18.00,0,M,0
TEX,NA,-8,-17.00,0,M,0
TEX,NA,-8,-17.00,0,M,0
TEX,NA,-8,-18.00,0,M,0
TEX,NA,-9,-18.00,0,M,0
TEX,NA,-9,-18.00,0,M,0
TEX,NA,-8,-19.00,0,M,0
TEX,NA,-8,-20.00,0,M,0
TEX,NA,-7,-20.00,0,M,0
TEX,NA,-8,-21.00,0,M,0
TEX,NA,-7,-21.00,0,M,0
TEX,NA,-8,-21.00,0,M,0
TEX,NA,-8,-22.00,0,M,0
TEX,NA,-7,-21.00,0,M,0
TEX,NA,-7,-22.00,0,M,0
TEX,NA,-8,-21.00,0,M,0
TEX,NA,-8,-22.00,0,M,0
TEX,NA,-8,-22.00,0,M,0
TEX,NA,-8,-21.00,0,M,0
TEX,NA,-9,-22.00,0,M,0
TEX,NA,-8,-22.00,0,M,0
TEX,NA,-8,-21.00,0,M,0
TEX,NA,-7,-21.00,0,M,0
TEX,NA,-8,-21.00,0,M,0
TEX,NA,-8,-21.00,0,M,0
TEX,NA,-8,-21.00,0,M,0
TEX,NA,-8,-22.00,0,M,0
TEX,NA,-7,-22.00,0,M,0
TEX,NA,-7,-21.00,0,M,0
TEX,NA,-6,-21.00,0,M,0
TEX,NA,-5,-21.00,0,M,0
TEX,NA,-5,-20.00,0,M,0
TEX,NA,-3,-21.00,0,M,0
TEX,NA,-2,-22.00,0,M,0
TEX,NA,-1,-23.00,0,M,0
TEX,NA,0,-20.00,0,M,0
TEX,NA,0,-25.00,0,M,0
TEX,NA,0,-23.00,0,M,0
TEX,NA,1,-25.00,0,M,0
TEX,NA,2,-23.00,0,M,0
TEX,NA,3,-30.00,0,M,0
TEX,NA,3,-26.00,0,M,0
TEX,NA,3,-28.00,0,M,0
TEX,NA,3,-28.00,0,M,0
TEX,NA,4,-30.00,0,M,0
TEX,NA,3,-27.00,0,M,0
TEX,NA,2,-25.00,0,M,0
TEX,NA,2,-21.00,0,M,0
TEX,NA,1,-18.00,0,M,0
TEX,NA,1,-17.00,0,M,0
TEX,NA,0,-17.00,0,M,0
TEX,NA,0,-17.00,0,M,0
TEX,NA,-1,-18.00,0,M,0
TEX,NA,-1,-18.00,0,M,0
TEX,NA,-1,-18.00,0,M,0
TEX,NA,-1,-18.00,0,M,0
TEX,NA,-1,-18.00,0,M,0
TEX,NA,-2,-17.00,0,M,0
TEX,NA,-2,-17.00,0,M,0
TEX,NA,-3,-16.00,0,M,0
TEX,NA,-3,-15.00,0,M,0
TEX,NA,-5,-15.00,0,M,0
TEX,NA,-5,-16.00,0,M,0
TEX,NA,-4,-16.00,0,M,0
TEX,NA,-3,-16.00,0,M,0
TEX,NA,-5,-16.00,0,M,0
TEX,NA,-5,-16.00,0,M,0
TEX,NA,-5,-16.00,0,M,0
TEX,NA,-5,-17.00,0,M,0
TEX,NA,-7,-17.00,0,M,0
TEX,NA,-4,-18.00,0,M,0
TEX,NA,-5,-17.00,0,M,0
TEX,NA,-5,-17.00,0,M,0
TEX,NA,-6,-17.00,0,M,0
TEX,NA,-3,-18.00,0,M,0
TEX,NA,-6,-17.00,0,M,0
TEX,NA,-5,-17.00,0,M,0
TEX,NA,-6,-18.00,0,M,0
TEX,NA,-5,-18.00,0,M,0
TEX,NA,-6,-18.00,0,M,0
TEX,NA,-5,-18.00,0,M,0
TEX,NA,-6,-18.00,0,M,0
TEX,NA,-6,-19.00,0,M,0
TEX,NA,-6,-18.00,0,M,0
TEX,NA,-5,-20.00,0,M,0
TEX,NA,-6,-18.00,0,M,0
TEX,NA,-5,-20.00,0,M,0
TEX,NA,-5,-20.00,0,M,0
TEX,NA,-5,-20.00,0,M,0
TEX,NA,-6,-19.00,0,M,0
TEX,NA,-5,-20.00,0,M,0
TEX,NA,-6,-19.00,0,M,0
TEX,NA,-5,-20.00,0,M,0
TEX,NA,-6,-19.00,0,M,0
TEX,NA,-5,-19.00,0,M,0
TEX,NA,-5,-20.00,0,M,0
TEX,NA,-6,-20.00,0,M,0
TEX,NA,-6,-20.00,0,M,0
TEX,NA,-5,-20.00,0,M,0
TEX,NA,-4,-20.00,0,M,0
TEX,NA,-3,-20.00,0,M,0
TEX,NA,-3,-19.00,0,M,0
TEX,NA,-2,-19.00,0,M,0
TEX,NA,-2,-18.00,0,M,0
TEX,NA,-1,-20.00,0,M,0
TEX,NA,0,-18.00,0,M,0
TEX,NA,0,-18.00,0,M,0
TEX,NA,1,-20.00,0,M,0
TEX,NA,2,-21.00,0,M,0
TEX,NA,3,-23.00,0,M,0
TEX,NA,3,-25.00,0,M,0
TEX,NA,5,-25.00,0,M,0
TEX,NA,5,-26.00,0,M,0
TEX,NA,5,-23.00,0,M,0
TEX,NA,5,-23.00,0,M,0
TEX,NA,5,-22.00,0,M,0
TEX,NA,6,-22.00,0,M,2.01
TEX,NA,5,-20.00,0,M,0
TEX,NA,5,-18.00,0,M,0
TEX,NA,4,-17.00,0,M,0
TEX,NA,3,-18.00,0,M,0
TEX,NA,3,-17.00,0,M,0
TEX,NA,2,-17.00,0,M,0
TEX,NA,2,-17.00,0,M,0
TEX,NA,1,-18.00,0,M,0
TEX,NA,0,-17.00,0,M,0
TEX,NA,0,-18.00,0,M,0
TEX,NA,0,-17.00,0,M,0
TEX,NA,0,-17.00,0,M,0
TEX,NA,-2,-15.00,0,M,0
TEX,NA,0,-16.00,0,M,0
TEX,NA,-1,-16.00,0,M,0
TEX,NA,-1,-16.00,0,M,0
TEX,NA,-2,-15.00,0,M,0
TEX,NA,-2,-15.00,0,M,0
TEX,NA,-2,-16.00,0,M,0
TEX,NA,-3,-16.00,0,M,0
TEX,NA,-3,-16.00,0,M,0
TEX,NA,-3,-16.00,0,M,0
TEX,NA,-3,-16.00,0,M,0
TEX,NA,-3,-16.00,0,M,0
TEX,NA,-3,-16.00,0,M,0
TEX,NA,-3,-17.00,0,M,0
TEX,NA,-3,-17.00,0,M,0
TEX,NA,-4,-17.00,0,M,0
TEX,NA,-4,-17.00,0,M,0
TEX,NA,-4,-18.00,0,M,0
TEX,NA,-3,-17.00,0,M,0
TEX,NA,-4,-18.00,0,M,0
TEX,NA,-4,-18.00,0,M,0
TEX,NA,-3,-18.00,0,M,0
TEX,NA,-4,-20.00,0,M,0
TEX,NA,-4,-18.00,0,M,0
TEX,NA,-5,-18.00,0,M,0
TEX,NA,-5,-19.00,0,M,0
TEX,NA,-5,-18.00,0,M,0
TEX,NA,-5,-19.00,0,M,0
TEX,NA,-5,-18.00,0,M,0
TEX,NA,-5,-19.00,0,M,0
TEX,NA,-5,-18.00,0,M,0
TEX,NA,-5,-18.00,0,M,0
TEX,NA,-5,-18.00,0,M,0
TEX,NA,-4,-19.00,0,M,0
TEX,NA,-4,-20.00,0,M,0
TEX,NA,-3,-19.00,0,M,0
TEX,NA,-5,-20.00,0,M,0
TEX,NA,-5,-19.00,0,M,0
TEX,NA,-5,-19.00,0,M,0
TEX,NA,-4,-19.00,0,M,0
TEX,NA,-3,-20.00,0,M,0
TEX,NA,-5,-19.00,0,M,0
TEX,NA,-4,-19.00,0,M,0
TEX,NA,-3,-19.00,0,M,0
TEX,NA,-2,-18.00,0,M,0
TEX,NA,-1,-19.00,0,M,0
TEX,NA,-1,-18.00,0,M,0
TEX,NA,-1,-18.00,0,M,0
TEX,NA,0,-18.00,0,M,0
TEX,NA,0,-18.00,0,M,0
TEX,NA,1,-18.00,0,M,0
TEX,NA,3,-18.00,0,M,0
TEX,NA,3,-19.00,0,M,0
TEX,NA,3,-18.00,0,M,0
TEX,NA,5,-20.00,0,M,0
TEX,NA,6,-22.00,0,M,2.01
TEX,NA,5,-21.00,0,M,0
TEX,NA,5,-20.00,0,M,0
TEX,NA,4,-19.00,0,M,0
TEX,NA,5,-18.00,0,M,0
TEX,NA,4,-19.00,0,M,0
TEX,NA,5,-20.00,0,M,0
TEX,NA,5,-20.00,0,M,0
TEX,NA,4,-19.00,0,M,0
TEX,NA,5,-18.00,0,M,0
TEX,NA,3,-18.00,0,M,0
TEX,NA,3,-17.00,0,M,0
TEX,NA,2,-16.00,0,M,0
TEX,NA,2,-16.00,0,M,0
TEX,NA,1,-15.00,0,M,0
TEX,NA,0,-15.00,0,M,0
TEX,NA,1,-15.00,0,M,0
TEX,NA,0,-15.00,0,M,0
TEX,NA,0,-15.00,0,M,0
TEX,NA,0,-15.00,0,M,0
TEX,NA,0,-15.00,0,M,0
TEX,NA,0,-13.00,0,M,0
TEX,NA,0,-15.00,0,M,0
TEX,NA,0,-13.00,0,M,0
TEX,NA,0,-13.00,0,M,0
TEX,NA,0,-12.00,0,M,0
TEX,NA,0,-13.00,0,M,0
TEX,NA,0,-13.00,0,M,0
TEX,NA,0,-13.00,0,M,0
TEX,NA,0,-13.00,0,M,0
TEX,NA,0,-13.00,0,M,0
TEX,NA,0,-13.00,0,M,0
TEX,NA,0,-13.00,0,M,0
TEX,NA,0,-13.00,0,M,0
TEX,NA,0,-11.00,0,M,0
TEX,NA,0,-13.00,0,M,0
TEX,NA,-1,-12.00,0,M,0
TEX,NA,0,-12.00,0,M,0
TEX,NA,-1,-12.00,0,M,0
TEX,NA,0,-13.00,0,M,0
TEX,NA,0,-13.00,0,M,0
TEX,NA,0,-13.00,0,M,0
TEX,NA,0,-13.00,0,M,0
TEX,NA,0,-13.00,0,M,0
TEX,NA,-1,-12.00,0,M,0
TEX,NA,-1,-12.00,0,M,0
TEX,NA,-1,-12.00,0,M,0
TEX,NA,-1,-12.00,0,M,0
TEX,NA,-1,-12.00,0,M,0
TEX,NA,-1,-12.00,0,M,0
TEX,NA,-1,-12.00,0,M,0
TEX,NA,-1,-12.00,0,M,0
TEX,NA,-1,-12.00,0,M,0
TEX,NA,-2,-12.00,0,M,0
TEX,NA,-1,-12.00,0,M,0
TEX,NA,-3,-12.00,0,M,0
TEX,NA,-2,-12.00,0,M,0
TEX,NA,-3,-12.00,0,M,0
TEX,NA,-3,-12.00,0,M,0
TEX,NA,-2,-12.00,0,M,0
TEX,NA,-2,-12.00,0,M,0
TEX,NA,-2,-13.00,0,M,0
TEX,NA,-2,-13.00,0,M,0
TEX,NA,-2,-12.00,0,M,0
TEX,NA,-1,-12.00,0,M,0
TEX,NA,1,-10.00,0,M,0
TEX,NA,1,-12.00,0,M,0
TEX,NA,2,-13.00,0,M,0
TEX,NA,3,-15.00,0,M,0
TEX,NA,3,-15.00,0,M,0
TEX,NA,2,-15.00,0,M,0
TEX,NA,2,-15.00,0,M,0
TEX,NA,2,-14.00,0,M,0
TEX,NA,3,-14.00,0,M,0
TEX,NA,3,-14.00,0,M,0
TEX,NA,3,-14.00,0,M,0
TEX,NA,3,-14.00,0,M,0
TEX,NA,3,-13.00,0,M,0
TEX,NA,2,-14.00,0,M,0
TEX,NA,2,-15.00,0,M,0
TEX,NA,1,-15.00,0,M,0
TEX,NA,1,-15.00,0,M,0
TEX,NA,1,-15.00,0,M,0
TEX,NA,1,-7.00,0,M,0
TEX,NA,0,-5.00,0,M,0
TEX,NA,0,-6.00,0,M,0
TEX,NA,-1,-6.00,0,M,0
TEX,NA,-1,-6.00,0,M,0
TEX,NA,-1,-6.00,0,M,0
TEX,NA,-1,-6.00,0,M,0
TEX,NA,-1,-7.00,0,M,0
TEX,NA,-2,-6.00,0,M,0
TEX,NA,-2,-6.00,0,M,0
TEX,NA,-2,-7.00,0,M,0
TEX,NA,-2,-7.00,0,M,0
TEX,NA,-2,-7.00,0,M,0
TEX,NA,-3,-8.00,0,M,0
TEX,NA,-3,-9.00,0,M,0
TEX,NA,-4,-10.00,0,M,0
TEX,NA,-3,-8.00,0,M,0
TEX,NA,-3,-10.00,0,M,0
TEX,NA,-3,-10.00,0,M,0
TEX,NA,-4,-10.00,0,M,0
TEX,NA,-5,-10.00,0,M,0
TEX,NA,-4,-9.00,0,M,0
TEX,NA,-5,-10.00,0,M,0
TEX,NA,-4,-11.00,0,M,0
TEX,NA,-5,-11.00,0,M,0
TEX,NA,-5,-11.00,0,M,0
TEX,NA,-5,-10.00,0,M,0
TEX,NA,-5,-10.00,0,M,0
TEX,NA,-5,-11.00,0,M,0
TEX,NA,-5,-11.00,0,M,0
TEX,NA,-4,-11.00,0,M,0
TEX,NA,-5,-11.00,0,M,0
TEX,NA,-5,-11.00,0,M,0
TEX,NA,-5,-11.00,0,M,0
TEX,NA,-5,-11.00,0,M,0
TEX,NA,-5,-11.00,0,M,0
TEX,NA,-5,-11.00,0,M,0
TEX,NA,-3,-11.00,0,M,0
TEX,NA,-4,-12.00,0,M,0
TEX,NA,-4,-12.00,0,M,0
TEX,NA,-4,-12.00,0,M,0
TEX,NA,-5,-12.00,0,M,0
TEX,NA,-5,-12.00,0,M,0
TEX,NA,-4,-11.00,0,M,0
TEX,NA,-3,-12.00,0,M,0
TEX,NA,-4,-12.00,0,M,0
TEX,NA,-5,-12.00,0,M,0
TEX,NA,-5,-12.00,0,M,0
TEX,NA,-3,-12.00,0,M,0
TEX,NA,-3,-12.00,0,M,0
TEX,NA,-3,-12.00,0,M,0
TEX,NA,-2,-12.00,0,M,0
TEX,NA,-2,-13.00,0,M,0
TEX,NA,-1,-13.00,0,M,0
TEX,NA,0,-13.00,0,M,0
TEX,NA,0,-13.00,0,M,0
TEX,NA,2,-13.00,0,M,0
TEX,NA,1,-15.00,0,M,0
TEX,NA,2,-15.00,0,M,0
TEX,NA,2,-15.00,0,M,0
TEX,NA,3,-15.00,0,M,0
TEX,NA,3,-16.00,0,M,0
TEX,NA,3,-16.00,0,M,0
TEX,NA,2,-16.00,0,M,0
TEX,NA,2,-15.00,0,M,0
TEX,NA,2,-14.00,0,M,0
TEX,NA,2,-14.00,0,M,0
TEX,NA,2,-13.00,0,M,0
TEX,NA,2,-13.00,0,M,0
TEX,NA,2,-12.00,0,M,0
TEX,NA,2,-12.00,0,M,0
TEX,NA,1,-12.00,0,M,0
TEX,NA,1,-11.00,0,M,0
TEX,NA,0,-11.00,0,M,0
TEX,NA,0,-11.00,0,M,0
TEX,NA,0,-11.00,0,M,0
TEX,NA,0,-11.00,0,M,0
TEX,NA,0,-11.00,0,M,0
TEX,NA,0,-11.00,0,M,0
TEX,NA,-1,-11.00,0,M,0
TEX,NA,-1,-10.00,0,M,0
TEX,NA,-1,-11.00,0,M,0
TEX,NA,-3,-11.00,0,M,0
TEX,NA,-2,-11.00,0,M,0
TEX,NA,-2,-11.00,0,M,0
TEX,NA,-3,-11.00,0,M,0
TEX,NA,-3,-11.00,0,M,0
TEX,NA,-3,-11.00,0,M,0
TEX,NA,-4,-11.00,0,M,0
TEX,NA,-4,-11.00,0,M,0
TEX,NA,-3,-12.00,0,M,0
TEX,NA,-4,-12.00,0,M,0
TEX,NA,-4,-12.00,0,M,0
TEX,NA,-4,-12.00,0,M,0
TEX,NA,-4,-12.00,0,M,0
TEX,NA,-4,-12.00,0,M,0
TEX,NA,-4,-12.00,0,M,0
TEX,NA,-5,-12.00,0,M,0
TEX,NA,-5,-12.00,0,M,0
TEX,NA,-6,-12.00,0,M,0
TEX,NA,-6,-12.00,0,M,0
TEX,NA,-5,-12.00,0,M,0
TEX,NA,-5,-12.00,0,M,0
TEX,NA,-5,-13.00,0,M,0
TEX,NA,-5,-12.00,0,M,0
TEX,NA,-6,-12.00,0,M,0
TEX,NA,-6,-13.00,0,M,0
TEX,NA,-6,-13.00,0,M,0
TEX,NA,-6,-13.00,0,M,0
TEX,NA,-6,-13.00,0,M,0
TEX,NA,-6,-12.00,0,M,0
TEX,NA,-6,-13.00,0,M,0
TEX,NA,-7,-14.00,0,M,0
TEX,NA,-7,-14.00,0,M,0
TEX,NA,-7,-15.00,0,M,0
TEX,NA,-7,-15.00,0,M,0
TEX,NA,-7,-15.00,0,M,0
TEX,NA,-7,-13.00,0,M,0
TEX,NA,-7,-14.00,0,M,0
TEX,NA,-7,-16.00,0,M,0
TEX,NA,-6,-14.00,0,M,0
TEX,NA,-6,-14.00,0,M,0
TEX,NA,-5,-15.00,0,M,0
TEX,NA,-3,-16.00,0,M,0
TEX,NA,-3,-15.00,0,M,0
TEX,NA,-2,-15.00,0,M,0
TEX,NA,-2,-15.00,0,M,0
TEX,NA,0,-16.00,0,M,0
TEX,NA,0,-15.00,0,M,0
TEX,NA,1,-15.00,0,M,0
TEX,NA,2,-16.00,0,M,0
TEX,NA,1,-15.00,0,M,0
TEX,NA,2,-15.00,0,M,0
TEX,NA,2,-16.00,0,M,0
TEX,NA,2,-17.00,0,M,0
TEX,NA,2,-17.00,0,M,0
TEX,NA,2,-16.00,0,M,0
TEX,NA,2,-15.00,0,M,0
TEX,NA,2,-15.00,0,M,0
TEX,NA,2,-13.00,0,M,0
TEX,NA,2,-13.00,0,M,0
TEX,NA,1,-12.00,0,M,0
TEX,NA,1,-12.00,0,M,0
TEX,NA,1,-12.00,0,M,0
TEX,NA,0,-12.00,0,M,0
TEX,NA,0,-12.00,0,M,0
TEX,NA,-1,-12.00,0,M,0
TEX,NA,-1,-12.00,0,M,0
TEX,NA,-1,-12.00,0,M,0
TEX,NA,-2,-12.00,0,M,0
TEX,NA,-2,-12.00,0,M,0
TEX,NA,-2,-12.00,0,M,0
TEX,NA,-5,-12.00,0,M,0
TEX,NA,-3,-12.00,0,M,0
TEX,NA,-3,-12.00,0,M,0
TEX,NA,-4,-13.00,0,M,0
TEX,NA,-3,-13.00,0,M,0
TEX,NA,-4,-13.00,0,M,0
TEX,NA,-5,-12.00,0,M,0
TEX,NA,-5,-13.00,0,M,0
TEX,NA,-5,-13.00,0,M,0
TEX,NA,-5,-13.00,0,M,0
TEX,NA,-5,-13.00,0,M,0
TEX,NA,-6,-13.00,0,M,0
TEX,NA,-5,-14.00,0,M,0
TEX,NA,-6,-15.00,0,M,0
TEX,NA,-6,-15.00,0,M,0
TEX,NA,-6,-14.00,0,M,0
TEX,NA,-6,-15.00,0,M,0
TEX,NA,-6,-16.00,0,M,0
TEX,NA,-7,-16.00,0,M,0
TEX,NA,-7,-16.00,0,M,0
TEX,NA,-7,-16.00,0,M,0
TEX,NA,-7,-17.00,0,M,0
TEX,NA,-7,-17.00,0,M,0
TEX,NA,-7,-17.00,0,M,0
TEX,NA,-7,-17.00,0,M,0
TEX,NA,-7,-19.00,0,M,0
TEX,NA,-7,-19.00,0,M,0
TEX,NA,-6,-18.00,0,M,0
TEX,NA,-8,-20.00,0,M,0
TEX,NA,-8,-20.00,0,M,0
TEX,NA,-6,-19.00,0,M,0
TEX,NA,-8,-20.00,0,M,0
TEX,NA,-7,-20.00,0,M,0
TEX,NA,-7,-20.00,0,M,0
TEX,NA,-8,-20.00,0,M,0
TEX,NA,-7,-20.00,0,M,0
TEX,NA,-7,-21.00,0,M,0
TEX,NA,-7,-21.00,0,M,0
TEX,NA,-7,-20.00,0,M,0
TEX,NA,-7,-21.00,0,M,0
TEX,NA,-6,-21.00,0,M,0
TEX,NA,-5,-21.00,0,M,0
TEX,NA,-5,-20.00,0,M,0
TEX,NA,-3,-18.00,0,M,0
TEX,NA,-3,-18.00,0,M,0
TEX,NA,-2,-20.00,0,M,0
TEX,NA,-1,-18.00,0,M,0
TEX,NA,0,-21.00,0,M,0
TEX,NA,1,-22.00,0,M,0
TEX,NA,1,-21.00,0,M,0
TEX,NA,2,-21.00,0,M,0
TEX,NA,2,-21.00,0,M,0
TEX,NA,2,-21.00,0,M,0
TEX,NA,2,-22.00,0,M,0
TEX,NA,3,-21.00,0,M,0
TEX,NA,3,-21.00,0,M,0
TEX,NA,3,-22.00,0,M,0
TEX,NA,3,-20.00,0,M,0
TEX,NA,3,-22.00,0,M,0
TEX,NA,2,-18.00,0,M,0
TEX,NA,2,-18.00,0,M,0
TEX,NA,2,-18.00,0,M,0
TEX,NA,2,-17.00,0,M,0
TEX,NA,1,-17.00,0,M,0
TEX,NA,0,-16.00,0,M,0
TEX,NA,0,-16.00,0,M,0
TEX,NA,0,-16.00,0,M,0
TEX,NA,0,-16.00,0,M,0
TEX,NA,0,-17.00,0,M,0
TEX,NA,0,-18.00,0,M,0
TEX,NA,0,-18.00,0,M,0
TEX,NA,0,-18.00,0,M,0
TEX,NA,0,-18.00,0,M,0
TEX,NA,0,-22.00,0,M,0
TEX,NA,0,-23.00,0,M,0
TEX,NA,0,-21.00,0,M,0
TEX,NA,0,-21.00,0,M,0
TEX,NA,0,-18.00,0,M,0
TEX,NA,-1,-13.00,0,M,0
TEX,NA,-1,-12.00,0,M,0
TEX,NA,-2,-12.00,0,M,0
TEX,NA,-2,-11.00,0,M,0
TEX,NA,-2,-11.00,0,M,0
TEX,NA,-2,-12.00,0,M,0
TEX,NA,-2,-11.00,0,M,0
TEX,NA,-2,-11.00,0,M,0
TEX,NA,-2,-11.00,0,M,0
TEX,NA,-2,-11.00,0,M,0
TEX,NA,-2,-11.00,0,M,0
TEX,NA,-2,-12.00,0,M,0
TEX,NA,-2,-12.00,0,M,0
TEX,NA,-2,-12.00,0,M,0
TEX,NA,-2,-12.00,0,M,0
TEX,NA,-2,-12.00,0,M,0
TEX,NA,-2,-10.00,0,M,0
TEX,NA,-2,-10.00,0,M,0
TEX,NA,-2,-9.00,0,M,0
TEX,NA,-3,-10.00,0,M,0
TEX,NA,-3,-9.00,0,M,0
TEX,NA,-3,-12.00,0,M,0
TEX,NA,-3,-12.00,0,M,0
TEX,NA,-3,-10.00,0,M,0
TEX,NA,-5,-8.00,0,M,0
TEX,NA,-5,-7.00,0,M,0
TEX,NA,-5,-7.00,0,M,0
TEX,NA,-5,-7.00,0,M,0
TEX,NA,-5,-7.00,0,M,0
TEX,NA,-5,-7.00,0,M,0
TEX,NA,-5,-7.00,0,M,0
TEX,NA,-5,-7.00,0,M,0
TEX,NA,-5,-7.00,0,M,0
TEX,NA,-5,-7.00,0,M,0
TEX,NA,-5,-7.00,0,M,0
TEX,NA,-5,-7.00,0,M,0
TEX,NA,-5,-7.00,0,M,0
TEX,NA,-5,-7.00,0,M,0
TEX,NA,-3,-7.00,0,M,0
TEX,NA,-3,-7.00,0,M,0
TEX,NA,-3,-7.00,0,M,0
TEX,NA,-3,-7.00,0,M,0
TEX,NA,-3,-7.00,0,M,0
TEX,NA,-2,-7.00,0,M,0
TEX,NA,-2,-8.00,0,M,0
TEX,NA,-2,-7.00,0,M,0
TEX,NA,-2,-8.00,0,M,0
TEX,NA,-2,-8.00,0,M,0
TEX,NA,-2,-8.00,0,M,0
TEX,NA,-2,-8.00,0,M,0
TEX,NA,-2,-8.00,0,M,0
TEX,NA,-3,-8.00,0,M,0
TEX,NA,-3,-7.00,0,M,0
TEX,NA,-3,-7.00,0,M,0
TEX,NA,-2,-7.00,0,M,0
TEX,NA,-3,-7.00,0,M,0
TEX,NA,-3,-7.00,0,M,0
TEX,NA,-3,-7.00,0,M,0
TEX,NA,-3,-7.00,0,M,0
TEX,NA,-4,-7.00,0,M,0
TEX,NA,-4,-8.00,0,M,0
TEX,NA,-4,-7.00,0,M,0
TEX,NA,-4,-7.00,0,M,0
TEX,NA,-5,-7.00,0,M,0
TEX,NA,-5,-6.00,0,M,0
TEX,NA,-5,-6.00,0,M,0
TEX,NA,-5,-6.00,0,M,0
TEX,NA,-5,-6.00,0,M,0
TEX,NA,-5,-6.00,0,M,0
TEX,NA,-5,-6.00,0,M,0
TEX,NA,-5,-6.00,0,M,0
TEX,NA,-5,-7.00,0,M,0
TEX,NA,-5,-7.00,0,M,0
TEX,NA,-5,-6.00,0,M,0
TEX,NA,-5,-7.00,0,M,0
TEX,NA,-5,-7.00,0,M,0
TEX,NA,-5,-7.00,0,M,0
TEX,NA,-5,-7.00,0,M,0
TEX,NA,-5,-7.00,0,M,0
TEX,NA,-5,-7.00,0,M,0
TEX,NA,-5,-8.00,0,M,0
TEX,NA,-6,-8.00,0,M,0
TEX,NA,-6,-8.00,0,M,0
TEX,NA,-6,-8.00,0,M,0
TEX,NA,-6,-8.00,0,M,0
TEX,NA,-6,-8.00,0,M,0
TEX,NA,-6,-8.00,0,M,0
TEX,NA,-6,-8.00,0,M,0
TEX,NA,-7,-8.00,0,M,0
TEX,NA,-6,-8.00,0,M,0
TEX,NA,-7,-8.00,0,M,0
TEX,NA,-7,-8.00,0,M,0
TEX,NA,-7,-9.00,0,M,0
TEX,NA,-7,-9.00,0,M,0
TEX,NA,-7,-9.00,0,M,0
TEX,NA,-7,-9.00,0,M,0
TEX,NA,-7,-9.00,0,M,0
TEX,NA,-7,-10.00,0,M,0
TEX,NA,-8,-10.00,0,M,0
TEX,NA,-8,-10.00,0,M,0
TEX,NA,-8,-10.00,0,M,0
TEX,NA,-8,-10.00,0,M,0
TEX,NA,-8,-10.00,0,M,0
TEX,NA,-8,-10.00,0,M,0
TEX,NA,-8,-10.00,0,M,0
TEX,NA,-8,-10.00,0,M,0
TEX,NA,-8,-11.00,0,M,0
TEX,NA,-8,-10.00,0,M,0
TEX,NA,-8,-10.00,0,M,0
TEX,NA,-8,-10.00,0,M,0
TEX,NA,-7,-10.00,0,M,0
TEX,NA,-7,-11.00,0,M,0
TEX,NA,-6,-11.00,0,M,0
TEX,NA,-5,-11.00,0,M,0
TEX,NA,-6,-12.00,0,M,0
TEX,NA,-5,-12.00,0.25,M,0
TEX,NA,-4,-11.00,0.25,M,0
TEX,NA,-5,-11.00,0,M,0
TEX,NA,-3,-11.00,0,M,0
TEX,NA,-4,-11.00,0,M,0
TEX,NA,-4,-11.00,0,M,0
TEX,NA,-3,-12.00,0,M,0
TEX,NA,-4,-12.00,0,M,0
TEX,NA,-3,-12.00,0,M,0
TEX,NA,-5,-10.00,0,M,0
TEX,NA,-5,-9.00,0,M,0
TEX,NA,-6,-8.00,0,M,0
TEX,NA,-6,-9.00,0,M,0
TEX,NA,-6,-9.00,0,M,0
TEX,NA,-5,-13.00,0,M,0
TEX,NA,-5,-13.00,0,M,0
TEX,NA,-6,-13.00,0,M,0
TEX,NA,-6,-13.00,0,M,0
TEX,NA,-6,-13.00,0,M,0
TEX,NA,-6,-12.00,0,M,0
TEX,NA,-6,-12.00,0,M,0
TEX,NA,-7,-12.00,0,M,0
TEX,NA,-7,-12.00,0,M,0
TEX,NA,-7,-12.00,0,M,0
TEX,NA,-7,-11.00,0,M,0
TEX,NA,-7,-11.00,0,M,0
TEX,NA,-7,-11.00,0,M,0
TEX,NA,-7,-11.00,0,M,0
TEX,NA,-8,-11.00,0,M,0
TEX,NA,-8,-11.00,0,M,0
TEX,NA,-8,-11.00,0,M,0
TEX,NA,-8,-12.00,0,M,0
TEX,NA,-8,-12.00,0,M,0
TEX,NA,-8,-12.00,0,M,0
TEX,NA,-9,-11.00,0,M,0
TEX,NA,-9,-11.00,0,M,0
TEX,NA,-8,-11.00,0,M,0
TEX,NA,-8,-11.00,0,M,0
TEX,NA,-8,-10.00,0,M,0
TEX,NA,-8,-10.00,0,M,0
TEX,NA,-8,-10.00,0,M,0
TEX,NA,-8,-10.00,0,M,0
TEX,NA,-8,-10.00,0,M,0
TEX,NA,-8,-10.00,0,M,0
TEX,NA,-8,-10.00,0,M,0
TEX,NA,-8,-10.00,0,M,0
TEX,NA,-8,-10.00,0,M,0
TEX,NA,-8,-10.00,0,M,0
TEX,NA,-8,-11.00,0,M,0
TEX,NA,-8,-10.00,0,M,0
TEX,NA,-8,-11.00,0,M,0
TEX,NA,-8,-11.00,0,M,0
TEX,NA,-8,-11.00,0,M,0
TEX,NA,-8,-10.00,0,M,0
TEX,NA,-8,-10.00,0,M,0
TEX,NA,-8,-11.00,0,M,0
TEX,NA,-9,-11.00,0,M,0
TEX,NA,-9,-11.00,0,M,0
TEX,NA,-9,-12.00,0,M,0
TEX,NA,-9,-11.00,0,M,0
TEX,NA,-10,-12.00,0,M,0
TEX,NA,-10,-12.00,0,M,0
TEX,NA,-10,-12.00,0,M,0
TEX,NA,-10,-12.00,0,M,0
TEX,NA,-10,-12.00,0,M,0
TEX,NA,-10,-12.00,0,M,0
TEX,NA,-10,-12.00,0,M,0
TEX,NA,-9,-13.00,0,M,0
TEX,NA,-8,-14.00,0,M,0
TEX,NA,-8,-15.00,0,M,0
TEX,NA,-7,-15.00,0.25,M,0
TEX,NA,-7,-16.00,0.25,M,0
TEX,NA,-6,-18.00,0,M,0
TEX,NA,-5,-20.00,0,M,0
TEX,NA,-3,-25.00,0,M,0
TEX,NA,-4,-23.00,0,M,0
TEX,NA,-5,-17.00,0,M,0
TEX,NA,-6,-16.00,0.25,M,0
TEX,NA,-5,-16.00,0,M,0
TEX,NA,-6,-17.00,0,M,0
TEX,NA,-5,-18.00,0,M,0
TEX,NA,-5,-17.00,0,M,0
TEX,NA,-6,-16.00,0,M,0
TEX,NA,-5,-16.00,0,M,0
TEX,NA,-6,-17.00,0,M,0
TEX,NA,-6,-17.00,0,M,0
TEX,NA,-6,-17.00,0,M,0
TEX,NA,-6,-17.00,0,M,0
TEX,NA,-7,-17.00,0,M,0
TEX,NA,-7,-16.00,0,M,0
TEX,NA,-7,-15.00,0,M,0
TEX,NA,-7,-18.00,0,M,0
TEX,NA,-7,-21.00,0,M,0
TEX,NA,-8,-20.00,0,M,0
TEX,NA,-8,-20.00,0,M,0
TEX,NA,-7,-22.00,0,M,0
TEX,NA,-7,-21.00,0,M,0
TEX,NA,-7,-22.00,0,M,0
TEX,NA,-7,-21.00,0,M,0
TEX,NA,-7,-18.00,0,M,0
TEX,NA,-7,-18.00,0,M,0
TEX,NA,-7,-17.00,0,M,0
TEX,NA,-7,-16.00,0,M,0
TEX,NA,-7,-15.00,0,M,0
TEX,NA,-7,-13.00,0,M,0
TEX,NA,-7,-13.00,0,M,0
TEX,NA,-7,-12.00,0,M,0
TEX,NA,-7,-13.00,0,M,0
TEX,NA,-7,-13.00,0,M,0
TEX,NA,-7,-13.00,0,M,0
TEX,NA,-7,-13.00,0,M,0
TEX,NA,-7,-13.00,0,M,0
TEX,NA,-7,-14.00,0,M,0
TEX,NA,-6,-15.00,0,M,0
TEX,NA,-7,-14.00,0,M,0
TEX,NA,-7,-13.00,0,M,0
TEX,NA,-7,-13.00,0,M,0
TEX,NA,-7,-13.00,0,M,0
TEX,NA,-7,-13.00,0,M,0
TEX,NA,-7,-12.00,0,M,0
TEX,NA,-7,-12.00,0,M,0
TEX,NA,-7,-12.00,0,M,0
TEX,NA,-7,-13.00,0,M,0
TEX,NA,-7,-12.00,0,M,0
TEX,NA,-7,-12.00,0,M,0
TEX,NA,-8,-12.00,0,M,0
TEX,NA,-8,-13.00,0,M,0
TEX,NA,-8,-13.00,0,M,0
TEX,NA,-7,-13.00,0,M,0
TEX,NA,-7,-13.00,0,M,0
TEX,NA,-8,-13.00,0,M,0
TEX,NA,-8,-13.00,0,M,0
TEX,NA,-8,-13.00,0,M,0
TEX,NA,-8,-12.00,0,M,0
TEX,NA,-8,-12.00,0,M,0
TEX,NA,-8,-12.00,0,M,0
TEX,NA,-7,-13.00,0,M,0
TEX,NA,-7,-13.00,0,M,0
TEX,NA,-6,-13.00,0,M,0
TEX,NA,-6,-14.00,0,M,0
TEX,NA,-6,-13.00,0,M,0
TEX,NA,-6,-13.00,0,M,0
TEX,NA,-6,-13.00,0,M,0
TEX,NA,-6,-13.00,0,M,0
TEX,NA,-6,-12.00,0,M,0
TEX,NA,-6,-12.00,0,M,0
TEX,NA,-6,-13.00,0,M,0
TEX,NA,-6,-13.00,0,M,0
TEX,NA,-6,-13.00,0,M,0
TEX,NA,-5,-13.00,0,M,0
TEX,NA,-5,-14.00,0,M,0
TEX,NA,-5,-13.00,0,M,0
TEX,NA,-6,-12.00,0,M,0
TEX,NA,-6,-12.00,0,M,0
TEX,NA,-7,-10.00,0,M,0
TEX,NA,-7,-10.00,0,M,0
TEX,NA,-7,-9.00,0,M,0
TEX,NA,-7,-10.00,0,M,0
TEX,NA,-7,-10.00,0,M,0
TEX,NA,-7,-10.00,0,M,0
TEX,NA,-7,-10.00,0,M,0
TEX,NA,-7,-10.00,0,M,0
TEX,NA,-7,-10.00,0,M,0
TEX,NA,-7,-10.00,0,M,0
TEX,NA,-8,-10.00,0,M,0
TEX,NA,-8,-10.00,0,M,0
TEX,NA,-8,-10.00,0,M,0
TEX,NA,-8,-10.00,0,M,0
TEX,NA,-8,-10.00,0,M,0
TEX,NA,-8,-10.00,0,M,0
TEX,NA,-8,-10.00,0,M,0
TEX,NA,-8,-10.00,0,M,0
TEX,NA,-8,-10.00,0,M,0
TEX,NA,-8,-10.00,0,M,0
TEX,NA,-8,-10.00,0,M,0
TEX,NA,-8,-10.00,0,M,0
TEX,NA,-9,-11.00,0,M,0
TEX,NA,-9,-11.00,0,M,0
TEX,NA,-8,-11.00,0,M,0
TEX,NA,-9,-11.00,0,M,0
TEX,NA,-9,-11.00,0,M,0
TEX,NA,-10,-11.00,0,M,0
TEX,NA,-9,-11.00,0,M,0
TEX,NA,-10,-11.00,0,M,0
TEX,NA,-10,-11.00,0,M,0
TEX,NA,-10,-11.00,0,M,0
TEX,NA,-10,-12.00,0,M,0
TEX,NA,-10,-12.00,0,M,0
TEX,NA,-10,-12.00,0,M,0
TEX,NA,-10,-12.00,0,M,0
TEX,NA,-10,-12.00,0,M,0
TEX,NA,-10,-12.00,0,M,0
TEX,NA,-10,-12.00,0,M,0
TEX,NA,-10,-12.00,0,M,0
TEX,NA,-10,-12.00,0,M,0
TEX,NA,-10,-13.00,0,M,0
TEX,NA,-11,-13.00,0,M,0
TEX,NA,-11,-13.00,0,M,0
TEX,NA,-11,-13.00,0,M,0
TEX,NA,-11,-13.00,0,M,0
TEX,NA,-11,-13.00,0,M,0
TEX,NA,-11,-13.00,0,M,0
TEX,NA,-11,-13.00,0,M,0
TEX,NA,-11,-13.00,0,M,0
TEX,NA,-11,-13.00,0,M,0
TEX,NA,-11,-13.00,0,M,0
TEX,NA,-11,-13.00,0,M,0
TEX,NA,-11,-13.00,0,M,0
TEX,NA,-11,-13.00,0,M,0
TEX,NA,-10,-12.00,0,M,0
TEX,NA,-10,-12.00,0,M,0
TEX,NA,-10,-12.00,0,M,0
TEX,NA,-10,-13.00,0,M,0
TEX,NA,-9,-15.00,0,M,0
TEX,NA,-9,-15.00,0,M,0
TEX,NA,-9,-14.00,0,M,0
TEX,NA,-8,-16.00,0,M,0
TEX,NA,-8,-16.00,0,M,0
TEX,NA,-8,-18.00,0,M,0
TEX,NA,-8,-18.00,0,M,0
TEX,NA,-8,-17.00,0,M,0
TEX,NA,-8,-18.00,0,M,0
TEX,NA,-8,-18.00,0,M,0
TEX,NA,-8,-17.00,0,M,0
TEX,NA,-8,-16.00,0,M,0
TEX,NA,-8,-17.00,0,M,0
TEX,NA,-9,-16.00,0,M,0
TEX,NA,-9,-16.00,0,M,0
TEX,NA,-10,-16.00,0,M,0
TEX,NA,-10,-16.00,0,M,0
TEX,NA,-10,-17.00,0,M,0
TEX,NA,-11,-16.00,0,M,0
TEX,NA,-11,-16.00,0,M,0
TEX,NA,-11,-17.00,0,M,0
TEX,NA,-11,-16.00,0,M,0
TEX,NA,-11,-17.00,0,M,0
TEX,NA,-11,-17.00,0,M,0
TEX,NA,-11,-17.00,0,M,0
TEX,NA,-12,-17.00,0,M,0
TEX,NA,-12,-17.00,0,M,0
TEX,NA,-12,-16.00,0,M,0
TEX,NA,-12,-16.00,0,M,0
TEX,NA,-12,-17.00,0,M,0
TEX,NA,-12,-16.00,0,M,0
TEX,NA,-13,-17.00,0,M,0
TEX,NA,-13,-17.00,0,M,0
TEX,NA,-13,-17.00,0,M,0
TEX,NA,-13,-17.00,0,M,0
TEX,NA,-15,-17.00,0,M,0
TEX,NA,-14,-17.00,0,M,0
TEX,NA,-15,-18.00,0,M,0
TEX,NA,-15,-18.00,0,M,0
TEX,NA,-15,-18.00,0,M,0
TEX,NA,-15,-19.00,0,M,0
TEX,NA,-16,-20.00,0,M,0
TEX,NA,-15,-20.00,0,M,0
TEX,NA,-16,-20.00,0,M,0
TEX,NA,-16,-20.00,0,M,0
TEX,NA,-16,-20.00,0,M,0
TEX,NA,-16,-20.00,0,M,0
TEX,NA,-16,-20.00,0,M,0
TEX,NA,-16,-20.00,0,M,0
TEX,NA,-16,-20.00,0,M,0
TEX,NA,-16,-20.00,0,M,0
TEX,NA,-15,-20.00,0,M,0
TEX,NA,-16,-20.00,0,M,0
TEX,NA,-16,-21.00,0,M,0
TEX,NA,-16,-21.00,0,M,0
TEX,NA,-16,-20.00,0,M,0
TEX,NA,-16,-20.00,0,M,0
TEX,NA,-16,-21.00,0,M,0
TEX,NA,-15,-20.00,0,M,0
TEX,NA,-15,-21.00,0,M,0
TEX,NA,-15,-21.00,0,M,0
TEX,NA,-14,-20.00,0,M,0
TEX,NA,-13,-20.00,0,M,0
TEX,NA,-13,-19.00,0,M,0
TEX,NA,-12,-20.00,0,M,0
TEX,NA,-11,-19.00,0,M,0
TEX,NA,-10,-20.00,0,M,0
TEX,NA,-8,-18.00,0,M,0
TEX,NA,-8,-17.00,0,M,0
TEX,NA,-6,-16.00,0,M,0
TEX,NA,-5,-17.00,0,M,0
TEX,NA,-3,-16.00,0.25,M,0
TEX,NA,-4,-16.00,0.25,M,0
TEX,NA,-3,-16.00,0,M,0
TEX,NA,-3,-15.00,0,M,0
TEX,NA,-2,-15.00,0,M,0
TEX,NA,-2,-14.00,0.51,M,0
TEX,NA,-2,-14.00,1.52,M,0
TEX,NA,-1,-12.00,2.03,M,0
TEX,NA,0,-13.00,1.02,M,0
TEX,NA,0,-12.00,1.02,M,0
TEX,NA,0,-12.00,1.02,M,0
TEX,NA,-2,-11.00,0,M,0
TEX,NA,-1,-11.00,0,M,0
TEX,NA,-2,-11.00,0,M,0
TEX,NA,-2,-11.00,0,M,0
TEX,NA,-2,-9.00,0,M,0
TEX,NA,-3,-8.00,0,M,0
TEX,NA,-4,-7.00,0,M,0
TEX,NA,-4,-7.00,0,M,0
TEX,NA,-4,-7.00,0,M,0
TEX,NA,-4,-7.00,0,M,0
TEX,NA,-3,-8.00,0,M,0
TEX,NA,-3,-9.00,0,M,0
TEX,NA,-3,-10.00,0,M,0
TEX,NA,-3,-10.00,0,M,0
TEX,NA,-3,-10.00,0,M,0
TEX,NA,-3,-10.00,0,M,0
TEX,NA,-3,-10.00,0,M,0
TEX,NA,-3,-10.00,0,M,0
TEX,NA,-5,-9.00,0,M,0
TEX,NA,-4,-9.00,0,M,0
TEX,NA,-5,-10.00,0,M,0
TEX,NA,-4,-10.00,0,M,0
TEX,NA,-5,-11.00,0,M,0
TEX,NA,-5,-11.00,0,M,0
TEX,NA,-3,-12.00,0,M,0
TEX,NA,-3,-13.00,0,M,0
TEX,NA,-4,-14.00,0,M,0
TEX,NA,-4,-15.00,0,M,0
TEX,NA,-4,-15.00,0,M,0
TEX,NA,-4,-15.00,0,M,0
TEX,NA,-4,-15.00,0,M,0
TEX,NA,-5,-15.00,0,M,0
TEX,NA,-5,-15.00,0,M,0
TEX,NA,-5,-15.00,0,M,0
TEX,NA,-5,-14.00,0,M,0
TEX,NA,-5,-14.00,0,M,0
TEX,NA,-5,-13.00,0,M,0
TEX,NA,-5,-13.00,0,M,0
TEX,NA,-5,-12.00,0,M,0
TEX,NA,-6,-12.00,0,M,0
TEX,NA,-6,-12.00,0,M,0
TEX,NA,-6,-11.00,0,M,0
TEX,NA,-7,-10.00,0,M,0
TEX,NA,-7,-11.00,0,M,0
TEX,NA,-7,-10.00,0,M,0
TEX,NA,-7,-10.00,0,M,0
TEX,NA,-7,-11.00,0,M,0
TEX,NA,-7,-11.00,0,M,0
TEX,NA,-7,-11.00,0,M,0
TEX,NA,-8,-12.00,0,M,0
TEX,NA,-8,-12.00,0,M,0
TEX,NA,-8,-13.00,0,M,0
TEX,NA,-8,-13.00,0,M,0
TEX,NA,-8,-13.00,0,M,0
TEX,NA,-8,-13.00,0,M,0
TEX,NA,-8,-14.00,0,M,0
TEX,NA,-7,-15.00,0,M,0
TEX,NA,-7,-15.00,0,M,0
TEX,NA,-7,-16.00,0,M,0
TEX,NA,-7,-16.00,0,M,0
TEX,NA,-7,-17.00,0,M,0
TEX,NA,-7,-18.00,0,M,0
TEX,NA,-7,-20.00,0,M,0
TEX,NA,-6,-20.00,0,M,0
TEX,NA,-6,-21.00,0,M,0
TEX,NA,-6,-22.00,0,M,0
TEX,NA,-6,-23.00,0,M,0
TEX,NA,-5,-22.00,0,M,0
TEX,NA,-5,-25.00,0,M,0
TEX,NA,-5,-25.00,0,M,0
TEX,NA,-4,-23.00,0,M,0
TEX,NA,-3,-22.00,0,M,0
TEX,NA,-3,-23.00,0,M,0
TEX,NA,-3,-25.00,0,M,0
TEX,NA,-3,-23.00,0,M,0
TEX,NA,-3,-21.00,0,M,0
TEX,NA,-5,-21.00,0,M,0
TEX,NA,-5,-21.00,0,M,0
TEX,NA,-5,-20.00,0,M,0
TEX,NA,-5,-18.00,0,M,0
TEX,NA,-5,-20.00,0,M,0
TEX,NA,-5,-17.00,0,M,0
TEX,NA,-5,-16.00,0,M,0
TEX,NA,-5,-15.00,0,M,0
TEX,NA,-5,-14.00,0,M,0
TEX,NA,-5,-14.00,0,M,0
TEX,NA,-5,-13.00,0,M,0
TEX,NA,-5,-13.00,0,M,0
TEX,NA,-5,-13.00,0,M,0
TEX,NA,-5,-13.00,0,M,0
TEX,NA,-5,-14.00,0,M,0
TEX,NA,-5,-14.00,0,M,0
TEX,NA,-5,-14.00,0,M,0
TEX,NA,-5,-14.00,0,M,0
TEX,NA,-5,-14.00,0,M,0
TEX,NA,-5,-13.00,0,M,0
TEX,NA,-5,-14.00,0,M,0
TEX,NA,-4,-13.00,0,M,0
TEX,NA,-4,-12.00,0,M,0
TEX,NA,-5,-12.00,0,M,0
TEX,NA,-3,-14.00,0,M,0
TEX,NA,-3,-14.00,0,M,0
TEX,NA,-4,-13.00,0,M,0
TEX,NA,-4,-13.00,0,M,0
TEX,NA,-4,-13.00,0,M,0
TEX,NA,-4,-12.00,0,M,0
TEX,NA,-5,-12.00,0,M,0
TEX,NA,-5,-13.00,0,M,0
TEX,NA,-5,-13.00,0,M,0
TEX,NA,-5,-12.00,0,M,0
TEX,NA,-5,-13.00,0,M,0
TEX,NA,-6,-12.00,0,M,0
TEX,NA,-6,-12.00,0,M,0
TEX,NA,-6,-12.00,0,M,0
TEX,NA,-6,-13.00,0,M,0
TEX,NA,-6,-13.00,0,M,0
TEX,NA,-7,-11.00,0,M,0
TEX,NA,-7,-11.00,0,M,0
TEX,NA,-7,-11.00,0,M,0
TEX,NA,-8,-11.00,0,M,0
TEX,NA,-8,-11.00,0,M,0
TEX,NA,-8,-11.00,0,M,0
TEX,NA,-8,-11.00,0,M,0
TEX,NA,-8,-11.00,0,M,0
TEX,NA,-8,-11.00,0,M,0
TEX,NA,-8,-12.00,0,M,0
TEX,NA,-9,-12.00,0,M,0
TEX,NA,-9,-12.00,0,M,0
TEX,NA,-9,-12.00,0,M,0
TEX,NA,-9,-12.00,0,M,0
TEX,NA,-9,-12.00,0,M,0
TEX,NA,-9,-12.00,0,M,0
TEX,NA,-10,-13.00,0,M,0
TEX,NA,-10,-13.00,0,M,0
TEX,NA,-9,-15.00,0,M,0
TEX,NA,-9,-15.00,0,M,0
TEX,NA,-8,-16.00,0,M,0
TEX,NA,-8,-16.00,0,M,0
TEX,NA,-9,-16.00,0,M,0
TEX,NA,-10,-16.00,0,M,0
TEX,NA,-10,-15.00,0,M,0
TEX,NA,-10,-14.00,0,M,0
TEX,NA,-10,-15.00,0,M,0
TEX,NA,-10,-14.00,0,M,0
TEX,NA,-11,-14.00,0,M,0
TEX,NA,-11,-15.00,0,M,0
TEX,NA,-11,-16.00,0,M,0
TEX,NA,-10,-18.00,0,M,0
TEX,NA,-11,-18.00,0,M,0
TEX,NA,-11,-20.00,0,M,0
TEX,NA,-11,-19.00,0,M,0
TEX,NA,-12,-20.00,0,M,0
TEX,NA,-12,-20.00,0,M,0
TEX,NA,-12,-18.00,0,M,0
TEX,NA,-12,-18.00,0,M,0
TEX,NA,-12,-18.00,0,M,0
TEX,NA,-12,-18.00,0,M,0
TEX,NA,-13,-18.00,0,M,0
TEX,NA,-13,-19.00,0,M,0
TEX,NA,-13,-18.00,0,M,0
TEX,NA,-13,-18.00,0,M,0
TEX,NA,-13,-18.00,0,M,0
TEX,NA,-13,-18.00,0,M,0
TEX,NA,-13,-17.00,0,M,0
TEX,NA,-13,-17.00,0,M,0
TEX,NA,-13,-17.00,0,M,0
TEX,NA,-13,-17.00,0,M,0
TEX,NA,-13,-16.00,0,M,0
TEX,NA,-13,-16.00,0,M,0
TEX,NA,-13,-17.00,0,M,0
TEX,NA,-14,-17.00,0,M,0
TEX,NA,-14,-17.00,0,M,0
TEX,NA,-14,-18.00,0,M,0
TEX,NA,-14,-18.00,0,M,0
TEX,NA,-14,-18.00,0,M,0
TEX,NA,-14,-18.00,0,M,0
TEX,NA,-14,-18.00,0,M,0
TEX,NA,-14,-18.00,0,M,0
TEX,NA,-15,-18.00,0,M,0
TEX,NA,-15,-19.00,0,M,0
TEX,NA,-15,-18.00,0,M,0
TEX,NA,-15,-18.00,0,M,0
TEX,NA,-15,-18.00,0,M,0
TEX,NA,-16,-20.00,0,M,0
TEX,NA,-16,-20.00,0,M,0
TEX,NA,-16,-20.00,0,M,0
TEX,NA,-16,-20.00,0,M,0
TEX,NA,-15,-20.00,0,M,0
TEX,NA,-15,-20.00,0,M,0
TEX,NA,-15,-20.00,0,M,0
TEX,NA,-15,-20.00,0,M,0
TEX,NA,-15,-20.00,0,M,0
TEX,NA,-14,-19.00,0,M,0
TEX,NA,-15,-19.00,0,M,0
TEX,NA,-14,-18.00,0,M,0
TEX,NA,-14,-18.00,0,M,0
TEX,NA,-14,-18.00,0,M,0
TEX,NA,-14,-18.00,0,M,0
TEX,NA,-13,-18.00,0,M,0
TEX,NA,-13,-18.00,0,M,0
TEX,NA,-12,-18.00,0,M,0
TEX,NA,-12,-18.00,0,M,0
TEX,NA,-11,-18.00,0,M,0
TEX,NA,-11,-18.00,0,M,0
TEX,NA,-10,-20.00,0,M,0
TEX,NA,-9,-19.00,0,M,0
TEX,NA,-8,-19.00,0,M,0
TEX,NA,-8,-18.00,0,M,0
TEX,NA,-7,-18.00,0,M,0
TEX,NA,-7,-18.00,0,M,0
TEX,NA,-7,-18.00,0,M,0
TEX,NA,-7,-17.00,0,M,0
TEX,NA,-7,-17.00,0,M,0
TEX,NA,-7,-18.00,0,M,0
TEX,NA,-6,-18.00,0,M,0
TEX,NA,-7,-18.00,0,M,0
TEX,NA,-7,-17.00,0,M,0
TEX,NA,-7,-17.00,0,M,0
TEX,NA,-7,-17.00,0,M,0
TEX,NA,-7,-16.00,0,M,0
TEX,NA,-7,-16.00,0,M,0
TEX,NA,-7,-16.00,0,M,0
TEX,NA,-7,-16.00,0,M,0
TEX,NA,-6,-15.00,0,M,0
TEX,NA,-6,-15.00,0,M,0
TEX,NA,-6,-15.00,0,M,0
TEX,NA,-6,-15.00,0,M,0
TEX,NA,-6,-15.00,0,M,0
TEX,NA,-6,-15.00,0,M,0
TEX,NA,-6,-14.00,0,M,0
TEX,NA,-6,-13.00,0,M,0
TEX,NA,-6,-13.00,0,M,0
TEX,NA,-6,-13.00,0,M,0
TEX,NA,-6,-13.00,0,M,0
TEX,NA,-6,-13.00,0,M,0
TEX,NA,-5,-13.00,0,M,0
TEX,NA,-5,-13.00,0,M,0
TEX,NA,-5,-12.00,0,M,0
TEX,NA,-5,-12.00,0,M,0
TEX,NA,-5,-12.00,0,M,0
TEX,NA,-5,-13.00,0,M,0
TEX,NA,-5,-13.00,0,M,0
TEX,NA,-5,-13.00,0,M,0
TEX,NA,-5,-13.00,0,M,0
TEX,NA,-5,-13.00,0,M,0
TEX,NA,-6,-13.00,0,M,0
TEX,NA,-5,-13.00,0,M,0
TEX,NA,-5,-13.00,0,M,0
TEX,NA,-6,-13.00,0,M,0
TEX,NA,-6,-13.00,0,M,0
TEX,NA,-6,-13.00,0,M,0
TEX,NA,-6,-13.00,0,M,0
TEX,NA,-6,-13.00,0,M,0
TEX,NA,-6,-13.00,0,M,0
TEX,NA,-6,-13.00,0,M,0
TEX,NA,-6,-13.00,0,M,0
TEX,NA,-6,-13.00,0,M,0
TEX,NA,-6,-14.00,0,M,0
TEX,NA,-6,-14.00,0,M,0
TEX,NA,-6,-14.00,0,M,0
TEX,NA,-6,-13.00,0,M,0
TEX,NA,-6,-13.00,0,M,0
TEX,NA,-7,-13.00,0,M,0
TEX,NA,-7,-13.00,0,M,0
TEX,NA,-7,-13.00,0,M,0
TEX,NA,-7,-13.00,0,M,0
TEX,NA,-7,-13.00,0,M,0
TEX,NA,-7,-13.00,0,M,0
TEX,NA,-7,-14.00,0,M,0
TEX,NA,-7,-14.00,0,M,0
TEX,NA,-6,-14.00,0,M,0
TEX,NA,-6,-14.00,0,M,0
TEX,NA,-5,-14.00,0,M,0
TEX,NA,-5,-15.00,0,M,0
TEX,NA,-5,-15.00,0,M,0
TEX,NA,-4,-15.00,0,M,0
TEX,NA,-4,-15.00,0,M,0
TEX,NA,-4,-15.00,0,M,0
TEX,NA,-4,-16.00,0,M,0
TEX,NA,-4,-16.00,0,M,0
TEX,NA,-4,-17.00,0,M,0
TEX,NA,-4,-18.00,0,M,0
TEX,NA,-3,-17.00,0,M,0
TEX,NA,-3,-17.00,0,M,0
TEX,NA,-3,-18.00,0,M,0
TEX,NA,-2,-18.00,0,M,0
TEX,NA,-3,-18.00,0,M,0
TEX,NA,-3,-19.00,0,M,0
TEX,NA,-3,-18.00,0,M,0
TEX,NA,-3,-18.00,0,M,0
TEX,NA,-3,-17.00,0,M,0
TEX,NA,-3,-18.00,0,M,0
TEX,NA,-3,-18.00,0,M,0
TEX,NA,-3,-17.00,0,M,0
TEX,NA,-3,-17.00,0,M,0
TEX,NA,-3,-15.00,0,M,0
TEX,NA,-4,-11.00,0,M,0
TEX,NA,-5,-8.00,0,M,0
TEX,NA,-6,-8.00,0,M,0
TEX,NA,-6,-8.00,0,M,0
TEX,NA,-6,-8.00,0,M,0
TEX,NA,-6,-7.00,0,M,0
TEX,NA,-6,-7.00,0,M,0
TEX,NA,-6,-7.00,0,M,0
TEX,NA,-6,-7.00,0,M,0
TEX,NA,-6,-7.00,0,M,0
TEX,NA,-6,-7.00,0,M,0
TEX,NA,-5,-7.00,0,M,0
TEX,NA,-5,-7.00,0,M,0
TEX,NA,-5,-7.00,0,M,0
TEX,NA,-5,-7.00,0,M,0
TEX,NA,-5,-7.00,0,M,0
TEX,NA,-5,-6.00,0,M,0
TEX,NA,-5,-6.00,0,M,0
TEX,NA,-4,-6.00,0,M,0
TEX,NA,-4,-6.00,0,M,0
TEX,NA,-3,-5.00,0,M,0
TEX,NA,-2,-6.00,0,M,0
TEX,NA,-2,-5.00,0,M,0
TEX,NA,-1,-6.00,0,M,0
TEX,NA,-1,-6.00,0,M,0
TEX,NA,-1,-6.00,0,M,0
TEX,NA,-1,-6.00,0,M,0
TEX,NA,-2,-6.00,0,M,0
TEX,NA,-2,-6.00,0,M,0
TEX,NA,-2,-6.00,0,M,0
TEX,NA,-3,-6.00,0,M,0
TEX,NA,-2,-6.00,0,M,0
TEX,NA,-2,-6.00,0,M,0
TEX,NA,-2,-6.00,0,M,0
TEX,NA,-2,-6.00,0,M,0
TEX,NA,-1,-6.00,0,M,0
TEX,NA,-1,-6.00,0,M,0
TEX,NA,-1,-6.00,0,M,0
TEX,NA,-1,-6.00,0,M,0
TEX,NA,-1,-6.00,0,M,0
TEX,NA,-1,-6.00,0,M,0
TEX,NA,-1,-6.00,0,M,0
TEX,NA,-1,-6.00,0,M,0
TEX,NA,-1,-7.00,0,M,0
TEX,NA,-1,-7.00,0,M,0
TEX,NA,-1,-7.00,0,M,0
TEX,NA,-1,-7.00,0,M,0
TEX,NA,-1,-7.00,0,M,0
TEX,NA,-1,-7.00,0,M,0
TEX,NA,-1,-7.00,0,M,0
TEX,NA,-1,-7.00,0,M,0
TEX,NA,-1,-7.00,0,M,0
TEX,NA,-1,-7.00,0,M,0
TEX,NA,-1,-7.00,0,M,0
TEX,NA,-1,-7.00,0,M,0
TEX,NA,-1,-7.00,0,M,0
TEX,NA,-1,-7.00,0,M,0
TEX,NA,-1,-7.00,0,M,0
TEX,NA,-1,-7.00,0,M,0
TEX,NA,-1,-7.00,0,M,0
TEX,NA,-1,-7.00,0,M,0
TEX,NA,-1,-7.00,0,M,0
TEX,NA,-1,-7.00,0,M,0
TEX,NA,-2,-7.00,0,M,0
TEX,NA,-2,-6.00,0,M,0
TEX,NA,-3,-6.00,0,M,0
TEX,NA,-3,-5.00,0,M,0
TEX,NA,-3,-5.00,0,M,0
TEX,NA,-3,-5.00,0,M,0
TEX,NA,-3,-5.00,0,M,0
TEX,NA,-3,-5.00,0,M,0
TEX,NA,-3,-5.00,0,M,0
TEX,NA,-3,-5.00,0,M,0
TEX,NA,-3,-5.00,0,M,0
TEX,NA,-3,-5.00,0,M,0
TEX,NA,-3,-6.00,0,M,0
TEX,NA,-3,-6.00,0,M,0
TEX,NA,-3,-5.00,0,M,0
TEX,NA,-3,-5.00,0,M,0
TEX,NA,-3,-5.00,0,M,0
TEX,NA,-3,-5.00,0,M,0
TEX,NA,-3,-6.00,0,M,0
TEX,NA,-3,-6.00,0,M,0
TEX,NA,-3,-5.00,0,M,0
TEX,NA,-3,-5.00,0,M,0
TEX,NA,-3,-5.00,0,M,0
TEX,NA,-3,-5.00,0,M,0
TEX,NA,-3,-6.00,0,M,0
TEX,NA,-3,-7.00,0,M,0
TEX,NA,-3,-7.00,0,M,0
TEX,NA,-3,-7.00,0,M,0
TEX,NA,-3,-7.00,0,M,0
TEX,NA,-3,-8.00,0,M,0
TEX,NA,-3,-8.00,0,M,0
TEX,NA,-3,-8.00,0,M,0
TEX,NA,-3,-8.00,0,M,0
TEX,NA,-3,-8.00,0,M,0
TEX,NA,-3,-8.00,0,M,0
TEX,NA,-3,-8.00,0,M,0
TEX,NA,-3,-8.00,0,M,0
TEX,NA,-3,-8.00,0,M,0
TEX,NA,-3,-8.00,0,M,0
TEX,NA,-3,-8.00,0,M,0
TEX,NA,-3,-8.00,0,M,0
TEX,NA,-3,-8.00,0,M,0
TEX,NA,-3,-8.00,0,M,0
TEX,NA,-3,-8.00,0,M,0
TEX,NA,-4,-8.00,0,M,0
TEX,NA,-4,-8.00,0,M,0
TEX,NA,-3,-8.00,0,M,0
TEX,NA,-3,-8.00,0,M,0
TEX,NA,-3,-8.00,0,M,0
TEX,NA,-3,-8.00,0,M,0
TEX,NA,-3,-8.00,0,M,0
TEX,NA,-3,-8.00,0,M,0
TEX,NA,-3,-9.00,0,M,0
TEX,NA,-3,-8.00,0,M,0
TEX,NA,-3,-9.00,0,M,0
TEX,NA,-3,-8.00,0,M,0
TEX,NA,-3,-9.00,0,M,0
TEX,NA,-3,-9.00,0,M,0
TEX,NA,-3,-10.00,0,M,0
TEX,NA,-3,-10.00,0,M,0
TEX,NA,-3,-10.00,0,M,0
TEX,NA,-3,-10.00,0,M,0
TEX,NA,-3,-11.00,0,M,0
TEX,NA,-3,-11.00,0,M,0
TEX,NA,-3,-11.00,0,M,0
TEX,NA,-3,-11.00,0,M,0
TEX,NA,-2,-11.00,0,M,0
TEX,NA,-3,-11.00,0,M,0
TEX,NA,-2,-11.00,0,M,0
TEX,NA,-1,-11.00,0,M,0
TEX,NA,-2,-10.00,0,M,0
TEX,NA,-1,-10.00,0,M,0
TEX,NA,-2,-10.00,0,M,0
TEX,NA,-2,-10.00,0,M,0
TEX,NA,-2,-10.00,0,M,0
TEX,NA,-2,-10.00,0,M,0
TEX,NA,-3,-10.00,0,M,0
TEX,NA,-3,-10.00,0,M,0
TEX,NA,-2,-10.00,0,M,0
TEX,NA,-3,-11.00,0,M,0
TEX,NA,-3,-12.00,0,M,0
TEX,NA,-3,-11.00,0,M,0
TEX,NA,-3,-12.00,0,M,0
TEX,NA,-3,-12.00,0,M,0
TEX,NA,-4,-12.00,0,M,0
TEX,NA,-4,-12.00,0,M,0
TEX,NA,-4,-12.00,0,M,0
TEX,NA,-5,-11.00,0,M,0
TEX,NA,-5,-11.00,0,M,0
TEX,NA,-5,-11.00,0,M,0
TEX,NA,-5,-11.00,0,M,0
TEX,NA,-5,-11.00,0,M,0
TEX,NA,-5,-11.00,0,M,0
TEX,NA,-6,-12.00,0,M,0
TEX,NA,-6,-12.00,0,M,0
TEX,NA,-7,-12.00,0,M,0
TEX,NA,-7,-12.00,0,M,0
TEX,NA,-7,-12.00,0,M,0
TEX,NA,-7,-13.00,0,M,0
TEX,NA,-8,-13.00,0,M,0
TEX,NA,-10,-13.00,0,M,0
TEX,NA,-10,-13.00,0,M,0
TEX,NA,-10,-13.00,0,M,0
TEX,NA,-10,-13.00,0,M,0
TEX,NA,-10,-13.00,0,M,0
TEX,NA,-10,-13.00,0,M,0
TEX,NA,-10,-13.00,0,M,0
TEX,NA,-10,-14.00,0,M,0
TEX,NA,-11,-15.00,0,M,0
TEX,NA,-11,-15.00,0,M,0
TEX,NA,-11,-15.00,0,M,0
TEX,NA,-11,-15.00,0,M,0
TEX,NA,-11,-16.00,0,M,0
TEX,NA,-12,-16.00,0,M,0
TEX,NA,-11,-16.00,0,M,0
TEX,NA,-11,-16.00,0,M,0
TEX,NA,-11,-16.00,0,M,0
TEX,NA,-12,-16.00,0,M,0
TEX,NA,-12,-17.00,0,M,0
TEX,NA,-12,-16.00,0,M,0
TEX,NA,-12,-16.00,0,M,0
TEX,NA,-11,-16.00,0,M,0
TEX,NA,-12,-16.00,0,M,0
TEX,NA,-12,-17.00,0,M,0
TEX,NA,-11,-17.00,0,M,0
TEX,NA,-11,-17.00,0,M,0
TEX,NA,-10,-17.00,0,M,0
TEX,NA,-10,-17.00,0,M,0
TEX,NA,-9,-16.00,0,M,0
TEX,NA,-8,-17.00,0,M,0
TEX,NA,-8,-16.00,0,M,0
TEX,NA,-7,-16.00,0,M,0
TEX,NA,-6,-17.00,0,M,0
TEX,NA,-5,-18.00,0,M,0
TEX,NA,-4,-17.00,0,M,0
TEX,NA,-3,-20.00,0.25,M,0
TEX,NA,-2,-21.00,0,M,0
TEX,NA,-2,-20.00,0.25,M,0
TEX,NA,-2,-20.00,0.25,M,0
TEX,NA,0,-21.00,0,M,0
TEX,NA,0,-23.00,0,M,0
TEX,NA,0,-23.00,0,M,0
TEX,NA,0,-22.00,0,M,0
TEX,NA,0,-23.00,0,M,0
TEX,NA,0,-25.00,0,M,0
TEX,NA,0,-27.00,0,M,0
TEX,NA,0,-26.00,0,M,0
TEX,NA,-1,-25.00,0,M,0
TEX,NA,-1,-23.00,0,M,0
TEX,NA,-3,-18.00,0,M,0
TEX,NA,-2,-18.00,0,M,0
TEX,NA,-3,-18.00,0,M,0
TEX,NA,-3,-17.00,0,M,0
TEX,NA,-4,-16.00,0,M,0
TEX,NA,-5,-17.00,0,M,0
TEX,NA,-5,-15.00,0,M,0
TEX,NA,-5,-15.00,0,M,0
TEX,NA,-5,-14.00,0,M,0
TEX,NA,-6,-15.00,0,M,0
TEX,NA,-7,-14.00,0,M,0
TEX,NA,-7,-14.00,0,M,0
TEX,NA,-7,-15.00,0,M,0
TEX,NA,-7,-14.00,0,M,0
TEX,NA,-7,-13.00,0,M,0
TEX,NA,-7,-13.00,0,M,0
TEX,NA,-7,-13.00,0,M,0
TEX,NA,-7,-14.00,0,M,0
TEX,NA,-7,-14.00,0,M,0
TEX,NA,-8,-16.00,0,M,0
TEX,NA,-8,-15.00,0,M,0
TEX,NA,-8,-15.00,0,M,0
TEX,NA,-8,-15.00,0,M,0
TEX,NA,-8,-15.00,0,M,0
TEX,NA,-8,-15.00,0,M,0
TEX,NA,-7,-15.00,0,M,0
TEX,NA,-7,-15.00,0,M,0
TEX,NA,-7,-15.00,0,M,0
TEX,NA,-8,-15.00,0,M,0
TEX,NA,-7,-15.00,0,M,0
TEX,NA,-7,-15.00,0,M,0
TEX,NA,-8,-15.00,0,M,0
TEX,NA,-7,-14.00,0,M,0
TEX,NA,-6,-14.00,0,M,0
TEX,NA,-7,-14.00,0,M,0
TEX,NA,-7,-13.00,0,M,0
TEX,NA,-5,-12.00,0,M,0
TEX,NA,-5,-13.00,0,M,0
TEX,NA,-5,-12.00,0,M,0
TEX,NA,-4,-12.00,0,M,0
TEX,NA,-3,-12.00,0,M,0
TEX,NA,-3,-11.00,0,M,0
TEX,NA,-2,-12.00,0,M,0
TEX,NA,-1,-13.00,0,M,0
TEX,NA,-1,-13.00,0,M,0
TEX,NA,-1,-14.00,0,M,0
TEX,NA,-1,-12.00,0,M,0
TEX,NA,-1,-13.00,0,M,0
TEX,NA,-1,-13.00,0,M,0
TEX,NA,-1,-10.00,0,M,0
TEX,NA,-2,-6.00,0,M,0
TEX,NA,-3,-5.00,0,M,0
TEX,NA,-2,-5.00,0,M,0
TEX,NA,-3,-5.00,0,M,0
TEX,NA,-3,-4.00,0,M,0
TEX,NA,-2,-4.00,0,M,0
TEX,NA,-2,-3.00,0,M,0
TEX,NA,-2,-5.00,0,M,0
TEX,NA,-2,-4.00,0,M,0
TEX,NA,-2,-4.00,0,M,0
TEX,NA,-2,-4.00,0,M,0
TEX,NA,-2,-4.00,0,M,0
TEX,NA,-2,-3.00,0,M,0
TEX,NA,-2,-3.00,0,M,0
TEX,NA,-2,-5.00,0,M,0
TEX,NA,-1,-4.00,0,M,0
TEX,NA,-1,-3.00,0,M,0
TEX,NA,-1,-5.00,0.25,M,0
TEX,NA,0,-5.00,0,M,0
TEX,NA,0,-5.00,0,M,0
TEX,NA,0,-5.00,0,M,0
TEX,NA,1,-5.00,0,M,0
TEX,NA,1,-6.00,0,M,0
TEX,NA,0,-6.00,0,M,0
TEX,NA,0,-6.00,0,M,0
TEX,NA,0,-5.00,0,M,0
TEX,NA,0,-6.00,0,M,0
TEX,NA,0,-6.00,0,M,0
TEX,NA,0,-6.00,0,M,0
TEX,NA,0,-5.00,0,M,0
TEX,NA,-1,-5.00,0,M,0
TEX,NA,-1,-4.00,0,M,0
TEX,NA,-1,-4.00,0,M,0
TEX,NA,-2,-3.00,0,M,0
TEX,NA,-2,-3.00,0,M,0
TEX,NA,-2,-3.00,0,M,0
TEX,NA,-2,-3.00,0,M,0
TEX,NA,-2,-3.00,0,M,0
TEX,NA,-2,-3.00,0,M,0
TEX,NA,-2,-3.00,0,M,0
TEX,NA,-2,-3.00,0,M,0
TEX,NA,-2,-3.00,0,M,0
TEX,NA,-2,-4.00,0,M,0
TEX,NA,-2,-4.00,0,M,0
TEX,NA,-2,-5.00,0,M,0
TEX,NA,-2,-4.00,0,M,0
TEX,NA,-2,-5.00,0,M,0
TEX,NA,-2,-5.00,0,M,0
TEX,NA,-2,-5.00,0,M,0
TEX,NA,-2,-5.00,0,M,0
TEX,NA,-2,-6.00,0,M,0
TEX,NA,-1,-6.00,0,M,0
TEX,NA,-1,-6.00,0,M,0
TEX,NA,-1,-6.00,0,M,0
TEX,NA,-1,-6.00,0,M,0
TEX,NA,-1,-6.00,0,M,0
TEX,NA,-1,-6.00,0,M,0
TEX,NA,-1,-6.00,0,M,0
TEX,NA,0,-6.00,0,M,0
TEX,NA,-1,-6.00,0,M,0
TEX,NA,-1,-6.00,0,M,0
TEX,NA,0,-6.00,0,M,0
TEX,NA,-1,-6.00,0,M,0
TEX,NA,-2,-5.00,0,M,0
TEX,NA,-1,-5.00,0,M,0
TEX,NA,-1,-6.00,0,M,0
TEX,NA,-1,-6.00,0,M,0
TEX,NA,-1,-5.00,0,M,0
TEX,NA,-1,-5.00,0,M,0
TEX,NA,-1,-6.00,0,M,0
TEX,NA,-1,-6.00,0,M,0
TEX,NA,-1,-6.00,0,M,0
TEX,NA,-1,-5.00,0,M,0
TEX,NA,0,-5.00,0,M,0
TEX,NA,0,-5.00,0,M,0
TEX,NA,0,-6.00,0,M,0
TEX,NA,0,-6.00,0,M,0
TEX,NA,1,-6.00,0,M,0
TEX,NA,2,-6.00,0,M,0
TEX,NA,1,-6.00,0,M,0
TEX,NA,2,-8.00,0,M,0
TEX,NA,2,-7.00,0,M,0
TEX,NA,2,-7.00,0.76,M,0
TEX,NA,2,-8.00,1.27,M,0
TEX,NA,2,-8.00,0.25,M,0
TEX,NA,2,-8.00,1.02,M,0
TEX,NA,2,-8.00,1.02,M,0
TEX,NA,2,-9.00,0,M,0
TEX,NA,2,-9.00,0.25,M,0
TEX,NA,2,-10.00,0.25,M,0
TEX,NA,2,-9.00,0,M,0
TEX,NA,2,-8.00,0.25,M,0
TEX,NA,2,-8.00,0.25,M,0
TEX,NA,2,-8.00,0,M,0
TEX,NA,1,-8.00,0,M,0
TEX,NA,1,-8.00,0,M,0
TEX,NA,1,-8.00,0,M,0
TEX,NA,0,-8.00,0,M,0
TEX,NA,0,-8.00,0,M,0
TEX,NA,0,-8.00,0,M,0
TEX,NA,0,-8.00,0,M,0
TEX,NA,-1,-8.00,0,M,0
TEX,NA,-1,-7.00,0,M,0
TEX,NA,-1,-7.00,0,M,0
TEX,NA,-2,-8.00,0,M,0
TEX,NA,-2,-7.00,0,M,0
TEX,NA,-2,-7.00,0,M,0
TEX,NA,-2,-8.00,0,M,0
TEX,NA,-3,-8.00,0,M,0
TEX,NA,-3,-8.00,0,M,0
TEX,NA,-3,-8.00,0,M,0
TEX,NA,-3,-8.00,0,M,0
TEX,NA,-3,-8.00,0,M,0
TEX,NA,-3,-8.00,0,M,0
TEX,NA,-4,-9.00,0,M,0
TEX,NA,-5,-9.00,0,M,0
TEX,NA,-5,-9.00,0,M,0
TEX,NA,-5,-10.00,0,M,0
TEX,NA,-6,-10.00,0,M,0
TEX,NA,-6,-11.00,0,M,0
TEX,NA,-6,-11.00,0,M,0
TEX,NA,-6,-10.00,0,M,0
TEX,NA,-6,-10.00,0,M,0
TEX,NA,-6,-11.00,0,M,0
TEX,NA,-6,-11.00,0,M,0
TEX,NA,-6,-12.00,0,M,0
TEX,NA,-6,-12.00,0,M,0
TEX,NA,-5,-13.00,0,M,0
TEX,NA,-6,-12.00,0,M,0
TEX,NA,-6,-12.00,0,M,0
TEX,NA,-6,-14.00,0,M,0
TEX,NA,-6,-13.00,0,M,0
TEX,NA,-6,-13.00,0,M,0
TEX,NA,-5,-14.00,0,M,0
TEX,NA,-5,-15.00,0,M,0
TEX,NA,-5,-15.00,0,M,0
TEX,NA,-5,-15.00,0,M,0
TEX,NA,-6,-15.00,0,M,0
TEX,NA,-6,-14.00,0,M,0
TEX,NA,-6,-16.00,0,M,0
TEX,NA,-5,-13.00,0,M,0
TEX,NA,-5,-13.00,0,M,0
TEX,NA,-4,-13.00,0,M,0
TEX,NA,-3,-13.00,0,M,0
TEX,NA,-3,-13.00,0,M,0
TEX,NA,-3,-15.00,0,M,0
TEX,NA,-2,-13.00,0,M,0
TEX,NA,0,-13.00,0,M,0
TEX,NA,0,-13.00,0,M,0
TEX,NA,2,-14.00,0,M,0
TEX,NA,0,-13.00,0,M,0
TEX,NA,1,-12.00,0,M,0
TEX,NA,2,-12.00,0.25,M,0
TEX,NA,5,-15.00,0,M,0
TEX,NA,4,-15.00,0,M,0
TEX,NA,4,-15.00,0,M,0
TEX,NA,4,-15.00,0,M,0
TEX,NA,5,-15.00,0,M,0
TEX,NA,5,-15.00,0,M,0
TEX,NA,5,-13.00,0,M,0
TEX,NA,5,-13.00,0,M,0
TEX,NA,5,-12.00,0,M,0
TEX,NA,4,-13.00,0,M,0
TEX,NA,4,-12.00,0,M,0
TEX,NA,4,-12.00,0,M,0
TEX,NA,4,-12.00,0,M,0
TEX,NA,5,-12.00,0,M,0
TEX,NA,3,-10.00,0,M,0
TEX,NA,3,-11.00,0,M,0
TEX,NA,3,-11.00,0,M,0
TEX,NA,3,-11.00,0,M,0
TEX,NA,2,-9.00,0,M,0
TEX,NA,2,-8.00,0,M,0
TEX,NA,1,-8.00,0,M,0
TEX,NA,1,-8.00,0,M,0
TEX,NA,1,-7.00,0,M,0
TEX,NA,1,-6.00,0,M,0
TEX,NA,1,-6.00,0,M,0
TEX,NA,0,-6.00,0,M,0
TEX,NA,0,-7.00,0,M,0
TEX,NA,0,-6.00,0,M,0
TEX,NA,0,-7.00,0,M,0
TEX,NA,0,-7.00,0,M,0
TEX,NA,-1,-7.00,0,M,0
TEX,NA,-1,-7.00,0,M,0
TEX,NA,0,-7.00,0,M,0
TEX,NA,0,-7.00,0,M,0
TEX,NA,0,-7.00,0,M,0
TEX,NA,0,-7.00,0,M,0
TEX,NA,0,-7.00,0,M,0
TEX,NA,0,-7.00,0,M,0
TEX,NA,0,-7.00,0,M,0
TEX,NA,0,-7.00,0,M,0
TEX,NA,0,-7.00,0,M,0
TEX,NA,0,-7.00,0,M,0
TEX,NA,0,-7.00,0,M,0
TEX,NA,0,-7.00,0,M,0
TEX,NA,0,-7.00,0,M,0
TEX,NA,-1,-7.00,0,M,0
TEX,NA,0,-7.00,0,M,0
TEX,NA,0,-8.00,0,M,0
TEX,NA,0,-8.00,0,M,0
TEX,NA,0,-8.00,0,M,0
TEX,NA,0,-8.00,0,M,0
TEX,NA,1,-9.00,0,M,0
TEX,NA,1,-9.00,0,M,0
TEX,NA,1,-9.00,0,M,0
TEX,NA,1,-10.00,0,M,0
TEX,NA,1,-10.00,0,M,0
TEX,NA,1,-10.00,0,M,0
TEX,NA,1,-10.00,0,M,0
TEX,NA,0,-10.00,0,M,0
TEX,NA,1,-11.00,0,M,0
TEX,NA,1,-11.00,0,M,0
TEX,NA,1,-11.00,0,M,0
TEX,NA,1,-12.00,0,M,0
TEX,NA,2,-12.00,0,M,0
TEX,NA,3,-13.00,0,M,0
TEX,NA,4,-12.00,0,M,0
TEX,NA,3,-10.00,0,M,0
TEX,NA,4,-10.00,0,M,0
TEX,NA,4,-9.00,0,M,0
TEX,NA,4,-8.00,0,M,0
TEX,NA,4,-8.00,0,M,0
TEX,NA,4,-7.00,0,M,0
TEX,NA,5,-7.00,0,M,0
TEX,NA,5,-8.00,0,M,0
TEX,NA,5,-8.00,0,M,0
TEX,NA,5,-8.00,0,M,0
TEX,NA,5,-8.00,0,M,0
TEX,NA,6,-8.00,0,M,2.01
TEX,NA,6,-9.00,0,M,2.01
TEX,NA,6,-9.00,0,M,2.01
TEX,NA,6,-10.00,0,M,2.01
TEX,NA,6,-10.00,0,M,2.01
TEX,NA,5,-10.00,0,M,0
TEX,NA,5,-11.00,0,M,0
TEX,NA,5,-10.00,0,M,0
TEX,NA,5,-9.00,0,M,0
TEX,NA,4,-8.00,0,M,0
TEX,NA,3,-7.00,0,M,0
TEX,NA,3,-7.00,0,M,0
TEX,NA,3,-7.00,0,M,0
TEX,NA,2,-7.00,0,M,0
TEX,NA,2,-8.00,0,M,0
TEX,NA,2,-7.00,0,M,0
TEX,NA,2,-6.00,0,M,0
TEX,NA,1,-5.00,0,M,0
TEX,NA,1,-6.00,0,M,0
TEX,NA,2,-7.00,0,M,0
TEX,NA,2,-7.00,0,M,0
TEX,NA,2,-8.00,0,M,0
TEX,NA,2,-8.00,0,M,0
TEX,NA,2,-8.00,0,M,0
TEX,NA,2,-7.00,0,M,0
TEX,NA,2,-7.00,0,M,0
TEX,NA,2,-7.00,0,M,0
TEX,NA,2,-7.00,0,M,0
TEX,NA,2,-7.00,0,M,0
TEX,NA,2,-7.00,0,M,0
TEX,NA,1,-6.00,0,M,0
TEX,NA,1,-5.00,0,M,0
TEX,NA,0,-5.00,0,M,0
TEX,NA,0,-5.00,0,M,0
TEX,NA,0,-5.00,0,M,0
TEX,NA,0,-5.00,0,M,0
TEX,NA,0,-5.00,0,M,0
TEX,NA,0,-5.00,0,M,0
TEX,NA,0,-5.00,0,M,0
TEX,NA,0,-3.00,0,M,0
TEX,NA,0,-3.00,0,M,0
TEX,NA,0,-3.00,0,M,0
TEX,NA,0,-3.00,0,M,0
TEX,NA,0,-3.00,0,M,0
TEX,NA,0,-4.00,0,M,0
TEX,NA,0,-4.00,0,M,0
TEX,NA,0,-5.00,0,M,0
TEX,NA,0,-5.00,0,M,0
TEX,NA,-1,-3.00,0,M,0
TEX,NA,-1,-3.00,0,M,0
TEX,NA,-1,-3.00,0,M,0
TEX,NA,-1,-3.00,0,M,0
TEX,NA,-1,-3.00,0,M,0
TEX,NA,-1,-2.00,0,M,0
TEX,NA,-1,-2.00,0,M,0
TEX,NA,-1,-2.00,0,M,0
TEX,NA,-1,-2.00,0,M,0
TEX,NA,-1,-2.00,0,M,0
TEX,NA,-1,-3.00,0,M,0
TEX,NA,0,-3.00,0,M,0
TEX,NA,0,-3.00,0,M,0
TEX,NA,0,-4.00,0,M,0
TEX,NA,1,-5.00,0,M,0
TEX,NA,1,-5.00,0,M,0
TEX,NA,1,-5.00,0,M,0
TEX,NA,1,-5.00,0,M,0
TEX,NA,1,-5.00,0,M,0
TEX,NA,2,-5.00,0,M,0
TEX,NA,2,-5.00,0,M,0
TEX,NA,1,-4.00,0,M,0
TEX,NA,1,-4.00,0,M,0
TEX,NA,2,-5.00,0,M,0
TEX,NA,2,-5.00,0,M,0
TEX,NA,2,-5.00,0,M,0
TEX,NA,2,-5.00,0,M,0
TEX,NA,2,-5.00,0,M,0
TEX,NA,1,-5.00,0,M,0
TEX,NA,1,-5.00,0,M,0
TEX,NA,1,-5.00,0,M,0
TEX,NA,0,-5.00,0,M,0
TEX,NA,0,-5.00,0,M,0
TEX,NA,0,-4.00,0,M,0
TEX,NA,0,-3.00,0,M,0
TEX,NA,0,-3.00,0,M,0
TEX,NA,0,-3.00,0,M,0
TEX,NA,0,-3.00,0,M,0
TEX,NA,-1,-3.00,0,M,0
TEX,NA,-1,-3.00,0,M,0
TEX,NA,-1,-2.00,0,M,0
TEX,NA,-1,-3.00,0,M,0
TEX,NA,-1,-2.00,0,M,0
TEX,NA,-1,-2.00,0,M,0
TEX,NA,-1,-2.00,0,M,0
TEX,NA,-1,-2.00,0,M,0
TEX,NA,-1,-2.00,0,M,0
TEX,NA,-2,-3.00,0,M,0
TEX,NA,-1,-3.00,0,M,0
TEX,NA,-1,-3.00,0,M,0
TEX,NA,-2,-3.00,0,M,0
TEX,NA,-2,-3.00,0,M,0
TEX,NA,-2,-3.00,0,M,0
TEX,NA,-2,-3.00,0,M,0
TEX,NA,-2,-3.00,0,M,0
TEX,NA,-3,-5.00,0,M,0
TEX,NA,-2,-5.00,0,M,0
TEX,NA,-3,-6.00,0,M,0
TEX,NA,-3,-6.00,0,M,0
TEX,NA,-3,-5.00,0,M,0
TEX,NA,-3,-5.00,0,M,0
TEX,NA,-3,-6.00,0,M,0
TEX,NA,-3,-6.00,0,M,0
TEX,NA,-3,-7.00,0,M,0
TEX,NA,-3,-6.00,0,M,0
TEX,NA,-3,-7.00,0,M,0
TEX,NA,-3,-6.00,0,M,0
TEX,NA,-3,-7.00,0,M,0
TEX,NA,-3,-7.00,0,M,0
TEX,NA,-4,-7.00,0,M,0
TEX,NA,-3,-7.00,0,M,0
TEX,NA,-4,-7.00,0,M,0
TEX,NA,-3,-7.00,0,M,0
TEX,NA,-3,-7.00,0,M,0
TEX,NA,-3,-7.00,0,M,0
TEX,NA,-5,-8.00,0,M,0
TEX,NA,-4,-7.00,0,M,0
TEX,NA,-4,-7.00,0,M,0
TEX,NA,-5,-8.00,0,M,0
TEX,NA,-5,-8.00,0,M,0
TEX,NA,-3,-8.00,0,M,0
TEX,NA,-3,-8.00,0,M,0
TEX,NA,-3,-8.00,0,M,0
TEX,NA,-3,-7.00,0,M,0
TEX,NA,-2,-7.00,0,M,0
TEX,NA,-1,-7.00,0,M,0
TEX,NA,-1,-7.00,0,M,0
TEX,NA,0,-7.00,0,M,0
TEX,NA,0,-7.00,0,M,0
TEX,NA,1,-7.00,0,M,0
TEX,NA,1,-8.00,0,M,0
TEX,NA,1,-8.00,0,M,0
TEX,NA,1,-8.00,0,M,0
TEX,NA,1,-8.00,0,M,0
TEX,NA,2,-8.00,0,M,0
TEX,NA,2,-8.00,0,M,0
TEX,NA,2,-8.00,0,M,0
TEX,NA,1,-7.00,0,M,0
TEX,NA,1,-6.00,0,M,0
TEX,NA,1,-6.00,0,M,0
TEX,NA,1,-5.00,0,M,0
TEX,NA,1,-5.00,0,M,0
TEX,NA,1,-6.00,0,M,0
TEX,NA,1,-5.00,0,M,0
TEX,NA,1,-6.00,0,M,0
TEX,NA,0,-5.00,0,M,0
TEX,NA,0,-5.00,0,M,0
TEX,NA,0,-4.00,0,M,0
TEX,NA,0,-4.00,0,M,0
TEX,NA,0,-4.00,0,M,0
TEX,NA,0,-4.00,0,M,0
TEX,NA,-1,-3.00,0,M,0
TEX,NA,-1,-3.00,0,M,0
TEX,NA,-1,-3.00,0,M,0
TEX,NA,-1,-4.00,0,M,0
TEX,NA,-1,-3.00,0,M,0
TEX,NA,-1,-3.00,0,M,0
TEX,NA,-1,-5.00,0,M,0
TEX,NA,-1,-4.00,0,M,0
TEX,NA,-1,-4.00,0,M,0
TEX,NA,-2,-4.00,0,M,0
TEX,NA,-1,-3.00,0,M,0
TEX,NA,-2,-5.00,0,M,0
TEX,NA,-2,-5.00,0,M,0
TEX,NA,-2,-6.00,0,M,0
TEX,NA,-2,-6.00,0,M,0
TEX,NA,-2,-5.00,0,M,0
TEX,NA,-2,-5.00,0,M,0
TEX,NA,-3,-5.00,0,M,0
TEX,NA,-3,-5.00,0,M,0
TEX,NA,-3,-5.00,0,M,0
TEX,NA,-3,-5.00,0,M,0
TEX,NA,-4,-6.00,0,M,0
TEX,NA,-3,-5.00,0,M,0
TEX,NA,-3,-6.00,0,M,0
TEX,NA,-3,-6.00,0,M,0
TEX,NA,-4,-6.00,0,M,0
TEX,NA,-4,-6.00,0,M,0
TEX,NA,-3,-6.00,0,M,0
TEX,NA,-4,-6.00,0,M,0
TEX,NA,-4,-6.00,0,M,0
TEX,NA,-4,-6.00,0,M,0
TEX,NA,-5,-6.00,0,M,0
TEX,NA,-4,-6.00,0,M,0
TEX,NA,-5,-6.00,0,M,0
TEX,NA,-4,-7.00,0,M,0
TEX,NA,-4,-8.00,0,M,0
TEX,NA,-4,-7.00,0,M,0
TEX,NA,-4,-8.00,0,M,0
TEX,NA,-3,-8.00,0,M,0
TEX,NA,-3,-8.00,0,M,0
TEX,NA,-2,-8.00,0,M,0
TEX,NA,-2,-8.00,0,M,0
TEX,NA,-2,-8.00,0,M,0
TEX,NA,-2,-8.00,0,M,0
TEX,NA,-2,-8.00,0,M,0
TEX,NA,-1,-8.00,0,M,0
TEX,NA,0,-8.00,0,M,0
TEX,NA,0,-8.00,0,M,0
TEX,NA,1,-8.00,0,M,0
TEX,NA,1,-8.00,0,M,0
TEX,NA,1,-7.00,0,M,0
TEX,NA,2,-8.00,0,M,0
TEX,NA,3,-9.00,0,M,0
TEX,NA,2,-9.00,0,M,0
TEX,NA,2,-9.00,0,M,0
TEX,NA,2,-9.00,0,M,0
TEX,NA,2,-9.00,0,M,0
TEX,NA,2,-8.00,0,M,0
TEX,NA,2,-8.00,0,M,0
TEX,NA,2,-8.00,0,M,0
TEX,NA,1,-7.00,0,M,0
TEX,NA,1,-6.00,0,M,0
TEX,NA,1,-6.00,0,M,0
TEX,NA,1,-6.00,0,M,0
TEX,NA,0,-5.00,0,M,0
TEX,NA,0,-5.00,0,M,0
TEX,NA,0,-5.00,0,M,0
TEX,NA,0,-4.00,0,M,0
TEX,NA,-1,-3.00,0,M,0
TEX,NA,-1,-3.00,0,M,0
TEX,NA,-1,-3.00,0,M,0
TEX,NA,-1,-3.00,0,M,0
TEX,NA,-1,-3.00,0,M,0
TEX,NA,-1,-3.00,0,M,0
TEX,NA,-1,-3.00,0,M,0
TEX,NA,-1,-3.00,0,M,0
TEX,NA,-2,-3.00,0,M,0
TEX,NA,-2,-3.00,0,M,0
TEX,NA,-2,-3.00,0,M,0
TEX,NA,-2,-3.00,0,M,0
TEX,NA,-2,-3.00,0,M,0
TEX,NA,-2,-3.00,0,M,0
TEX,NA,-2,-3.00,0,M,0
TEX,NA,-2,-3.00,0,M,0
TEX,NA,-2,-3.00,0,M,0
TEX,NA,-2,-3.00,0,M,0
TEX,NA,-2,-3.00,0,M,0
TEX,NA,-2,-3.00,0,M,0
TEX,NA,-2,-3.00,0,M,0
TEX,NA,-3,-4.00,0,M,0
TEX,NA,-3,-4.00,0,M,0
TEX,NA,-2,-4.00,0,M,0
TEX,NA,-3,-4.00,0,M,0
TEX,NA,-3,-4.00,0,M,0
TEX,NA,-3,-5.00,0,M,0
TEX,NA,-3,-5.00,0,M,0
TEX,NA,-3,-5.00,0,M,0
TEX,NA,-4,-5.00,0,M,0
TEX,NA,-4,-6.00,0,M,0
TEX,NA,-4,-6.00,0,M,0
TEX,NA,-4,-6.00,0,M,0
TEX,NA,-5,-6.00,0,M,0
TEX,NA,-5,-6.00,0,M,0
TEX,NA,-4,-6.00,0,M,0
TEX,NA,-4,-6.00,0,M,0
TEX,NA,-4,-6.00,0,M,0
TEX,NA,-4,-6.00,0,M,0
TEX,NA,-4,-5.00,0,M,0
TEX,NA,-4,-5.00,0,M,0
TEX,NA,-4,-5.00,0,M,0
TEX,NA,-3,-5.00,0,M,0
TEX,NA,-3,-5.00,0,M,0
TEX,NA,-2,-5.00,0,M,0
TEX,NA,-2,-5.00,0,M,0
TEX,NA,-1,-5.00,0,M,0
TEX,NA,-1,-5.00,0.51,M,0
TEX,NA,-1,-5.00,0.51,M,0
TEX,NA,0,-5.00,0,M,0
TEX,NA,0,-6.00,0,M,0
TEX,NA,1,-6.00,0,M,0
TEX,NA,1,-5.00,0,M,0
TEX,NA,1,-5.00,0,M,0
TEX,NA,1,-6.00,0,M,0
TEX,NA,1,-6.00,0,M,0
TEX,NA,1,-6.00,0,M,0
TEX,NA,1,-6.00,0,M,0
TEX,NA,1,-6.00,0,M,0
TEX,NA,1,-6.00,0,M,0
TEX,NA,1,-6.00,0,M,0
TEX,NA,1,-6.00,0,M,0
TEX,NA,0,-6.00,0,M,0
TEX,NA,0,-6.00,0,M,0
TEX,NA,0,-6.00,0,M,0
TEX,NA,0,-5.00,0,M,0
TEX,NA,0,-5.00,0,M,0
TEX,NA,0,-4.00,0,M,0
TEX,NA,-1,-3.00,0,M,0
TEX,NA,-1,-3.00,0,M,0
TEX,NA,-1,-2.00,0,M,0
TEX,NA,-1,-2.00,0,M,0
TEX,NA,-1,-2.00,0,M,0
TEX,NA,-1,-2.00,0,M,0
TEX,NA,-1,-2.00,0,M,0
TEX,NA,-1,-2.00,0,M,0
TEX,NA,-1,-2.00,0,M,0
TEX,NA,-2,-3.00,0,M,0
TEX,NA,-2,-3.00,0,M,0
TEX,NA,-2,-3.00,0,M,0
TEX,NA,-2,-3.00,0,M,0
TEX,NA,-2,-3.00,0,M,0
TEX,NA,-2,-3.00,0,M,0
TEX,NA,-2,-3.00,0,M,0
TEX,NA,-3,-4.00,0,M,0
TEX,NA,-3,-5.00,0,M,0
TEX,NA,-3,-5.00,0,M,0
TEX,NA,-3,-6.00,0,M,0
TEX,NA,-3,-6.00,0,M,0
TEX,NA,-3,-6.00,0,M,0
TEX,NA,-3,-6.00,0,M,0
TEX,NA,-3,-7.00,0,M,0
TEX,NA,-3,-6.00,0,M,0
TEX,NA,-4,-6.00,0,M,0
TEX,NA,-3,-6.00,0,M,0
TEX,NA,-3,-7.00,0,M,0
TEX,NA,-4,-8.00,0,M,0
TEX,NA,-5,-8.00,0,M,0
TEX,NA,-5,-8.00,0,M,0
TEX,NA,-4,-7.00,0,M,0
TEX,NA,-4,-8.00,0,M,0
TEX,NA,-3,-7.00,0,M,0
TEX,NA,-3,-8.00,0,M,0
TEX,NA,-4,-7.00,0,M,0
TEX,NA,-3,-7.00,0,M,0
TEX,NA,-5,-7.00,0,M,0
TEX,NA,-5,-7.00,0,M,0
TEX,NA,-5,-7.00,0,M,0
TEX,NA,-4,-7.00,0,M,0
TEX,NA,-5,-8.00,0,M,0
TEX,NA,-5,-8.00,0,M,0
TEX,NA,-5,-8.00,0,M,0
TEX,NA,-5,-8.00,0,M,0
TEX,NA,-4,-8.00,0,M,0
TEX,NA,-4,-8.00,0,M,0
TEX,NA,-3,-8.00,0,M,0
TEX,NA,-3,-8.00,0,M,0
TEX,NA,-2,-8.00,0,M,0
TEX,NA,-2,-8.00,0,M,0
TEX,NA,-1,-8.00,0,M,0
TEX,NA,0,-8.00,0.25,M,0
TEX,NA,-1,-7.00,0,M,0
TEX,NA,0,-9.00,0,M,0
TEX,NA,0,-10.00,0,M,0
TEX,NA,0,-9.00,0,M,0
TEX,NA,0,-8.00,0,M,0
TEX,NA,0,-8.00,0,M,0
TEX,NA,-1,-7.00,0,M,0
TEX,NA,-1,-7.00,0,M,0
TEX,NA,-1,-7.00,0,M,0
TEX,NA,0,-7.00,0,M,0
TEX,NA,0,-7.00,0,M,0
TEX,NA,0,-6.00,0,M,0
TEX,NA,-1,-5.00,0,M,0
TEX,NA,-1,-5.00,0,M,0
TEX,NA,-2,-4.00,0,M,0
TEX,NA,-1,-3.00,0,M,0
TEX,NA,-2,-4.00,0,M,0
TEX,NA,-2,-3.00,0,M,0
TEX,NA,-2,-3.00,0,M,0
TEX,NA,-2,-3.00,0,M,0
TEX,NA,-2,-3.00,0,M,0
TEX,NA,-3,-4.00,0,M,0
TEX,NA,-3,-4.00,0,M,0
TEX,NA,-3,-4.00,0,M,0
TEX,NA,-3,-4.00,0,M,0
TEX,NA,-3,-4.00,0,M,0
TEX,NA,-3,-5.00,0,M,0
TEX,NA,-3,-4.00,0,M,0
TEX,NA,-3,-5.00,0,M,0
TEX,NA,-3,-5.00,0,M,0
TEX,NA,-4,-5.00,0,M,0
TEX,NA,-4,-5.00,0,M,0
TEX,NA,-4,-5.00,0,M,0
TEX,NA,-4,-5.00,0,M,0
TEX,NA,-4,-5.00,0,M,0
TEX,NA,-4,-5.00,0,M,0
TEX,NA,-4,-5.00,0,M,0
TEX,NA,-5,-6.00,0,M,0
TEX,NA,-4,-6.00,0,M,0
TEX,NA,-4,-6.00,0,M,0
TEX,NA,-4,-6.00,0,M,0
TEX,NA,-5,-6.00,0,M,0
TEX,NA,-5,-6.00,0,M,0
TEX,NA,-4,-6.00,0,M,0
TEX,NA,-5,-6.00,0,M,0
TEX,NA,-5,-6.00,0,M,0
TEX,NA,-5,-7.00,0,M,0
TEX,NA,-5,-6.00,0,M,0
TEX,NA,-5,-6.00,0,M,0
TEX,NA,-5,-7.00,0,M,0
TEX,NA,-5,-7.00,0,M,0
TEX,NA,-5,-7.00,0,M,0
TEX,NA,-5,-7.00,0,M,0
TEX,NA,-5,-7.00,0,M,0
TEX,NA,-5,-7.00,0,M,0
TEX,NA,-5,-7.00,0,M,0
TEX,NA,-5,-7.00,0,M,0
TEX,NA,-5,-7.00,0,M,0
TEX,NA,-5,-7.00,0,M,0
TEX,NA,-5,-7.00,0,M,0
TEX,NA,-5,-7.00,0,M,0
TEX,NA,-5,-7.00,0,M,0
TEX,NA,-5,-7.00,0,M,0
TEX,NA,-5,-7.00,0,M,0
TEX,NA,-5,-7.00,0,M,0
TEX,NA,-5,-7.00,0,M,0
TEX,NA,-5,-7.00,0,M,0
TEX,NA,-5,-7.00,0,M,0
TEX,NA,-4,-7.00,0,M,0
TEX,NA,-3,-7.00,0,M,0
TEX,NA,-3,-7.00,0,M,0
TEX,NA,-3,-6.00,0,M,0
TEX,NA,-2,-6.00,0,M,0
TEX,NA,-1,-6.00,0,M,0
TEX,NA,0,-6.00,0.76,M,0
TEX,NA,0,-6.00,0.25,M,0
TEX,NA,0,-7.00,0.25,M,0
TEX,NA,0,-7.00,0.25,M,0
TEX,NA,0,-7.00,0,M,0
TEX,NA,1,-7.00,0,M,0
TEX,NA,0,-7.00,0,M,0
TEX,NA,0,-8.00,0,M,0
TEX,NA,0,-8.00,0,M,0
TEX,NA,0,-7.00,0,M,0
TEX,NA,0,-7.00,0,M,0
TEX,NA,0,-7.00,0,M,0
TEX,NA,0,-7.00,0,M,0
TEX,NA,0,-7.00,0,M,0
TEX,NA,-1,-7.00,0,M,0
TEX,NA,-1,-7.00,0,M,0
TEX,NA,-1,-8.00,0,M,0
TEX,NA,-2,-8.00,0,M,0
TEX,NA,-2,-8.00,0,M,0
TEX,NA,-2,-8.00,0,M,0
TEX,NA,-2,-8.00,0,M,0
TEX,NA,-3,-8.00,0,M,0
TEX,NA,-3,-8.00,0,M,0
TEX,NA,-3,-9.00,0,M,0
TEX,NA,-4,-9.00,0,M,0
TEX,NA,-5,-9.00,0,M,0
TEX,NA,-5,-9.00,0,M,0
TEX,NA,-6,-10.00,0,M,0
TEX,NA,-6,-10.00,0,M,0
TEX,NA,-6,-10.00,0,M,0
TEX,NA,-7,-11.00,0,M,0
TEX,NA,-6,-10.00,0,M,0
TEX,NA,-6,-10.00,0,M,0
TEX,NA,-7,-11.00,0,M,0
TEX,NA,-7,-11.00,0,M,0
TEX,NA,-7,-11.00,0,M,0
TEX,NA,-7,-11.00,0,M,0
TEX,NA,-7,-11.00,0,M,0
TEX,NA,-8,-12.00,0,M,0
TEX,NA,-7,-12.00,0,M,0
TEX,NA,-8,-12.00,0,M,0
TEX,NA,-8,-12.00,0,M,0
TEX,NA,-8,-12.00,0,M,0
TEX,NA,-8,-13.00,0,M,0
TEX,NA,-8,-13.00,0,M,0
TEX,NA,-9,-13.00,0,M,0
TEX,NA,-9,-13.00,0,M,0
TEX,NA,-10,-13.00,0,M,0
TEX,NA,-10,-14.00,0,M,0
TEX,NA,-10,-14.00,0,M,0
TEX,NA,-9,-13.00,0,M,0
TEX,NA,-10,-13.00,0,M,0
TEX,NA,-10,-14.00,0,M,0
TEX,NA,-10,-15.00,0,M,0
TEX,NA,-10,-15.00,0,M,0
TEX,NA,-10,-14.00,0,M,0
TEX,NA,-10,-15.00,0,M,0
TEX,NA,-11,-15.00,0,M,0
TEX,NA,-10,-15.00,0,M,0
TEX,NA,-10,-15.00,0,M,0
TEX,NA,-10,-15.00,0,M,0
TEX,NA,-8,-15.00,0,M,0
TEX,NA,-8,-15.00,0,M,0
TEX,NA,-8,-15.00,0,M,0
TEX,NA,-7,-15.00,0,M,0
TEX,NA,-6,-15.00,0,M,0
TEX,NA,-5,-16.00,0,M,0
TEX,NA,-5,-14.00,0,M,0
TEX,NA,-3,-15.00,0,M,0
TEX,NA,-2,-15.00,0,M,0
TEX,NA,-1,-15.00,0,M,0
TEX,NA,0,-17.00,0,M,0
TEX,NA,1,-19.00,0,M,0
TEX,NA,2,-18.00,0,M,0
TEX,NA,2,-19.00,0,M,0
TEX,NA,2,-18.00,0,M,0
TEX,NA,2,-20.00,0,M,0
TEX,NA,2,-22.00,0,M,0
TEX,NA,3,-21.00,0,M,0
TEX,NA,2,-20.00,0,M,0
TEX,NA,3,-18.00,0,M,0
TEX,NA,2,-18.00,0,M,0
TEX,NA,2,-17.00,0,M,0
TEX,NA,2,-16.00,0,M,0
TEX,NA,2,-15.00,0,M,0
TEX,NA,2,-15.00,0,M,0
TEX,NA,1,-13.00,0,M,0
TEX,NA,1,-13.00,0,M,0
TEX,NA,0,-12.00,0,M,0
TEX,NA,0,-12.00,0,M,0
TEX,NA,0,-12.00,0,M,0
TEX,NA,-1,-12.00,0,M,0
TEX,NA,-1,-13.00,0,M,0
TEX,NA,-2,-13.00,0,M,0
TEX,NA,-2,-13.00,0,M,0
TEX,NA,-2,-13.00,0,M,0
TEX,NA,-3,-12.00,0,M,0
TEX,NA,-3,-13.00,0,M,0
TEX,NA,-3,-13.00,0,M,0
TEX,NA,-3,-13.00,0,M,0
TEX,NA,-3,-13.00,0,M,0
TEX,NA,-4,-13.00,0,M,0
TEX,NA,-5,-13.00,0,M,0
TEX,NA,-5,-13.00,0,M,0
TEX,NA,-5,-13.00,0,M,0
TEX,NA,-5,-13.00,0,M,0
TEX,NA,-5,-13.00,0,M,0
TEX,NA,-5,-13.00,0,M,0
TEX,NA,-5,-13.00,0,M,0
TEX,NA,-5,-13.00,0,M,0
TEX,NA,-5,-13.00,0,M,0
TEX,NA,-5,-13.00,0,M,0
TEX,NA,-5,-13.00,0,M,0
TEX,NA,-4,-13.00,0,M,0
TEX,NA,-4,-13.00,0,M,0
TEX,NA,-5,-13.00,0,M,0
TEX,NA,-5,-12.00,0,M,0
TEX,NA,-4,-12.00,0,M,0
TEX,NA,-4,-13.00,0,M,0
TEX,NA,-4,-12.00,0,M,0
TEX,NA,-5,-12.00,0,M,0
TEX,NA,-5,-12.00,0,M,0
TEX,NA,-4,-12.00,0,M,0
TEX,NA,-4,-13.00,0,M,0
TEX,NA,-5,-12.00,0,M,0
TEX,NA,-5,-13.00,0,M,0
TEX,NA,-5,-12.00,0,M,0
TEX,NA,-5,-12.00,0,M,0
TEX,NA,-5,-12.00,0,M,0
TEX,NA,-5,-12.00,0,M,0
TEX,NA,-5,-12.00,0,M,0
TEX,NA,-5,-12.00,0,M,0
TEX,NA,-5,-13.00,0,M,0
TEX,NA,-3,-13.00,0,M,0
TEX,NA,-2,-13.00,0,M,0
TEX,NA,-2,-13.00,0,M,0
TEX,NA,-1,-13.00,0,M,0
TEX,NA,0,-12.00,0,M,0
TEX,NA,1,-13.00,0,M,0
TEX,NA,1,-14.00,0,M,0
TEX,NA,2,-12.00,0,M,0
TEX,NA,3,-13.00,0,M,0
TEX,NA,5,-13.00,0,M,0
TEX,NA,6,-14.00,0,M,2.01
TEX,NA,6,-12.00,0,M,2.01
TEX,NA,8,-13.00,0,M,6.029999999999999
TEX,NA,7,-13.00,0,M,4.02
TEX,NA,7,-11.00,0,M,4.02
TEX,NA,7,-10.00,0,M,4.02
TEX,NA,7,-10.00,0,M,4.02
TEX,NA,7,-10.00,0,M,4.02
TEX,NA,7,-10.00,0,M,4.02
TEX,NA,7,-10.00,0,M,4.02
TEX,NA,7,-10.00,0,M,4.02
TEX,NA,7,-10.00,0,M,4.02
TEX,NA,7,-8.00,0,M,4.02
TEX,NA,7,-9.00,0,M,4.02
TEX,NA,7,-8.00,0,M,4.02
TEX,NA,6,-8.00,0,M,2.01
TEX,NA,6,-8.00,0,M,2.01
TEX,NA,5,-7.00,0,M,0
TEX,NA,5,-7.00,0,M,0
TEX,NA,4,-7.00,0,M,0
TEX,NA,3,-6.00,0,M,0
TEX,NA,2,-6.00,0,M,0
TEX,NA,2,-6.00,0,M,0
TEX,NA,1,-6.00,0,M,0
TEX,NA,1,-6.00,0,M,0
TEX,NA,1,-6.00,0,M,0
TEX,NA,0,-7.00,0,M,0
TEX,NA,0,-7.00,0,M,0
TEX,NA,0,-7.00,0,M,0
TEX,NA,0,-7.00,0,M,0
TEX,NA,0,-7.00,0,M,0
TEX,NA,0,-7.00,0,M,0
TEX,NA,0,-7.00,0,M,0
TEX,NA,0,-8.00,0,M,0
TEX,NA,0,-8.00,0,M,0
TEX,NA,0,-9.00,0,M,0
TEX,NA,0,-8.00,0,M,0
TEX,NA,0,-8.00,0,M,0
TEX,NA,0,-9.00,0,M,0
TEX,NA,-2,-10.00,0,M,0
TEX,NA,-1,-10.00,0,M,0
TEX,NA,0,-10.00,0,M,0
TEX,NA,-1,-10.00,0,M,0
TEX,NA,-2,-10.00,0,M,0
TEX,NA,-1,-10.00,0,M,0
TEX,NA,-1,-10.00,0,M,0
TEX,NA,-1,-10.00,0,M,0
TEX,NA,-1,-10.00,0,M,0
TEX,NA,-1,-10.00,0,M,0
TEX,NA,-2,-10.00,0,M,0
TEX,NA,-1,-11.00,0,M,0
TEX,NA,-1,-10.00,0,M,0
TEX,NA,-1,-11.00,0,M,0
TEX,NA,-1,-11.00,0,M,0
TEX,NA,-1,-11.00,0,M,0
TEX,NA,-1,-11.00,0,M,0
TEX,NA,0,-11.00,0,M,0
TEX,NA,0,-11.00,0,M,0
TEX,NA,-1,-11.00,0,M,0
TEX,NA,-2,-10.00,0,M,0
TEX,NA,-1,-10.00,0,M,0
TEX,NA,-1,-10.00,0,M,0
TEX,NA,-1,-11.00,0,M,0
TEX,NA,-1,-11.00,0,M,0
TEX,NA,0,-11.00,0,M,0
TEX,NA,0,-10.00,0,M,0
TEX,NA,1,-10.00,0,M,0
TEX,NA,1,-10.00,0,M,0
TEX,NA,2,-11.00,0,M,0
TEX,NA,3,-11.00,0,M,0
TEX,NA,5,-11.00,0,M,0
TEX,NA,5,-12.00,0,M,0
TEX,NA,6,-12.00,0,M,2.01
TEX,NA,6,-11.00,0,M,2.01
TEX,NA,7,-12.00,0,M,4.02
TEX,NA,7,-10.00,0,M,4.02
TEX,NA,7,-8.00,0,M,4.02
TEX,NA,7,-8.00,0,M,4.02
TEX,NA,7,-8.00,0,M,4.02
TEX,NA,7,-8.00,0,M,4.02
TEX,NA,7,-7.00,0,M,4.02
TEX,NA,7,-7.00,0,M,4.02
TEX,NA,7,-7.00,0,M,4.02
TEX,NA,7,-7.00,0,M,4.02
TEX,NA,7,-6.00,0,M,4.02
TEX,NA,6,-6.00,0,M,2.01
TEX,NA,6,-6.00,0,M,2.01
TEX,NA,6,-6.00,0,M,2.01
TEX,NA,6,-6.00,0,M,2.01
TEX,NA,5,-6.00,0,M,0
TEX,NA,4,-6.00,0,M,0
TEX,NA,3,-6.00,0,M,0
TEX,NA,3,-5.00,0,M,0
TEX,NA,2,-6.00,0,M,0
TEX,NA,2,-6.00,0,M,0
TEX,NA,2,-6.00,0,M,0
TEX,NA,0,-6.00,0,M,0
TEX,NA,0,-6.00,0,M,0
TEX,NA,0,-6.00,0,M,0
TEX,NA,0,-6.00,0,M,0
TEX,NA,0,-6.00,0,M,0
TEX,NA,0,-6.00,0,M,0
TEX,NA,0,-6.00,0,M,0
TEX,NA,0,-6.00,0,M,0
TEX,NA,-1,-7.00,0,M,0
TEX,NA,-1,-7.00,0,M,0
TEX,NA,0,-7.00,0,M,0
TEX,NA,0,-6.00,0,M,0
TEX,NA,-1,-7.00,0,M,0
TEX,NA,-1,-7.00,0,M,0
TEX,NA,-1,-7.00,0,M,0
TEX,NA,-1,-7.00,0,M,0
TEX,NA,-1,-7.00,0,M,0
TEX,NA,-1,-7.00,0,M,0
TEX,NA,-1,-8.00,0,M,0
TEX,NA,0,-8.00,0,M,0
TEX,NA,-1,-8.00,0,M,0
TEX,NA,-1,-8.00,0,M,0
TEX,NA,-1,-8.00,0,M,0
TEX,NA,0,-8.00,0,M,0
TEX,NA,-1,-9.00,0,M,0
TEX,NA,0,-9.00,0,M,0
TEX,NA,0,-9.00,0,M,0
TEX,NA,0,-9.00,0,M,0
TEX,NA,0,-10.00,0,M,0
TEX,NA,0,-10.00,0,M,0
TEX,NA,0,-10.00,0,M,0
TEX,NA,0,-10.00,0,M,0
TEX,NA,0,-10.00,0,M,0
TEX,NA,0,-10.00,0,M,0
TEX,NA,0,-10.00,0,M,0
TEX,NA,0,-11.00,0,M,0
TEX,NA,-1,-11.00,0,M,0
TEX,NA,0,-11.00,0,M,0
TEX,NA,0,-11.00,0,M,0
TEX,NA,0,-11.00,0,M,0
TEX,NA,0,-10.00,0,M,0
TEX,NA,1,-11.00,0,M,0
TEX,NA,2,-11.00,0,M,0
TEX,NA,3,-10.00,0,M,0
TEX,NA,4,-11.00,0,M,0
TEX,NA,6,-12.00,0,M,2.01
TEX,NA,6,-13.00,0,M,2.01
TEX,NA,6,-12.00,0,M,2.01
TEX,NA,6,-12.00,0,M,2.01
TEX,NA,6,-12.00,0,M,2.01
TEX,NA,7,-12.00,0,M,4.02
TEX,NA,7,-11.00,0,M,4.02
TEX,NA,7,-11.00,0,M,4.02
TEX,NA,7,-12.00,0,M,4.02
TEX,NA,8,-11.00,0,M,6.029999999999999
TEX,NA,8,-11.00,0,M,6.029999999999999
TEX,NA,8,-11.00,0,M,6.029999999999999
TEX,NA,8,-11.00,0,M,6.029999999999999
TEX,NA,8,-11.00,0,M,6.029999999999999
TEX,NA,7,-11.00,0,M,4.02
TEX,NA,7,-10.00,0,M,4.02
TEX,NA,7,-10.00,0,M,4.02
TEX,NA,7,-10.00,0,M,4.02
TEX,NA,7,-9.00,0,M,4.02
TEX,NA,7,-8.00,0,M,4.02
TEX,NA,6,-8.00,0,M,2.01
TEX,NA,5,-7.00,0,M,0
TEX,NA,5,-7.00,0,M,0
TEX,NA,4,-7.00,0,M,0
TEX,NA,2,-8.00,0,M,0
TEX,NA,1,-8.00,0,M,0
TEX,NA,2,-7.00,0,M,0
TEX,NA,1,-7.00,0,M,0
TEX,NA,2,-7.00,0,M,0
TEX,NA,1,-7.00,0,M,0
TEX,NA,1,-7.00,0,M,0
TEX,NA,1,-7.00,0,M,0
TEX,NA,0,-7.00,0,M,0
TEX,NA,0,-7.00,0,M,0
TEX,NA,0,-7.00,0,M,0
TEX,NA,0,-7.00,0,M,0
TEX,NA,0,-7.00,0,M,0
TEX,NA,0,-8.00,0,M,0
TEX,NA,-1,-8.00,0,M,0
TEX,NA,0,-8.00,0,M,0
TEX,NA,0,-8.00,0,M,0
TEX,NA,0,-8.00,0,M,0
TEX,NA,0,-9.00,0,M,0
TEX,NA,0,-10.00,0,M,0
TEX,NA,-1,-10.00,0,M,0
TEX,NA,0,-10.00,0,M,0
TEX,NA,0,-10.00,0,M,0
TEX,NA,-1,-10.00,0,M,0
TEX,NA,-1,-10.00,0,M,0
TEX,NA,-1,-11.00,0,M,0
TEX,NA,0,-11.00,0,M,0
TEX,NA,-1,-11.00,0,M,0
TEX,NA,-1,-11.00,0,M,0
TEX,NA,0,-11.00,0,M,0
TEX,NA,0,-12.00,0,M,0
TEX,NA,-1,-11.00,0,M,0
TEX,NA,-1,-12.00,0,M,0
TEX,NA,-1,-12.00,0,M,0
TEX,NA,-1,-13.00,0,M,0
TEX,NA,-1,-13.00,0,M,0
TEX,NA,-1,-13.00,0,M,0
TEX,NA,-1,-13.00,0,M,0
TEX,NA,-1,-14.00,0,M,0
TEX,NA,0,-15.00,0,M,0
TEX,NA,-1,-14.00,0,M,0
TEX,NA,-1,-15.00,0,M,0
TEX,NA,-1,-15.00,0,M,0
TEX,NA,0,-14.00,0,M,0
TEX,NA,0,-15.00,0,M,0
TEX,NA,1,-16.00,0,M,0
TEX,NA,2,-15.00,0,M,0
TEX,NA,3,-16.00,0,M,0
TEX,NA,3,-15.00,0,M,0
TEX,NA,3,-17.00,0,M,0
TEX,NA,5,-15.00,0,M,0
TEX,NA,6,-14.00,0,M,2.01
TEX,NA,6,-13.00,0,M,2.01
TEX,NA,6,-13.00,0,M,2.01
TEX,NA,7,-13.00,0,M,4.02
TEX,NA,7,-11.00,0,M,4.02
TEX,NA,7,-11.00,0,M,4.02
TEX,NA,7,-10.00,0,M,4.02
TEX,NA,6,-9.00,0,M,2.01
TEX,NA,7,-10.00,0,M,4.02
TEX,NA,7,-8.00,0,M,4.02
TEX,NA,7,-7.00,0,M,4.02
TEX,NA,6,-7.00,0,M,2.01
TEX,NA,5,-6.00,0,M,0
TEX,NA,5,-7.00,0,M,0
TEX,NA,6,-7.00,0,M,2.01
TEX,NA,6,-7.00,0,M,2.01
TEX,NA,5,-6.00,0,M,0
TEX,NA,5,-6.00,0,M,0
TEX,NA,4,-6.00,0,M,0
TEX,NA,3,-6.00,0,M,0
TEX,NA,3,-6.00,0,M,0
TEX,NA,3,-6.00,0,M,0
TEX,NA,2,-6.00,0,M,0
TEX,NA,2,-6.00,0,M,0
TEX,NA,1,-6.00,0,M,0
TEX,NA,1,-6.00,0,M,0
TEX,NA,1,-6.00,0,M,0
TEX,NA,1,-6.00,0,M,0
TEX,NA,0,-6.00,0,M,0
TEX,NA,0,-6.00,0,M,0
TEX,NA,1,-6.00,0,M,0
TEX,NA,1,-6.00,0,M,0
TEX,NA,0,-6.00,0,M,0
TEX,NA,0,-6.00,0,M,0
TEX,NA,0,-6.00,0,M,0
TEX,NA,0,-6.00,0,M,0
TEX,NA,0,-6.00,0,M,0
TEX,NA,0,-6.00,0,M,0
TEX,NA,0,-6.00,0,M,0
TEX,NA,0,-6.00,0,M,0
TEX,NA,0,-5.00,0,M,0
TEX,NA,0,-6.00,0,M,0
TEX,NA,0,-6.00,0,M,0
TEX,NA,0,-6.00,0,M,0
TEX,NA,0,-4.00,0,M,0
TEX,NA,-1,-5.00,0,M,0
TEX,NA,0,-5.00,0,M,0
TEX,NA,0,-5.00,0,M,0
TEX,NA,-1,-5.00,0,M,0
TEX,NA,0,-5.00,0,M,0
TEX,NA,-1,-5.00,0,M,0
TEX,NA,-1,-5.00,0,M,0
TEX,NA,-1,-6.00,0,M,0
TEX,NA,-1,-6.00,0,M,0
TEX,NA,0,-6.00,0,M,0
TEX,NA,0,-6.00,0,M,0
TEX,NA,0,-6.00,0,M,0
TEX,NA,-1,-7.00,0,M,0
TEX,NA,-1,-7.00,0,M,0
TEX,NA,-1,-7.00,0,M,0
TEX,NA,-1,-7.00,0,M,0
TEX,NA,0,-7.00,0,M,0
TEX,NA,0,-7.00,0,M,0
TEX,NA,0,-7.00,0,M,0
TEX,NA,1,-6.00,0,M,0
TEX,NA,1,-6.00,0,M,0
TEX,NA,1,-5.00,0,M,0
TEX,NA,1,-6.00,0,M,0
TEX,NA,2,-5.00,0,M,0
TEX,NA,2,-5.00,0,M,0
TEX,NA,3,-4.00,0,M,0
TEX,NA,3,-5.00,0,M,0
TEX,NA,4,-5.00,0,M,0
TEX,NA,5,-5.00,0,M,0
TEX,NA,5,-6.00,0,M,0
TEX,NA,6,-7.00,0,M,2.01
TEX,NA,6,-7.00,0,M,2.01
TEX,NA,6,-7.00,0,M,2.01
TEX,NA,6,-8.00,0,M,2.01
TEX,NA,6,-9.00,0,M,2.01
TEX,NA,6,-8.00,0,M,2.01
TEX,NA,5,-6.00,0,M,0
TEX,NA,5,-7.00,0,M,0
TEX,NA,5,-7.00,0,M,0
TEX,NA,5,-8.00,0,M,0
TEX,NA,5,-7.00,0,M,0
TEX,NA,5,-7.00,0,M,0
TEX,NA,4,-4.00,0,M,0
TEX,NA,3,-2.00,0,M,0
TEX,NA,3,-3.00,0,M,0
TEX,NA,2,-2.00,0,M,0
TEX,NA,3,-3.00,0,M,0
TEX,NA,3,-3.00,0,M,0
TEX,NA,3,-4.00,0,M,0
TEX,NA,2,-3.00,0,M,0
TEX,NA,2,-3.00,0,M,0
TEX,NA,2,-3.00,0,M,0
TEX,NA,2,-3.00,0,M,0
TEX,NA,2,-3.00,0,M,0
TEX,NA,2,-4.00,0,M,0
TEX,NA,3,-4.00,0,M,0
TEX,NA,4,-5.00,0,M,0
TEX,NA,3,-5.00,0,M,0
TEX,NA,4,-5.00,0,M,0
TEX,NA,4,-5.00,0,M,0
TEX,NA,4,-5.00,0,M,0
TEX,NA,4,-6.00,0,M,0
TEX,NA,3,-5.00,0,M,0
TEX,NA,3,-6.00,0,M,0
TEX,NA,2,-6.00,0,M,0
TEX,NA,2,-1.00,0,M,0
TEX,NA,0,0.00,0,M,0
TEX,NA,0,0.00,0,M,0
TEX,NA,1,-1.00,0,M,0
TEX,NA,1,-2.00,0,M,0
TEX,NA,0,-1.00,0,M,0
TEX,NA,0,0.00,0,M,0
TEX,NA,0,0.00,0,M,0
TEX,NA,0,0.00,0,M,0
TEX,NA,1,-1.00,0,M,0
TEX,NA,0,-1.00,0,M,0
TEX,NA,0,-1.00,0,M,0
TEX,NA,0,-1.00,0,M,0
TEX,NA,0,0.00,0,M,0
TEX,NA,0,0.00,0,M,0
TEX,NA,0,-1.00,0,M,0
TEX,NA,0,-1.00,0,M,0
TEX,NA,0,-1.00,0,M,0
TEX,NA,0,-1.00,0,M,0
TEX,NA,0,0.00,0,M,0
TEX,NA,0,0.00,0,M,0
TEX,NA,0,0.00,0,M,0
TEX,NA,0,0.00,0,M,0
TEX,NA,0,0.00,0,M,0
TEX,NA,0,0.00,0,M,0
TEX,NA,0,0.00,0,M,0
TEX,NA,0,0.00,0,M,0
TEX,NA,0,0.00,0,M,0
TEX,NA,0,0.00,0,M,0
TEX,NA,0,-1.00,0,M,0
TEX,NA,0,-1.00,0,M,0
TEX,NA,0,-1.00,0,M,0
TEX,NA,1,-1.00,0.25,M,0
TEX,NA,1,-1.00,1.27,M,0
TEX,NA,1,-1.00,1.52,M,0
TEX,NA,1,-1.00,1.52,M,0
TEX,NA,1,-2.00,0,M,0
TEX,NA,1,-1.00,0,M,0
TEX,NA,0,-2.00,0,M,0
TEX,NA,0,-2.00,0,M,0
TEX,NA,0,-2.00,0,M,0
TEX,NA,0,-2.00,0,M,0
TEX,NA,0,-2.00,0,M,0
TEX,NA,0,-2.00,0,M,0
TEX,NA,0,-2.00,0,M,0
TEX,NA,0,-3.00,0,M,0
TEX,NA,-1,-3.00,0,M,0
TEX,NA,-1,-3.00,0,M,0
TEX,NA,-1,-3.00,0,M,0
TEX,NA,-1,-3.00,0,M,0
TEX,NA,-2,-4.00,0,M,0
TEX,NA,-2,-5.00,0,M,0
TEX,NA,-2,-5.00,0,M,0
TEX,NA,-2,-5.00,0,M,0
TEX,NA,-2,-6.00,0,M,0
TEX,NA,-2,-6.00,0,M,0
TEX,NA,-2,-6.00,0,M,0
TEX,NA,-2,-6.00,0,M,0
TEX,NA,-2,-5.00,0,M,0
TEX,NA,-2,-4.00,0,M,0
TEX,NA,-2,-5.00,0,M,0
TEX,NA,-2,-5.00,0,M,0
TEX,NA,-3,-5.00,0,M,0
TEX,NA,-3,-5.00,0,M,0
TEX,NA,-2,-6.00,0,M,0
TEX,NA,-3,-6.00,0,M,0
TEX,NA,-3,-6.00,0,M,0
TEX,NA,-3,-6.00,0,M,0
TEX,NA,-3,-6.00,0,M,0
TEX,NA,-3,-6.00,0,M,0
TEX,NA,-3,-5.00,0,M,0
TEX,NA,-3,-5.00,0,M,0
TEX,NA,-3,-5.00,0,M,0
TEX,NA,-3,-5.00,0,M,0
TEX,NA,-3,-5.00,0,M,0
TEX,NA,-3,-5.00,0,M,0
TEX,NA,-3,-5.00,0,M,0
TEX,NA,-3,-5.00,0,M,0
TEX,NA,-3,-5.00,0,M,0
TEX,NA,-3,-5.00,0,M,0
TEX,NA,-3,-5.00,0,M,0
TEX,NA,-3,-5.00,0,M,0
TEX,NA,-3,-5.00,0,M,0
TEX,NA,-3,-6.00,0,M,0
TEX,NA,-3,-6.00,0,M,0
TEX,NA,-3,-6.00,0,M,0
TEX,NA,-3,-6.00,0,M,0
TEX,NA,-3,-6.00,0,M,0
TEX,NA,-3,-6.00,0,M,0
TEX,NA,-3,-6.00,0,M,0
TEX,NA,-3,-6.00,0,M,0
TEX,NA,-3,-6.00,0,M,0
TEX,NA,-3,-6.00,0,M,0
TEX,NA,-4,-6.00,0,M,0
TEX,NA,-4,-6.00,0,M,0
TEX,NA,-4,-6.00,0,M,0
TEX,NA,-4,-6.00,0,M,0
TEX,NA,-3,-6.00,0,M,0
TEX,NA,-4,-6.00,0,M,0
TEX,NA,-3,-6.00,0,M,0
TEX,NA,-3,-6.00,0,M,0
TEX,NA,-3,-6.00,0,M,0
TEX,NA,-3,-6.00,0,M,0
TEX,NA,-3,-6.00,0,M,0
TEX,NA,-3,-6.00,0,M,0
TEX,NA,-3,-6.00,0,M,0
TEX,NA,-3,-6.00,0,M,0
TEX,NA,-3,-6.00,0,M,0
TEX,NA,-3,-6.00,0,M,0
TEX,NA,-2,-8.00,0,M,0
TEX,NA,-2,-9.00,0,M,0
TEX,NA,-2,-9.00,0,M,0
TEX,NA,-2,-8.00,0,M,0
TEX,NA,-2,-7.00,0,M,0
TEX,NA,-3,-6.00,0,M,0
TEX,NA,-3,-6.00,0,M,0
TEX,NA,-3,-6.00,0,M,0
TEX,NA,-3,-6.00,0,M,0
TEX,NA,-3,-6.00,0,M,0
TEX,NA,-3,-6.00,0,M,0
TEX,NA,-3,-7.00,0,M,0
TEX,NA,-4,-6.00,0,M,0
TEX,NA,-4,-7.00,0,M,0
TEX,NA,-4,-7.00,0,M,0
TEX,NA,-4,-6.00,0,M,0
TEX,NA,-4,-7.00,0,M,0
TEX,NA,-4,-6.00,0,M,0
TEX,NA,-5,-6.00,0,M,0
TEX,NA,-4,-6.00,0,M,0
TEX,NA,-4,-7.00,0,M,0
TEX,NA,-4,-7.00,0,M,0
TEX,NA,-5,-6.00,0,M,0
TEX,NA,-5,-6.00,0,M,0
TEX,NA,-5,-6.00,0,M,0
TEX,NA,-5,-8.00,0,M,0
TEX,NA,-5,-8.00,0,M,0
TEX,NA,-5,-8.00,0,M,0
TEX,NA,-5,-8.00,0,M,0
TEX,NA,-5,-10.00,0,M,0
TEX,NA,-5,-10.00,0,M,0
TEX,NA,-5,-10.00,0,M,0
TEX,NA,-5,-11.00,0,M,0
TEX,NA,-6,-12.00,0,M,0
TEX,NA,-7,-12.00,0,M,0
TEX,NA,-6,-12.00,0,M,0
TEX,NA,-7,-12.00,0,M,0
TEX,NA,-7,-12.00,0,M,0
TEX,NA,-8,-13.00,0,M,0
TEX,NA,-8,-13.00,0,M,0
TEX,NA,-8,-13.00,0,M,0
TEX,NA,-8,-13.00,0,M,0
TEX,NA,-9,-14.00,0,M,0
TEX,NA,-10,-13.00,0,M,0
TEX,NA,-10,-13.00,0,M,0
TEX,NA,-11,-13.00,0,M,0
TEX,NA,-11,-13.00,0,M,0
TEX,NA,-11,-15.00,0,M,0
TEX,NA,-11,-15.00,0,M,0
TEX,NA,-11,-15.00,0,M,0
TEX,NA,-11,-15.00,0,M,0
TEX,NA,-12,-15.00,0,M,0
TEX,NA,-11,-14.00,0,M,0
TEX,NA,-11,-14.00,0,M,0
TEX,NA,-11,-15.00,0,M,0
TEX,NA,-11,-16.00,0,M,0
TEX,NA,-11,-16.00,0,M,0
TEX,NA,-12,-16.00,0,M,0
TEX,NA,-12,-16.00,0,M,0
TEX,NA,-11,-16.00,0,M,0
TEX,NA,-11,-16.00,0,M,0
TEX,NA,-10,-16.00,0,M,0
TEX,NA,-10,-16.00,0,M,0
TEX,NA,-9,-16.00,0,M,0
TEX,NA,-8,-15.00,0,M,0
TEX,NA,-8,-15.00,0,M,0
TEX,NA,-7,-15.00,0,M,0
TEX,NA,-7,-14.00,0,M,0
TEX,NA,-6,-15.00,0,M,0
TEX,NA,-5,-16.00,0,M,0
TEX,NA,-5,-18.00,0,M,0
TEX,NA,-3,-17.00,0,M,0
TEX,NA,-3,-16.00,0.76,M,0
TEX,NA,-3,-15.00,1.27,M,0
TEX,NA,-1,-16.00,0,M,0
TEX,NA,0,-23.00,0,M,0
TEX,NA,0,-24.00,0,M,0
TEX,NA,0,-18.00,0,M,0
TEX,NA,0,-16.00,0,M,0
TEX,NA,-1,-16.00,0,M,0
TEX,NA,-1,-16.00,0,M,0
TEX,NA,0,-17.00,0,M,0
TEX,NA,-1,-17.00,0,M,0
TEX,NA,-1,-17.00,0,M,0
TEX,NA,0,-16.00,0,M,0
TEX,NA,-1,-16.00,0,M,0
TEX,NA,-1,-15.00,0,M,0
TEX,NA,-2,-15.00,0,M,0
TEX,NA,-2,-15.00,0,M,0
TEX,NA,-3,-12.00,0,M,0
TEX,NA,-5,-13.00,0,M,0
TEX,NA,-4,-11.00,0,M,0
TEX,NA,-5,-11.00,0,M,0
TEX,NA,-5,-12.00,0,M,0
TEX,NA,-5,-10.00,0,M,0
TEX,NA,-6,-11.00,0,M,0
TEX,NA,-5,-11.00,0,M,0
TEX,NA,-5,-12.00,0,M,0
TEX,NA,-6,-12.00,0,M,0
TEX,NA,-5,-11.00,0,M,0
TEX,NA,-6,-12.00,0,M,0
TEX,NA,-6,-12.00,0,M,0
TEX,NA,-6,-12.00,0,M,0
TEX,NA,-6,-12.00,0,M,0
TEX,NA,-5,-11.00,0,M,0
TEX,NA,-5,-12.00,0,M,0
TEX,NA,-5,-11.00,0,M,0
TEX,NA,-6,-11.00,0,M,0
TEX,NA,-5,-12.00,0,M,0
TEX,NA,-5,-11.00,0,M,0
TEX,NA,-4,-11.00,0,M,0
TEX,NA,-3,-9.00,0,M,0
TEX,NA,-4,-10.00,0,M,0
TEX,NA,-4,-10.00,0,M,0
TEX,NA,-3,-10.00,0,M,0
TEX,NA,-3,-9.00,0,M,0
TEX,NA,-3,-8.00,0,M,0
TEX,NA,-3,-8.00,0,M,0
TEX,NA,-3,-8.00,0,M,0
TEX,NA,-3,-8.00,0,M,0
TEX,NA,-3,-8.00,0,M,0
TEX,NA,-3,-7.00,0,M,0
TEX,NA,-2,-8.00,0,M,0
TEX,NA,-3,-8.00,0,M,0
TEX,NA,-2,-7.00,0,M,0
TEX,NA,-2,-8.00,0,M,0
TEX,NA,-2,-7.00,0,M,0
TEX,NA,-2,-7.00,0,M,0
TEX,NA,-2,-7.00,0,M,0
TEX,NA,-2,-8.00,0,M,0
TEX,NA,-2,-8.00,0,M,0
TEX,NA,-2,-8.00,0,M,0
TEX,NA,-2,-8.00,0,M,0
TEX,NA,-1,-7.00,0,M,0
TEX,NA,0,-8.00,0,M,0
TEX,NA,1,-8.00,0,M,0
TEX,NA,0,-7.00,0,M,0
TEX,NA,1,-8.00,0,M,0
TEX,NA,1,-9.00,0,M,0
TEX,NA,3,-11.00,0,M,0
TEX,NA,4,-11.00,0,M,0
TEX,NA,5,-11.00,0,M,0
TEX,NA,5,-11.00,0,M,0
TEX,NA,6,-13.00,0,M,2.01
TEX,NA,6,-12.00,0,M,2.01
TEX,NA,6,-12.00,0,M,2.01
TEX,NA,6,-12.00,0,M,2.01
TEX,NA,6,-10.00,0,M,2.01
TEX,NA,5,-7.00,0,M,0
TEX,NA,5,-7.00,0,M,0
TEX,NA,4,-6.00,0,M,0
TEX,NA,5,-5.00,0,M,0
TEX,NA,5,-6.00,0,M,0
TEX,NA,6,-7.00,0,M,2.01
TEX,NA,7,-13.00,0,M,4.02
TEX,NA,7,-16.00,0,M,4.02
TEX,NA,6,-17.00,0,M,2.01
TEX,NA,6,-16.00,0,M,2.01
TEX,NA,6,-16.00,0,M,2.01
TEX,NA,5,-13.00,0,M,0
TEX,NA,5,-13.00,0,M,0
TEX,NA,4,-11.00,0,M,0
TEX,NA,5,-15.00,0,M,0
TEX,NA,5,-17.00,0,M,0
TEX,NA,4,-17.00,0,M,0
TEX,NA,5,-20.00,0,M,0
TEX,NA,4,-18.00,0,M,0
TEX,NA,3,-17.00,0,M,0
TEX,NA,4,-21.00,0,M,0
TEX,NA,4,-21.00,0,M,0
TEX,NA,5,-24.00,0,M,0
TEX,NA,5,-25.00,0,M,0
TEX,NA,5,-24.00,0,M,0
TEX,NA,4,-23.00,0,M,0
TEX,NA,3,-21.00,0,M,0
TEX,NA,4,-18.00,0,M,0
TEX,NA,4,-20.00,0,M,0
TEX,NA,4,-20.00,0,M,0
TEX,NA,5,-18.00,0,M,0
TEX,NA,2,-15.00,0,M,0
TEX,NA,3,-16.00,0,M,0
TEX,NA,4,-17.00,0,M,0
TEX,NA,4,-16.00,0,M,0
TEX,NA,4,-15.00,0,M,0
TEX,NA,4,-15.00,0,M,0
TEX,NA,3,-13.00,0,M,0
TEX,NA,3,-13.00,0,M,0
TEX,NA,3,-13.00,0,M,0
TEX,NA,3,-13.00,0,M,0
TEX,NA,5,-13.00,0,M,0
TEX,NA,5,-13.00,0,M,0
TEX,NA,3,-12.00,0,M,0
TEX,NA,5,-13.00,0,M,0
TEX,NA,5,-13.00,0,M,0
TEX,NA,5,-12.00,0,M,0
TEX,NA,5,-12.00,0,M,0
TEX,NA,5,-12.00,0,M,0
TEX,NA,5,-11.00,0,M,0
TEX,NA,5,-11.00,0,M,0
TEX,NA,4,-8.00,0,M,0
TEX,NA,2,-5.00,0,M,0
TEX,NA,1,-2.00,0,M,0
TEX,NA,1,-2.00,0,M,0
TEX,NA,1,-2.00,0,M,0
TEX,NA,1,-2.00,0,M,0
TEX,NA,1,-2.00,0,M,0
TEX,NA,0,-2.00,0,M,0
TEX,NA,0,-1.00,0,M,0
TEX,NA,0,-1.00,0,M,0
TEX,NA,0,-1.00,0,M,0
TEX,NA,1,-1.00,0,M,0
TEX,NA,0,-1.00,0,M,0
TEX,NA,1,-1.00,0.25,M,0
TEX,NA,1,-1.00,0.25,M,0
TEX,NA,2,-3.00,0.25,M,0
TEX,NA,2,-4.00,0,M,0
TEX,NA,3,-5.00,0,M,0
TEX,NA,2,-3.00,0,M,0
TEX,NA,1,-2.00,0,M,0
TEX,NA,2,-3.00,0,M,0
TEX,NA,2,-4.00,0,M,0
TEX,NA,2,-5.00,0,M,0
TEX,NA,2,-6.00,0,M,0
TEX,NA,1,-5.00,0.25,M,0
TEX,NA,1,-4.00,0,M,0
TEX,NA,1,-4.00,0,M,0
TEX,NA,1,-4.00,0,M,0
TEX,NA,2,-5.00,0,M,0
TEX,NA,2,-5.00,0,M,0
TEX,NA,3,-7.00,0,M,0
TEX,NA,3,-6.00,0,M,0
TEX,NA,2,-6.00,0,M,0
TEX,NA,2,-5.00,0,M,0
TEX,NA,2,-5.00,0,M,0
TEX,NA,2,-6.00,0,M,0
TEX,NA,2,-5.00,0,M,0
TEX,NA,1,-5.00,0,M,0
TEX,NA,1,-3.00,0,M,0
TEX,NA,0,-2.00,0,M,0
TEX,NA,0,-2.00,0,M,0
TEX,NA,0,-2.00,0,M,0
TEX,NA,0,-2.00,0,M,0
TEX,NA,0,-2.00,0,M,0
TEX,NA,0,-1.00,0,M,0
TEX,NA,0,-1.00,0,M,0
TEX,NA,0,-2.00,0,M,0
TEX,NA,0,-2.00,0,M,0
TEX,NA,0,-2.00,0,M,0
TEX,NA,0,-2.00,0,M,0
TEX,NA,0,-2.00,0,M,0
TEX,NA,0,-2.00,0,M,0
TEX,NA,1,-2.00,0,M,0
TEX,NA,0,-2.00,0,M,0
TEX,NA,1,-2.00,0,M,0
TEX,NA,1,-6.00,0,M,0
TEX,NA,1,-6.00,0,M,0
TEX,NA,1,-6.00,0,M,0
TEX,NA,1,-6.00,0,M,0
TEX,NA,1,-7.00,0,M,0
TEX,NA,1,-9.00,0,M,0
TEX,NA,1,-10.00,0,M,0
TEX,NA,1,-10.00,0,M,0
TEX,NA,1,-10.00,0,M,0
TEX,NA,0,-10.00,0,M,0
TEX,NA,0,-10.00,0,M,0
TEX,NA,0,-9.00,0,M,0
TEX,NA,0,-7.00,0,M,0
TEX,NA,-2,-5.00,0,M,0
TEX,NA,-2,-4.00,0,M,0
TEX,NA,-2,-4.00,0,M,0
TEX,NA,-2,-4.00,0,M,0
TEX,NA,-2,-4.00,0,M,0
TEX,NA,-2,-4.00,0,M,0
TEX,NA,-2,-4.00,0,M,0
TEX,NA,-2,-5.00,0,M,0
TEX,NA,-2,-5.00,0,M,0
TEX,NA,-1,-6.00,0,M,0
TEX,NA,-1,-8.00,0,M,0
TEX,NA,0,-8.00,0,M,0
TEX,NA,-2,-6.00,0,M,0
TEX,NA,-3,-6.00,0,M,0
TEX,NA,-3,-6.00,0,M,0
TEX,NA,-2,-5.00,0,M,0
TEX,NA,-2,-6.00,0.25,M,0
TEX,NA,-2,-7.00,0.25,M,0
TEX,NA,-1,-6.00,0.51,M,0
TEX,NA,-1,-7.00,0.51,M,0
TEX,NA,-2,-8.00,0,M,0
TEX,NA,-2,-8.00,0,M,0
TEX,NA,-2,-7.00,0,M,0
TEX,NA,-2,-8.00,0,M,0
TEX,NA,-2,-9.00,0,M,0
TEX,NA,-4,-7.00,0,M,0
TEX,NA,-3,-6.00,0,M,0
TEX,NA,-3,-7.00,0,M,0
TEX,NA,-3,-7.00,0,M,0
TEX,NA,-3,-6.00,0,M,0
TEX,NA,-3,-8.00,0,M,0
TEX,NA,-3,-9.00,0,M,0
TEX,NA,-3,-11.00,0,M,0
TEX,NA,-3,-10.00,0,M,0
TEX,NA,-3,-11.00,0,M,0
TEX,NA,-5,-8.00,0,M,0
TEX,NA,-5,-7.00,0,M,0
TEX,NA,-5,-8.00,0,M,0
TEX,NA,-6,-7.00,0,M,0
TEX,NA,-5,-7.00,0,M,0
TEX,NA,-6,-7.00,0,M,0
TEX,NA,-5,-7.00,0,M,0
TEX,NA,-5,-7.00,0,M,0
TEX,NA,-5,-7.00,0,M,0
TEX,NA,-6,-7.00,0,M,0
TEX,NA,-5,-7.00,0,M,0
TEX,NA,-5,-7.00,0,M,0
TEX,NA,-5,-7.00,0,M,0
TEX,NA,-6,-7.00,0,M,0
TEX,NA,-5,-7.00,0,M,0
TEX,NA,-5,-7.00,0,M,0
TEX,NA,-5,-7.00,0,M,0
TEX,NA,-5,-7.00,0,M,0
TEX,NA,-5,-7.00,0,M,0
TEX,NA,-5,-7.00,0,M,0
TEX,NA,-5,-7.00,0,M,0
TEX,NA,-6,-7.00,0,M,0
TEX,NA,-5,-8.00,0,M,0
TEX,NA,-5,-8.00,0,M,0
TEX,NA,-5,-8.00,0,M,0
TEX,NA,-5,-8.00,0,M,0
TEX,NA,-5,-8.00,0,M,0
TEX,NA,-5,-8.00,0,M,0
TEX,NA,-5,-8.00,0,M,0
TEX,NA,-5,-8.00,0,M,0
TEX,NA,-5,-8.00,0,M,0
TEX,NA,-5,-8.00,0,M,0
TEX,NA,-5,-8.00,0,M,0
TEX,NA,-5,-9.00,0,M,0
TEX,NA,-6,-8.00,0,M,0
TEX,NA,-6,-8.00,0,M,0
TEX,NA,-6,-8.00,0,M,0
TEX,NA,-6,-8.00,0,M,0
TEX,NA,-6,-8.00,0,M,0
TEX,NA,-6,-10.00,0,M,0
TEX,NA,-6,-9.00,0,M,0
TEX,NA,-6,-10.00,0,M,0
TEX,NA,-6,-8.00,0,M,0
TEX,NA,-7,-9.00,0,M,0
TEX,NA,-6,-10.00,0,M,0
TEX,NA,-7,-10.00,0,M,0
TEX,NA,-6,-10.00,0,M,0
TEX,NA,-6,-10.00,0,M,0
TEX,NA,-6,-11.00,0,M,0
TEX,NA,-6,-10.00,0,M,0
TEX,NA,-5,-11.00,0,M,0
TEX,NA,-5,-10.00,0,M,0
TEX,NA,-5,-10.00,0,M,0
TEX,NA,-5,-10.00,0,M,0
TEX,NA,-4,-10.00,0,M,0
TEX,NA,-3,-10.00,0.25,M,0
TEX,NA,-3,-10.00,1.27,M,0
TEX,NA,-3,-10.00,0.51,M,0
TEX,NA,-3,-11.00,1.02,M,0
TEX,NA,-3,-10.00,1.02,M,0
TEX,NA,-2,-12.00,0,M,0
TEX,NA,-2,-12.00,0,M,0
TEX,NA,-3,-10.00,0,M,0
TEX,NA,-3,-10.00,0,M,0
TEX,NA,-3,-10.00,0,M,0
TEX,NA,-2,-11.00,0,M,0
TEX,NA,-2,-11.00,0,M,0
TEX,NA,-2,-11.00,0,M,0
TEX,NA,-2,-11.00,0,M,0
TEX,NA,-3,-10.00,0,M,0
TEX,NA,-3,-9.00,0,M,0
TEX,NA,-3,-9.00,0,M,0
TEX,NA,-3,-8.00,0,M,0
TEX,NA,-3,-8.00,0,M,0
TEX,NA,-3,-9.00,0,M,0
TEX,NA,-4,-8.00,0,M,0
TEX,NA,-4,-8.00,0,M,0
TEX,NA,-4,-8.00,0,M,0
TEX,NA,-4,-8.00,0,M,0
TEX,NA,-5,-8.00,0,M,0
TEX,NA,-5,-8.00,0,M,0
TEX,NA,-5,-9.00,0,M,0
TEX,NA,-5,-10.00,0,M,0
TEX,NA,-5,-9.00,0,M,0
TEX,NA,-5,-10.00,0,M,0
TEX,NA,-5,-10.00,0,M,0
TEX,NA,-5,-10.00,0,M,0
TEX,NA,-8,-15.00,0,M,0
TEX,NA,-9,-15.00,0,M,0
TEX,NA,-9,-16.00,0,M,0
TEX,NA,-10,-16.00,0,M,0
TEX,NA,-11,-17.00,0,M,0
TEX,NA,-10,-17.00,0,M,0
TEX,NA,-10,-17.00,0,M,0
TEX,NA,-10,-16.00,0,M,0
TEX,NA,-9,-16.00,0,M,0
TEX,NA,-8,-16.00,0,M,0
TEX,NA,-8,-16.00,0,M,0
TEX,NA,-7,-16.00,0,M,0
TEX,NA,-7,-17.00,0,M,0
TEX,NA,-6,-16.00,0.25,M,0
TEX,NA,-6,-17.00,0.25,M,0
TEX,NA,-5,-16.00,0.51,M,0
TEX,NA,-5,-17.00,1.02,M,0
TEX,NA,-3,-16.00,1.52,M,0
TEX,NA,-3,-16.00,0,M,0
TEX,NA,-3,-16.00,0,M,0
TEX,NA,-3,-15.00,0,M,0
TEX,NA,-3,-15.00,0,M,0
TEX,NA,-3,-15.00,0,M,0
TEX,NA,-3,-15.00,0,M,0
TEX,NA,-2,-14.00,0,M,0
TEX,NA,-2,-13.00,0,M,0
TEX,NA,-2,-13.00,0,M,0
TEX,NA,-2,-12.00,0,M,0
TEX,NA,-3,-11.00,0,M,0
TEX,NA,-3,-11.00,0,M,0
TEX,NA,-3,-11.00,0,M,0
TEX,NA,-3,-10.00,0,M,0
TEX,NA,-5,-8.00,0,M,0
TEX,NA,-5,-8.00,0,M,0
TEX,NA,-5,-8.00,0,M,0
TEX,NA,-6,-7.00,0,M,0
TEX,NA,-6,-7.00,0,M,0
TEX,NA,-6,-7.00,0,M,0
TEX,NA,-6,-8.00,0,M,0
TEX,NA,-6,-8.00,0,M,0
TEX,NA,-6,-8.00,0,M,0
TEX,NA,-7,-8.00,0,M,0
TEX,NA,-7,-8.00,0,M,0
TEX,NA,-7,-9.00,0,M,0
TEX,NA,-7,-11.00,0,M,0
TEX,NA,-8,-13.00,0,M,0
TEX,NA,-7,-11.00,0,M,0
TEX,NA,-7,-11.00,0,M,0
TEX,NA,-7,-12.00,0,M,0
TEX,NA,-8,-12.00,0,M,0
TEX,NA,-8,-13.00,0,M,0
TEX,NA,-9,-13.00,0,M,0
TEX,NA,-10,-15.00,0,M,0
TEX,NA,-9,-13.00,0,M,0
TEX,NA,-9,-14.00,0,M,0
TEX,NA,-9,-14.00,0,M,0
TEX,NA,-8,-13.00,0,M,0
TEX,NA,-9,-14.00,0,M,0
TEX,NA,-10,-14.00,0,M,0
TEX,NA,-10,-14.00,0,M,0
TEX,NA,-10,-13.00,0,M,0
TEX,NA,-10,-14.00,0,M,0
TEX,NA,-9,-13.00,0,M,0
TEX,NA,-10,-13.00,0,M,0
TEX,NA,-9,-14.00,0,M,0
TEX,NA,-10,-14.00,0,M,0
TEX,NA,-10,-14.00,0,M,0
TEX,NA,-10,-14.00,0,M,0
TEX,NA,-9,-14.00,0,M,0
TEX,NA,-9,-14.00,0,M,0
TEX,NA,-10,-14.00,0,M,0
TEX,NA,-10,-14.00,0,M,0
TEX,NA,-11,-15.00,0,M,0
TEX,NA,-11,-14.00,0,M,0
TEX,NA,-10,-14.00,0,M,0
TEX,NA,-11,-15.00,0,M,0
TEX,NA,-11,-15.00,0,M,0
TEX,NA,-11,-15.00,0,M,0
TEX,NA,-10,-15.00,0,M,0
TEX,NA,-10,-15.00,0,M,0
TEX,NA,-10,-14.00,0,M,0
TEX,NA,-9,-13.00,0,M,0
TEX,NA,-8,-14.00,0,M,0
TEX,NA,-7,-14.00,0,M,0
TEX,NA,-7,-15.00,0,M,0
TEX,NA,-5,-14.00,0,M,0
TEX,NA,-3,-14.00,0,M,0
TEX,NA,-3,-15.00,0,M,0
TEX,NA,-3,-15.00,0,M,0
TEX,NA,-3,-13.00,0,M,0
TEX,NA,-3,-14.00,0,M,0
TEX,NA,-3,-14.00,0,M,0
TEX,NA,-3,-13.00,0,M,0
TEX,NA,-3,-14.00,0,M,0
TEX,NA,-3,-15.00,0,M,0
TEX,NA,-3,-15.00,0,M,0
TEX,NA,-3,-15.00,0,M,0
TEX,NA,-3,-15.00,0,M,0
TEX,NA,-3,-15.00,0,M,0
TEX,NA,-3,-15.00,0,M,0
TEX,NA,-3,-14.00,0,M,0
TEX,NA,-3,-13.00,0,M,0
TEX,NA,-4,-12.00,0,M,0
TEX,NA,-5,-12.00,0,M,0
TEX,NA,-5,-12.00,0,M,0
TEX,NA,-5,-12.00,0,M,0
TEX,NA,-6,-11.00,0,M,0
TEX,NA,-6,-11.00,0,M,0
TEX,NA,-6,-11.00,0,M,0
TEX,NA,-7,-11.00,0,M,0
TEX,NA,-7,-11.00,0,M,0
TEX,NA,-7,-12.00,0,M,0
TEX,NA,-7,-11.00,0,M,0
TEX,NA,-7,-12.00,0,M,0
TEX,NA,-8,-12.00,0,M,0
TEX,NA,-8,-11.00,0,M,0
TEX,NA,-8,-11.00,0,M,0
TEX,NA,-8,-11.00,0,M,0
TEX,NA,-8,-11.00,0,M,0
TEX,NA,-8,-11.00,0,M,0
TEX,NA,-8,-10.00,0,M,0
TEX,NA,-9,-11.00,0,M,0
TEX,NA,-10,-11.00,0,M,0
TEX,NA,-9,-11.00,0,M,0
TEX,NA,-10,-11.00,0,M,0
TEX,NA,-10,-12.00,0,M,0
TEX,NA,-10,-12.00,0,M,0
TEX,NA,-10,-12.00,0,M,0
TEX,NA,-11,-12.00,0,M,0
TEX,NA,-11,-13.00,0,M,0
TEX,NA,-10,-12.00,0,M,0
TEX,NA,-12,-14.00,0,M,0
TEX,NA,-11,-13.00,0,M,0
TEX,NA,-11,-13.00,0,M,0
TEX,NA,-11,-13.00,0,M,0
TEX,NA,-11,-14.00,0,M,0
TEX,NA,-12,-14.00,0,M,0
TEX,NA,-12,-15.00,0,M,0
TEX,NA,-12,-15.00,0,M,0
TEX,NA,-13,-15.00,0,M,0
TEX,NA,-13,-16.00,0,M,0
TEX,NA,-12,-15.00,0,M,0
TEX,NA,-13,-16.00,0,M,0
TEX,NA,-13,-16.00,0,M,0
TEX,NA,-13,-16.00,0,M,0
TEX,NA,-13,-17.00,0,M,0
TEX,NA,-14,-17.00,0,M,0
TEX,NA,-13,-17.00,0,M,0
TEX,NA,-13,-16.00,0,M,0
TEX,NA,-13,-17.00,0,M,0
TEX,NA,-12,-16.00,0,M,0
TEX,NA,-12,-16.00,0,M,0
TEX,NA,-11,-16.00,0,M,0
TEX,NA,-10,-16.00,0,M,0
TEX,NA,-10,-15.00,0,M,0
TEX,NA,-9,-15.00,0,M,0
TEX,NA,-7,-15.00,0,M,0
TEX,NA,-7,-15.00,0,M,0
TEX,NA,-6,-15.00,0,M,0
TEX,NA,-5,-15.00,0.25,M,0
TEX,NA,-3,-15.00,0.25,M,0
TEX,NA,-3,-14.00,0,M,0
TEX,NA,-4,-13.00,0,M,0
TEX,NA,-4,-13.00,0,M,0
TEX,NA,-3,-14.00,0,M,0
TEX,NA,-3,-14.00,0,M,0
TEX,NA,-3,-15.00,0,M,0
TEX,NA,-3,-16.00,0,M,0
TEX,NA,-3,-17.00,0,M,0
TEX,NA,-3,-18.00,0,M,0
TEX,NA,-2,-18.00,0,M,0
TEX,NA,-2,-21.00,0,M,0
TEX,NA,-3,-21.00,0,M,0
TEX,NA,-3,-21.00,0,M,0
TEX,NA,-3,-20.00,0,M,0
TEX,NA,-3,-20.00,0,M,0
TEX,NA,-3,-19.00,0,M,0
TEX,NA,-4,-17.00,0,M,0
TEX,NA,-5,-16.00,0,M,0
TEX,NA,-5,-15.00,0,M,0
TEX,NA,-6,-15.00,0,M,0
TEX,NA,-7,-15.00,0,M,0
TEX,NA,-7,-15.00,0,M,0
TEX,NA,-7,-16.00,0,M,0
TEX,NA,-7,-15.00,0,M,0
TEX,NA,-8,-16.00,0,M,0
TEX,NA,-8,-15.00,0,M,0
TEX,NA,-9,-15.00,0,M,0
TEX,NA,-9,-16.00,0,M,0
TEX,NA,-9,-16.00,0,M,0
TEX,NA,-9,-15.00,0,M,0
TEX,NA,-10,-16.00,0,M,0
TEX,NA,-10,-16.00,0,M,0
TEX,NA,-10,-16.00,0,M,0
TEX,NA,-11,-16.00,0,M,0
TEX,NA,-10,-16.00,0,M,0
TEX,NA,-11,-16.00,0,M,0
TEX,NA,-11,-16.00,0,M,0
TEX,NA,-10,-16.00,0,M,0
TEX,NA,-11,-16.00,0,M,0
TEX,NA,-11,-16.00,0,M,0
TEX,NA,-11,-15.00,0,M,0
TEX,NA,-11,-16.00,0,M,0
TEX,NA,-11,-16.00,0,M,0
TEX,NA,-11,-16.00,0,M,0
TEX,NA,-10,-16.00,0,M,0
TEX,NA,-10,-15.00,0,M,0
TEX,NA,-11,-16.00,0,M,0
TEX,NA,-11,-16.00,0,M,0
TEX,NA,-11,-16.00,0,M,0
TEX,NA,-11,-16.00,0,M,0
TEX,NA,-10,-17.00,0,M,0
TEX,NA,-10,-17.00,0,M,0
TEX,NA,-10,-16.00,0,M,0
TEX,NA,-10,-16.00,0,M,0
TEX,NA,-10,-16.00,0,M,0
TEX,NA,-10,-16.00,0,M,0
TEX,NA,-9,-16.00,0,M,0
TEX,NA,-9,-15.00,0,M,0
TEX,NA,-8,-15.00,0,M,0
TEX,NA,-8,-14.00,0,M,0
TEX,NA,-8,-15.00,0,M,0
TEX,NA,-7,-15.00,0,M,0
TEX,NA,-6,-14.00,0,M,0
TEX,NA,-6,-13.00,0,M,0
TEX,NA,-5,-13.00,0,M,0
TEX,NA,-4,-13.00,0,M,0
TEX,NA,-3,-13.00,0,M,0
TEX,NA,-2,-13.00,0,M,0
TEX,NA,-1,-13.00,0,M,0
TEX,NA,0,-13.00,0,M,0
TEX,NA,0,-13.00,0,M,0
TEX,NA,0,-13.00,0,M,0
TEX,NA,1,-12.00,0,M,0
TEX,NA,2,-12.00,0,M,0
TEX,NA,2,-12.00,0,M,0
TEX,NA,2,-12.00,0,M,0
TEX,NA,2,-11.00,0,M,0
TEX,NA,2,-12.00,0,M,0
TEX,NA,2,-11.00,0,M,0
TEX,NA,2,-11.00,0,M,0
TEX,NA,2,-11.00,0,M,0
TEX,NA,2,-11.00,0,M,0
TEX,NA,2,-12.00,0,M,0
TEX,NA,2,-12.00,0,M,0
TEX,NA,1,-11.00,0,M,0
TEX,NA,1,-11.00,0,M,0
TEX,NA,1,-11.00,0,M,0
TEX,NA,1,-11.00,0,M,0
TEX,NA,0,-11.00,0,M,0
TEX,NA,0,-11.00,0,M,0
TEX,NA,-1,-10.00,0,M,0
TEX,NA,-1,-10.00,0,M,0
TEX,NA,-2,-10.00,0,M,0
TEX,NA,-2,-10.00,0,M,0
TEX,NA,-2,-10.00,0,M,0
TEX,NA,-2,-10.00,0,M,0
TEX,NA,-3,-10.00,0,M,0
TEX,NA,-4,-10.00,0,M,0
TEX,NA,-4,-10.00,0,M,0
TEX,NA,-5,-11.00,0,M,0
TEX,NA,-6,-11.00,0,M,0
TEX,NA,-5,-10.00,0,M,0
TEX,NA,-5,-10.00,0,M,0
TEX,NA,-6,-10.00,0,M,0
TEX,NA,-6,-10.00,0,M,0
TEX,NA,-6,-11.00,0,M,0
TEX,NA,-6,-11.00,0,M,0
TEX,NA,-6,-11.00,0,M,0
TEX,NA,-6,-11.00,0,M,0
TEX,NA,-6,-11.00,0,M,0
TEX,NA,-6,-11.00,0,M,0
TEX,NA,-7,-12.00,0,M,0
TEX,NA,-7,-11.00,0,M,0
TEX,NA,-6,-11.00,0,M,0
TEX,NA,-7,-12.00,0,M,0
TEX,NA,-7,-12.00,0,M,0
TEX,NA,-7,-11.00,0,M,0
TEX,NA,-7,-12.00,0,M,0
TEX,NA,-7,-12.00,0,M,0
TEX,NA,-7,-12.00,0,M,0
TEX,NA,-7,-12.00,0,M,0
TEX,NA,-7,-13.00,0,M,0
TEX,NA,-8,-13.00,0,M,0
TEX,NA,-7,-13.00,0,M,0
TEX,NA,-7,-13.00,0,M,0
TEX,NA,-8,-13.00,0,M,0
TEX,NA,-8,-13.00,0,M,0
TEX,NA,-8,-14.00,0,M,0
TEX,NA,-7,-13.00,0,M,0
TEX,NA,-8,-14.00,0,M,0
TEX,NA,-8,-14.00,0,M,0
TEX,NA,-7,-14.00,0,M,0
TEX,NA,-7,-13.00,0,M,0
TEX,NA,-6,-15.00,0,M,0
TEX,NA,-6,-13.00,0,M,0
TEX,NA,-4,-14.00,0,M,0
TEX,NA,-4,-14.00,0,M,0
TEX,NA,-3,-15.00,0,M,0
TEX,NA,-2,-13.00,0,M,0
TEX,NA,-1,-14.00,0,M,0
TEX,NA,0,-15.00,0,M,0
TEX,NA,0,-17.00,0,M,0
TEX,NA,2,-20.00,0,M,0
TEX,NA,4,-20.00,0,M,0
TEX,NA,2,-19.00,0,M,0
TEX,NA,3,-22.00,0,M,0
TEX,NA,3,-21.00,0,M,0
TEX,NA,3,-21.00,0,M,0
TEX,NA,4,-20.00,0,M,0
TEX,NA,4,-21.00,0,M,0
TEX,NA,4,-21.00,0,M,0
TEX,NA,4,-20.00,0,M,0
TEX,NA,4,-18.00,0,M,0
TEX,NA,4,-16.00,0,M,0
TEX,NA,4,-15.00,0,M,0
TEX,NA,3,-15.00,0,M,0
TEX,NA,3,-16.00,0,M,0
TEX,NA,2,-17.00,0,M,0
TEX,NA,2,-17.00,0,M,0
TEX,NA,2,-17.00,0,M,0
TEX,NA,2,-17.00,0,M,0
TEX,NA,0,-17.00,0,M,0
TEX,NA,0,-16.00,0,M,0
TEX,NA,0,-16.00,0,M,0
TEX,NA,0,-15.00,0,M,0
TEX,NA,-1,-15.00,0,M,0
TEX,NA,-1,-15.00,0,M,0
TEX,NA,-1,-15.00,0,M,0
TEX,NA,-1,-15.00,0,M,0
TEX,NA,-2,-13.00,0,M,0
TEX,NA,-1,-13.00,0,M,0
TEX,NA,-2,-13.00,0,M,0
TEX,NA,-1,-13.00,0,M,0
TEX,NA,-2,-13.00,0,M,0
TEX,NA,-1,-13.00,0,M,0
TEX,NA,-2,-14.00,0,M,0
TEX,NA,-2,-13.00,0,M,0
TEX,NA,-2,-14.00,0,M,0
TEX,NA,-3,-13.00,0,M,0
TEX,NA,-2,-14.00,0,M,0
TEX,NA,-1,-12.00,0,M,0
TEX,NA,-2,-12.00,0,M,0
TEX,NA,-1,-12.00,0,M,0
TEX,NA,-2,-12.00,0,M,0
TEX,NA,-2,-12.00,0,M,0
TEX,NA,-1,-11.00,0,M,0
TEX,NA,-2,-11.00,0,M,0
TEX,NA,-1,-12.00,0,M,0
TEX,NA,-1,-11.00,0,M,0
TEX,NA,-1,-11.00,0,M,0
TEX,NA,-1,-12.00,0,M,0
TEX,NA,-2,-12.00,0,M,0
TEX,NA,-2,-11.00,0,M,0
TEX,NA,-2,-11.00,0,M,0
TEX,NA,-2,-11.00,0,M,0
TEX,NA,-2,-11.00,0,M,0
TEX,NA,-2,-11.00,0,M,0
TEX,NA,-2,-11.00,0,M,0
TEX,NA,-2,-11.00,0,M,0
TEX,NA,-3,-11.00,0,M,0
TEX,NA,-2,-11.00,0,M,0
TEX,NA,-2,-11.00,0,M,0
TEX,NA,-2,-11.00,0,M,0
TEX,NA,-1,-11.00,0,M,0
TEX,NA,0,-12.00,0,M,0
TEX,NA,0,-12.00,0,M,0
TEX,NA,0,-11.00,0,M,0
TEX,NA,0,-12.00,0,M,0
TEX,NA,0,-12.00,0,M,0
TEX,NA,0,-13.00,0,M,0
TEX,NA,0,-12.00,0,M,0
TEX,NA,1,-12.00,0,M,0
TEX,NA,1,-12.00,0,M,0
TEX,NA,1,-11.00,0,M,0
TEX,NA,0,-11.00,0,M,0
TEX,NA,0,-11.00,0,M,0
TEX,NA,1,-11.00,0,M,0
TEX,NA,1,-12.00,0,M,0
TEX,NA,1,-12.00,0,M,0
TEX,NA,1,-13.00,0,M,0
TEX,NA,2,-13.00,0,M,0
TEX,NA,2,-13.00,0,M,0
TEX,NA,2,-14.00,0,M,0
TEX,NA,2,-15.00,0,M,0
TEX,NA,2,-18.00,0,M,0
TEX,NA,1,-16.00,0,M,0
TEX,NA,1,-16.00,0,M,0
TEX,NA,1,-17.00,0,M,0
TEX,NA,1,-15.00,0,M,0
TEX,NA,0,-14.00,0,M,0
TEX,NA,0,-13.00,0,M,0
TEX,NA,0,-13.00,0,M,0
TEX,NA,-1,-13.00,0,M,0
TEX,NA,0,-13.00,0,M,0
TEX,NA,-1,-13.00,0,M,0
TEX,NA,-1,-12.00,0,M,0
TEX,NA,-1,-13.00,0,M,0
TEX,NA,-2,-12.00,0,M,0
TEX,NA,-2,-13.00,0,M,0
TEX,NA,-2,-12.00,0,M,0
TEX,NA,-2,-13.00,0,M,0
TEX,NA,-2,-13.00,0,M,0
TEX,NA,-2,-13.00,0,M,0
TEX,NA,-3,-13.00,0,M,0
TEX,NA,-3,-14.00,0,M,0
TEX,NA,-3,-15.00,0,M,0
TEX,NA,-3,-15.00,0,M,0
TEX,NA,-4,-15.00,0,M,0
TEX,NA,-4,-14.00,0,M,0
TEX,NA,-4,-14.00,0,M,0
TEX,NA,-3,-15.00,0,M,0
TEX,NA,-4,-15.00,0,M,0
TEX,NA,-4,-14.00,0,M,0
TEX,NA,-4,-15.00,0,M,0
TEX,NA,-4,-15.00,0,M,0
TEX,NA,-3,-15.00,0,M,0
TEX,NA,-2,-15.00,0,M,0
TEX,NA,-1,-14.00,0,M,0
TEX,NA,-1,-14.00,0,M,0
TEX,NA,-1,-13.00,0,M,0
TEX,NA,-1,-13.00,0,M,0
TEX,NA,-1,-13.00,0,M,0
TEX,NA,-1,-13.00,0,M,0
TEX,NA,-1,-13.00,0,M,0
TEX,NA,0,-14.00,0,M,0
TEX,NA,0,-11.00,0,M,0
TEX,NA,0,-11.00,0,M,0
TEX,NA,0,-11.00,0,M,0
TEX,NA,0,-10.00,0,M,0
TEX,NA,0,-10.00,0,M,0
TEX,NA,0,-9.00,0,M,0
TEX,NA,0,-8.00,0,M,0
TEX,NA,0,-8.00,0,M,0
TEX,NA,0,-8.00,0,M,0
TEX,NA,0,-8.00,0,M,0
TEX,NA,0,-8.00,0,M,0
TEX,NA,0,-8.00,0,M,0
TEX,NA,0,-8.00,0,M,0
TEX,NA,0,-8.00,0,M,0
TEX,NA,0,-7.00,0,M,0
TEX,NA,0,-7.00,0,M,0
TEX,NA,0,-6.00,0,M,0
TEX,NA,0,-7.00,0,M,0
TEX,NA,1,-7.00,0,M,0
TEX,NA,2,-10.00,0,M,0
TEX,NA,2,-11.00,0,M,0
TEX,NA,2,-11.00,0,M,0
TEX,NA,2,-11.00,0,M,0
TEX,NA,2,-11.00,0,M,0
TEX,NA,1,-10.00,0,M,0
TEX,NA,0,-8.00,0,M,0
TEX,NA,0,-6.00,0,M,0
TEX,NA,-1,-6.00,0,M,0
TEX,NA,-1,-5.00,0,M,0
TEX,NA,-1,-5.00,0,M,0
TEX,NA,-1,-5.00,0,M,0
TEX,NA,0,-6.00,0,M,0
TEX,NA,0,-5.00,0,M,0
TEX,NA,0,-5.00,0,M,0
TEX,NA,0,-5.00,0,M,0
TEX,NA,0,-7.00,0,M,0
TEX,NA,0,-8.00,0,M,0
TEX,NA,0,-8.00,0,M,0
TEX,NA,0,-8.00,0,M,0
TEX,NA,-1,-8.00,0,M,0
TEX,NA,-1,-8.00,0,M,0
TEX,NA,-1,-8.00,0,M,0
TEX,NA,-1,-8.00,0,M,0
TEX,NA,-1,-8.00,0,M,0
TEX,NA,-1,-8.00,0,M,0
TEX,NA,-2,-9.00,0,M,0
TEX,NA,-2,-8.00,0,M,0
TEX,NA,-2,-8.00,0,M,0
TEX,NA,-2,-8.00,0,M,0
TEX,NA,-2,-8.00,0,M,0
TEX,NA,-2,-8.00,0,M,0
TEX,NA,-2,-8.00,0,M,0
TEX,NA,-3,-8.00,0,M,0
TEX,NA,-3,-8.00,0,M,0
TEX,NA,-3,-7.00,0,M,0
TEX,NA,-3,-7.00,0,M,0
TEX,NA,-3,-6.00,0,M,0
TEX,NA,-3,-6.00,0,M,0
TEX,NA,-3,-7.00,0,M,0
TEX,NA,-4,-6.00,0,M,0
TEX,NA,-4,-6.00,0,M,0
TEX,NA,-4,-6.00,0,M,0
TEX,NA,-5,-6.00,0,M,0
TEX,NA,-4,-6.00,0,M,0
TEX,NA,-5,-6.00,0,M,0
TEX,NA,-4,-6.00,0,M,0
TEX,NA,-5,-6.00,0,M,0
TEX,NA,-4,-6.00,0,M,0
TEX,NA,-4,-6.00,0,M,0
TEX,NA,-5,-6.00,0,M,0
TEX,NA,-5,-6.00,0,M,0
TEX,NA,-5,-6.00,0,M,0
TEX,NA,-5,-6.00,0,M,0
TEX,NA,-5,-7.00,0,M,0
TEX,NA,-5,-7.00,0,M,0
TEX,NA,-5,-7.00,0,M,0
TEX,NA,-5,-7.00,0,M,0
TEX,NA,-5,-7.00,0,M,0
TEX,NA,-5,-7.00,0,M,0
TEX,NA,-5,-7.00,0,M,0
TEX,NA,-5,-7.00,0,M,0
TEX,NA,-4,-7.00,0,M,0
TEX,NA,-3,-7.00,0,M,0
TEX,NA,-3,-7.00,0,M,0
TEX,NA,-2,-7.00,0,M,0
TEX,NA,-2,-7.00,0,M,0
TEX,NA,-1,-7.00,0,M,0
TEX,NA,-1,-7.00,0,M,0
TEX,NA,0,-8.00,0,M,0
TEX,NA,0,-9.00,0.25,M,0
TEX,NA,1,-10.00,0.25,M,0
TEX,NA,1,-10.00,0,M,0
TEX,NA,1,-9.00,0,M,0
TEX,NA,1,-10.00,0,M,0
TEX,NA,1,-10.00,0,M,0
TEX,NA,1,-9.00,0,M,0
TEX,NA,2,-11.00,0,M,0
TEX,NA,1,-11.00,0,M,0
TEX,NA,1,-12.00,0,M,0
TEX,NA,1,-12.00,0,M,0
TEX,NA,1,-11.00,0,M,0
TEX,NA,1,-11.00,0,M,0
TEX,NA,1,-11.00,0,M,0
TEX,NA,0,-10.00,0,M,0
TEX,NA,0,-10.00,0,M,0
TEX,NA,0,-10.00,0,M,0
TEX,NA,0,-10.00,0,M,0
TEX,NA,0,-11.00,0,M,0
TEX,NA,0,-11.00,0,M,0
TEX,NA,0,-10.00,0,M,0
TEX,NA,0,-10.00,0,M,0
TEX,NA,0,-10.00,0,M,0
TEX,NA,0,-10.00,0,M,0
TEX,NA,0,-10.00,0,M,0
TEX,NA,0,-10.00,0,M,0
TEX,NA,-1,-9.00,0,M,0
TEX,NA,-1,-9.00,0,M,0
TEX,NA,-1,-9.00,0,M,0
TEX,NA,-1,-9.00,0,M,0
TEX,NA,-1,-9.00,0,M,0
TEX,NA,-1,-8.00,0,M,0
TEX,NA,-1,-8.00,0,M,0
TEX,NA,-1,-8.00,0,M,0
TEX,NA,-1,-8.00,0,M,0
TEX,NA,-1,-8.00,0,M,0
TEX,NA,-1,-8.00,0,M,0
TEX,NA,-2,-7.00,0,M,0
TEX,NA,-2,-7.00,0,M,0
TEX,NA,-2,-7.00,0,M,0
TEX,NA,-2,-7.00,0,M,0
TEX,NA,-2,-7.00,0,M,0
TEX,NA,-2,-7.00,0,M,0
TEX,NA,-2,-7.00,0,M,0
TEX,NA,-2,-8.00,0,M,0
TEX,NA,-2,-7.00,0,M,0
TEX,NA,-2,-7.00,0,M,0
TEX,NA,-2,-8.00,0,M,0
TEX,NA,-2,-7.00,0,M,0
TEX,NA,-3,-7.00,0,M,0
TEX,NA,-3,-6.00,0,M,0
TEX,NA,-4,-6.00,0,M,0
TEX,NA,-4,-6.00,0,M,0
TEX,NA,-5,-6.00,0,M,0
TEX,NA,-5,-7.00,0,M,0
TEX,NA,-5,-7.00,0,M,0
TEX,NA,-6,-7.00,0,M,0
TEX,NA,-6,-7.00,0,M,0
TEX,NA,-6,-7.00,0,M,0
TEX,NA,-6,-8.00,0,M,0
TEX,NA,-6,-8.00,0,M,0
TEX,NA,-6,-8.00,0,M,0
TEX,NA,-6,-8.00,0,M,0
TEX,NA,-5,-8.00,0,M,0
TEX,NA,-5,-8.00,0,M,0
TEX,NA,-5,-8.00,0,M,0
TEX,NA,-5,-9.00,0,M,0
TEX,NA,-4,-9.00,0,M,0
TEX,NA,-4,-9.00,0.25,M,0
TEX,NA,-3,-10.00,0.25,M,0
TEX,NA,-2,-11.00,0.25,M,0
TEX,NA,0,-14.00,0,M,0
TEX,NA,-1,-15.00,0,M,0
TEX,NA,-1,-14.00,0,M,0
TEX,NA,-1,-13.00,0,M,0
TEX,NA,-1,-15.00,0,M,0
TEX,NA,0,-16.00,0,M,0
TEX,NA,0,-16.00,0,M,0
TEX,NA,0,-18.00,0,M,0
TEX,NA,1,-18.00,0,M,0
TEX,NA,0,-18.00,0,M,0
TEX,NA,0,-17.00,0,M,0
TEX,NA,1,-15.00,0,M,0
TEX,NA,1,-17.00,0,M,0
TEX,NA,1,-20.00,0,M,0
TEX,NA,1,-16.00,0,M,0
TEX,NA,0,-14.00,0,M,0
TEX,NA,0,-11.00,0,M,0
TEX,NA,0,-11.00,0,M,0
TEX,NA,-1,-10.00,0,M,0
TEX,NA,-2,-10.00,0,M,0
TEX,NA,-2,-10.00,0,M,0
TEX,NA,-3,-9.00,0,M,0
TEX,NA,-3,-10.00,0,M,0
TEX,NA,-4,-9.00,0,M,0
TEX,NA,-4,-10.00,0,M,0
TEX,NA,-4,-11.00,0,M,0
TEX,NA,-6,-12.00,0,M,0
TEX,NA,-6,-13.00,0,M,0
TEX,NA,-5,-14.00,0,M,0
TEX,NA,-5,-15.00,0,M,0
TEX,NA,-6,-15.00,0,M,0
TEX,NA,-5,-15.00,0,M,0
TEX,NA,-6,-16.00,0,M,0
TEX,NA,-5,-15.00,0,M,0
TEX,NA,-6,-15.00,0,M,0
TEX,NA,-5,-16.00,0,M,0
TEX,NA,-5,-17.00,0,M,0
TEX,NA,-6,-17.00,0,M,0
TEX,NA,-6,-16.00,0,M,0
TEX,NA,-6,-15.00,0,M,0
TEX,NA,-6,-16.00,0,M,0
TEX,NA,-5,-17.00,0,M,0
TEX,NA,-5,-17.00,0,M,0
TEX,NA,-3,-20.00,0,M,0
TEX,NA,-5,-18.00,0,M,0
TEX,NA,-7,-16.00,0,M,0
TEX,NA,-5,-16.00,0,M,0
TEX,NA,-5,-15.00,0,M,0
TEX,NA,-5,-16.00,0,M,0
TEX,NA,-5,-17.00,0,M,0
TEX,NA,-5,-17.00,0,M,0
TEX,NA,-5,-17.00,0,M,0
TEX,NA,-5,-18.00,0,M,0
TEX,NA,-5,-17.00,0,M,0
TEX,NA,-5,-18.00,0,M,0
TEX,NA,-4,-20.00,0,M,0
TEX,NA,-4,-18.00,0,M,0
TEX,NA,-3,-19.00,0,M,0
TEX,NA,-2,-20.00,0,M,0
TEX,NA,-3,-18.00,0,M,0
TEX,NA,-2,-21.00,0,M,0
TEX,NA,-2,-20.00,0,M,0
TEX,NA,-2,-18.00,0,M,0
TEX,NA,-2,-18.00,0,M,0
TEX,NA,-1,-17.00,0,M,0
TEX,NA,-1,-15.00,0,M,0
TEX,NA,-1,-15.00,0,M,0
TEX,NA,-1,-11.00,0,M,0
TEX,NA,0,-9.00,0,M,0
TEX,NA,-1,-5.00,0,M,0
TEX,NA,-1,-5.00,0,M,0
TEX,NA,-1,-4.00,0,M,0
TEX,NA,-1,-5.00,0,M,0
TEX,NA,-1,-3.00,0,M,0
TEX,NA,0,-3.00,0,M,0
TEX,NA,0,-3.00,0,M,0
TEX,NA,0,-3.00,0.25,M,0
TEX,NA,0,-2.00,0.25,M,0
TEX,NA,0,-3.00,0,M,0
TEX,NA,0,-3.00,0,M,0
TEX,NA,0,-3.00,0,M,0
TEX,NA,0,-3.00,0,M,0
TEX,NA,0,-2.00,0,M,0
TEX,NA,0,-2.00,0,M,0
TEX,NA,0,-3.00,0,M,0
TEX,NA,0,-2.00,0,M,0
TEX,NA,0,-3.00,0,M,0
TEX,NA,0,-3.00,0,M,0
TEX,NA,1,-5.00,0,M,0
TEX,NA,1,-7.00,0,M,0
TEX,NA,1,-8.00,0,M,0
TEX,NA,1,-8.00,0,M,0
TEX,NA,0,-8.00,0,M,0
TEX,NA,0,-8.00,0,M,0
TEX,NA,0,-8.00,0,M,0
TEX,NA,0,-8.00,0,M,0
TEX,NA,-1,-8.00,0,M,0
TEX,NA,-1,-8.00,0,M,0
TEX,NA,-1,-8.00,0,M,0
TEX,NA,-3,-8.00,0,M,0
TEX,NA,-2,-7.00,0,M,0
TEX,NA,-2,-8.00,0,M,0
TEX,NA,-2,-8.00,0,M,0
TEX,NA,-2,-8.00,0,M,0
TEX,NA,-3,-8.00,0,M,0
TEX,NA,-3,-8.00,0,M,0
TEX,NA,-3,-8.00,0,M,0
TEX,NA,-3,-8.00,0,M,0
TEX,NA,-3,-8.00,0,M,0
TEX,NA,-4,-8.00,0,M,0
TEX,NA,-3,-9.00,0,M,0
TEX,NA,-4,-8.00,0,M,0
TEX,NA,-5,-9.00,0,M,0
TEX,NA,-3,-9.00,0,M,0
TEX,NA,-4,-10.00,0,M,0
TEX,NA,-6,-10.00,0,M,0
TEX,NA,-5,-10.00,0,M,0
TEX,NA,-5,-10.00,0,M,0
TEX,NA,-5,-10.00,0,M,0
TEX,NA,-5,-10.00,0,M,0
TEX,NA,-5,-10.00,0,M,0
TEX,NA,-5,-9.00,0,M,0
TEX,NA,-6,-11.00,0,M,0
TEX,NA,-5,-10.00,0,M,0
TEX,NA,-6,-10.00,0,M,0
TEX,NA,-5,-10.00,0,M,0
TEX,NA,-5,-9.00,0,M,0
TEX,NA,-5,-9.00,0,M,0
TEX,NA,-5,-10.00,0,M,0
TEX,NA,-5,-10.00,0,M,0
TEX,NA,-5,-10.00,0,M,0
TEX,NA,-6,-10.00,0,M,0
TEX,NA,-5,-10.00,0,M,0
TEX,NA,-5,-10.00,0,M,0
TEX,NA,-5,-10.00,0,M,0
TEX,NA,-5,-11.00,0,M,0
TEX,NA,-3,-11.00,0,M,0
TEX,NA,-2,-11.00,0,M,0
TEX,NA,-1,-11.00,0,M,0
TEX,NA,0,-12.00,0,M,0
TEX,NA,0,-11.00,0,M,0
TEX,NA,0,-10.00,0,M,0
TEX,NA,1,-11.00,0,M,0
TEX,NA,2,-11.00,0,M,0
TEX,NA,4,-15.00,0,M,0
TEX,NA,5,-19.00,0,M,0
TEX,NA,6,-24.00,0,M,2.01
TEX,NA,6,-23.00,0,M,2.01
TEX,NA,5,-19.00,0,M,0
TEX,NA,5,-18.00,0,M,0
TEX,NA,6,-20.00,0,M,2.01
TEX,NA,6,-28.00,0,M,2.01
TEX,NA,6,-28.00,0,M,2.01
TEX,NA,6,-26.00,0,M,2.01
TEX,NA,6,-27.00,0,M,2.01
TEX,NA,7,-28.00,0,M,4.02
TEX,NA,7,-26.00,0,M,4.02
TEX,NA,6,-20.00,0,M,2.01
TEX,NA,6,-18.00,0,M,2.01
TEX,NA,6,-13.00,0,M,2.01
TEX,NA,6,-12.00,0,M,2.01
TEX,NA,6,-12.00,0,M,2.01
TEX,NA,6,-12.00,0,M,2.01
TEX,NA,5,-12.00,0,M,0
TEX,NA,5,-11.00,0,M,0
TEX,NA,5,-11.00,0,M,0
TEX,NA,4,-11.00,0,M,0
TEX,NA,2,-11.00,0,M,0
TEX,NA,2,-10.00,0,M,0
TEX,NA,2,-10.00,0,M,0
TEX,NA,3,-10.00,0,M,0
TEX,NA,3,-10.00,0,M,0
TEX,NA,3,-10.00,0,M,0
TEX,NA,2,-10.00,0,M,0
TEX,NA,2,-10.00,0,M,0
TEX,NA,2,-10.00,0,M,0
TEX,NA,2,-10.00,0,M,0
TEX,NA,3,-10.00,0,M,0
TEX,NA,3,-10.00,0,M,0
TEX,NA,3,-10.00,0,M,0
TEX,NA,3,-10.00,0,M,0
TEX,NA,3,-10.00,0,M,0
TEX,NA,3,-10.00,0,M,0
TEX,NA,3,-10.00,0,M,0
TEX,NA,3,-10.00,0,M,0
TEX,NA,3,-10.00,0,M,0
TEX,NA,3,-10.00,0,M,0
TEX,NA,2,-9.00,0,M,0
TEX,NA,3,-9.00,0,M,0
TEX,NA,2,-9.00,0,M,0
TEX,NA,3,-9.00,0,M,0
TEX,NA,2,-8.00,0,M,0
TEX,NA,3,-8.00,0,M,0
TEX,NA,3,-8.00,0,M,0
TEX,NA,3,-8.00,0,M,0
TEX,NA,2,-8.00,0,M,0
TEX,NA,2,-8.00,0,M,0
TEX,NA,2,-8.00,0,M,0
TEX,NA,2,-8.00,0,M,0
TEX,NA,2,-7.00,0,M,0
TEX,NA,2,-7.00,0,M,0
TEX,NA,2,-7.00,0,M,0
TEX,NA,2,-7.00,0,M,0
TEX,NA,1,-7.00,0,M,0
TEX,NA,1,-7.00,0,M,0
TEX,NA,2,-8.00,0,M,0
TEX,NA,2,-8.00,0,M,0
TEX,NA,2,-8.00,0,M,0
TEX,NA,2,-8.00,0,M,0
TEX,NA,3,-8.00,0,M,0
TEX,NA,3,-10.00,0,M,0
TEX,NA,3,-10.00,0,M,0
TEX,NA,4,-11.00,0,M,0
TEX,NA,4,-11.00,0,M,0
TEX,NA,5,-12.00,0,M,0
TEX,NA,5,-12.00,0,M,0
TEX,NA,5,-12.00,0,M,0
TEX,NA,5,-11.00,0,M,0
TEX,NA,5,-8.00,0,M,0
TEX,NA,5,-8.00,0,M,0
TEX,NA,6,-10.00,0,M,2.01
TEX,NA,6,-10.00,0,M,2.01
TEX,NA,6,-9.00,0,M,2.01
TEX,NA,6,-13.00,0,M,2.01
TEX,NA,6,-13.00,0,M,2.01
TEX,NA,6,-12.00,0,M,2.01
TEX,NA,6,-12.00,0,M,2.01
TEX,NA,6,-11.00,0,M,2.01
TEX,NA,5,-10.00,0,M,0
TEX,NA,5,-10.00,0,M,0
TEX,NA,5,-11.00,0,M,0
TEX,NA,5,-11.00,0,M,0
TEX,NA,5,-11.00,0,M,0
TEX,NA,5,-11.00,0,M,0
TEX,NA,5,-10.00,0,M,0
TEX,NA,5,-10.00,0,M,0
TEX,NA,5,-11.00,0,M,0
TEX,NA,4,-11.00,0,M,0
TEX,NA,5,-12.00,0,M,0
TEX,NA,5,-13.00,0,M,0
TEX,NA,5,-13.00,0,M,0
TEX,NA,5,-15.00,0,M,0
TEX,NA,4,-13.00,0,M,0
TEX,NA,5,-14.00,0,M,0
TEX,NA,5,-16.00,0,M,0
TEX,NA,5,-16.00,0,M,0
TEX,NA,5,-15.00,0,M,0
TEX,NA,3,-14.00,0,M,0
TEX,NA,3,-15.00,0,M,0
TEX,NA,4,-15.00,0,M,0
TEX,NA,5,-16.00,0,M,0
TEX,NA,5,-17.00,0,M,0
TEX,NA,5,-16.00,0,M,0
TEX,NA,4,-16.00,0,M,0
TEX,NA,5,-16.00,0,M,0
TEX,NA,5,-18.00,0,M,0
TEX,NA,5,-18.00,0,M,0
TEX,NA,4,-19.00,0,M,0
TEX,NA,4,-18.00,0,M,0
TEX,NA,4,-18.00,0,M,0
TEX,NA,4,-19.00,0,M,0
TEX,NA,4,-20.00,0,M,0
TEX,NA,3,-20.00,0,M,0
TEX,NA,3,-22.00,0,M,0
TEX,NA,3,-25.00,0,M,0
TEX,NA,3,-26.00,0,M,0
TEX,NA,3,-25.00,0,M,0
TEX,NA,3,-26.00,0,M,0
TEX,NA,3,-27.00,0,M,0
TEX,NA,3,-27.00,0,M,0
TEX,NA,3,-27.00,0,M,0
TEX,NA,3,-27.00,0,M,0
TEX,NA,3,-28.00,0,M,0
TEX,NA,3,-28.00,0,M,0
TEX,NA,3,-28.00,0,M,0
TEX,NA,3,-29.00,0,M,0
TEX,NA,3,-28.00,0,M,0
TEX,NA,3,-30.00,0,M,0
TEX,NA,3,-27.00,0,M,0
TEX,NA,3,-27.00,0,M,0
TEX,NA,3,-27.00,0,M,0
TEX,NA,4,-27.00,0,M,0
TEX,NA,5,-28.00,0,M,0
TEX,NA,5,-27.00,0,M,0
TEX,NA,5,-27.00,0,M,0
TEX,NA,5,-28.00,0,M,0
TEX,NA,5,-28.00,0,M,0
TEX,NA,5,-28.00,0,M,0
TEX,NA,5,-28.00,0,M,0
TEX,NA,5,-29.00,0,M,0
TEX,NA,6,-28.00,0,M,2.01
TEX,NA,5,-28.00,0,M,0
TEX,NA,5,-26.00,0,M,0
TEX,NA,4,-22.00,0,M,0
TEX,NA,3,-22.00,0,M,0
TEX,NA,3,-20.00,0,M,0
TEX,NA,3,-21.00,0,M,0
TEX,NA,4,-21.00,0,M,0
TEX,NA,4,-20.00,0,M,0
TEX,NA,4,-19.00,0,M,0
TEX,NA,3,-19.00,0,M,0
TEX,NA,3,-19.00,0,M,0
TEX,NA,3,-18.00,0,M,0
TEX,NA,3,-18.00,0,M,0
TEX,NA,3,-18.00,0,M,0
TEX,NA,3,-17.00,0,M,0
TEX,NA,2,-16.00,0,M,0
TEX,NA,2,-16.00,0,M,0
TEX,NA,2,-15.00,0,M,0
TEX,NA,1,-15.00,0,M,0
TEX,NA,1,-14.00,0,M,0
TEX,NA,1,-13.00,0,M,0
TEX,NA,0,-13.00,0,M,0
TEX,NA,1,-12.00,0,M,0
TEX,NA,0,-11.00,0,M,0
TEX,NA,0,-11.00,0,M,0
TEX,NA,0,-11.00,0,M,0
TEX,NA,0,-10.00,0,M,0
TEX,NA,0,-10.00,0,M,0
TEX,NA,0,-10.00,0,M,0
TEX,NA,0,-10.00,0,M,0
TEX,NA,0,-10.00,0,M,0
TEX,NA,-1,-10.00,0,M,0
TEX,NA,0,-10.00,0,M,0
TEX,NA,-1,-11.00,0,M,0
TEX,NA,-1,-10.00,0,M,0
TEX,NA,-1,-10.00,0,M,0
TEX,NA,-1,-7.00,0,M,0
TEX,NA,-1,-6.00,0,M,0
TEX,NA,-1,-6.00,0,M,0
TEX,NA,-2,-6.00,0,M,0
TEX,NA,-2,-6.00,0,M,0
TEX,NA,-2,-6.00,0,M,0
TEX,NA,-2,-6.00,0,M,0
TEX,NA,-2,-6.00,0,M,0
TEX,NA,-2,-6.00,0,M,0
TEX,NA,-2,-6.00,0,M,0
TEX,NA,-2,-6.00,0,M,0
TEX,NA,-3,-6.00,0,M,0
TEX,NA,-3,-6.00,0,M,0
TEX,NA,-3,-6.00,0,M,0
TEX,NA,-3,-5.00,0,M,0
TEX,NA,-3,-6.00,0,M,0
TEX,NA,-3,-6.00,0,M,0
TEX,NA,-3,-6.00,0,M,0
TEX,NA,-4,-7.00,0,M,0
TEX,NA,-4,-6.00,0,M,0
TEX,NA,-5,-6.00,0,M,0
TEX,NA,-3,-6.00,0,M,0
TEX,NA,-4,-7.00,0,M,0
TEX,NA,-3,-6.00,0,M,0
TEX,NA,-2,-6.00,0,M,0
TEX,NA,-2,-7.00,0,M,0
TEX,NA,-1,-8.00,0,M,0
TEX,NA,-1,-7.00,0,M,0
TEX,NA,-1,-8.00,0,M,0
TEX,NA,0,-9.00,0,M,0
TEX,NA,0,-10.00,0,M,0
TEX,NA,0,-10.00,0,M,0
TEX,NA,0,-11.00,0,M,0
TEX,NA,0,-12.00,0,M,0
TEX,NA,0,-13.00,0,M,0
TEX,NA,1,-13.00,0,M,0
TEX,NA,1,-13.00,0,M,0
TEX,NA,1,-15.00,0,M,0
TEX,NA,1,-15.00,0,M,0
TEX,NA,1,-16.00,0,M,0
TEX,NA,2,-15.00,0,M,0
TEX,NA,1,-15.00,0,M,0
TEX,NA,1,-15.00,0,M,0
TEX,NA,1,-13.00,0,M,0
TEX,NA,1,-13.00,0,M,0
TEX,NA,1,-13.00,0,M,0
TEX,NA,0,-11.00,0,M,0
TEX,NA,0,-11.00,0,M,0
TEX,NA,0,-11.00,0,M,0
TEX,NA,0,-10.00,0,M,0
TEX,NA,0,-10.00,0,M,0
TEX,NA,0,-10.00,0,M,0
TEX,NA,0,-10.00,0,M,0
TEX,NA,0,-11.00,0,M,0
TEX,NA,-1,-10.00,0,M,0
TEX,NA,-1,-8.00,0,M,0
TEX,NA,-1,-8.00,0,M,0
TEX,NA,-2,-8.00,0,M,0
TEX,NA,-2,-8.00,0,M,0
TEX,NA,-2,-8.00,0,M,0
TEX,NA,-2,-9.00,0,M,0
TEX,NA,-3,-9.00,0,M,0
TEX,NA,-3,-8.00,0,M,0
TEX,NA,-3,-10.00,0,M,0
TEX,NA,-3,-9.00,0,M,0
TEX,NA,-5,-10.00,0,M,0
TEX,NA,-4,-10.00,0,M,0
TEX,NA,-5,-10.00,0,M,0
TEX,NA,-5,-11.00,0,M,0
TEX,NA,-6,-11.00,0,M,0
TEX,NA,-6,-11.00,0,M,0
TEX,NA,-6,-11.00,0,M,0
TEX,NA,-6,-12.00,0,M,0
TEX,NA,-7,-12.00,0,M,0
TEX,NA,-6,-12.00,0,M,0
TEX,NA,-7,-12.00,0,M,0
TEX,NA,-7,-12.00,0,M,0
TEX,NA,-7,-13.00,0,M,0
TEX,NA,-7,-13.00,0,M,0
TEX,NA,-8,-13.00,0,M,0
TEX,NA,-7,-13.00,0,M,0
TEX,NA,-8,-13.00,0,M,0
TEX,NA,-8,-14.00,0,M,0
TEX,NA,-9,-15.00,0,M,0
TEX,NA,-8,-14.00,0,M,0
TEX,NA,-8,-14.00,0,M,0
TEX,NA,-9,-15.00,0,M,0
TEX,NA,-8,-15.00,0,M,0
TEX,NA,-8,-15.00,0,M,0
TEX,NA,-9,-15.00,0,M,0
TEX,NA,-10,-15.00,0,M,0
TEX,NA,-10,-16.00,0,M,0
TEX,NA,-8,-16.00,0,M,0
TEX,NA,-8,-15.00,0,M,0
TEX,NA,-8,-16.00,0,M,0
TEX,NA,-7,-15.00,0,M,0
TEX,NA,-6,-15.00,0,M,0
TEX,NA,-5,-16.00,0,M,0
TEX,NA,-4,-15.00,0,M,0
TEX,NA,-3,-17.00,0,M,0
TEX,NA,-2,-17.00,0,M,0
TEX,NA,-1,-18.00,0,M,0
TEX,NA,0,-20.00,0,M,0
TEX,NA,0,-20.00,0,M,0
TEX,NA,1,-21.00,0,M,0
TEX,NA,2,-20.00,0,M,0
TEX,NA,1,-19.00,0,M,0
TEX,NA,1,-20.00,0,M,0
TEX,NA,2,-20.00,0,M,0
TEX,NA,2,-21.00,0,M,0
TEX,NA,2,-20.00,0,M,0
TEX,NA,2,-21.00,0,M,0
TEX,NA,3,-21.00,0,M,0
TEX,NA,3,-21.00,0,M,0
TEX,NA,3,-21.00,0,M,0
TEX,NA,3,-20.00,0,M,0
TEX,NA,3,-20.00,0,M,0
TEX,NA,3,-20.00,0,M,0
TEX,NA,3,-20.00,0,M,0
TEX,NA,2,-20.00,0,M,0
TEX,NA,2,-19.00,0,M,0
TEX,NA,1,-18.00,0,M,0
TEX,NA,1,-18.00,0,M,0
TEX,NA,1,-18.00,0,M,0
TEX,NA,0,-18.00,0,M,0
TEX,NA,0,-18.00,0,M,0
TEX,NA,0,-18.00,0,M,0
TEX,NA,0,-16.00,0,M,0
TEX,NA,-2,-16.00,0,M,0
TEX,NA,-1,-16.00,0,M,0
TEX,NA,-1,-17.00,0,M,0
TEX,NA,-2,-16.00,0,M,0
TEX,NA,-2,-16.00,0,M,0
TEX,NA,-2,-17.00,0,M,0
TEX,NA,-3,-15.00,0,M,0
TEX,NA,-2,-16.00,0,M,0
TEX,NA,-3,-16.00,0,M,0
TEX,NA,-3,-16.00,0,M,0
TEX,NA,-3,-17.00,0,M,0
TEX,NA,-4,-16.00,0,M,0
TEX,NA,-3,-17.00,0,M,0
TEX,NA,-5,-16.00,0,M,0
TEX,NA,-4,-16.00,0,M,0
TEX,NA,-4,-17.00,0,M,0
TEX,NA,-4,-18.00,0,M,0
TEX,NA,-4,-18.00,0,M,0
TEX,NA,-4,-18.00,0,M,0
TEX,NA,-3,-20.00,0,M,0
TEX,NA,-4,-20.00,0,M,0
TEX,NA,-4,-21.00,0,M,0
TEX,NA,-4,-22.00,0,M,0
TEX,NA,-3,-22.00,0,M,0
TEX,NA,-3,-22.00,0,M,0
TEX,NA,-3,-25.00,0,M,0
TEX,NA,-3,-24.00,0,M,0
TEX,NA,-3,-24.00,0,M,0
TEX,NA,-3,-25.00,0,M,0
TEX,NA,-3,-25.00,0,M,0
TEX,NA,-3,-25.00,0,M,0
TEX,NA,-3,-26.00,0,M,0
TEX,NA,-5,-25.00,0,M,0
TEX,NA,-4,-25.00,0,M,0
TEX,NA,-5,-25.00,0,M,0
TEX,NA,-5,-25.00,0,M,0
TEX,NA,-5,-25.00,0,M,0
TEX,NA,-3,-26.00,0,M,0
TEX,NA,-4,-24.00,0,M,0
TEX,NA,-3,-23.00,0,M,0
TEX,NA,-2,-23.00,0,M,0
TEX,NA,-1,-26.00,0,M,0
TEX,NA,0,-23.00,0,M,0
TEX,NA,0,-25.00,0,M,0
TEX,NA,0,-26.00,0,M,0
TEX,NA,1,-26.00,0,M,0
TEX,NA,2,-23.00,0,M,0
TEX,NA,3,-30.00,0,M,0
TEX,NA,4,-37.00,0,M,0
TEX,NA,5,-30.00,0,M,0
TEX,NA,5,-37.00,0,M,0
TEX,NA,6,-33.00,0,M,2.01
TEX,NA,6,-31.00,0,M,2.01
TEX,NA,6,-28.00,0,M,2.01
TEX,NA,6,-26.00,0,M,2.01
TEX,NA,6,-25.00,0,M,2.01
TEX,NA,6,-23.00,0,M,2.01
TEX,NA,6,-22.00,0,M,2.01
TEX,NA,6,-20.00,0,M,2.01
TEX,NA,6,-17.00,0,M,2.01
TEX,NA,5,-16.00,0,M,0
TEX,NA,5,-15.00,0,M,0
TEX,NA,5,-16.00,0,M,0
TEX,NA,5,-15.00,0,M,0
TEX,NA,5,-15.00,0,M,0
TEX,NA,4,-15.00,0,M,0
TEX,NA,3,-14.00,0,M,0
TEX,NA,3,-14.00,0,M,0
TEX,NA,3,-14.00,0,M,0
TEX,NA,2,-14.00,0,M,0
TEX,NA,2,-13.00,0,M,0
TEX,NA,1,-12.00,0,M,0
TEX,NA,1,-11.00,0,M,0
TEX,NA,1,-11.00,0,M,0
TEX,NA,1,-12.00,0,M,0
TEX,NA,1,-13.00,0,M,0
TEX,NA,1,-11.00,0,M,0
TEX,NA,1,-11.00,0,M,0
TEX,NA,2,-12.00,0,M,0
TEX,NA,1,-12.00,0,M,0
TEX,NA,2,-13.00,0,M,0
TEX,NA,1,-13.00,0,M,0
TEX,NA,1,-12.00,0,M,0
TEX,NA,1,-14.00,0,M,0
TEX,NA,1,-15.00,0,M,0
TEX,NA,1,-17.00,0,M,0
TEX,NA,1,-16.00,0,M,0
TEX,NA,1,-16.00,0,M,0
TEX,NA,1,-16.00,0,M,0
TEX,NA,2,-18.00,0,M,0
TEX,NA,1,-18.00,0,M,0
TEX,NA,2,-21.00,0,M,0
TEX,NA,1,-16.00,0,M,0
TEX,NA,1,-18.00,0,M,0
TEX,NA,1,-18.00,0,M,0
TEX,NA,1,-18.00,0,M,0
TEX,NA,1,-17.00,0,M,0
TEX,NA,0,-17.00,0,M,0
TEX,NA,0,-18.00,0,M,0
TEX,NA,0,-18.00,0,M,0
TEX,NA,0,-18.00,0,M,0
TEX,NA,1,-18.00,0,M,0
TEX,NA,0,-17.00,0,M,0
TEX,NA,0,-17.00,0,M,0
TEX,NA,0,-18.00,0,M,0
TEX,NA,0,-17.00,0,M,0
TEX,NA,-1,-16.00,0,M,0
TEX,NA,0,-16.00,0,M,0
TEX,NA,-1,-15.00,0,M,0
TEX,NA,0,-16.00,0,M,0
TEX,NA,0,-15.00,0,M,0
TEX,NA,1,-16.00,0,M,0
TEX,NA,1,-16.00,0,M,0
TEX,NA,2,-15.00,0,M,0
TEX,NA,2,-16.00,0,M,0
TEX,NA,3,-15.00,0,M,0
TEX,NA,4,-15.00,0,M,0
TEX,NA,5,-15.00,0,M,0
TEX,NA,5,-14.00,0,M,0
TEX,NA,6,-15.00,0,M,2.01
TEX,NA,6,-13.00,0,M,2.01
TEX,NA,6,-15.00,0,M,2.01
TEX,NA,6,-15.00,0,M,2.01
TEX,NA,7,-13.00,0,M,4.02
TEX,NA,7,-13.00,0,M,4.02
TEX,NA,7,-15.00,0,M,4.02
TEX,NA,7,-14.00,0,M,4.02
TEX,NA,7,-13.00,0,M,4.02
TEX,NA,7,-13.00,0,M,4.02
TEX,NA,7,-13.00,0,M,4.02
TEX,NA,7,-14.00,0,M,4.02
TEX,NA,7,-13.00,0,M,4.02
TEX,NA,7,-13.00,0,M,4.02
TEX,NA,6,-14.00,0,M,2.01
TEX,NA,6,-12.00,0,M,2.01
TEX,NA,6,-12.00,0,M,2.01
TEX,NA,6,-11.00,0,M,2.01
TEX,NA,5,-11.00,0,M,0
TEX,NA,5,-8.00,0,M,0
TEX,NA,5,-7.00,0,M,0
TEX,NA,5,-7.00,0,M,0
TEX,NA,5,-7.00,0,M,0
TEX,NA,5,-7.00,0,M,0
TEX,NA,5,-7.00,0,M,0
TEX,NA,5,-8.00,0,M,0
TEX,NA,5,-8.00,0,M,0
TEX,NA,5,-8.00,0,M,0
TEX,NA,5,-7.00,0,M,0
TEX,NA,5,-8.00,0,M,0
TEX,NA,6,-7.00,0,M,2.01
TEX,NA,6,-7.00,0,M,2.01
TEX,NA,6,-7.00,0,M,2.01
TEX,NA,5,-7.00,0,M,0
TEX,NA,5,-6.00,0,M,0
TEX,NA,4,-3.00,0,M,0
TEX,NA,3,-3.00,0,M,0
TEX,NA,3,-3.00,0,M,0
TEX,NA,3,-2.00,0,M,0
TEX,NA,3,-2.00,0,M,0
TEX,NA,4,-3.00,0,M,0
TEX,NA,3,-3.00,0,M,0
TEX,NA,3,-2.00,0,M,0
TEX,NA,3,-3.00,0,M,0
TEX,NA,5,-4.00,0,M,0
TEX,NA,5,-7.00,0,M,0
TEX,NA,5,-7.00,0,M,0
TEX,NA,5,-7.00,0,M,0
TEX,NA,5,-8.00,0,M,0
TEX,NA,5,-8.00,0,M,0
TEX,NA,5,-7.00,0,M,0
TEX,NA,5,-8.00,0,M,0
TEX,NA,5,-8.00,0,M,0
TEX,NA,4,-7.00,0,M,0
TEX,NA,4,-7.00,0,M,0
TEX,NA,3,-8.00,0,M,0
TEX,NA,3,-8.00,0,M,0
TEX,NA,3,-8.00,0,M,0
TEX,NA,3,-8.00,0,M,0
TEX,NA,3,-8.00,0,M,0
TEX,NA,3,-8.00,0,M,0
TEX,NA,3,-8.00,0,M,0
TEX,NA,3,-8.00,0,M,0
TEX,NA,3,-9.00,0,M,0
TEX,NA,3,-9.00,0,M,0
TEX,NA,3,-9.00,0,M,0
TEX,NA,3,-8.00,0,M,0
TEX,NA,3,-9.00,0,M,0
TEX,NA,3,-9.00,0,M,0
TEX,NA,3,-10.00,0,M,0
TEX,NA,3,-10.00,0,M,0
TEX,NA,4,-12.00,0,M,0
TEX,NA,5,-13.00,0,M,0
TEX,NA,5,-13.00,0,M,0
TEX,NA,5,-13.00,0,M,0
TEX,NA,5,-15.00,0,M,0
TEX,NA,4,-14.00,0,M,0
TEX,NA,5,-13.00,0,M,0
TEX,NA,4,-15.00,0,M,0
TEX,NA,5,-16.00,0,M,0
TEX,NA,5,-16.00,0,M,0
TEX,NA,5,-15.00,0,M,0
TEX,NA,5,-14.00,0,M,0
TEX,NA,5,-13.00,0,M,0
TEX,NA,5,-13.00,0,M,0
TEX,NA,5,-12.00,0,M,0
TEX,NA,5,-12.00,0,M,0
TEX,NA,5,-12.00,0,M,0
TEX,NA,5,-11.00,0,M,0
TEX,NA,5,-11.00,0,M,0
TEX,NA,5,-12.00,0,M,0
TEX,NA,5,-12.00,0,M,0
TEX,NA,5,-13.00,0,M,0
TEX,NA,5,-12.00,0,M,0
TEX,NA,5,-12.00,0,M,0
TEX,NA,4,-12.00,0,M,0
TEX,NA,4,-12.00,0,M,0
TEX,NA,4,-12.00,0,M,0
TEX,NA,3,-11.00,0,M,0
TEX,NA,3,-8.00,0,M,0
TEX,NA,2,-6.00,0,M,0
TEX,NA,3,-7.00,0,M,0
TEX,NA,3,-7.00,0,M,0
TEX,NA,3,-7.00,0,M,0
TEX,NA,3,-7.00,0,M,0
TEX,NA,2,-6.00,0,M,0
TEX,NA,2,-6.00,0,M,0
TEX,NA,2,-6.00,0,M,0
TEX,NA,2,-6.00,0,M,0
TEX,NA,2,-6.00,0,M,0
TEX,NA,2,-6.00,0,M,0
TEX,NA,2,-5.00,0,M,0
TEX,NA,1,-5.00,0,M,0
TEX,NA,1,-5.00,0,M,0
TEX,NA,1,-5.00,0,M,0
TEX,NA,1,-4.00,0,M,0
TEX,NA,0,-3.00,0,M,0
TEX,NA,0,-3.00,0,M,0
TEX,NA,0,-3.00,0,M,0
TEX,NA,0,-3.00,0,M,0
TEX,NA,0,-2.00,0,M,0
TEX,NA,0,-2.00,0,M,0
TEX,NA,0,-3.00,0,M,0
TEX,NA,0,-2.00,0,M,0
TEX,NA,0,-2.00,0,M,0
TEX,NA,0,-3.00,0,M,0
TEX,NA,0,-5.00,0,M,0
TEX,NA,0,-5.00,0,M,0
TEX,NA,0,-4.00,0,M,0
TEX,NA,0,-4.00,0,M,0
TEX,NA,0,-4.00,0,M,0
TEX,NA,0,-5.00,0,M,0
TEX,NA,0,-5.00,0,M,0
TEX,NA,0,-5.00,0,M,0
TEX,NA,0,-5.00,0,M,0
TEX,NA,0,-5.00,0,M,0
TEX,NA,0,-6.00,0,M,0
TEX,NA,0,-7.00,0,M,0
TEX,NA,0,-5.00,0,M,0
TEX,NA,-1,-3.00,0,M,0
TEX,NA,0,-3.00,0,M,0
TEX,NA,-2,-5.00,0,M,0
TEX,NA,-3,-5.00,0,M,0
TEX,NA,-4,-6.00,0,M,0
TEX,NA,-4,-7.00,0,M,0
TEX,NA,-4,-7.00,0,M,0
TEX,NA,-5,-7.00,0,M,0
TEX,NA,-4,-7.00,0,M,0
TEX,NA,-4,-8.00,0,M,0
TEX,NA,-4,-8.00,0,M,0
TEX,NA,-3,-7.00,0,M,0
TEX,NA,-3,-8.00,0,M,0
TEX,NA,-3,-8.00,0,M,0
TEX,NA,-2,-8.00,0,M,0
TEX,NA,-2,-9.00,0,M,0
TEX,NA,-2,-10.00,0,M,0
TEX,NA,-2,-10.00,0,M,0
TEX,NA,-1,-10.00,0.25,M,0
TEX,NA,-3,-10.00,0.25,M,0
TEX,NA,-3,-11.00,0,M,0
TEX,NA,-4,-12.00,0,M,0
TEX,NA,-3,-13.00,0,M,0
TEX,NA,-4,-13.00,0,M,0
TEX,NA,-5,-12.00,0,M,0
TEX,NA,-5,-13.00,0,M,0
TEX,NA,-5,-15.00,0,M,0
TEX,NA,-6,-15.00,0,M,0
TEX,NA,-6,-15.00,0,M,0
TEX,NA,-7,-16.00,0,M,0
TEX,NA,-7,-15.00,0,M,0
TEX,NA,-7,-16.00,0,M,0
TEX,NA,-8,-17.00,0,M,0
TEX,NA,-8,-18.00,0,M,0
TEX,NA,-8,-20.00,0,M,0
TEX,NA,-8,-20.00,0,M,0
TEX,NA,-9,-18.00,0,M,0
TEX,NA,-11,-19.00,0,M,0
TEX,NA,-10,-20.00,0,M,0
TEX,NA,-11,-21.00,0,M,0
TEX,NA,-11,-20.00,0,M,0
TEX,NA,-11,-21.00,0,M,0
TEX,NA,-12,-20.00,0,M,0
TEX,NA,-12,-20.00,0,M,0
TEX,NA,-12,-19.00,0,M,0
TEX,NA,-12,-21.00,0,M,0
TEX,NA,-13,-20.00,0,M,0
TEX,NA,-13,-20.00,0,M,0
TEX,NA,-13,-20.00,0,M,0
TEX,NA,-13,-21.00,0,M,0
TEX,NA,-13,-22.00,0,M,0
TEX,NA,-14,-21.00,0,M,0
TEX,NA,-13,-22.00,0,M,0
TEX,NA,-13,-22.00,0,M,0
TEX,NA,-14,-21.00,0,M,0
TEX,NA,-14,-21.00,0,M,0
TEX,NA,-15,-21.00,0,M,0
TEX,NA,-13,-21.00,0,M,0
TEX,NA,-13,-21.00,0,M,0
TEX,NA,-13,-22.00,0,M,0
TEX,NA,-12,-21.00,0,M,0
TEX,NA,-13,-21.00,0,M,0
TEX,NA,-13,-21.00,0,M,0
TEX,NA,-12,-20.00,0,M,0
TEX,NA,-12,-21.00,0,M,0
TEX,NA,-11,-21.00,0,M,0
TEX,NA,-10,-20.00,0,M,0
TEX,NA,-10,-20.00,0,M,0
TEX,NA,-9,-19.00,0,M,0
TEX,NA,-8,-18.00,0,M,0
TEX,NA,-6,-20.00,0,M,0
TEX,NA,-5,-17.00,0,M,0
TEX,NA,-3,-18.00,0,M,0
TEX,NA,-2,-17.00,0,M,0
TEX,NA,-1,-15.00,0,M,0
TEX,NA,0,-16.00,0.25,M,0
TEX,NA,0,-16.00,0.25,M,0
TEX,NA,1,-17.00,0,M,0
TEX,NA,2,-22.00,0,M,0
TEX,NA,3,-20.00,0,M,0
TEX,NA,4,-21.00,0,M,0
TEX,NA,4,-22.00,0,M,0
TEX,NA,4,-17.00,0,M,0
TEX,NA,3,-16.00,0,M,0
TEX,NA,3,-15.00,0,M,0
TEX,NA,3,-15.00,0,M,0
TEX,NA,3,-15.00,0,M,0
TEX,NA,3,-15.00,0,M,0
TEX,NA,4,-15.00,0,M,0
TEX,NA,4,-15.00,0,M,0
TEX,NA,4,-16.00,0,M,0
TEX,NA,5,-16.00,0,M,0
TEX,NA,3,-15.00,0,M,0
TEX,NA,3,-15.00,0,M,0
TEX,NA,3,-13.00,0,M,0
TEX,NA,2,-14.00,0,M,0
TEX,NA,2,-13.00,0,M,0
TEX,NA,1,-14.00,0,M,0
TEX,NA,1,-13.00,0,M,0
TEX,NA,0,-13.00,0,M,0
TEX,NA,0,-12.00,0,M,0
TEX,NA,0,-12.00,0,M,0
TEX,NA,0,-13.00,0,M,0
TEX,NA,-1,-12.00,0,M,0
TEX,NA,-1,-13.00,0,M,0
TEX,NA,0,-14.00,0,M,0
TEX,NA,0,-15.00,0,M,0
TEX,NA,0,-16.00,0,M,0
TEX,NA,0,-17.00,0,M,0
TEX,NA,-1,-16.00,0,M,0
TEX,NA,0,-17.00,0,M,0
TEX,NA,-2,-16.00,0,M,0
TEX,NA,-2,-16.00,0,M,0
TEX,NA,-2,-15.00,0,M,0
TEX,NA,-2,-17.00,0,M,0
TEX,NA,-3,-16.00,0,M,0
TEX,NA,-3,-16.00,0,M,0
TEX,NA,-3,-16.00,0,M,0
TEX,NA,-3,-16.00,0,M,0
TEX,NA,-3,-16.00,0,M,0
TEX,NA,-3,-16.00,0,M,0
TEX,NA,-3,-17.00,0,M,0
TEX,NA,-3,-17.00,0,M,0
TEX,NA,-3,-17.00,0,M,0
TEX,NA,-3,-17.00,0,M,0
TEX,NA,-3,-17.00,0,M,0
TEX,NA,-3,-17.00,0,M,0
TEX,NA,-3,-17.00,0,M,0
TEX,NA,-5,-17.00,0,M,0
TEX,NA,-4,-17.00,0,M,0
TEX,NA,-4,-17.00,0,M,0
TEX,NA,-5,-17.00,0,M,0
TEX,NA,-5,-17.00,0,M,0
TEX,NA,-5,-17.00,0,M,0
TEX,NA,-5,-17.00,0,M,0
TEX,NA,-6,-17.00,0,M,0
TEX,NA,-6,-18.00,0,M,0
TEX,NA,-6,-18.00,0,M,0
TEX,NA,-5,-18.00,0,M,0
TEX,NA,-3,-18.00,0,M,0
TEX,NA,-4,-18.00,0,M,0
TEX,NA,-2,-17.00,0,M,0
TEX,NA,-1,-19.00,0,M,0
TEX,NA,-1,-17.00,0,M,0
TEX,NA,0,-19.00,0,M,0
TEX,NA,0,-16.00,0,M,0
TEX,NA,1,-19.00,0,M,0
TEX,NA,2,-19.00,0,M,0
TEX,NA,3,-24.00,0,M,0
TEX,NA,4,-22.00,0,M,0
TEX,NA,5,-22.00,0,M,0
TEX,NA,5,-21.00,0,M,0
TEX,NA,5,-19.00,0,M,0
TEX,NA,5,-18.00,0,M,0
TEX,NA,5,-18.00,0,M,0
TEX,NA,5,-18.00,0,M,0
TEX,NA,5,-19.00,0,M,0
TEX,NA,5,-19.00,0,M,0
TEX,NA,6,-18.00,0,M,2.01
TEX,NA,6,-19.00,0,M,2.01
TEX,NA,5,-18.00,0,M,0
TEX,NA,5,-18.00,0,M,0
TEX,NA,5,-19.00,0,M,0
TEX,NA,6,-18.00,0,M,2.01
TEX,NA,6,-19.00,0,M,2.01
TEX,NA,5,-17.00,0,M,0
TEX,NA,5,-19.00,0,M,0
TEX,NA,5,-20.00,0,M,0
TEX,NA,4,-21.00,0,M,0
TEX,NA,3,-18.00,0,M,0
TEX,NA,2,-19.00,0,M,0
TEX,NA,2,-19.00,0,M,0
TEX,NA,2,-19.00,0,M,0
TEX,NA,2,-19.00,0,M,0
TEX,NA,1,-20.00,0,M,0
TEX,NA,1,-20.00,0,M,0
TEX,NA,1,-20.00,0,M,0
TEX,NA,1,-19.00,0,M,0
TEX,NA,1,-18.00,0,M,0
TEX,NA,0,-18.00,0,M,0
TEX,NA,0,-17.00,0,M,0
TEX,NA,0,-17.00,0,M,0
TEX,NA,0,-17.00,0,M,0
TEX,NA,0,-17.00,0,M,0
TEX,NA,0,-17.00,0,M,0
TEX,NA,0,-16.00,0,M,0
TEX,NA,0,-15.00,0,M,0
TEX,NA,0,-15.00,0,M,0
TEX,NA,0,-15.00,0,M,0
TEX,NA,0,-15.00,0,M,0
TEX,NA,0,-15.00,0,M,0
TEX,NA,0,-14.00,0,M,0
TEX,NA,0,-14.00,0,M,0
TEX,NA,0,-14.00,0,M,0
TEX,NA,0,-13.00,0,M,0
TEX,NA,0,-13.00,0,M,0
TEX,NA,0,-13.00,0,M,0
TEX,NA,0,-13.00,0,M,0
TEX,NA,0,-12.00,0,M,0
TEX,NA,0,-12.00,0,M,0
TEX,NA,0,-12.00,0,M,0
TEX,NA,0,-12.00,0,M,0
TEX,NA,0,-13.00,0,M,0
TEX,NA,0,-13.00,0,M,0
TEX,NA,-1,-13.00,0,M,0
TEX,NA,-1,-13.00,0,M,0
TEX,NA,-1,-12.00,0,M,0
TEX,NA,-1,-12.00,0,M,0
TEX,NA,-1,-12.00,0,M,0
TEX,NA,-1,-12.00,0,M,0
TEX,NA,0,-12.00,0,M,0
TEX,NA,0,-12.00,0,M,0
TEX,NA,0,-11.00,0,M,0
TEX,NA,0,-11.00,0,M,0
TEX,NA,1,-11.00,0,M,0
TEX,NA,1,-11.00,0,M,0
TEX,NA,2,-14.00,0,M,0
TEX,NA,3,-13.00,0,M,0
TEX,NA,3,-15.00,0,M,0
TEX,NA,3,-15.00,0,M,0
TEX,NA,4,-15.00,0,M,0
TEX,NA,4,-15.00,0,M,0
TEX,NA,5,-14.00,0,M,0
TEX,NA,4,-14.00,0,M,0
TEX,NA,5,-14.00,0,M,0
TEX,NA,5,-14.00,0,M,0
TEX,NA,5,-13.00,0,M,0
TEX,NA,5,-13.00,0,M,0
TEX,NA,5,-14.00,0,M,0
TEX,NA,5,-14.00,0,M,0
TEX,NA,5,-13.00,0,M,0
TEX,NA,6,-13.00,0,M,2.01
TEX,NA,6,-13.00,0,M,2.01
TEX,NA,6,-13.00,0,M,2.01
TEX,NA,6,-13.00,0,M,2.01
TEX,NA,6,-13.00,0,M,2.01
TEX,NA,6,-12.00,0,M,2.01
TEX,NA,6,-12.00,0,M,2.01
TEX,NA,5,-12.00,0,M,0
TEX,NA,5,-12.00,0,M,0
TEX,NA,5,-12.00,0,M,0
TEX,NA,4,-11.00,0,M,0
TEX,NA,3,-11.00,0,M,0
TEX,NA,3,-11.00,0,M,0
TEX,NA,3,-10.00,0,M,0
TEX,NA,3,-10.00,0,M,0
TEX,NA,3,-10.00,0,M,0
TEX,NA,3,-10.00,0,M,0
TEX,NA,3,-10.00,0,M,0
TEX,NA,3,-11.00,0,M,0
TEX,NA,3,-10.00,0,M,0
TEX,NA,3,-10.00,0,M,0
TEX,NA,4,-12.00,0,M,0
TEX,NA,3,-11.00,0,M,0
TEX,NA,3,-11.00,0,M,0
TEX,NA,3,-11.00,0,M,0
TEX,NA,3,-11.00,0,M,0
TEX,NA,3,-11.00,0,M,0
TEX,NA,2,-10.00,0,M,0
TEX,NA,3,-11.00,0,M,0
TEX,NA,3,-11.00,0,M,0
TEX,NA,2,-11.00,0,M,0
TEX,NA,2,-11.00,0,M,0
TEX,NA,2,-11.00,0,M,0
TEX,NA,2,-11.00,0,M,0
TEX,NA,2,-12.00,0,M,0
TEX,NA,2,-12.00,0,M,0
TEX,NA,2,-13.00,0,M,0
TEX,NA,2,-13.00,0,M,0
TEX,NA,2,-13.00,0,M,0
TEX,NA,1,-12.00,0,M,0
TEX,NA,1,-12.00,0,M,0
TEX,NA,1,-13.00,0,M,0
TEX,NA,1,-13.00,0,M,0
TEX,NA,1,-13.00,0,M,0
TEX,NA,1,-15.00,0,M,0
TEX,NA,1,-15.00,0,M,0
TEX,NA,1,-15.00,0,M,0
TEX,NA,0,-15.00,0,M,0
TEX,NA,1,-16.00,0,M,0
TEX,NA,1,-16.00,0,M,0
TEX,NA,0,-15.00,0,M,0
TEX,NA,1,-15.00,0,M,0
TEX,NA,1,-15.00,0,M,0
TEX,NA,1,-16.00,0,M,0
TEX,NA,2,-16.00,0,M,0
TEX,NA,2,-16.00,0,M,0
TEX,NA,2,-16.00,0,M,0
TEX,NA,2,-16.00,0,M,0
TEX,NA,2,-16.00,0,M,0
TEX,NA,3,-17.00,0,M,0
TEX,NA,3,-18.00,0,M,0
TEX,NA,4,-18.00,0,M,0
TEX,NA,3,-18.00,0,M,0
TEX,NA,4,-19.00,0,M,0
TEX,NA,4,-18.00,0,M,0
TEX,NA,4,-18.00,0,M,0
TEX,NA,5,-17.00,0,M,0
TEX,NA,5,-17.00,0,M,0
TEX,NA,5,-17.00,0,M,0
TEX,NA,5,-17.00,0,M,0
TEX,NA,5,-17.00,0,M,0
TEX,NA,5,-15.00,0,M,0
TEX,NA,5,-13.00,0,M,0
TEX,NA,5,-15.00,0,M,0
TEX,NA,6,-16.00,0,M,2.01
TEX,NA,6,-16.00,0,M,2.01
TEX,NA,6,-16.00,0,M,2.01
TEX,NA,6,-15.00,0,M,2.01
TEX,NA,5,-16.00,0,M,0
TEX,NA,5,-16.00,0,M,0
TEX,NA,5,-16.00,0,M,0
TEX,NA,5,-17.00,0,M,0
TEX,NA,5,-17.00,0,M,0
TEX,NA,5,-16.00,0,M,0
TEX,NA,5,-15.00,0,M,0
TEX,NA,4,-14.00,0,M,0
TEX,NA,4,-13.00,0,M,0
TEX,NA,4,-13.00,0,M,0
TEX,NA,3,-13.00,0,M,0
TEX,NA,3,-11.00,0,M,0
TEX,NA,3,-10.00,0,M,0
TEX,NA,2,-10.00,0,M,0
TEX,NA,2,-10.00,0,M,0
TEX,NA,2,-9.00,0,M,0
TEX,NA,1,-7.00,0,M,0
TEX,NA,1,-7.00,0,M,0
TEX,NA,0,-6.00,0,M,0
TEX,NA,0,-6.00,0,M,0
TEX,NA,1,-8.00,0,M,0
TEX,NA,1,-8.00,0,M,0
TEX,NA,1,-8.00,0,M,0
TEX,NA,1,-7.00,0,M,0
TEX,NA,0,-7.00,0,M,0
TEX,NA,0,-5.00,0,M,0
TEX,NA,0,-6.00,0,M,0
TEX,NA,0,-7.00,0,M,0
TEX,NA,0,-7.00,0,M,0
TEX,NA,0,-6.00,0,M,0
TEX,NA,0,-6.00,0,M,0
TEX,NA,0,-5.00,0,M,0
TEX,NA,-1,-5.00,0,M,0
TEX,NA,-1,-5.00,0,M,0
TEX,NA,0,-6.00,0,M,0
TEX,NA,-1,-6.00,0,M,0
TEX,NA,-1,-6.00,0,M,0
TEX,NA,0,-7.00,0,M,0
TEX,NA,-1,-6.00,0,M,0
TEX,NA,-1,-6.00,0,M,0
TEX,NA,-1,-5.00,0,M,0
TEX,NA,-2,-5.00,0,M,0
TEX,NA,-2,-6.00,0,M,0
TEX,NA,-1,-6.00,0,M,0
TEX,NA,-2,-5.00,0,M,0
TEX,NA,-2,-6.00,0,M,0
TEX,NA,-1,-7.00,0,M,0
TEX,NA,-2,-5.00,0,M,0
TEX,NA,-2,-5.00,0,M,0
TEX,NA,-2,-5.00,0,M,0
TEX,NA,-1,-6.00,0,M,0
TEX,NA,-1,-7.00,0,M,0
TEX,NA,-2,-6.00,0,M,0
TEX,NA,-1,-6.00,0,M,0
TEX,NA,-1,-6.00,0,M,0
TEX,NA,0,-5.00,0,M,0
TEX,NA,0,-6.00,0,M,0
TEX,NA,0,-6.00,0,M,0
TEX,NA,0,-5.00,0,M,0
TEX,NA,1,-8.00,0,M,0
TEX,NA,1,-10.00,0,M,0
TEX,NA,1,-9.00,0,M,0
TEX,NA,2,-10.00,0,M,0
TEX,NA,2,-10.00,0,M,0
TEX,NA,2,-11.00,0,M,0
TEX,NA,2,-10.00,0,M,0
TEX,NA,2,-9.00,0,M,0
TEX,NA,3,-11.00,0,M,0
TEX,NA,3,-9.00,0,M,0
TEX,NA,3,-11.00,0,M,0
TEX,NA,2,-7.00,0,M,0
TEX,NA,3,-10.00,0,M,0
TEX,NA,3,-11.00,0,M,0
TEX,NA,3,-12.00,0,M,0
TEX,NA,3,-12.00,0,M,0
TEX,NA,3,-11.00,0,M,0
TEX,NA,3,-11.00,0,M,0
TEX,NA,2,-12.00,0,M,0
TEX,NA,2,-12.00,0,M,0
TEX,NA,2,-12.00,0,M,0
TEX,NA,2,-11.00,0,M,0
TEX,NA,1,-11.00,0,M,0
TEX,NA,2,-11.00,0,M,0
TEX,NA,2,-11.00,0,M,0
TEX,NA,1,-10.00,0,M,0
TEX,NA,1,-10.00,0,M,0
TEX,NA,1,-10.00,0,M,0
TEX,NA,1,-10.00,0,M,0
TEX,NA,1,-10.00,0,M,0
TEX,NA,1,-10.00,0,M,0
TEX,NA,1,-11.00,0,M,0
TEX,NA,1,-10.00,0,M,0
TEX,NA,1,-10.00,0,M,0
TEX,NA,1,-10.00,0,M,0
TEX,NA,0,-10.00,0,M,0
TEX,NA,0,-10.00,0,M,0
TEX,NA,0,-10.00,0,M,0
TEX,NA,0,-10.00,0,M,0
TEX,NA,0,-10.00,0,M,0
TEX,NA,0,-9.00,0,M,0
TEX,NA,0,-10.00,0,M,0
TEX,NA,0,-9.00,0,M,0
TEX,NA,-1,-8.00,0,M,0
TEX,NA,-1,-8.00,0,M,0
TEX,NA,-1,-8.00,0,M,0
TEX,NA,-1,-8.00,0,M,0
TEX,NA,-1,-7.00,0,M,0
TEX,NA,-1,-7.00,0,M,0
TEX,NA,-1,-7.00,0,M,0
TEX,NA,-2,-7.00,0,M,0
TEX,NA,-2,-7.00,0,M,0
TEX,NA,-2,-7.00,0,M,0
TEX,NA,-2,-7.00,0,M,0
TEX,NA,-3,-7.00,0,M,0
TEX,NA,-2,-8.00,0,M,0
TEX,NA,-1,-10.00,0,M,0
TEX,NA,-1,-10.00,0,M,0
TEX,NA,-1,-10.00,0,M,0
TEX,NA,-1,-10.00,0,M,0
TEX,NA,-1,-10.00,0,M,0
TEX,NA,0,-11.00,0,M,0
TEX,NA,0,-11.00,0,M,0
TEX,NA,0,-11.00,0,M,0
TEX,NA,0,-10.00,0,M,0
TEX,NA,0,-11.00,0,M,0
TEX,NA,1,-11.00,0,M,0
TEX,NA,1,-12.00,0,M,0
TEX,NA,2,-12.00,0,M,0
TEX,NA,1,-12.00,0,M,0
TEX,NA,2,-12.00,0,M,0
TEX,NA,2,-13.00,0,M,0
TEX,NA,2,-13.00,0,M,0
TEX,NA,3,-16.00,0,M,0
TEX,NA,3,-16.00,0,M,0
TEX,NA,2,-16.00,0,M,0
TEX,NA,2,-14.00,0,M,0
TEX,NA,3,-14.00,0,M,0
TEX,NA,2,-15.00,0,M,0
TEX,NA,3,-15.00,0,M,0
TEX,NA,3,-15.00,0,M,0
TEX,NA,3,-16.00,0,M,0
TEX,NA,3,-15.00,0,M,0
TEX,NA,3,-15.00,0,M,0
TEX,NA,3,-15.00,0,M,0
TEX,NA,3,-15.00,0,M,0
TEX,NA,3,-15.00,0,M,0
TEX,NA,2,-15.00,0,M,0
TEX,NA,2,-16.00,0,M,0
TEX,NA,1,-15.00,0,M,0
TEX,NA,1,-15.00,0,M,0
TEX,NA,1,-15.00,0,M,0
TEX,NA,0,-14.00,0,M,0
TEX,NA,0,-13.00,0,M,0
TEX,NA,0,-13.00,0,M,0
TEX,NA,0,-13.00,0,M,0
TEX,NA,0,-13.00,0,M,0
TEX,NA,0,-13.00,0,M,0
TEX,NA,-1,-13.00,0,M,0
TEX,NA,0,-13.00,0,M,0
TEX,NA,0,-13.00,0,M,0
TEX,NA,0,-13.00,0,M,0
TEX,NA,0,-13.00,0,M,0
TEX,NA,0,-16.00,0,M,0
TEX,NA,0,-16.00,0,M,0
TEX,NA,0,-16.00,0,M,0
TEX,NA,0,-17.00,0,M,0
TEX,NA,0,-16.00,0,M,0
TEX,NA,0,-16.00,0,M,0
TEX,NA,-1,-15.00,0,M,0
TEX,NA,0,-16.00,0,M,0
TEX,NA,0,-16.00,0,M,0
TEX,NA,0,-15.00,0,M,0
TEX,NA,0,-15.00,0,M,0
TEX,NA,0,-15.00,0,M,0
TEX,NA,-1,-15.00,0,M,0
TEX,NA,0,-15.00,0,M,0
TEX,NA,-1,-14.00,0,M,0
TEX,NA,-1,-14.00,0,M,0
TEX,NA,-1,-14.00,0,M,0
TEX,NA,-1,-14.00,0,M,0
TEX,NA,-1,-13.00,0,M,0
TEX,NA,-2,-13.00,0,M,0
TEX,NA,-2,-13.00,0,M,0
TEX,NA,-2,-13.00,0,M,0
TEX,NA,-2,-14.00,0,M,0
TEX,NA,-2,-13.00,0,M,0
TEX,NA,-2,-13.00,0,M,0
TEX,NA,-2,-13.00,0,M,0
TEX,NA,-3,-13.00,0,M,0
TEX,NA,-2,-13.00,0,M,0
TEX,NA,-2,-13.00,0,M,0
TEX,NA,-2,-13.00,0,M,0
TEX,NA,-1,-13.00,0,M,0
TEX,NA,0,-13.00,0,M,0
TEX,NA,0,-15.00,0,M,0
TEX,NA,1,-16.00,0,M,0
TEX,NA,2,-16.00,0,M,0
TEX,NA,2,-16.00,0,M,0
TEX,NA,2,-16.00,0,M,0
TEX,NA,2,-16.00,0,M,0
TEX,NA,2,-16.00,0,M,0
TEX,NA,2,-16.00,0,M,0
TEX,NA,3,-15.00,0,M,0
TEX,NA,2,-15.00,0,M,0
TEX,NA,2,-15.00,0,M,0
TEX,NA,2,-15.00,0,M,0
TEX,NA,3,-15.00,0,M,0
TEX,NA,3,-14.00,0,M,0
TEX,NA,3,-14.00,0,M,0
TEX,NA,3,-14.00,0,M,0
TEX,NA,4,-14.00,0,M,0
TEX,NA,3,-14.00,0,M,0
TEX,NA,4,-14.00,0,M,0
TEX,NA,4,-15.00,0,M,0
TEX,NA,5,-15.00,0,M,0
TEX,NA,4,-15.00,0,M,0
TEX,NA,4,-15.00,0,M,0
TEX,NA,3,-14.00,0,M,0
TEX,NA,3,-14.00,0,M,0
TEX,NA,3,-13.00,0,M,0
TEX,NA,2,-13.00,0,M,0
TEX,NA,2,-12.00,0,M,0
TEX,NA,1,-12.00,0,M,0
TEX,NA,1,-12.00,0,M,0
TEX,NA,1,-12.00,0,M,0
TEX,NA,1,-12.00,0,M,0
TEX,NA,1,-12.00,0,M,0
TEX,NA,1,-12.00,0,M,0
TEX,NA,1,-12.00,0,M,0
TEX,NA,0,-11.00,0,M,0
TEX,NA,0,-12.00,0,M,0
TEX,NA,0,-11.00,0,M,0
TEX,NA,0,-11.00,0,M,0
TEX,NA,0,-11.00,0,M,0
TEX,NA,0,-11.00,0,M,0
TEX,NA,0,-11.00,0,M,0
TEX,NA,0,-11.00,0,M,0
TEX,NA,0,-11.00,0,M,0
TEX,NA,-1,-9.00,0,M,0
TEX,NA,-1,-9.00,0,M,0
TEX,NA,-1,-9.00,0,M,0
TEX,NA,-1,-9.00,0,M,0
TEX,NA,-1,-9.00,0,M,0
TEX,NA,-1,-8.00,0,M,0
TEX,NA,0,-9.00,0,M,0
TEX,NA,1,-10.00,0,M,0
TEX,NA,1,-10.00,0,M,0
TEX,NA,1,-10.00,0,M,0
TEX,NA,2,-11.00,0,M,0
TEX,NA,2,-11.00,0,M,0
TEX,NA,2,-13.00,0,M,0
TEX,NA,2,-12.00,0,M,0
TEX,NA,2,-13.00,0,M,0
TEX,NA,2,-12.00,0,M,0
TEX,NA,2,-12.00,0,M,0
TEX,NA,3,-12.00,0,M,0
TEX,NA,3,-12.00,0,M,0
TEX,NA,3,-12.00,0,M,0
TEX,NA,3,-13.00,0,M,0
TEX,NA,3,-13.00,0,M,0
TEX,NA,3,-15.00,0,M,0
TEX,NA,3,-15.00,0,M,0
TEX,NA,3,-15.00,0,M,0
TEX,NA,3,-14.00,0,M,0
TEX,NA,3,-14.00,0,M,0
TEX,NA,3,-13.00,0,M,0
TEX,NA,3,-13.00,0,M,0
TEX,NA,3,-13.00,0,M,0
TEX,NA,3,-13.00,0,M,0
TEX,NA,3,-13.00,0,M,0
TEX,NA,3,-14.00,0,M,0
TEX,NA,3,-14.00,0,M,0
TEX,NA,2,-13.00,0,M,0
TEX,NA,2,-13.00,0,M,0
TEX,NA,1,-12.00,0,M,0
TEX,NA,1,-12.00,0,M,0
TEX,NA,1,-13.00,0,M,0
TEX,NA,1,-12.00,0,M,0
TEX,NA,1,-12.00,0,M,0
TEX,NA,1,-12.00,0,M,0
TEX,NA,0,-11.00,0,M,0
TEX,NA,0,-11.00,0,M,0
TEX,NA,0,-11.00,0,M,0
TEX,NA,0,-11.00,0,M,0
TEX,NA,0,-11.00,0,M,0
TEX,NA,0,-11.00,0,M,0
TEX,NA,-1,-7.00,0,M,0
TEX,NA,-1,-6.00,0,M,0
TEX,NA,-2,-5.00,0,M,0
TEX,NA,-2,-5.00,0,M,0
TEX,NA,-2,-5.00,0,M,0
TEX,NA,-2,-5.00,0,M,0
TEX,NA,-2,-5.00,0,M,0
TEX,NA,-3,-5.00,0,M,0
TEX,NA,-2,-5.00,0,M,0
TEX,NA,-2,-6.00,0,M,0
TEX,NA,-2,-7.00,0,M,0
TEX,NA,-2,-7.00,0,M,0
TEX,NA,-3,-7.00,0,M,0
TEX,NA,-2,-7.00,0,M,0
TEX,NA,-3,-6.00,0,M,0
TEX,NA,-3,-6.00,0,M,0
TEX,NA,-3,-7.00,0,M,0
TEX,NA,-2,-7.00,0,M,0
TEX,NA,-3,-7.00,0,M,0
TEX,NA,-3,-7.00,0,M,0
TEX,NA,-3,-7.00,0,M,0
TEX,NA,-3,-7.00,0,M,0
TEX,NA,-3,-7.00,0,M,0
TEX,NA,-3,-7.00,0,M,0
TEX,NA,-3,-8.00,0,M,0
TEX,NA,-3,-7.00,0,M,0
TEX,NA,-4,-7.00,0,M,0
TEX,NA,-3,-7.00,0,M,0
TEX,NA,-3,-7.00,0,M,0
TEX,NA,-2,-7.00,0,M,0
TEX,NA,-2,-7.00,0,M,0
TEX,NA,-1,-7.00,0,M,0
TEX,NA,0,-7.00,0,M,0
TEX,NA,0,-8.00,0,M,0
TEX,NA,0,-8.00,0,M,0
TEX,NA,2,-10.00,0,M,0
TEX,NA,1,-10.00,0,M,0
TEX,NA,1,-10.00,0,M,0
TEX,NA,1,-8.00,0,M,0
TEX,NA,0,-7.00,0,M,0
TEX,NA,0,-6.00,0,M,0
TEX,NA,0,-6.00,0,M,0
TEX,NA,0,-6.00,0,M,0
TEX,NA,0,-6.00,0,M,0
TEX,NA,0,-6.00,0,M,0
TEX,NA,0,-6.00,0,M,0
TEX,NA,-1,-5.00,0,M,0
TEX,NA,-2,-5.00,0,M,0
TEX,NA,-2,-5.00,0,M,0
TEX,NA,-2,-4.00,0,M,0
TEX,NA,-1,-4.00,0,M,0
TEX,NA,-1,-3.00,0,M,0
TEX,NA,-2,-4.00,0,M,0
TEX,NA,-2,-4.00,0,M,0
TEX,NA,-2,-3.00,0,M,0
TEX,NA,-2,-3.00,0,M,0
TEX,NA,-2,-3.00,0,M,0
TEX,NA,-2,-3.00,0,M,0
TEX,NA,-2,-4.00,0,M,0
TEX,NA,-2,-4.00,0,M,0
TEX,NA,-2,-4.00,0,M,0
TEX,NA,-2,-4.00,0,M,0
TEX,NA,-2,-4.00,0,M,0
TEX,NA,-2,-4.00,0,M,0
TEX,NA,-2,-4.00,0,M,0
TEX,NA,-2,-4.00,0,M,0
TEX,NA,-2,-3.00,0,M,0
TEX,NA,-2,-4.00,0,M,0
TEX,NA,-2,-4.00,0,M,0
TEX,NA,-2,-4.00,0,M,0
TEX,NA,-3,-4.00,0,M,0
TEX,NA,-3,-4.00,0,M,0
TEX,NA,-3,-5.00,0,M,0
TEX,NA,-3,-4.00,0,M,0
TEX,NA,-3,-4.00,0,M,0
TEX,NA,-3,-5.00,0,M,0
TEX,NA,-3,-4.00,0,M,0
TEX,NA,-3,-4.00,0,M,0
TEX,NA,-3,-4.00,0,M,0
TEX,NA,-3,-4.00,0,M,0
TEX,NA,-3,-5.00,0,M,0
TEX,NA,-3,-5.00,0,M,0
TEX,NA,-3,-5.00,0,M,0
TEX,NA,-4,-5.00,0,M,0
TEX,NA,-3,-5.00,0,M,0
TEX,NA,-4,-6.00,0,M,0
TEX,NA,-4,-6.00,0,M,0
TEX,NA,-4,-6.00,0,M,0
TEX,NA,-4,-6.00,0,M,0
TEX,NA,-4,-6.00,0,M,0
TEX,NA,-4,-5.00,0,M,0
TEX,NA,-4,-5.00,0,M,0
TEX,NA,-4,-6.00,0,M,0
TEX,NA,-5,-7.00,0,M,0
TEX,NA,-4,-6.00,0,M,0
TEX,NA,-4,-6.00,0,M,0
TEX,NA,-4,-7.00,0,M,0
TEX,NA,-5,-6.00,0,M,0
TEX,NA,-4,-6.00,0,M,0
TEX,NA,-4,-6.00,0,M,0
TEX,NA,-5,-6.00,0,M,0
TEX,NA,-4,-6.00,0,M,0
TEX,NA,-3,-6.00,0,M,0
TEX,NA,-3,-6.00,0,M,0
TEX,NA,-3,-6.00,0,M,0
TEX,NA,-1,-6.00,0,M,0
TEX,NA,-1,-5.00,0,M,0
TEX,NA,-1,-5.00,0.76,M,0
TEX,NA,-1,-6.00,1.27,M,0
TEX,NA,0,-6.00,1.52,M,0
TEX,NA,0,-6.00,0.25,M,0
TEX,NA,0,-6.00,0.25,M,0
TEX,NA,0,-6.00,0.25,M,0
TEX,NA,0,-6.00,0,M,0
TEX,NA,0,-6.00,0,M,0
TEX,NA,0,-7.00,0,M,0
TEX,NA,0,-7.00,0,M,0
TEX,NA,1,-8.00,0,M,0
TEX,NA,1,-7.00,0,M,0
TEX,NA,1,-7.00,0,M,0
TEX,NA,0,-9.00,0,M,0
TEX,NA,0,-6.00,0,M,0
TEX,NA,0,-6.00,0,M,0
TEX,NA,-1,-7.00,0,M,0
TEX,NA,-1,-6.00,0,M,0
TEX,NA,-1,-6.00,0,M,0
TEX,NA,-1,-6.00,0,M,0
TEX,NA,-2,-6.00,0,M,0
TEX,NA,-2,-5.00,0,M,0
TEX,NA,-2,-5.00,0,M,0
TEX,NA,-2,-5.00,0,M,0
TEX,NA,-2,-6.00,0,M,0
TEX,NA,-2,-7.00,0,M,0
TEX,NA,-2,-9.00,0,M,0
TEX,NA,-2,-8.00,0,M,0
TEX,NA,-2,-8.00,0,M,0
TEX,NA,-2,-8.00,0,M,0
TEX,NA,-3,-7.00,0,M,0
TEX,NA,-3,-7.00,0,M,0
TEX,NA,-3,-8.00,0,M,0
TEX,NA,-3,-8.00,0,M,0
TEX,NA,-4,-8.00,0,M,0
TEX,NA,-4,-8.00,0,M,0
TEX,NA,-5,-8.00,0,M,0
TEX,NA,-5,-8.00,0,M,0
TEX,NA,-5,-8.00,0,M,0
TEX,NA,-6,-10.00,0,M,0
TEX,NA,-6,-10.00,0,M,0
TEX,NA,-6,-10.00,0,M,0
TEX,NA,-6,-10.00,0,M,0
TEX,NA,-7,-10.00,0,M,0
TEX,NA,-7,-10.00,0,M,0
TEX,NA,-7,-11.00,0,M,0
TEX,NA,-7,-11.00,0,M,0
TEX,NA,-8,-12.00,0,M,0
TEX,NA,-7,-11.00,0,M,0
TEX,NA,-7,-11.00,0,M,0
TEX,NA,-8,-11.00,0,M,0
TEX,NA,-7,-11.00,0,M,0
TEX,NA,-7,-11.00,0,M,0
TEX,NA,-8,-11.00,0,M,0
TEX,NA,-8,-11.00,0,M,0
TEX,NA,-8,-12.00,0,M,0
TEX,NA,-8,-12.00,0,M,0
TEX,NA,-8,-12.00,0,M,0
TEX,NA,-8,-12.00,0,M,0
TEX,NA,-8,-13.00,0,M,0
TEX,NA,-8,-12.00,0,M,0
TEX,NA,-9,-13.00,0,M,0
TEX,NA,-8,-13.00,0,M,0
TEX,NA,-8,-13.00,0,M,0
TEX,NA,-7,-13.00,0,M,0
TEX,NA,-7,-12.00,0,M,0
TEX,NA,-6,-12.00,0,M,0
TEX,NA,-5,-11.00,0,M,0
TEX,NA,-4,-12.00,0,M,0
TEX,NA,-3,-13.00,0,M,0
TEX,NA,-2,-12.00,0,M,0
TEX,NA,-1,-11.00,0,M,0
TEX,NA,0,-12.00,0,M,0
TEX,NA,0,-11.00,0,M,0
TEX,NA,1,-11.00,0,M,0
TEX,NA,1,-11.00,0,M,0
TEX,NA,1,-10.00,0,M,0
TEX,NA,1,-10.00,0,M,0
TEX,NA,1,-10.00,0,M,0
TEX,NA,2,-11.00,0,M,0
TEX,NA,2,-11.00,0,M,0
TEX,NA,2,-11.00,0,M,0
TEX,NA,2,-10.00,0,M,0
TEX,NA,2,-11.00,0,M,0
TEX,NA,2,-12.00,0,M,0
TEX,NA,3,-13.00,0,M,0
TEX,NA,3,-13.00,0,M,0
TEX,NA,3,-13.00,0,M,0
TEX,NA,3,-13.00,0,M,0
TEX,NA,3,-13.00,0,M,0
TEX,NA,3,-13.00,0,M,0
TEX,NA,3,-13.00,0,M,0
TEX,NA,3,-13.00,0,M,0
TEX,NA,2,-13.00,0,M,0
TEX,NA,2,-12.00,0,M,0
TEX,NA,2,-12.00,0,M,0
TEX,NA,1,-10.00,0,M,0
TEX,NA,1,-10.00,0,M,0
TEX,NA,0,-10.00,0,M,0
TEX,NA,0,-10.00,0,M,0
TEX,NA,0,-10.00,0,M,0
TEX,NA,0,-11.00,0,M,0
TEX,NA,-1,-10.00,0,M,0
TEX,NA,-1,-11.00,0,M,0
TEX,NA,-2,-11.00,0,M,0
TEX,NA,-1,-11.00,0,M,0
TEX,NA,-1,-11.00,0,M,0
TEX,NA,-2,-11.00,0,M,0
TEX,NA,-2,-11.00,0,M,0
TEX,NA,-3,-11.00,0,M,0
TEX,NA,-2,-11.00,0,M,0
TEX,NA,-3,-11.00,0,M,0
TEX,NA,-3,-12.00,0,M,0
TEX,NA,-4,-12.00,0,M,0
TEX,NA,-4,-12.00,0,M,0
TEX,NA,-5,-12.00,0,M,0
TEX,NA,-5,-12.00,0,M,0
TEX,NA,-5,-12.00,0,M,0
TEX,NA,-5,-12.00,0,M,0
TEX,NA,-6,-12.00,0,M,0
TEX,NA,-5,-12.00,0,M,0
TEX,NA,-5,-12.00,0,M,0
TEX,NA,-5,-12.00,0,M,0
TEX,NA,-6,-12.00,0,M,0
TEX,NA,-6,-12.00,0,M,0
TEX,NA,-5,-12.00,0,M,0
TEX,NA,-5,-12.00,0,M,0
TEX,NA,-5,-12.00,0,M,0
TEX,NA,-6,-12.00,0,M,0
TEX,NA,-6,-13.00,0,M,0
TEX,NA,-6,-13.00,0,M,0
TEX,NA,-6,-13.00,0,M,0
TEX,NA,-6,-13.00,0,M,0
TEX,NA,-6,-13.00,0,M,0
TEX,NA,-7,-14.00,0,M,0
TEX,NA,-6,-15.00,0,M,0
TEX,NA,-6,-15.00,0,M,0
TEX,NA,-6,-15.00,0,M,0
TEX,NA,-5,-15.00,0,M,0
TEX,NA,-3,-16.00,0,M,0
TEX,NA,-2,-15.00,0,M,0
TEX,NA,-2,-13.00,0,M,0
TEX,NA,0,-16.00,0,M,0
TEX,NA,0,-17.00,0,M,0
TEX,NA,1,-18.00,0,M,0
TEX,NA,2,-18.00,0,M,0
TEX,NA,2,-20.00,0,M,0
TEX,NA,3,-20.00,0,M,0
TEX,NA,3,-20.00,0,M,0
TEX,NA,4,-20.00,0,M,0
TEX,NA,5,-22.00,0,M,0
TEX,NA,5,-21.00,0,M,0
TEX,NA,5,-20.00,0,M,0
TEX,NA,5,-21.00,0,M,0
TEX,NA,6,-20.00,0,M,2.01
TEX,NA,6,-18.00,0,M,2.01
TEX,NA,6,-17.00,0,M,2.01
TEX,NA,6,-17.00,0,M,2.01
TEX,NA,6,-17.00,0,M,2.01
TEX,NA,6,-16.00,0,M,2.01
TEX,NA,6,-16.00,0,M,2.01
TEX,NA,6,-16.00,0,M,2.01
TEX,NA,6,-15.00,0,M,2.01
TEX,NA,6,-16.00,0,M,2.01
TEX,NA,6,-15.00,0,M,2.01
TEX,NA,6,-15.00,0,M,2.01
TEX,NA,5,-14.00,0,M,0
TEX,NA,5,-13.00,0,M,0
TEX,NA,4,-13.00,0,M,0
TEX,NA,3,-12.00,0,M,0
TEX,NA,3,-12.00,0,M,0
TEX,NA,2,-12.00,0,M,0
TEX,NA,1,-12.00,0,M,0
TEX,NA,1,-12.00,0,M,0
TEX,NA,1,-12.00,0,M,0
TEX,NA,0,-11.00,0,M,0
TEX,NA,0,-12.00,0,M,0
TEX,NA,0,-12.00,0,M,0
TEX,NA,0,-12.00,0,M,0
TEX,NA,0,-12.00,0,M,0
TEX,NA,0,-13.00,0,M,0
TEX,NA,-1,-12.00,0,M,0
TEX,NA,0,-13.00,0,M,0
TEX,NA,-1,-14.00,0,M,0
TEX,NA,0,-13.00,0,M,0
TEX,NA,0,-13.00,0,M,0
TEX,NA,0,-14.00,0,M,0
TEX,NA,0,-15.00,0,M,0
TEX,NA,0,-16.00,0,M,0
TEX,NA,0,-17.00,0,M,0
TEX,NA,0,-18.00,0,M,0
TEX,NA,0,-18.00,0,M,0
TEX,NA,0,-17.00,0,M,0
TEX,NA,0,-16.00,0,M,0
TEX,NA,0,-16.00,0,M,0
TEX,NA,1,-16.00,0,M,0
TEX,NA,1,-16.00,0,M,0
TEX,NA,1,-16.00,0,M,0
TEX,NA,1,-17.00,0,M,0
TEX,NA,0,-16.00,0,M,0
TEX,NA,0,-16.00,0,M,0
TEX,NA,0,-17.00,0,M,0
TEX,NA,0,-16.00,0,M,0
TEX,NA,0,-16.00,0,M,0
TEX,NA,0,-16.00,0,M,0
TEX,NA,1,-16.00,0,M,0
TEX,NA,1,-16.00,0,M,0
TEX,NA,1,-16.00,0,M,0
TEX,NA,2,-15.00,0,M,0
TEX,NA,1,-15.00,0,M,0
TEX,NA,2,-15.00,0,M,0
TEX,NA,2,-15.00,0,M,0
TEX,NA,2,-15.00,0,M,0
TEX,NA,2,-15.00,0,M,0
TEX,NA,2,-15.00,0,M,0
TEX,NA,3,-16.00,0,M,0
TEX,NA,3,-16.00,0,M,0
TEX,NA,4,-16.00,0,M,0
TEX,NA,5,-16.00,0,M,0
TEX,NA,5,-17.00,0,M,0
TEX,NA,5,-17.00,0,M,0
TEX,NA,6,-16.00,0,M,2.01
TEX,NA,6,-16.00,0,M,2.01
TEX,NA,6,-15.00,0,M,2.01
TEX,NA,6,-16.00,0,M,2.01
TEX,NA,7,-17.00,0,M,4.02
TEX,NA,6,-14.00,0,M,2.01
TEX,NA,6,-20.00,0,M,2.01
TEX,NA,7,-16.00,0,M,4.02
TEX,NA,7,-20.00,0,M,4.02
TEX,NA,7,-20.00,0,M,4.02
TEX,NA,7,-19.00,0,M,4.02
TEX,NA,6,-16.00,0,M,2.01
TEX,NA,6,-18.00,0,M,2.01
TEX,NA,6,-20.00,0,M,2.01
TEX,NA,5,-16.00,0,M,0
TEX,NA,5,-16.00,0,M,0
TEX,NA,5,-14.00,0,M,0
TEX,NA,5,-17.00,0,M,0
TEX,NA,4,-15.00,0,M,0
TEX,NA,5,-14.00,0,M,0
TEX,NA,4,-13.00,0,M,0
TEX,NA,3,-12.00,0,M,0
TEX,NA,3,-11.00,0,M,0
TEX,NA,3,-11.00,0,M,0
TEX,NA,3,-10.00,0,M,0
TEX,NA,3,-10.00,0,M,0
TEX,NA,3,-9.00,0,M,0
TEX,NA,3,-9.00,0,M,0
TEX,NA,3,-10.00,0,M,0
TEX,NA,3,-12.00,0,M,0
TEX,NA,3,-12.00,0,M,0
TEX,NA,3,-12.00,0,M,0
TEX,NA,3,-12.00,0,M,0
TEX,NA,3,-13.00,0,M,0
TEX,NA,3,-12.00,0,M,0
TEX,NA,3,-12.00,0,M,0
TEX,NA,3,-12.00,0,M,0
TEX,NA,3,-12.00,0,M,0
TEX,NA,2,-12.00,0,M,0
TEX,NA,2,-11.00,0,M,0
TEX,NA,2,-11.00,0,M,0
TEX,NA,2,-10.00,0,M,0
TEX,NA,2,-10.00,0,M,0
TEX,NA,2,-10.00,0,M,0
TEX,NA,1,-10.00,0,M,0
TEX,NA,1,-10.00,0,M,0
TEX,NA,1,-10.00,0,M,0
TEX,NA,0,-11.00,0,M,0
TEX,NA,0,-11.00,0,M,0
TEX,NA,0,-10.00,0,M,0
TEX,NA,-1,-10.00,0,M,0
TEX,NA,-1,-10.00,0,M,0
TEX,NA,-1,-10.00,0,M,0
TEX,NA,-1,-10.00,0,M,0
TEX,NA,-1,-10.00,0,M,0
TEX,NA,-1,-10.00,0,M,0
TEX,NA,-2,-10.00,0,M,0
TEX,NA,-2,-10.00,0,M,0
TEX,NA,-1,-10.00,0,M,0
TEX,NA,-1,-10.00,0,M,0
TEX,NA,-1,-10.00,0,M,0
TEX,NA,0,-10.00,0,M,0
TEX,NA,0,-10.00,0,M,0
TEX,NA,1,-10.00,0,M,0
TEX,NA,2,-11.00,0,M,0
TEX,NA,3,-11.00,0,M,0
TEX,NA,3,-12.00,0,M,0
TEX,NA,4,-13.00,0,M,0
TEX,NA,5,-15.00,0,M,0
TEX,NA,6,-16.00,0,M,2.01
TEX,NA,6,-16.00,0,M,2.01
TEX,NA,6,-15.00,0,M,2.01
TEX,NA,6,-15.00,0,M,2.01
TEX,NA,6,-17.00,0,M,2.01
TEX,NA,6,-16.00,0,M,2.01
TEX,NA,6,-15.00,0,M,2.01
TEX,NA,6,-14.00,0,M,2.01
TEX,NA,6,-14.00,0,M,2.01
TEX,NA,6,-17.00,0,M,2.01
TEX,NA,6,-17.00,0,M,2.01
TEX,NA,6,-17.00,0,M,2.01
TEX,NA,6,-16.00,0,M,2.01
TEX,NA,6,-15.00,0,M,2.01
TEX,NA,6,-14.00,0,M,2.01
TEX,NA,5,-12.00,0,M,0
TEX,NA,5,-13.00,0,M,0
TEX,NA,4,-11.00,0,M,0
TEX,NA,2,-7.00,0,M,0
TEX,NA,2,-6.00,0,M,0
TEX,NA,1,-6.00,0,M,0
TEX,NA,1,-6.00,0,M,0
TEX,NA,1,-6.00,0,M,0
TEX,NA,1,-5.00,0,M,0
TEX,NA,1,-5.00,0,M,0
TEX,NA,0,-5.00,0,M,0
TEX,NA,0,-5.00,0,M,0
TEX,NA,0,-3.00,0,M,0
TEX,NA,0,-3.00,0,M,0
TEX,NA,0,-3.00,0,M,0
TEX,NA,-1,-2.00,0,M,0
TEX,NA,0,-3.00,0,M,0
TEX,NA,0,-3.00,0,M,0
TEX,NA,0,-3.00,0,M,0
TEX,NA,0,-3.00,0,M,0
TEX,NA,0,-3.00,0,M,0
TEX,NA,0,-3.00,0,M,0
TEX,NA,0,-5.00,0,M,0
TEX,NA,0,-6.00,0,M,0
TEX,NA,0,-6.00,0,M,0
TEX,NA,0,-4.00,0,M,0
TEX,NA,0,-5.00,0,M,0
TEX,NA,0,-5.00,0,M,0
TEX,NA,0,-5.00,0,M,0
TEX,NA,0,-5.00,0,M,0
TEX,NA,0,-5.00,0,M,0
TEX,NA,0,-4.00,0,M,0
TEX,NA,0,-5.00,0,M,0
TEX,NA,0,-5.00,0,M,0
TEX,NA,0,-5.00,0,M,0
TEX,NA,-1,-4.00,0,M,0
TEX,NA,-1,-3.00,0,M,0
TEX,NA,-2,-3.00,0,M,0
TEX,NA,-2,-3.00,0,M,0
TEX,NA,-2,-3.00,0,M,0
TEX,NA,-2,-3.00,0,M,0
TEX,NA,-2,-3.00,0,M,0
TEX,NA,-2,-3.00,0,M,0
TEX,NA,-2,-3.00,0,M,0
TEX,NA,-2,-3.00,0,M,0
TEX,NA,-2,-5.00,0,M,0
TEX,NA,-1,-5.00,0,M,0
TEX,NA,-2,-4.00,0,M,0
TEX,NA,-2,-5.00,0,M,0
TEX,NA,-1,-5.00,0,M,0
TEX,NA,-1,-5.00,0,M,0
TEX,NA,-1,-3.00,0,M,0
TEX,NA,-1,-5.00,0,M,0
TEX,NA,0,-5.00,0,M,0
TEX,NA,0,-5.00,0,M,0
TEX,NA,0,-3.00,0,M,0
TEX,NA,0,-4.00,1.52,M,0
TEX,NA,0,-4.00,2.03,M,0
TEX,NA,-2,-5.00,0,M,0
TEX,NA,-2,-5.00,0,M,0
TEX,NA,-1,-6.00,0,M,0
TEX,NA,-1,-5.00,0,M,0
TEX,NA,-2,-5.00,0,M,0
TEX,NA,-2,-5.00,0,M,0
TEX,NA,-1,-5.00,0.25,M,0
TEX,NA,-1,-4.00,0.25,M,0
TEX,NA,0,-6.00,0.25,M,0
TEX,NA,0,-6.00,0,M,0
TEX,NA,0,-6.00,0,M,0
TEX,NA,0,-6.00,0,M,0
TEX,NA,-2,-5.00,0,M,0
TEX,NA,-2,-5.00,0,M,0
TEX,NA,-3,-5.00,0,M,0
TEX,NA,-2,-5.00,0,M,0
TEX,NA,-2,-6.00,0,M,0
TEX,NA,-2,-6.00,0,M,0
TEX,NA,-2,-6.00,0,M,0
TEX,NA,-3,-5.00,0,M,0
TEX,NA,-3,-5.00,0,M,0
TEX,NA,-3,-5.00,0,M,0
TEX,NA,-3,-5.00,0,M,0
TEX,NA,-3,-5.00,0,M,0
TEX,NA,-3,-5.00,0,M,0
TEX,NA,-3,-5.00,0,M,0
TEX,NA,-3,-5.00,0,M,0
TEX,NA,-4,-6.00,0,M,0
TEX,NA,-4,-5.00,0,M,0
TEX,NA,-4,-5.00,0,M,0
TEX,NA,-4,-5.00,0,M,0
TEX,NA,-4,-5.00,0,M,0
TEX,NA,-4,-6.00,0,M,0
TEX,NA,-5,-6.00,0,M,0
TEX,NA,-5,-6.00,0,M,0
TEX,NA,-5,-6.00,0,M,0
TEX,NA,-5,-6.00,0,M,0
TEX,NA,-5,-6.00,0,M,0
TEX,NA,-5,-6.00,0,M,0
TEX,NA,-5,-6.00,0,M,0
TEX,NA,-5,-6.00,0,M,0
TEX,NA,-5,-6.00,0,M,0
TEX,NA,-5,-6.00,0,M,0
TEX,NA,-5,-6.00,0,M,0
TEX,NA,-5,-6.00,0,M,0
TEX,NA,-5,-6.00,0,M,0
TEX,NA,-5,-6.00,0,M,0
TEX,NA,-5,-6.00,0,M,0
TEX,NA,-5,-6.00,0,M,0
TEX,NA,-5,-6.00,0,M,0
TEX,NA,-5,-7.00,0,M,0
TEX,NA,-5,-7.00,0,M,0
TEX,NA,-6,-7.00,0,M,0
TEX,NA,-6,-7.00,0,M,0
TEX,NA,-6,-7.00,0,M,0
TEX,NA,-6,-7.00,0,M,0
TEX,NA,-6,-7.00,0,M,0
TEX,NA,-6,-7.00,0,M,0
TEX,NA,-6,-7.00,0,M,0
TEX,NA,-6,-7.00,0,M,0
TEX,NA,-6,-7.00,0,M,0
TEX,NA,-6,-7.00,0,M,0
TEX,NA,-5,-7.00,0,M,0
TEX,NA,-5,-6.00,0,M,0
TEX,NA,-5,-7.00,0,M,0
TEX,NA,-5,-7.00,0,M,0
TEX,NA,-4,-7.00,0,M,0
TEX,NA,-3,-7.00,0,M,0
TEX,NA,-3,-7.00,0,M,0
TEX,NA,-3,-7.00,0,M,0
TEX,NA,-3,-7.00,0,M,0
TEX,NA,-2,-7.00,0.51,M,0
TEX,NA,-2,-7.00,2.29,M,0
TEX,NA,-2,-7.00,2.79,M,0
TEX,NA,-2,-6.00,0,M,0
TEX,NA,-2,-5.00,0,M,0
TEX,NA,-1,-5.00,0,M,0
TEX,NA,0,-6.00,0,M,0
TEX,NA,0,-5.00,0,M,0
TEX,NA,-1,-5.00,0,M,0
TEX,NA,-1,-4.00,0,M,0
TEX,NA,-1,-4.00,0,M,0
TEX,NA,-1,-3.00,0,M,0
TEX,NA,-2,-4.00,0,M,0
TEX,NA,-1,-4.00,0,M,0
TEX,NA,-1,-5.00,0,M,0
TEX,NA,-2,-5.00,0,M,0
TEX,NA,-1,-4.00,0,M,0
TEX,NA,-2,-4.00,0,M,0
TEX,NA,-1,-5.00,0,M,0
TEX,NA,-1,-6.00,0,M,0
TEX,NA,0,-8.00,0,M,0
TEX,NA,-1,-7.00,0,M,0
TEX,NA,-1,-7.00,0,M,0
TEX,NA,-2,-7.00,0,M,0
TEX,NA,-2,-6.00,0,M,0
TEX,NA,-2,-5.00,0,M,0
TEX,NA,-2,-5.00,0,M,0
TEX,NA,-3,-7.00,0,M,0
TEX,NA,-3,-7.00,0,M,0
TEX,NA,-2,-7.00,0,M,0
TEX,NA,-2,-5.00,0,M,0
TEX,NA,-3,-6.00,0,M,0
TEX,NA,-3,-7.00,0,M,0
TEX,NA,-2,-8.00,0,M,0
TEX,NA,-2,-7.00,0,M,0
TEX,NA,-2,-7.00,0,M,0
TEX,NA,-2,-7.00,0,M,0
TEX,NA,-2,-6.00,0,M,0
TEX,NA,-2,-6.00,0,M,0
TEX,NA,-2,-6.00,0,M,0
TEX,NA,-2,-6.00,0,M,0
TEX,NA,-2,-6.00,0,M,0
TEX,NA,-2,-5.00,0,M,0
TEX,NA,-2,-5.00,0,M,0
TEX,NA,-3,-5.00,0,M,0
TEX,NA,-2,-5.00,0,M,0
TEX,NA,-2,-5.00,0,M,0
TEX,NA,-2,-5.00,0,M,0
TEX,NA,-2,-5.00,0,M,0
TEX,NA,-2,-4.00,0,M,0
TEX,NA,-2,-4.00,0,M,0
TEX,NA,-2,-4.00,0,M,0
TEX,NA,-2,-4.00,0,M,0
TEX,NA,-2,-3.00,0,M,0
TEX,NA,-2,-4.00,0,M,0
TEX,NA,-2,-4.00,0,M,0
TEX,NA,-2,-4.00,0,M,0
TEX,NA,-2,-5.00,0,M,0
TEX,NA,-2,-4.00,0,M,0
TEX,NA,-2,-4.00,0,M,0
TEX,NA,-1,-4.00,0,M,0
TEX,NA,-1,-4.00,0,M,0
TEX,NA,-1,-3.00,0,M,0
TEX,NA,0,-3.00,0,M,0
TEX,NA,0,-4.00,0,M,0
TEX,NA,0,-3.00,0,M,0
TEX,NA,1,-3.00,0,M,0
TEX,NA,1,-3.00,0,M,0
TEX,NA,2,-3.00,0,M,0
TEX,NA,2,-3.00,0,M,0
TEX,NA,2,-3.00,0,M,0
TEX,NA,2,-3.00,0,M,0
TEX,NA,2,-3.00,0,M,0
TEX,NA,2,-3.00,0,M,0
TEX,NA,1,-2.00,0,M,0
TEX,NA,1,-1.00,0,M,0
TEX,NA,1,-2.00,0,M,0
TEX,NA,1,-2.00,0,M,0
TEX,NA,2,-2.00,0,M,0
TEX,NA,1,-2.00,0,M,0
TEX,NA,1,-1.00,0,M,0
TEX,NA,2,-1.00,0,M,0
TEX,NA,2,-2.00,0,M,0
TEX,NA,3,-5.00,0,M,0
TEX,NA,3,-4.00,0,M,0
TEX,NA,3,-5.00,0,M,0
TEX,NA,4,-5.00,0,M,0
TEX,NA,2,-3.00,0,M,0
TEX,NA,2,-3.00,0,M,0
TEX,NA,2,-3.00,0,M,0
TEX,NA,3,-3.00,0,M,0
TEX,NA,2,-3.00,0,M,0
TEX,NA,2,-3.00,0,M,0
TEX,NA,1,-2.00,0,M,0
TEX,NA,1,-3.00,0,M,0
TEX,NA,1,-3.00,0,M,0
TEX,NA,1,-3.00,0,M,0
TEX,NA,1,-3.00,0,M,0
TEX,NA,1,-4.00,0,M,0
TEX,NA,1,-4.00,0,M,0
TEX,NA,1,-4.00,0,M,0
TEX,NA,1,-4.00,0,M,0
TEX,NA,0,-5.00,0,M,0
TEX,NA,0,-6.00,0,M,0
TEX,NA,0,-5.00,0,M,0
TEX,NA,1,-8.00,0,M,0
TEX,NA,0,-8.00,0,M,0
TEX,NA,1,-8.00,0,M,0
TEX,NA,0,-7.00,0,M,0
TEX,NA,0,-7.00,0,M,0
TEX,NA,0,-7.00,0,M,0
TEX,NA,0,-7.00,0,M,0
TEX,NA,0,-8.00,0,M,0
TEX,NA,0,-8.00,0,M,0
TEX,NA,0,-8.00,0,M,0
TEX,NA,0,-7.00,0,M,0
TEX,NA,0,-7.00,0,M,0
TEX,NA,0,-7.00,0,M,0
TEX,NA,0,-7.00,0,M,0
TEX,NA,0,-7.00,0,M,0
TEX,NA,-1,-6.00,0,M,0
TEX,NA,-1,-6.00,0,M,0
TEX,NA,-1,-4.00,0,M,0
TEX,NA,-1,-3.00,0,M,0
TEX,NA,-1,-3.00,0,M,0
TEX,NA,-1,-3.00,0,M,0
TEX,NA,-1,-3.00,0,M,0
TEX,NA,-1,-4.00,0,M,0
TEX,NA,-1,-4.00,0,M,0
TEX,NA,-2,-5.00,0,M,0
TEX,NA,-2,-3.00,0,M,0
TEX,NA,-2,-4.00,0,M,0
TEX,NA,-2,-4.00,0,M,0
TEX,NA,-1,-3.00,0,M,0
TEX,NA,-2,-3.00,0,M,0
TEX,NA,-1,-3.00,0,M,0
TEX,NA,-1,-3.00,0,M,0
TEX,NA,0,-3.00,0,M,0
TEX,NA,0,-3.00,0,M,0
TEX,NA,1,-4.00,0,M,0
TEX,NA,1,-5.00,0,M,0
TEX,NA,1,-4.00,0,M,0
TEX,NA,2,-4.00,0,M,0
TEX,NA,2,-5.00,0,M,0
TEX,NA,2,-5.00,0,M,0
TEX,NA,2,-5.00,0,M,0
TEX,NA,2,-4.00,0,M,0
TEX,NA,2,-4.00,0,M,0
TEX,NA,1,-3.00,0,M,0
TEX,NA,1,-3.00,0,M,0
TEX,NA,0,-3.00,0,M,0
TEX,NA,0,-2.00,0,M,0
TEX,NA,0,-2.00,0,M,0
TEX,NA,0,-2.00,0,M,0
TEX,NA,0,-2.00,0,M,0
TEX,NA,0,-2.00,0.76,M,0
TEX,NA,0,-2.00,0.25,M,0
TEX,NA,0,-2.00,0.51,M,0
TEX,NA,0,-1.00,0.51,M,0
TEX,NA,0,-1.00,0,M,0
TEX,NA,0,-1.00,0.25,M,0
TEX,NA,0,-2.00,0.25,M,0
TEX,NA,-1,-2.00,0,M,0
TEX,NA,-1,-2.00,0,M,0
TEX,NA,-1,-2.00,0,M,0
TEX,NA,-1,-2.00,0,M,0
TEX,NA,-1,-2.00,0,M,0
TEX,NA,-1,-2.00,0,M,0
TEX,NA,-1,-2.00,0,M,0
TEX,NA,-2,-3.00,0,M,0
TEX,NA,-2,-2.00,0,M,0
TEX,NA,-2,-3.00,0,M,0
TEX,NA,-2,-3.00,0,M,0
TEX,NA,-2,-3.00,0,M,0
TEX,NA,-2,-3.00,0,M,0
TEX,NA,-2,-3.00,0,M,0
TEX,NA,-2,-3.00,0,M,0
TEX,NA,-2,-3.00,0,M,0
TEX,NA,-2,-3.00,0,M,0
TEX,NA,-2,-3.00,0,M,0
TEX,NA,-3,-4.00,0,M,0
TEX,NA,-3,-5.00,0,M,0
TEX,NA,-5,-6.00,0,M,0
TEX,NA,-5,-6.00,0,M,0
TEX,NA,-4,-6.00,0,M,0
TEX,NA,-5,-6.00,0,M,0
TEX,NA,-4,-6.00,0,M,0
TEX,NA,-5,-6.00,0,M,0
TEX,NA,-4,-6.00,0,M,0
TEX,NA,-5,-6.00,0,M,0
TEX,NA,-5,-6.00,0,M,0
TEX,NA,-5,-6.00,0,M,0
TEX,NA,-5,-7.00,0,M,0
TEX,NA,-4,-6.00,0,M,0
TEX,NA,-4,-6.00,0,M,0
TEX,NA,-4,-6.00,0,M,0
TEX,NA,-3,-6.00,0,M,0
TEX,NA,-3,-6.00,0,M,0
TEX,NA,-3,-6.00,0,M,0
TEX,NA,-4,-7.00,0,M,0
TEX,NA,-5,-7.00,0,M,0
TEX,NA,-3,-7.00,0,M,0
TEX,NA,-4,-7.00,0,M,0
TEX,NA,-3,-7.00,0,M,0
TEX,NA,-3,-6.00,0,M,0
TEX,NA,-4,-7.00,0,M,0
TEX,NA,-3,-6.00,0,M,0
TEX,NA,-3,-7.00,0,M,0
TEX,NA,-2,-6.00,0,M,0
TEX,NA,-2,-6.00,0.25,M,0
TEX,NA,-1,-6.00,0.51,M,0
TEX,NA,0,-6.00,1.02,M,0
TEX,NA,1,-6.00,1.02,M,0
TEX,NA,1,-6.00,0,M,0
TEX,NA,2,-7.00,0,M,0
TEX,NA,2,-9.00,0,M,0
TEX,NA,3,-9.00,0,M,0
TEX,NA,2,-6.00,0.25,M,0
TEX,NA,2,-5.00,0.25,M,0
TEX,NA,2,-5.00,0,M,0
TEX,NA,2,-5.00,0,M,0
TEX,NA,3,-4.00,0,M,0
TEX,NA,2,-4.00,0,M,0
TEX,NA,2,-5.00,0,M,0
TEX,NA,2,-4.00,0,M,0
TEX,NA,2,-3.00,0,M,0
TEX,NA,2,-3.00,0,M,0
TEX,NA,2,-2.00,0,M,0
TEX,NA,2,-3.00,0,M,0
TEX,NA,2,-2.00,0,M,0
TEX,NA,1,-2.00,0,M,0
TEX,NA,0,-2.00,0,M,0
TEX,NA,0,-2.00,0,M,0
TEX,NA,0,-2.00,0,M,0
TEX,NA,0,-2.00,0,M,0
TEX,NA,-1,-2.00,0,M,0
TEX,NA,-1,-2.00,0,M,0
TEX,NA,-1,-2.00,0,M,0
TEX,NA,-1,-2.00,0,M,0
TEX,NA,-1,-2.00,0,M,0
TEX,NA,0,-2.00,0,M,0
TEX,NA,0,-2.00,0,M,0
TEX,NA,-1,-2.00,0,M,0
TEX,NA,-1,-2.00,0,M,0
TEX,NA,-1,-2.00,0,M,0
TEX,NA,-1,-2.00,0,M,0
TEX,NA,-1,-2.00,0,M,0
TEX,NA,-1,-2.00,0,M,0
TEX,NA,-1,-2.00,0,M,0
TEX,NA,-1,-2.00,0,M,0
TEX,NA,-1,-2.00,0,M,0
TEX,NA,-2,-3.00,0,M,0
TEX,NA,-2,-3.00,0,M,0
TEX,NA,-2,-4.00,0,M,0
TEX,NA,-2,-5.00,0,M,0
TEX,NA,-2,-5.00,0,M,0
TEX,NA,-3,-5.00,0,M,0
TEX,NA,-3,-7.00,0,M,0
TEX,NA,-4,-8.00,0,M,0
TEX,NA,-4,-7.00,0,M,0
TEX,NA,-4,-8.00,0,M,0
TEX,NA,-3,-8.00,0,M,0
TEX,NA,-4,-7.00,0,M,0
TEX,NA,-4,-7.00,0,M,0
TEX,NA,-4,-8.00,0,M,0
TEX,NA,-5,-9.00,0,M,0
TEX,NA,-5,-8.00,0,M,0
TEX,NA,-5,-9.00,0,M,0
TEX,NA,-4,-8.00,0,M,0
TEX,NA,-5,-9.00,0,M,0
TEX,NA,-4,-8.00,0,M,0
TEX,NA,-5,-8.00,0,M,0
TEX,NA,-5,-8.00,0,M,0
TEX,NA,-6,-9.00,0,M,0
TEX,NA,-5,-9.00,0,M,0
TEX,NA,-5,-8.00,0,M,0
TEX,NA,-5,-9.00,0,M,0
TEX,NA,-4,-8.00,0,M,0
TEX,NA,-3,-8.00,0,M,0
TEX,NA,-3,-8.00,0,M,0
TEX,NA,-2,-8.00,0,M,0
TEX,NA,-1,-8.00,0,M,0
TEX,NA,0,-8.00,0,M,0
TEX,NA,0,-8.00,0,M,0
TEX,NA,2,-8.00,0,M,0
TEX,NA,2,-8.00,0,M,0
TEX,NA,3,-8.00,0,M,0
TEX,NA,3,-8.00,0,M,0
TEX,NA,3,-7.00,0,M,0
TEX,NA,4,-9.00,0,M,0
TEX,NA,3,-8.00,0,M,0
TEX,NA,5,-7.00,0,M,0
TEX,NA,5,-7.00,0,M,0
TEX,NA,5,-7.00,0,M,0
TEX,NA,5,-7.00,0,M,0
TEX,NA,5,-7.00,0,M,0
TEX,NA,5,-6.00,0,M,0
TEX,NA,6,-6.00,0,M,2.01
TEX,NA,6,-7.00,0,M,2.01
TEX,NA,6,-7.00,0,M,2.01
TEX,NA,6,-7.00,0,M,2.01
TEX,NA,6,-7.00,0,M,2.01
TEX,NA,6,-6.00,0,M,2.01
TEX,NA,6,-6.00,0,M,2.01
TEX,NA,6,-5.00,0,M,2.01
TEX,NA,6,-6.00,0,M,2.01
TEX,NA,5,-5.00,0,M,0
TEX,NA,5,-5.00,0,M,0
TEX,NA,4,-4.00,0,M,0
TEX,NA,3,-3.00,0,M,0
TEX,NA,3,-3.00,0,M,0
TEX,NA,2,-3.00,0,M,0
TEX,NA,3,-3.00,0,M,0
TEX,NA,2,-3.00,0,M,0
TEX,NA,2,-3.00,0,M,0
TEX,NA,2,-3.00,0,M,0
TEX,NA,2,-3.00,0,M,0
TEX,NA,2,-3.00,0,M,0
TEX,NA,1,-3.00,0,M,0
TEX,NA,2,-3.00,0,M,0
TEX,NA,0,-3.00,0,M,0
TEX,NA,0,-3.00,0,M,0
TEX,NA,0,-3.00,0,M,0
TEX,NA,0,-4.00,0,M,0
TEX,NA,0,-4.00,0,M,0
TEX,NA,0,-4.00,0,M,0
TEX,NA,0,-5.00,0,M,0
TEX,NA,0,-4.00,0,M,0
TEX,NA,0,-5.00,0,M,0
TEX,NA,-1,-5.00,0,M,0
TEX,NA,-1,-6.00,0,M,0
TEX,NA,-1,-6.00,0,M,0
TEX,NA,-2,-6.00,0,M,0
TEX,NA,-2,-6.00,0,M,0
TEX,NA,-1,-5.00,0,M,0
TEX,NA,-1,-6.00,0,M,0
TEX,NA,-2,-6.00,0,M,0
TEX,NA,-2,-7.00,0,M,0
TEX,NA,-2,-7.00,0,M,0
TEX,NA,-2,-7.00,0,M,0
TEX,NA,-2,-7.00,0,M,0
TEX,NA,-2,-7.00,0,M,0
TEX,NA,-3,-7.00,0,M,0
TEX,NA,-3,-7.00,0,M,0
TEX,NA,-2,-7.00,0,M,0
TEX,NA,-3,-7.00,0,M,0
TEX,NA,-3,-7.00,0,M,0
TEX,NA,-3,-7.00,0,M,0
TEX,NA,-2,-7.00,0,M,0
TEX,NA,-2,-7.00,0,M,0
TEX,NA,-1,-7.00,0,M,0
TEX,NA,0,-7.00,0,M,0
TEX,NA,0,-7.00,0,M,0
TEX,NA,0,-7.00,0,M,0
TEX,NA,1,-6.00,0,M,0
TEX,NA,2,-6.00,0,M,0
TEX,NA,3,-6.00,0,M,0
TEX,NA,3,-6.00,0,M,0
TEX,NA,4,-5.00,0,M,0
TEX,NA,3,-6.00,0,M,0
TEX,NA,4,-6.00,0,M,0
TEX,NA,5,-6.00,0,M,0
TEX,NA,5,-6.00,0,M,0
TEX,NA,5,-6.00,0,M,0
TEX,NA,6,-6.00,0,M,2.01
TEX,NA,5,-6.00,0,M,0
TEX,NA,6,-6.00,0,M,2.01
TEX,NA,6,-6.00,0,M,2.01
TEX,NA,4,-5.00,0,M,0
TEX,NA,3,-3.00,0,M,0
TEX,NA,5,-5.00,0,M,0
TEX,NA,6,-6.00,0,M,2.01
TEX,NA,5,-6.00,0,M,0
TEX,NA,4,-5.00,0,M,0
TEX,NA,4,-4.00,0,M,0
TEX,NA,5,-5.00,0,M,0
TEX,NA,6,-6.00,0,M,2.01
TEX,NA,6,-7.00,0,M,2.01
TEX,NA,6,-7.00,0,M,2.01
TEX,NA,6,-7.00,0,M,2.01
TEX,NA,5,-5.00,0,M,0
TEX,NA,3,-3.00,0,M,0
TEX,NA,3,-4.00,0,M,0
TEX,NA,3,-4.00,0,M,0
TEX,NA,3,-5.00,0,M,0
TEX,NA,2,-5.00,0,M,0
TEX,NA,2,-4.00,0,M,0
TEX,NA,2,-4.00,0,M,0
TEX,NA,1,-5.00,0,M,0
TEX,NA,1,-5.00,0,M,0
TEX,NA,1,-5.00,0,M,0
TEX,NA,0,-5.00,0,M,0
TEX,NA,0,-5.00,0,M,0
TEX,NA,0,-5.00,0,M,0
TEX,NA,0,-5.00,0,M,0
TEX,NA,0,-5.00,0,M,0
TEX,NA,0,-5.00,0,M,0
TEX,NA,0,-6.00,0,M,0
TEX,NA,0,-6.00,0,M,0
TEX,NA,-1,-6.00,0,M,0
TEX,NA,-1,-6.00,0,M,0
TEX,NA,-1,-6.00,0,M,0
TEX,NA,-1,-6.00,0,M,0
TEX,NA,-1,-6.00,0,M,0
TEX,NA,-1,-6.00,0,M,0
TEX,NA,-1,-7.00,0,M,0
TEX,NA,-1,-6.00,0,M,0
TEX,NA,-2,-7.00,0,M,0
TEX,NA,-1,-7.00,0,M,0
TEX,NA,-2,-7.00,0,M,0
TEX,NA,-1,-7.00,0,M,0
TEX,NA,-2,-7.00,0,M,0
TEX,NA,-2,-7.00,0,M,0
TEX,NA,-2,-7.00,0,M,0
TEX,NA,-2,-7.00,0,M,0
TEX,NA,-2,-7.00,0,M,0
TEX,NA,-2,-7.00,0,M,0
TEX,NA,-3,-8.00,0,M,0
TEX,NA,-3,-8.00,0,M,0
TEX,NA,-3,-8.00,0,M,0
TEX,NA,-2,-8.00,0,M,0
TEX,NA,-2,-7.00,0,M,0
TEX,NA,-1,-7.00,0,M,0
TEX,NA,0,-7.00,0,M,0
TEX,NA,0,-7.00,0,M,0
TEX,NA,1,-7.00,0,M,0
TEX,NA,1,-7.00,0,M,0
TEX,NA,3,-8.00,0,M,0
TEX,NA,4,-7.00,0,M,0
TEX,NA,6,-8.00,0,M,2.01
TEX,NA,5,-11.00,0,M,0
TEX,NA,6,-12.00,0,M,2.01
TEX,NA,7,-12.00,0,M,4.02
TEX,NA,6,-12.00,0,M,2.01
TEX,NA,7,-15.00,0,M,4.02
TEX,NA,7,-13.00,0,M,4.02
TEX,NA,7,-16.00,0,M,4.02
TEX,NA,7,-16.00,0,M,4.02
TEX,NA,8,-13.00,0,M,6.029999999999999
TEX,NA,8,-12.00,0,M,6.029999999999999
TEX,NA,8,-12.00,0,M,6.029999999999999
TEX,NA,8,-14.00,0,M,6.029999999999999
TEX,NA,7,-8.00,0,M,4.02
TEX,NA,7,-7.00,0,M,4.02
TEX,NA,7,-7.00,0,M,4.02
TEX,NA,6,-5.00,0,M,2.01
TEX,NA,5,-6.00,0,M,0
TEX,NA,7,-8.00,0,M,4.02
TEX,NA,7,-8.00,0,M,4.02
TEX,NA,7,-10.00,0,M,4.02
TEX,NA,7,-10.00,0,M,4.02
TEX,NA,6,-8.00,0,M,2.01
TEX,NA,5,-6.00,0,M,0
TEX,NA,4,-5.00,0,M,0
TEX,NA,4,-5.00,0,M,0
TEX,NA,4,-6.00,0,M,0
TEX,NA,3,-3.00,0,M,0
TEX,NA,3,-4.00,0,M,0
TEX,NA,3,-5.00,0,M,0
TEX,NA,3,-4.00,0,M,0
TEX,NA,2,-2.00,0,M,0
TEX,NA,2,-3.00,0,M,0
TEX,NA,2,-4.00,0,M,0
TEX,NA,2,-4.00,0,M,0
TEX,NA,2,-4.00,0,M,0
TEX,NA,1,-2.00,0,M,0
TEX,NA,1,-2.00,0,M,0
TEX,NA,1,-2.00,0,M,0
TEX,NA,1,-3.00,0,M,0
TEX,NA,1,-3.00,0,M,0
TEX,NA,0,-3.00,0,M,0
TEX,NA,0,-3.00,0,M,0
TEX,NA,0,-3.00,0,M,0
TEX,NA,0,-4.00,0,M,0
TEX,NA,0,-5.00,0,M,0
TEX,NA,0,-5.00,0,M,0
TEX,NA,0,-5.00,0,M,0
TEX,NA,-1,-5.00,0,M,0
TEX,NA,-1,-6.00,0,M,0
TEX,NA,0,-6.00,0,M,0
TEX,NA,-1,-6.00,0,M,0
TEX,NA,-1,-6.00,0,M,0
TEX,NA,-1,-6.00,0,M,0
TEX,NA,-1,-7.00,0,M,0
TEX,NA,-2,-7.00,0,M,0
TEX,NA,-2,-7.00,0,M,0
TEX,NA,-1,-7.00,0,M,0
TEX,NA,-2,-7.00,0,M,0
TEX,NA,-2,-7.00,0,M,0
TEX,NA,-2,-7.00,0,M,0
TEX,NA,-2,-7.00,0,M,0
TEX,NA,-2,-7.00,0,M,0
TEX,NA,-1,-7.00,0,M,0
TEX,NA,-1,-7.00,0,M,0
TEX,NA,0,-7.00,0,M,0
TEX,NA,0,-7.00,0,M,0
TEX,NA,1,-7.00,0,M,0
TEX,NA,1,-7.00,0,M,0
TEX,NA,2,-6.00,0,M,0
TEX,NA,4,-6.00,0,M,0
TEX,NA,5,-8.00,0,M,0
TEX,NA,6,-10.00,0,M,2.01
TEX,NA,6,-11.00,0,M,2.01
TEX,NA,6,-11.00,0,M,2.01
TEX,NA,6,-11.00,0,M,2.01
TEX,NA,6,-12.00,0,M,2.01
TEX,NA,7,-11.00,0,M,4.02
TEX,NA,6,-12.00,0,M,2.01
TEX,NA,8,-12.00,0,M,6.029999999999999
TEX,NA,8,-15.00,0,M,6.029999999999999
TEX,NA,8,-16.00,0,M,6.029999999999999
TEX,NA,8,-18.00,0,M,6.029999999999999
TEX,NA,7,-17.00,0,M,4.02
TEX,NA,7,-16.00,0,M,4.02
TEX,NA,7,-16.00,0,M,4.02
TEX,NA,7,-14.00,0,M,4.02
TEX,NA,6,-13.00,0,M,2.01
TEX,NA,6,-14.00,0,M,2.01
TEX,NA,6,-13.00,0,M,2.01
TEX,NA,6,-13.00,0,M,2.01
TEX,NA,5,-12.00,0,M,0
TEX,NA,5,-12.00,0,M,0
TEX,NA,5,-11.00,0,M,0
TEX,NA,4,-11.00,0,M,0
TEX,NA,4,-7.00,0,M,0
TEX,NA,3,-5.00,0,M,0
TEX,NA,3,-4.00,0,M,0
TEX,NA,3,-5.00,0,M,0
TEX,NA,2,-5.00,0,M,0
TEX,NA,2,-5.00,0,M,0
TEX,NA,2,-5.00,0,M,0
TEX,NA,2,-5.00,0,M,0
TEX,NA,2,-5.00,0,M,0
TEX,NA,2,-3.00,0,M,0
TEX,NA,1,-3.00,0,M,0
TEX,NA,0,-2.00,0,M,0
TEX,NA,0,-2.00,0,M,0
TEX,NA,0,-2.00,0,M,0
TEX,NA,1,-2.00,0,M,0
TEX,NA,0,-3.00,0,M,0
TEX,NA,0,-3.00,0,M,0
TEX,NA,0,-3.00,0,M,0
TEX,NA,0,-3.00,0,M,0
TEX,NA,0,-3.00,0,M,0
TEX,NA,0,-3.00,0,M,0
TEX,NA,0,-6.00,0,M,0
TEX,NA,0,-5.00,0,M,0
TEX,NA,0,-5.00,0,M,0
TEX,NA,-1,-6.00,0,M,0
TEX,NA,0,-7.00,0,M,0
TEX,NA,0,-7.00,0,M,0
TEX,NA,-1,-7.00,0,M,0
TEX,NA,-2,-8.00,0,M,0
TEX,NA,-1,-8.00,0,M,0
TEX,NA,-1,-9.00,0,M,0
TEX,NA,0,-10.00,0,M,0
TEX,NA,0,-9.00,0,M,0
TEX,NA,0,-9.00,0,M,0
TEX,NA,1,-8.00,0,M,0
TEX,NA,1,-10.00,0,M,0
TEX,NA,2,-10.00,0,M,0
TEX,NA,3,-10.00,0,M,0
TEX,NA,5,-12.00,0,M,0
TEX,NA,5,-14.00,0,M,0
TEX,NA,5,-15.00,0,M,0
TEX,NA,6,-15.00,0,M,2.01
TEX,NA,6,-15.00,0,M,2.01
TEX,NA,6,-16.00,0,M,2.01
TEX,NA,6,-17.00,0,M,2.01
TEX,NA,6,-16.00,0,M,2.01
TEX,NA,7,-17.00,0,M,4.02
TEX,NA,7,-17.00,0,M,4.02
TEX,NA,7,-16.00,0,M,4.02
TEX,NA,7,-16.00,0,M,4.02
TEX,NA,7,-15.00,0,M,4.02
TEX,NA,8,-15.00,0,M,6.029999999999999
TEX,NA,8,-15.00,0,M,6.029999999999999
TEX,NA,8,-13.00,0,M,6.029999999999999
TEX,NA,8,-14.00,0,M,6.029999999999999
TEX,NA,8,-14.00,0,M,6.029999999999999
TEX,NA,8,-14.00,0,M,6.029999999999999
TEX,NA,8,-14.00,0,M,6.029999999999999
TEX,NA,8,-13.00,0,M,6.029999999999999
TEX,NA,8,-13.00,0,M,6.029999999999999
TEX,NA,8,-15.00,0,M,6.029999999999999
TEX,NA,8,-16.00,0,M,6.029999999999999
TEX,NA,8,-16.00,0,M,6.029999999999999
TEX,NA,7,-15.00,0,M,4.02
TEX,NA,7,-13.00,0,M,4.02
TEX,NA,7,-11.00,0,M,4.02
TEX,NA,6,-11.00,0,M,2.01
TEX,NA,6,-14.00,0,M,2.01
TEX,NA,6,-15.00,0,M,2.01
TEX,NA,6,-14.00,0,M,2.01
TEX,NA,5,-11.00,0,M,0
TEX,NA,5,-13.00,0,M,0
TEX,NA,5,-13.00,0,M,0
TEX,NA,5,-13.00,0,M,0
TEX,NA,3,-12.00,0,M,0
TEX,NA,3,-12.00,0,M,0
TEX,NA,3,-12.00,0,M,0
TEX,NA,3,-11.00,0,M,0
TEX,NA,3,-11.00,0,M,0
TEX,NA,4,-10.00,0,M,0
TEX,NA,4,-10.00,0,M,0
TEX,NA,5,-9.00,0,M,0
TEX,NA,5,-8.00,0,M,0
TEX,NA,5,-8.00,0,M,0
TEX,NA,5,-9.00,0,M,0
TEX,NA,5,-8.00,0,M,0
TEX,NA,5,-8.00,0,M,0
TEX,NA,5,-8.00,0,M,0
TEX,NA,4,-7.00,0,M,0
TEX,NA,3,-7.00,0,M,0
TEX,NA,4,-7.00,0,M,0
TEX,NA,5,-7.00,0,M,0
TEX,NA,5,-7.00,0,M,0
TEX,NA,5,-8.00,0,M,0
TEX,NA,5,-8.00,0,M,0
TEX,NA,5,-8.00,0,M,0
TEX,NA,5,-8.00,0,M,0
TEX,NA,4,-8.00,0,M,0
TEX,NA,4,-8.00,0,M,0
TEX,NA,4,-8.00,0,M,0
TEX,NA,4,-8.00,0,M,0
TEX,NA,4,-7.00,0,M,0
TEX,NA,4,-8.00,0,M,0
TEX,NA,4,-8.00,0,M,0
TEX,NA,4,-8.00,0,M,0
TEX,NA,5,-8.00,0,M,0
TEX,NA,5,-10.00,0,M,0
TEX,NA,5,-11.00,0,M,0
TEX,NA,5,-11.00,0,M,0
TEX,NA,5,-11.00,0,M,0
TEX,NA,5,-11.00,0,M,0
TEX,NA,5,-12.00,0,M,0
TEX,NA,5,-12.00,0,M,0
TEX,NA,6,-12.00,0,M,2.01
TEX,NA,5,-12.00,0,M,0
TEX,NA,5,-11.00,0,M,0
TEX,NA,5,-11.00,0,M,0
TEX,NA,6,-11.00,0,M,2.01
TEX,NA,6,-11.00,0,M,2.01
TEX,NA,6,-11.00,0,M,2.01
TEX,NA,6,-11.00,0,M,2.01
TEX,NA,7,-11.00,0,M,4.02
TEX,NA,7,-11.00,0,M,4.02
TEX,NA,6,-10.00,0,M,2.01
TEX,NA,6,-10.00,0,M,2.01
TEX,NA,6,-11.00,0,M,2.01
TEX,NA,6,-10.00,0,M,2.01
TEX,NA,6,-11.00,0,M,2.01
TEX,NA,6,-11.00,0,M,2.01
TEX,NA,5,-8.00,0,M,0
TEX,NA,5,-8.00,0,M,0
TEX,NA,6,-10.00,0,M,2.01
TEX,NA,6,-11.00,0,M,2.01
TEX,NA,6,-11.00,0,M,2.01
TEX,NA,6,-11.00,0,M,2.01
TEX,NA,5,-10.00,0,M,0
TEX,NA,4,-7.00,0,M,0
TEX,NA,2,-3.00,0,M,0
TEX,NA,1,-2.00,0,M,0
TEX,NA,1,-3.00,0,M,0
TEX,NA,1,-3.00,0,M,0
TEX,NA,2,-3.00,0,M,0
TEX,NA,2,-4.00,0,M,0
TEX,NA,2,-4.00,0,M,0
TEX,NA,1,-3.00,0,M,0
TEX,NA,1,-2.00,0,M,0
TEX,NA,1,-2.00,0,M,0
TEX,NA,0,-2.00,0,M,0
TEX,NA,0,-1.00,0,M,0
TEX,NA,0,-1.00,0,M,0
TEX,NA,0,-1.00,0,M,0
TEX,NA,0,-1.00,0,M,0
TEX,NA,0,-2.00,0,M,0
TEX,NA,0,-3.00,0,M,0
TEX,NA,0,-2.00,0,M,0
TEX,NA,0,-2.00,0,M,0
TEX,NA,0,-3.00,0,M,0
TEX,NA,0,-3.00,0,M,0
TEX,NA,0,-4.00,0,M,0
TEX,NA,0,-5.00,0,M,0
TEX,NA,0,-6.00,0,M,0
TEX,NA,0,-6.00,0,M,0
TEX,NA,0,-6.00,0,M,0
TEX,NA,0,-6.00,0,M,0
TEX,NA,0,-6.00,0,M,0
TEX,NA,0,-6.00,0,M,0
TEX,NA,0,-6.00,0,M,0
TEX,NA,0,-5.00,0,M,0
TEX,NA,0,-4.00,0,M,0
TEX,NA,-1,-4.00,0,M,0
TEX,NA,-1,-5.00,0,M,0
TEX,NA,-1,-6.00,0,M,0
TEX,NA,0,-6.00,0,M,0
TEX,NA,-1,-5.00,0,M,0
TEX,NA,-1,-5.00,0,M,0
TEX,NA,-1,-5.00,0,M,0
TEX,NA,-1,-5.00,0,M,0
TEX,NA,0,-5.00,0,M,0
TEX,NA,0,-5.00,0,M,0
TEX,NA,0,-4.00,0,M,0
TEX,NA,0,-4.00,0,M,0
TEX,NA,-1,-4.00,0,M,0
TEX,NA,-1,-3.00,0,M,0
TEX,NA,-1,-3.00,0,M,0
TEX,NA,-1,-3.00,0,M,0
TEX,NA,-1,-3.00,0,M,0
TEX,NA,-1,-3.00,0,M,0
TEX,NA,-2,-3.00,0,M,0
TEX,NA,-2,-3.00,0,M,0
TEX,NA,-2,-5.00,0,M,0
TEX,NA,-2,-5.00,0,M,0
TEX,NA,-2,-5.00,0,M,0
TEX,NA,-2,-5.00,0,M,0
TEX,NA,-1,-5.00,0,M,0
TEX,NA,-1,-4.00,0,M,0
TEX,NA,-1,-4.00,0,M,0
TEX,NA,-1,-4.00,0,M,0
TEX,NA,-1,-5.00,0,M,0
TEX,NA,-2,-5.00,0,M,0
TEX,NA,-2,-4.00,0,M,0
TEX,NA,-2,-6.00,0,M,0
TEX,NA,-2,-6.00,0,M,0
TEX,NA,-3,-6.00,0,M,0
TEX,NA,-3,-5.00,0,M,0
TEX,NA,-3,-6.00,0,M,0
TEX,NA,-3,-6.00,0,M,0
TEX,NA,-3,-5.00,0,M,0
TEX,NA,-3,-6.00,0,M,0
TEX,NA,-3,-6.00,0,M,0
TEX,NA,-3,-7.00,0,M,0
TEX,NA,-3,-6.00,0,M,0
TEX,NA,-4,-6.00,0,M,0
TEX,NA,-4,-5.00,0,M,0
TEX,NA,-4,-5.00,0,M,0
TEX,NA,-4,-5.00,0,M,0
TEX,NA,-4,-5.00,0,M,0
TEX,NA,-4,-6.00,0,M,0
TEX,NA,-4,-6.00,0,M,0
TEX,NA,-4,-6.00,0,M,0
TEX,NA,-4,-6.00,0,M,0
TEX,NA,-4,-5.00,0,M,0
TEX,NA,-4,-6.00,0,M,0
TEX,NA,-4,-6.00,0,M,0
TEX,NA,-4,-6.00,0,M,0
TEX,NA,-4,-6.00,0,M,0
TEX,NA,-4,-6.00,0,M,0
TEX,NA,-4,-6.00,0,M,0
TEX,NA,-4,-6.00,0,M,0
TEX,NA,-4,-6.00,0,M,0
TEX,NA,-4,-6.00,0,M,0
TEX,NA,-4,-6.00,0,M,0
TEX,NA,-4,-6.00,0,M,0
TEX,NA,-4,-6.00,0,M,0
TEX,NA,-4,-6.00,0,M,0
TEX,NA,-4,-6.00,0,M,0
TEX,NA,-4,-6.00,0,M,0
TEX,NA,-4,-6.00,0,M,0
TEX,NA,-4,-7.00,0,M,0
TEX,NA,-4,-7.00,0,M,0
TEX,NA,-5,-7.00,0,M,0
TEX,NA,-5,-8.00,0,M,0
TEX,NA,-5,-8.00,0,M,0
TEX,NA,-5,-7.00,0,M,0
TEX,NA,-5,-8.00,0,M,0
TEX,NA,-5,-7.00,0,M,0
TEX,NA,-6,-7.00,0,M,0
TEX,NA,-6,-7.00,0,M,0
TEX,NA,-5,-8.00,0,M,0
TEX,NA,-5,-8.00,0,M,0
TEX,NA,-5,-7.00,0,M,0
TEX,NA,-5,-8.00,0,M,0
TEX,NA,-5,-8.00,0,M,0
TEX,NA,-4,-8.00,0,M,0
TEX,NA,-4,-8.00,0,M,0
TEX,NA,-3,-9.00,0,M,0
TEX,NA,-3,-8.00,0,M,0
TEX,NA,-3,-8.00,0,M,0
TEX,NA,-2,-7.00,0,M,0
TEX,NA,-2,-7.00,0,M,0
TEX,NA,-2,-7.00,0,M,0
TEX,NA,-2,-8.00,0,M,0
TEX,NA,-2,-7.00,0,M,0
TEX,NA,-2,-8.00,0,M,0
TEX,NA,-2,-7.00,0,M,0
TEX,NA,-2,-7.00,0,M,0
TEX,NA,-2,-7.00,0,M,0
TEX,NA,-3,-7.00,0,M,0
TEX,NA,-1,-8.00,0,M,0
TEX,NA,-1,-8.00,0,M,0
TEX,NA,-2,-9.00,0,M,0
TEX,NA,-1,-9.00,0,M,0
TEX,NA,-1,-8.00,0,M,0
TEX,NA,-3,-7.00,0,M,0
TEX,NA,-3,-6.00,0,M,0
TEX,NA,-4,-6.00,0,M,0
TEX,NA,-2,-6.00,0,M,0
TEX,NA,-2,-9.00,0,M,0
TEX,NA,-2,-8.00,0,M,0
TEX,NA,-3,-8.00,0,M,0
TEX,NA,-3,-8.00,0,M,0
TEX,NA,-4,-7.00,0,M,0
TEX,NA,-3,-7.00,0,M,0
TEX,NA,-4,-7.00,0,M,0
TEX,NA,-5,-7.00,0,M,0
TEX,NA,-5,-7.00,0,M,0
TEX,NA,-5,-7.00,0,M,0
TEX,NA,-5,-7.00,0,M,0
TEX,NA,-5,-7.00,0,M,0
TEX,NA,-5,-7.00,0,M,0
TEX,NA,-5,-7.00,0,M,0
TEX,NA,-5,-8.00,0,M,0
TEX,NA,-5,-8.00,0,M,0
TEX,NA,-6,-8.00,0,M,0
TEX,NA,-6,-7.00,0,M,0
TEX,NA,-6,-8.00,0,M,0
TEX,NA,-6,-8.00,0,M,0
TEX,NA,-6,-8.00,0,M,0
TEX,NA,-6,-8.00,0,M,0
TEX,NA,-6,-9.00,0,M,0
TEX,NA,-6,-9.00,0,M,0
TEX,NA,-7,-9.00,0,M,0
TEX,NA,-7,-8.00,0,M,0
TEX,NA,-7,-10.00,0,M,0
TEX,NA,-7,-10.00,0,M,0
TEX,NA,-7,-11.00,0,M,0
TEX,NA,-7,-10.00,0,M,0
TEX,NA,-8,-11.00,0,M,0
TEX,NA,-7,-10.00,0,M,0
TEX,NA,-7,-11.00,0,M,0
TEX,NA,-7,-11.00,0,M,0
TEX,NA,-8,-12.00,0,M,0
TEX,NA,-8,-12.00,0,M,0
TEX,NA,-8,-11.00,0,M,0
TEX,NA,-8,-12.00,0,M,0
TEX,NA,-8,-12.00,0,M,0
TEX,NA,-8,-11.00,0,M,0
TEX,NA,-7,-11.00,0,M,0
TEX,NA,-7,-11.00,0,M,0
TEX,NA,-7,-11.00,0,M,0
TEX,NA,-7,-11.00,0,M,0
TEX,NA,-7,-11.00,0,M,0
TEX,NA,-7,-11.00,0,M,0
TEX,NA,-6,-11.00,0,M,0
TEX,NA,-6,-10.00,0,M,0
TEX,NA,-5,-10.00,0,M,0
TEX,NA,-5,-10.00,0,M,0
TEX,NA,-3,-10.00,0,M,0
TEX,NA,-2,-10.00,0,M,0
TEX,NA,-2,-10.00,0,M,0
TEX,NA,-3,-9.00,0,M,0
TEX,NA,-3,-8.00,0,M,0
TEX,NA,-2,-7.00,0,M,0
TEX,NA,-4,-8.00,0,M,0
TEX,NA,-3,-9.00,0,M,0
TEX,NA,-2,-11.00,0,M,0
TEX,NA,-1,-9.00,0,M,0
TEX,NA,0,-12.00,1.02,M,0
TEX,NA,0,-12.00,0,M,0
TEX,NA,0,-12.00,0,M,0
TEX,NA,0,-11.00,0,M,0
TEX,NA,0,-10.00,0,M,0
TEX,NA,-1,-8.00,0,M,0
TEX,NA,-2,-9.00,0,M,0
TEX,NA,-1,-11.00,0,M,0
TEX,NA,-1,-11.00,0,M,0
TEX,NA,-1,-11.00,0,M,0
TEX,NA,-1,-10.00,0,M,0
TEX,NA,-3,-7.00,0,M,0
TEX,NA,-4,-7.00,0,M,0
TEX,NA,-5,-6.00,0,M,0
TEX,NA,-5,-7.00,0,M,0
TEX,NA,-5,-7.00,0,M,0
TEX,NA,-5,-6.00,0,M,0
TEX,NA,-5,-7.00,0,M,0
TEX,NA,-5,-7.00,0,M,0
TEX,NA,-5,-7.00,0,M,0
TEX,NA,-5,-7.00,0,M,0
TEX,NA,-5,-7.00,0,M,0
TEX,NA,-5,-7.00,0,M,0
TEX,NA,-5,-7.00,0,M,0
TEX,NA,-5,-7.00,0,M,0
TEX,NA,-5,-7.00,0,M,0
TEX,NA,-5,-8.00,0,M,0
TEX,NA,-5,-7.00,0,M,0
TEX,NA,-5,-8.00,0,M,0
TEX,NA,-5,-7.00,0,M,0
TEX,NA,-5,-8.00,0,M,0
TEX,NA,-5,-8.00,0,M,0
TEX,NA,-5,-7.00,0,M,0
TEX,NA,-5,-8.00,0,M,0
TEX,NA,-5,-8.00,0,M,0
TEX,NA,-5,-8.00,0,M,0
TEX,NA,-5,-8.00,0,M,0
TEX,NA,-6,-8.00,0,M,0
TEX,NA,-5,-7.00,0,M,0
TEX,NA,-6,-7.00,0,M,0
TEX,NA,-6,-8.00,0,M,0
TEX,NA,-6,-9.00,0,M,0
TEX,NA,-6,-9.00,0,M,0
TEX,NA,-6,-9.00,0,M,0
TEX,NA,-6,-9.00,0,M,0
TEX,NA,-6,-8.00,0,M,0
TEX,NA,-6,-8.00,0,M,0
TEX,NA,-6,-8.00,0,M,0
TEX,NA,-7,-8.00,0,M,0
TEX,NA,-7,-8.00,0,M,0
TEX,NA,-7,-9.00,0,M,0
TEX,NA,-7,-8.00,0,M,0
TEX,NA,-6,-8.00,0,M,0
TEX,NA,-7,-8.00,0,M,0
TEX,NA,-6,-8.00,0,M,0
TEX,NA,-7,-8.00,0,M,0
TEX,NA,-7,-8.00,0,M,0
TEX,NA,-6,-8.00,0,M,0
TEX,NA,-5,-7.00,0,M,0
TEX,NA,-4,-9.00,0,M,0
TEX,NA,-3,-10.00,0,M,0
TEX,NA,-3,-10.00,0,M,0
TEX,NA,-3,-10.00,0,M,0
TEX,NA,-2,-11.00,0,M,0
TEX,NA,-3,-11.00,0,M,0
TEX,NA,-2,-12.00,0.25,M,0
TEX,NA,-1,-13.00,0.25,M,0
TEX,NA,-2,-13.00,0.76,M,0
TEX,NA,-1,-13.00,0.76,M,0
TEX,NA,-1,-13.00,0.76,M,0
TEX,NA,-1,-13.00,0,M,0
TEX,NA,0,-14.00,0,M,0
TEX,NA,0,-14.00,0,M,0
TEX,NA,0,-14.00,0,M,0
TEX,NA,0,-15.00,0,M,0
TEX,NA,0,-15.00,0,M,0
TEX,NA,0,-16.00,0,M,0
TEX,NA,0,-16.00,0,M,0
TEX,NA,0,-17.00,0,M,0
TEX,NA,0,-17.00,0,M,0
TEX,NA,0,-17.00,0,M,0
TEX,NA,0,-18.00,0,M,0
TEX,NA,0,-16.00,0,M,0
TEX,NA,0,-15.00,0,M,0
TEX,NA,0,-14.00,0,M,0
TEX,NA,0,-14.00,0,M,0
TEX,NA,0,-15.00,0,M,0
TEX,NA,0,-14.00,0,M,0
TEX,NA,0,-14.00,0,M,0
TEX,NA,-1,-13.00,0,M,0
TEX,NA,-1,-12.00,0,M,0
TEX,NA,-1,-13.00,0,M,0
TEX,NA,-2,-12.00,0,M,0
TEX,NA,-2,-11.00,0,M,0
TEX,NA,-3,-11.00,0,M,0
TEX,NA,-2,-11.00,0,M,0
TEX,NA,-3,-11.00,0,M,0
TEX,NA,-3,-11.00,0,M,0
TEX,NA,-3,-11.00,0,M,0
TEX,NA,-3,-12.00,0,M,0
TEX,NA,-3,-12.00,0,M,0
TEX,NA,-3,-11.00,0,M,0
TEX,NA,-4,-11.00,0,M,0
TEX,NA,-3,-12.00,0,M,0
TEX,NA,-4,-12.00,0,M,0
TEX,NA,-4,-12.00,0,M,0
TEX,NA,-5,-12.00,0,M,0
TEX,NA,-5,-12.00,0,M,0
TEX,NA,-5,-12.00,0,M,0
TEX,NA,-5,-13.00,0,M,0
TEX,NA,-5,-13.00,0,M,0
TEX,NA,-5,-12.00,0,M,0
TEX,NA,-6,-13.00,0,M,0
TEX,NA,-5,-13.00,0,M,0
TEX,NA,-5,-12.00,0,M,0
TEX,NA,-5,-13.00,0,M,0
TEX,NA,-4,-13.00,0,M,0
TEX,NA,-4,-13.00,0,M,0
TEX,NA,-5,-12.00,0,M,0
TEX,NA,-4,-12.00,0,M,0
TEX,NA,-4,-11.00,0,M,0
TEX,NA,-3,-12.00,0,M,0
TEX,NA,-3,-12.00,0,M,0
TEX,NA,-3,-12.00,0,M,0
TEX,NA,-3,-12.00,0,M,0
TEX,NA,-3,-11.00,0,M,0
TEX,NA,-2,-11.00,0,M,0
TEX,NA,-1,-12.00,0,M,0
TEX,NA,0,-12.00,0,M,0
TEX,NA,0,-12.00,0,M,0
TEX,NA,1,-11.00,0,M,0
TEX,NA,2,-11.00,0,M,0
TEX,NA,2,-11.00,0,M,0
TEX,NA,3,-10.00,0,M,0
TEX,NA,3,-11.00,0,M,0
TEX,NA,3,-11.00,0,M,0
TEX,NA,4,-12.00,0,M,0
TEX,NA,4,-13.00,0,M,0
TEX,NA,5,-12.00,0,M,0
TEX,NA,5,-13.00,0,M,0
TEX,NA,5,-12.00,0,M,0
TEX,NA,5,-13.00,0,M,0
TEX,NA,6,-15.00,0,M,2.01
TEX,NA,6,-15.00,0,M,2.01
TEX,NA,6,-17.00,0,M,2.01
TEX,NA,6,-15.00,0,M,2.01
TEX,NA,7,-16.00,0,M,4.02
TEX,NA,7,-18.00,0,M,4.02
TEX,NA,7,-14.00,0,M,4.02
TEX,NA,7,-15.00,0,M,4.02
TEX,NA,7,-15.00,0,M,4.02
TEX,NA,7,-14.00,0,M,4.02
TEX,NA,7,-15.00,0,M,4.02
TEX,NA,7,-15.00,0,M,4.02
TEX,NA,7,-14.00,0,M,4.02
TEX,NA,7,-13.00,0,M,4.02
TEX,NA,6,-13.00,0,M,2.01
TEX,NA,6,-12.00,0,M,2.01
TEX,NA,6,-13.00,0,M,2.01
TEX,NA,6,-12.00,0,M,2.01
TEX,NA,6,-12.00,0,M,2.01
TEX,NA,6,-12.00,0,M,2.01
TEX,NA,5,-12.00,0,M,0
TEX,NA,5,-11.00,0,M,0
TEX,NA,5,-11.00,0,M,0
TEX,NA,5,-11.00,0,M,0
TEX,NA,5,-11.00,0,M,0
TEX,NA,5,-11.00,0,M,0
TEX,NA,5,-11.00,0,M,0
TEX,NA,5,-11.00,0,M,0
TEX,NA,5,-11.00,0,M,0
TEX,NA,5,-12.00,0,M,0
TEX,NA,5,-11.00,0,M,0
TEX,NA,6,-12.00,0,M,2.01
TEX,NA,6,-12.00,0,M,2.01
TEX,NA,5,-11.00,0,M,0
TEX,NA,5,-10.00,0,M,0
TEX,NA,5,-10.00,0,M,0
TEX,NA,5,-10.00,0,M,0
TEX,NA,4,-9.00,0,M,0
TEX,NA,4,-10.00,0,M,0
TEX,NA,4,-10.00,0,M,0
TEX,NA,4,-9.00,0,M,0
TEX,NA,3,-8.00,0,M,0
TEX,NA,3,-8.00,0,M,0
TEX,NA,3,-7.00,0,M,0
TEX,NA,2,-6.00,0,M,0
TEX,NA,2,-6.00,0,M,0
TEX,NA,2,-6.00,0,M,0
TEX,NA,2,-7.00,0,M,0
TEX,NA,2,-6.00,0,M,0
TEX,NA,2,-6.00,0,M,0
TEX,NA,1,-6.00,0,M,0
TEX,NA,2,-6.00,0,M,0
TEX,NA,2,-6.00,0,M,0
TEX,NA,2,-6.00,0,M,0
TEX,NA,1,-7.00,0,M,0
TEX,NA,1,-6.00,0,M,0
TEX,NA,1,-7.00,0,M,0
TEX,NA,1,-7.00,0,M,0
TEX,NA,1,-6.00,0,M,0
TEX,NA,1,-6.00,0,M,0
TEX,NA,2,-7.00,0,M,0
TEX,NA,2,-7.00,0,M,0
TEX,NA,2,-9.00,0,M,0
TEX,NA,2,-8.00,0,M,0
TEX,NA,3,-8.00,0,M,0
TEX,NA,3,-8.00,0,M,0
TEX,NA,3,-8.00,0,M,0
TEX,NA,3,-10.00,0,M,0
TEX,NA,3,-10.00,0,M,0
TEX,NA,3,-11.00,0,M,0
TEX,NA,3,-11.00,0,M,0
TEX,NA,4,-12.00,0,M,0
TEX,NA,4,-11.00,0,M,0
TEX,NA,5,-11.00,0,M,0
TEX,NA,5,-11.00,0,M,0
TEX,NA,5,-10.00,0,M,0
TEX,NA,5,-11.00,0,M,0
TEX,NA,5,-11.00,0,M,0
TEX,NA,5,-10.00,0,M,0
TEX,NA,5,-11.00,0,M,0
TEX,NA,5,-11.00,0,M,0
TEX,NA,5,-11.00,0,M,0
TEX,NA,5,-11.00,0,M,0
TEX,NA,5,-11.00,0,M,0
TEX,NA,5,-11.00,0,M,0
TEX,NA,5,-10.00,0,M,0
TEX,NA,5,-10.00,0,M,0
TEX,NA,5,-10.00,0,M,0
TEX,NA,5,-10.00,0,M,0
TEX,NA,5,-11.00,0,M,0
TEX,NA,5,-11.00,0,M,0
TEX,NA,5,-11.00,0,M,0
TEX,NA,5,-11.00,0,M,0
TEX,NA,5,-10.00,0,M,0
TEX,NA,5,-11.00,0,M,0
TEX,NA,5,-11.00,0,M,0
TEX,NA,5,-11.00,0,M,0
TEX,NA,5,-11.00,0,M,0
TEX,NA,5,-11.00,0,M,0
TEX,NA,5,-12.00,0,M,0
TEX,NA,5,-12.00,0,M,0
TEX,NA,5,-13.00,0,M,0
TEX,NA,5,-12.00,0,M,0
TEX,NA,5,-12.00,0,M,0
TEX,NA,5,-12.00,0,M,0
TEX,NA,5,-12.00,0,M,0
TEX,NA,5,-12.00,0,M,0
TEX,NA,4,-12.00,0,M,0
TEX,NA,4,-12.00,0,M,0
TEX,NA,4,-12.00,0,M,0
TEX,NA,3,-12.00,0,M,0
TEX,NA,3,-11.00,0,M,0
TEX,NA,3,-11.00,0,M,0
TEX,NA,3,-12.00,0,M,0
TEX,NA,3,-12.00,0,M,0
TEX,NA,3,-12.00,0,M,0
TEX,NA,3,-12.00,0,M,0
TEX,NA,2,-11.00,0,M,0
TEX,NA,3,-11.00,0,M,0
TEX,NA,2,-11.00,0,M,0
TEX,NA,2,-11.00,0,M,0
TEX,NA,2,-11.00,0,M,0
TEX,NA,2,-11.00,0,M,0
TEX,NA,3,-11.00,0,M,0
TEX,NA,3,-11.00,0,M,0
TEX,NA,2,-11.00,0,M,0
TEX,NA,3,-11.00,0,M,0
TEX,NA,3,-11.00,0,M,0
TEX,NA,2,-11.00,0,M,0
TEX,NA,3,-11.00,0,M,0
TEX,NA,3,-10.00,0,M,0
TEX,NA,3,-10.00,0,M,0
TEX,NA,3,-10.00,0,M,0
TEX,NA,3,-9.00,0,M,0
TEX,NA,3,-10.00,0,M,0
TEX,NA,4,-10.00,0,M,0
TEX,NA,5,-10.00,0,M,0
TEX,NA,5,-10.00,0,M,0
TEX,NA,5,-10.00,0,M,0
TEX,NA,6,-10.00,0,M,2.01
TEX,NA,6,-10.00,0,M,2.01
TEX,NA,6,-10.00,0,M,2.01
TEX,NA,6,-11.00,0,M,2.01
TEX,NA,7,-11.00,0,M,4.02
TEX,NA,7,-12.00,0,M,4.02
TEX,NA,7,-12.00,0,M,4.02
TEX,NA,8,-12.00,0,M,6.029999999999999
TEX,NA,8,-11.00,0,M,6.029999999999999
TEX,NA,8,-13.00,0,M,6.029999999999999
TEX,NA,8,-12.00,0,M,6.029999999999999
TEX,NA,9,-14.00,0,M,8.04
TEX,NA,8,-14.00,0,M,6.029999999999999
TEX,NA,8,-14.00,0,M,6.029999999999999
TEX,NA,8,-13.00,0,M,6.029999999999999
TEX,NA,8,-13.00,0,M,6.029999999999999
TEX,NA,8,-13.00,0,M,6.029999999999999
TEX,NA,8,-13.00,0,M,6.029999999999999
TEX,NA,8,-14.00,0,M,6.029999999999999
TEX,NA,8,-15.00,0,M,6.029999999999999
TEX,NA,8,-15.00,0,M,6.029999999999999
TEX,NA,8,-14.00,0,M,6.029999999999999
TEX,NA,8,-15.00,0,M,6.029999999999999
TEX,NA,8,-16.00,0,M,6.029999999999999
TEX,NA,8,-16.00,0,M,6.029999999999999
TEX,NA,7,-16.00,0,M,4.02
TEX,NA,7,-16.00,0,M,4.02
TEX,NA,7,-16.00,0,M,4.02
TEX,NA,7,-16.00,0,M,4.02
TEX,NA,7,-16.00,0,M,4.02
TEX,NA,7,-15.00,0,M,4.02
TEX,NA,6,-13.00,0,M,2.01
TEX,NA,6,-13.00,0,M,2.01
TEX,NA,6,-12.00,0,M,2.01
TEX,NA,6,-11.00,0,M,2.01
TEX,NA,6,-12.00,0,M,2.01
TEX,NA,6,-12.00,0,M,2.01
TEX,NA,6,-10.00,0,M,2.01
TEX,NA,5,-8.00,0,M,0
TEX,NA,6,-10.00,0,M,2.01
TEX,NA,6,-11.00,0,M,2.01
TEX,NA,6,-11.00,0,M,2.01
TEX,NA,6,-11.00,0,M,2.01
TEX,NA,6,-12.00,0,M,2.01
TEX,NA,6,-12.00,0,M,2.01
TEX,NA,5,-12.00,0,M,0
TEX,NA,5,-11.00,0,M,0
TEX,NA,5,-11.00,0,M,0
TEX,NA,5,-12.00,0,M,0
TEX,NA,5,-11.00,0,M,0
TEX,NA,4,-11.00,0,M,0
TEX,NA,4,-11.00,0,M,0
TEX,NA,4,-11.00,0,M,0
TEX,NA,3,-11.00,0,M,0
TEX,NA,3,-11.00,0,M,0
TEX,NA,3,-11.00,0,M,0
TEX,NA,3,-11.00,0,M,0
TEX,NA,3,-11.00,0,M,0
TEX,NA,3,-11.00,0,M,0
TEX,NA,2,-12.00,0,M,0
TEX,NA,2,-10.00,0,M,0
TEX,NA,2,-11.00,0,M,0
TEX,NA,2,-11.00,0,M,0
TEX,NA,2,-13.00,0,M,0
TEX,NA,2,-14.00,0,M,0
TEX,NA,2,-13.00,0,M,0
TEX,NA,2,-11.00,0,M,0
TEX,NA,3,-11.00,0,M,0
TEX,NA,2,-8.00,0,M,0
TEX,NA,2,-8.00,0,M,0
TEX,NA,3,-10.00,0,M,0
TEX,NA,1,-6.00,0,M,0
TEX,NA,1,-5.00,0,M,0
TEX,NA,2,-5.00,0,M,0
TEX,NA,0,-3.00,0,M,0
TEX,NA,2,-3.00,0,M,0
TEX,NA,1,-3.00,0,M,0
TEX,NA,2,-3.00,0,M,0
TEX,NA,2,-3.00,0,M,0
TEX,NA,1,-2.00,0,M,0
TEX,NA,1,-2.00,0,M,0
TEX,NA,1,-2.00,0,M,0
TEX,NA,1,-2.00,0,M,0
TEX,NA,0,-2.00,0,M,0
TEX,NA,0,-1.00,0,M,0
TEX,NA,0,-1.00,0,M,0
TEX,NA,0,-3.00,0,M,0
TEX,NA,0,-3.00,0,M,0
TEX,NA,0,-3.00,0.25,M,0
TEX,NA,0,-3.00,0,M,0
TEX,NA,1,-3.00,0,M,0
TEX,NA,0,-5.00,0,M,0
TEX,NA,0,-7.00,0,M,0
TEX,NA,-1,-7.00,0,M,0
TEX,NA,-1,-7.00,0,M,0
TEX,NA,-1,-7.00,0,M,0
TEX,NA,-1,-7.00,0,M,0
TEX,NA,-1,-7.00,0,M,0
TEX,NA,-1,-8.00,0,M,0
TEX,NA,-1,-8.00,0,M,0
TEX,NA,-1,-8.00,0,M,0
TEX,NA,-1,-9.00,0,M,0
TEX,NA,-1,-10.00,0,M,0
TEX,NA,-1,-9.00,0,M,0
TEX,NA,-1,-10.00,0,M,0
TEX,NA,-1,-10.00,0,M,0
TEX,NA,-1,-10.00,0,M,0
TEX,NA,-1,-10.00,0,M,0
TEX,NA,-2,-10.00,0,M,0
TEX,NA,-1,-10.00,0,M,0
TEX,NA,-2,-10.00,0,M,0
TEX,NA,-2,-10.00,0,M,0
TEX,NA,-2,-10.00,0,M,0
TEX,NA,-2,-10.00,0,M,0
TEX,NA,-2,-10.00,0,M,0
TEX,NA,-3,-9.00,0,M,0
TEX,NA,-3,-9.00,0,M,0
TEX,NA,-3,-10.00,0,M,0
TEX,NA,-3,-8.00,0,M,0
TEX,NA,-3,-9.00,0,M,0
TEX,NA,-5,-9.00,0,M,0
TEX,NA,-5,-9.00,0,M,0
TEX,NA,-5,-10.00,0,M,0
TEX,NA,-5,-10.00,0,M,0
TEX,NA,-5,-10.00,0,M,0
TEX,NA,-5,-10.00,0,M,0
TEX,NA,-6,-11.00,0,M,0
TEX,NA,-5,-10.00,0,M,0
TEX,NA,-6,-10.00,0,M,0
TEX,NA,-5,-10.00,0,M,0
TEX,NA,-5,-10.00,0,M,0
TEX,NA,-5,-10.00,0,M,0
TEX,NA,-5,-10.00,0,M,0
TEX,NA,-5,-10.00,0,M,0
TEX,NA,-5,-10.00,0,M,0
TEX,NA,-3,-10.00,0,M,0
TEX,NA,-3,-10.00,0,M,0
TEX,NA,-2,-11.00,0,M,0
TEX,NA,-2,-11.00,0,M,0
TEX,NA,-1,-12.00,0,M,0
TEX,NA,-1,-12.00,0,M,0
TEX,NA,0,-12.00,0,M,0
TEX,NA,1,-11.00,0,M,0
TEX,NA,0,-11.00,0,M,0
TEX,NA,0,-11.00,0,M,0
TEX,NA,0,-12.00,0,M,0
TEX,NA,0,-12.00,0,M,0
TEX,NA,1,-13.00,0,M,0
TEX,NA,1,-12.00,0,M,0
TEX,NA,1,-13.00,0,M,0
TEX,NA,0,-10.00,0,M,0
TEX,NA,0,-11.00,0,M,0
TEX,NA,2,-12.00,0,M,0
TEX,NA,0,-10.00,0,M,0
TEX,NA,0,-10.00,0,M,0
TEX,NA,0,-6.00,0,M,0
TEX,NA,-1,-6.00,0,M,0
TEX,NA,-1,-6.00,0,M,0
TEX,NA,0,-7.00,0,M,0
TEX,NA,0,-7.00,0,M,0
TEX,NA,0,-7.00,0,M,0
TEX,NA,0,-6.00,0,M,0
TEX,NA,-1,-6.00,0,M,0
TEX,NA,-1,-6.00,0,M,0
TEX,NA,-1,-7.00,0,M,0
TEX,NA,-1,-7.00,0,M,0
TEX,NA,-1,-6.00,0,M,0
TEX,NA,-1,-6.00,0,M,0
TEX,NA,-1,-6.00,0,M,0
TEX,NA,-1,-6.00,0,M,0
TEX,NA,-1,-6.00,0,M,0
TEX,NA,-2,-7.00,0,M,0
TEX,NA,-2,-6.00,0,M,0
TEX,NA,-2,-6.00,0,M,0
TEX,NA,-2,-6.00,0,M,0
TEX,NA,-2,-5.00,0,M,0
TEX,NA,-2,-5.00,0,M,0
TEX,NA,-2,-5.00,0,M,0
TEX,NA,-2,-5.00,0,M,0
TEX,NA,-2,-5.00,0,M,0
TEX,NA,-2,-5.00,0,M,0
TEX,NA,-2,-5.00,0,M,0
TEX,NA,-2,-5.00,0,M,0
TEX,NA,-2,-5.00,0,M,0
TEX,NA,-2,-5.00,0,M,0
TEX,NA,-2,-6.00,0,M,0
TEX,NA,-2,-6.00,0,M,0
TEX,NA,-2,-6.00,0,M,0
TEX,NA,-2,-6.00,0,M,0
TEX,NA,-2,-6.00,0,M,0
TEX,NA,-2,-6.00,0,M,0
TEX,NA,-2,-6.00,0,M,0
TEX,NA,-2,-6.00,0,M,0
TEX,NA,-2,-5.00,0,M,0
TEX,NA,-2,-5.00,0,M,0
TEX,NA,-2,-5.00,0,M,0
TEX,NA,-2,-6.00,0,M,0
TEX,NA,-2,-5.00,0,M,0
TEX,NA,-2,-5.00,0,M,0
TEX,NA,-2,-5.00,0,M,0
TEX,NA,-2,-5.00,0,M,0
TEX,NA,-2,-6.00,0,M,0
TEX,NA,-3,-5.00,0,M,0
TEX,NA,-3,-5.00,0,M,0
TEX,NA,-3,-6.00,0,M,0
TEX,NA,-3,-5.00,0,M,0
TEX,NA,-3,-6.00,0,M,0
TEX,NA,-2,-6.00,0,M,0
TEX,NA,-2,-6.00,0,M,0
TEX,NA,-2,-6.00,0,M,0
TEX,NA,-1,-6.00,0,M,0
TEX,NA,-1,-7.00,0,M,0
TEX,NA,-1,-6.00,0.25,M,0
TEX,NA,0,-7.00,0.25,M,0
TEX,NA,0,-6.00,0.25,M,0
TEX,NA,0,-7.00,0.25,M,0
TEX,NA,1,-8.00,0.25,M,0
TEX,NA,2,-8.00,0.25,M,0
TEX,NA,2,-8.00,0,M,0
TEX,NA,2,-7.00,0,M,0
TEX,NA,3,-8.00,0,M,0
TEX,NA,3,-7.00,0,M,0
TEX,NA,3,-8.00,0,M,0
TEX,NA,4,-9.00,0,M,0
TEX,NA,5,-8.00,0,M,0
TEX,NA,5,-8.00,0,M,0
TEX,NA,5,-9.00,0,M,0
TEX,NA,5,-9.00,0,M,0
TEX,NA,6,-10.00,0,M,2.01
TEX,NA,6,-12.00,0,M,2.01
TEX,NA,6,-13.00,0,M,2.01
TEX,NA,6,-13.00,0,M,2.01
TEX,NA,6,-17.00,0,M,2.01
TEX,NA,6,-12.00,0,M,2.01
TEX,NA,6,-17.00,0,M,2.01
TEX,NA,6,-18.00,0,M,2.01
TEX,NA,6,-14.00,0,M,2.01
TEX,NA,5,-13.00,0,M,0
TEX,NA,5,-15.00,0,M,0
TEX,NA,5,-16.00,0,M,0
TEX,NA,5,-17.00,0,M,0
TEX,NA,4,-18.00,0,M,0
TEX,NA,3,-16.00,0,M,0
TEX,NA,3,-16.00,0,M,0
TEX,NA,3,-16.00,0,M,0
TEX,NA,2,-15.00,0,M,0
TEX,NA,2,-13.00,0,M,0
TEX,NA,1,-13.00,0,M,0
TEX,NA,0,-12.00,0,M,0
TEX,NA,0,-12.00,0,M,0
TEX,NA,0,-13.00,0,M,0
TEX,NA,0,-12.00,0,M,0
TEX,NA,0,-12.00,0,M,0
TEX,NA,0,-12.00,0,M,0
TEX,NA,0,-12.00,0,M,0
TEX,NA,0,-12.00,0,M,0
TEX,NA,0,-12.00,0,M,0
TEX,NA,0,-12.00,0,M,0
TEX,NA,-1,-12.00,0,M,0
TEX,NA,-1,-12.00,0,M,0
TEX,NA,-1,-12.00,0,M,0
TEX,NA,-1,-12.00,0,M,0
TEX,NA,-1,-12.00,0,M,0
TEX,NA,-2,-12.00,0,M,0
TEX,NA,-2,-12.00,0,M,0
TEX,NA,-2,-11.00,0,M,0
TEX,NA,-2,-11.00,0,M,0
TEX,NA,-2,-12.00,0,M,0
TEX,NA,-1,-12.00,0,M,0
TEX,NA,-2,-12.00,0,M,0
TEX,NA,-3,-11.00,0,M,0
TEX,NA,-3,-11.00,0,M,0
TEX,NA,-2,-12.00,0,M,0
TEX,NA,-2,-12.00,0,M,0
TEX,NA,-2,-12.00,0,M,0
TEX,NA,-2,-12.00,0,M,0
TEX,NA,-2,-12.00,0,M,0
TEX,NA,-2,-12.00,0,M,0
TEX,NA,-1,-11.00,0,M,0
TEX,NA,-1,-11.00,0,M,0
TEX,NA,0,-11.00,0,M,0
TEX,NA,0,-11.00,0,M,0
TEX,NA,1,-11.00,0,M,0
TEX,NA,2,-11.00,0,M,0
TEX,NA,3,-11.00,0,M,0
TEX,NA,5,-11.00,0,M,0
TEX,NA,6,-11.00,0,M,2.01
TEX,NA,6,-13.00,0,M,2.01
TEX,NA,7,-13.00,0,M,4.02
TEX,NA,7,-15.00,0,M,4.02
TEX,NA,8,-13.00,0,M,6.029999999999999
TEX,NA,9,-12.00,0,M,8.04
TEX,NA,8,-12.00,0,M,6.029999999999999
TEX,NA,10,-13.00,0,M,10.049999999999999
TEX,NA,10,-15.00,0,M,10.049999999999999
TEX,NA,10,-15.00,0,M,10.049999999999999
TEX,NA,10,-14.00,0,M,10.049999999999999
TEX,NA,10,-13.00,0,M,10.049999999999999
TEX,NA,10,-13.00,0,M,10.049999999999999
TEX,NA,11,-15.00,0,M,12.059999999999999
TEX,NA,11,-16.00,0,M,12.059999999999999
TEX,NA,11,-17.00,0,M,12.059999999999999
TEX,NA,11,-21.00,0,M,12.059999999999999
TEX,NA,11,-20.00,0,M,12.059999999999999
TEX,NA,11,-18.00,0,M,12.059999999999999
TEX,NA,11,-18.00,0,M,12.059999999999999
TEX,NA,11,-17.00,0,M,12.059999999999999
TEX,NA,11,-16.00,0,M,12.059999999999999
TEX,NA,11,-15.00,0,M,12.059999999999999
TEX,NA,11,-16.00,0,M,12.059999999999999
TEX,NA,10,-12.00,0,M,10.049999999999999
TEX,NA,10,-12.00,0,M,10.049999999999999
TEX,NA,10,-11.00,0,M,10.049999999999999
TEX,NA,8,-11.00,0,M,6.029999999999999
TEX,NA,8,-11.00,0,M,6.029999999999999
TEX,NA,7,-10.00,0,M,4.02
TEX,NA,6,-10.00,0,M,2.01
TEX,NA,5,-8.00,0,M,0
TEX,NA,5,-9.00,0,M,0
TEX,NA,4,-8.00,0,M,0
TEX,NA,3,-8.00,0,M,0
TEX,NA,4,-10.00,0,M,0
TEX,NA,2,-7.00,0,M,0
TEX,NA,3,-8.00,0,M,0
TEX,NA,3,-9.00,0,M,0
TEX,NA,2,-8.00,0,M,0
TEX,NA,2,-8.00,0,M,0
TEX,NA,1,-9.00,0,M,0
TEX,NA,1,-8.00,0,M,0
TEX,NA,2,-9.00,0,M,0
TEX,NA,2,-10.00,0,M,0
TEX,NA,1,-10.00,0,M,0
TEX,NA,1,-10.00,0,M,0
TEX,NA,2,-10.00,0,M,0
TEX,NA,1,-9.00,0,M,0
TEX,NA,1,-10.00,0,M,0
TEX,NA,1,-10.00,0,M,0
TEX,NA,1,-10.00,0,M,0
TEX,NA,0,-10.00,0,M,0
TEX,NA,0,-11.00,0,M,0
TEX,NA,1,-11.00,0,M,0
TEX,NA,1,-11.00,0,M,0
TEX,NA,1,-12.00,0,M,0
TEX,NA,0,-12.00,0,M,0
TEX,NA,1,-12.00,0,M,0
TEX,NA,1,-12.00,0,M,0
TEX,NA,1,-11.00,0,M,0
TEX,NA,2,-11.00,0,M,0
TEX,NA,1,-11.00,0,M,0
TEX,NA,3,-12.00,0,M,0
TEX,NA,4,-11.00,0,M,0
TEX,NA,6,-12.00,0,M,2.01
TEX,NA,7,-12.00,0,M,4.02
TEX,NA,7,-12.00,0,M,4.02
TEX,NA,8,-13.00,0,M,6.029999999999999
TEX,NA,8,-12.00,0,M,6.029999999999999
TEX,NA,9,-15.00,0,M,8.04
TEX,NA,10,-14.00,0,M,10.049999999999999
TEX,NA,10,-14.00,0,M,10.049999999999999
TEX,NA,10,-15.00,0,M,10.049999999999999
TEX,NA,11,-16.00,0,M,12.059999999999999
TEX,NA,11,-15.00,0,M,12.059999999999999
TEX,NA,11,-15.00,0,M,12.059999999999999
TEX,NA,11,-13.00,0,M,12.059999999999999
TEX,NA,11,-14.00,0,M,12.059999999999999
TEX,NA,11,-13.00,0,M,12.059999999999999
TEX,NA,11,-13.00,0,M,12.059999999999999
TEX,NA,12,-13.00,0,M,14.069999999999999
TEX,NA,12,-14.00,0,M,14.069999999999999
TEX,NA,12,-16.00,0,M,14.069999999999999
TEX,NA,12,-17.00,0,M,14.069999999999999
TEX,NA,12,-15.00,0,M,14.069999999999999
TEX,NA,12,-14.00,0,M,14.069999999999999
TEX,NA,12,-15.00,0,M,14.069999999999999
TEX,NA,11,-14.00,0,M,12.059999999999999
TEX,NA,12,-14.00,0,M,14.069999999999999
TEX,NA,12,-16.00,0,M,14.069999999999999
TEX,NA,12,-18.00,0,M,14.069999999999999
TEX,NA,12,-18.00,0,M,14.069999999999999
TEX,NA,12,-18.00,0,M,14.069999999999999
TEX,NA,12,-18.00,0,M,14.069999999999999
TEX,NA,11,-18.00,0,M,12.059999999999999
TEX,NA,11,-18.00,0,M,12.059999999999999
TEX,NA,11,-17.00,0,M,12.059999999999999
TEX,NA,11,-16.00,0,M,12.059999999999999
TEX,NA,10,-15.00,0,M,10.049999999999999
TEX,NA,10,-15.00,0,M,10.049999999999999
TEX,NA,10,-14.00,0,M,10.049999999999999
TEX,NA,10,-13.00,0,M,10.049999999999999
TEX,NA,10,-13.00,0,M,10.049999999999999
TEX,NA,10,-15.00,0,M,10.049999999999999
TEX,NA,10,-14.00,0,M,10.049999999999999
TEX,NA,9,-13.00,0,M,8.04
TEX,NA,9,-15.00,0,M,8.04
TEX,NA,9,-15.00,0,M,8.04
TEX,NA,9,-15.00,0,M,8.04
TEX,NA,8,-15.00,0,M,6.029999999999999
TEX,NA,8,-14.00,0,M,6.029999999999999
TEX,NA,8,-14.00,0,M,6.029999999999999
TEX,NA,8,-13.00,0,M,6.029999999999999
TEX,NA,8,-13.00,0,M,6.029999999999999
TEX,NA,8,-13.00,0,M,6.029999999999999
TEX,NA,7,-15.00,0,M,4.02
TEX,NA,7,-15.00,0,M,4.02
TEX,NA,7,-16.00,0,M,4.02
TEX,NA,7,-16.00,0,M,4.02
TEX,NA,7,-15.00,0,M,4.02
TEX,NA,7,-15.00,0,M,4.02
TEX,NA,7,-13.00,0,M,4.02
TEX,NA,7,-12.00,0,M,4.02
TEX,NA,7,-12.00,0,M,4.02
TEX,NA,7,-11.00,0,M,4.02
TEX,NA,7,-11.00,0,M,4.02
TEX,NA,7,-11.00,0,M,4.02
TEX,NA,7,-11.00,0,M,4.02
TEX,NA,7,-10.00,0,M,4.02
TEX,NA,6,-10.00,0,M,2.01
TEX,NA,6,-10.00,0,M,2.01
TEX,NA,6,-10.00,0,M,2.01
TEX,NA,6,-10.00,0,M,2.01
TEX,NA,6,-10.00,0,M,2.01
TEX,NA,6,-10.00,0,M,2.01
TEX,NA,6,-11.00,0,M,2.01
TEX,NA,6,-10.00,0,M,2.01
TEX,NA,6,-9.00,0,M,2.01
TEX,NA,5,-8.00,0,M,0
TEX,NA,6,-9.00,0,M,2.01
TEX,NA,6,-10.00,0,M,2.01
TEX,NA,6,-11.00,0,M,2.01
TEX,NA,6,-11.00,0,M,2.01
TEX,NA,6,-11.00,0,M,2.01
TEX,NA,6,-11.00,0,M,2.01
TEX,NA,7,-12.00,0,M,4.02
TEX,NA,7,-11.00,0,M,4.02
TEX,NA,7,-12.00,0,M,4.02
TEX,NA,7,-11.00,0,M,4.02
TEX,NA,7,-12.00,0,M,4.02
TEX,NA,7,-11.00,0,M,4.02
TEX,NA,8,-12.00,0,M,6.029999999999999
TEX,NA,7,-12.00,0,M,4.02
TEX,NA,8,-12.00,0,M,6.029999999999999
TEX,NA,8,-12.00,0,M,6.029999999999999
TEX,NA,8,-13.00,0,M,6.029999999999999
TEX,NA,8,-12.00,0,M,6.029999999999999
TEX,NA,7,-12.00,0,M,4.02
TEX,NA,8,-11.00,0,M,6.029999999999999
TEX,NA,8,-12.00,0,M,6.029999999999999
TEX,NA,8,-13.00,0,M,6.029999999999999
TEX,NA,8,-13.00,0,M,6.029999999999999
TEX,NA,7,-12.00,0,M,4.02
TEX,NA,8,-13.00,0,M,6.029999999999999
TEX,NA,8,-13.00,0,M,6.029999999999999
TEX,NA,7,-12.00,0,M,4.02
TEX,NA,8,-12.00,0,M,6.029999999999999
TEX,NA,6,-8.00,0,M,2.01
TEX,NA,6,-7.00,0,M,2.01
TEX,NA,6,-7.00,0,M,2.01
TEX,NA,6,-9.00,0,M,2.01
TEX,NA,6,-10.00,0,M,2.01
TEX,NA,6,-12.00,0,M,2.01
TEX,NA,6,-13.00,0,M,2.01
TEX,NA,5,-10.00,0,M,0
TEX,NA,2,-5.00,0,M,0
TEX,NA,0,-2.00,0,M,0
TEX,NA,0,-2.00,0,M,0
TEX,NA,0,-2.00,0,M,0
TEX,NA,0,-1.00,0,M,0
TEX,NA,0,-2.00,0,M,0
TEX,NA,0,-2.00,0,M,0
TEX,NA,-1,-2.00,0,M,0
TEX,NA,-1,-4.00,0,M,0
TEX,NA,-2,-5.00,0,M,0
TEX,NA,-2,-5.00,0,M,0
TEX,NA,-2,-4.00,0,M,0
TEX,NA,-2,-4.00,0,M,0
TEX,NA,-4,-7.00,0,M,0
TEX,NA,-5,-7.00,0,M,0
TEX,NA,-5,-7.00,0,M,0
TEX,NA,-5,-9.00,0,M,0
TEX,NA,-5,-8.00,0,M,0
TEX,NA,-5,-7.00,0,M,0
TEX,NA,-5,-7.00,0,M,0
TEX,NA,-5,-8.00,0,M,0
TEX,NA,-5,-8.00,0,M,0
TEX,NA,-5,-9.00,0,M,0
TEX,NA,-6,-9.00,0,M,0
TEX,NA,-6,-10.00,0,M,0
TEX,NA,-6,-12.00,0,M,0
TEX,NA,-6,-12.00,0,M,0
TEX,NA,-6,-12.00,0,M,0
TEX,NA,-6,-12.00,0,M,0
TEX,NA,-6,-11.00,0,M,0
TEX,NA,-6,-12.00,0,M,0
TEX,NA,-6,-12.00,0,M,0
TEX,NA,-7,-12.00,0,M,0
TEX,NA,-6,-13.00,0,M,0
TEX,NA,-5,-12.00,0,M,0
TEX,NA,-5,-13.00,0,M,0
TEX,NA,-4,-13.00,0,M,0
TEX,NA,-4,-13.00,0,M,0
TEX,NA,-4,-13.00,0,M,0
TEX,NA,-4,-13.00,0,M,0
TEX,NA,-4,-13.00,0,M,0
TEX,NA,-5,-12.00,0,M,0
TEX,NA,-6,-10.00,0,M,0
TEX,NA,-5,-10.00,0,M,0
TEX,NA,-4,-11.00,0,M,0
TEX,NA,-3,-11.00,0,M,0
TEX,NA,-4,-12.00,0,M,0
TEX,NA,-5,-13.00,0,M,0
TEX,NA,-7,-11.00,0,M,0
TEX,NA,-6,-11.00,0,M,0
TEX,NA,-5,-11.00,0,M,0
TEX,NA,-6,-10.00,0,M,0
TEX,NA,-5,-11.00,0,M,0
TEX,NA,-3,-11.00,0,M,0
TEX,NA,-3,-12.00,0,M,0
TEX,NA,-3,-11.00,0,M,0
TEX,NA,-3,-12.00,0,M,0
TEX,NA,-5,-10.00,0,M,0
TEX,NA,-5,-9.00,0,M,0
TEX,NA,-3,-14.00,0,M,0
TEX,NA,-3,-13.00,0,M,0
TEX,NA,-3,-12.00,0,M,0
TEX,NA,-4,-13.00,0,M,0
TEX,NA,-5,-13.00,0,M,0
TEX,NA,-6,-10.00,0,M,0
TEX,NA,-5,-10.00,0,M,0
TEX,NA,-5,-11.00,0,M,0
TEX,NA,-5,-11.00,0,M,0
TEX,NA,-5,-12.00,0,M,0
TEX,NA,-5,-13.00,0,M,0
TEX,NA,-5,-12.00,0,M,0
TEX,NA,-5,-13.00,0,M,0
TEX,NA,-5,-13.00,0,M,0
TEX,NA,-5,-13.00,0,M,0
TEX,NA,-5,-14.00,0,M,0
TEX,NA,-5,-14.00,0,M,0
TEX,NA,-5,-13.00,0,M,0
TEX,NA,-6,-11.00,0,M,0
TEX,NA,-6,-12.00,0,M,0
TEX,NA,-6,-12.00,0,M,0
TEX,NA,-6,-13.00,0,M,0
TEX,NA,-6,-13.00,0,M,0
TEX,NA,-6,-13.00,0,M,0
TEX,NA,-6,-13.00,0,M,0
TEX,NA,-6,-13.00,0,M,0
TEX,NA,-7,-13.00,0,M,0
TEX,NA,-7,-13.00,0,M,0
TEX,NA,-7,-13.00,0,M,0
TEX,NA,-7,-13.00,0,M,0
TEX,NA,-7,-13.00,0,M,0
TEX,NA,-7,-13.00,0,M,0
TEX,NA,-7,-13.00,0,M,0
TEX,NA,-7,-13.00,0,M,0
TEX,NA,-7,-13.00,0,M,0
TEX,NA,-7,-13.00,0,M,0
TEX,NA,-7,-13.00,0,M,0
TEX,NA,-8,-13.00,0,M,0
TEX,NA,-8,-14.00,0,M,0
TEX,NA,-8,-15.00,0,M,0
TEX,NA,-8,-15.00,0,M,0
TEX,NA,-8,-13.00,0,M,0
TEX,NA,-9,-15.00,0,M,0
TEX,NA,-8,-15.00,0,M,0
TEX,NA,-8,-14.00,0,M,0
TEX,NA,-7,-13.00,0,M,0
TEX,NA,-7,-14.00,0,M,0
TEX,NA,-6,-13.00,0,M,0
TEX,NA,-6,-13.00,0,M,0
TEX,NA,-5,-14.00,0,M,0
TEX,NA,-4,-13.00,0,M,0
TEX,NA,-3,-13.00,0,M,0
TEX,NA,-2,-14.00,0,M,0
TEX,NA,-2,-15.00,0,M,0
TEX,NA,-2,-15.00,0,M,0
TEX,NA,-1,-15.00,0,M,0
TEX,NA,-1,-15.00,0,M,0
TEX,NA,-1,-17.00,0,M,0
TEX,NA,0,-16.00,0.25,M,0
TEX,NA,0,-17.00,0.25,M,0
TEX,NA,0,-16.00,0,M,0
TEX,NA,0,-15.00,0,M,0
TEX,NA,1,-16.00,0,M,0
TEX,NA,1,-16.00,0,M,0
TEX,NA,1,-14.00,0,M,0
TEX,NA,1,-13.00,0,M,0
TEX,NA,1,-14.00,0,M,0
TEX,NA,1,-13.00,0,M,0
TEX,NA,2,-13.00,0,M,0
TEX,NA,2,-13.00,0,M,0
TEX,NA,2,-13.00,0,M,0
TEX,NA,2,-14.00,0,M,0
TEX,NA,2,-15.00,0,M,0
TEX,NA,2,-15.00,0,M,0
TEX,NA,1,-15.00,0,M,0
TEX,NA,1,-13.00,0,M,0
TEX,NA,1,-13.00,0,M,0
TEX,NA,1,-13.00,0,M,0
TEX,NA,0,-11.00,0,M,0
TEX,NA,0,-10.00,0,M,0
TEX,NA,0,-9.00,0,M,0
TEX,NA,0,-9.00,0,M,0
TEX,NA,-1,-7.00,0,M,0
TEX,NA,-1,-7.00,0,M,0
TEX,NA,-1,-8.00,0,M,0
TEX,NA,-2,-6.00,0,M,0
TEX,NA,-2,-6.00,0,M,0
TEX,NA,-2,-6.00,0,M,0
TEX,NA,-2,-6.00,0,M,0
TEX,NA,-3,-6.00,0,M,0
TEX,NA,-2,-6.00,0,M,0
TEX,NA,-3,-6.00,0,M,0
TEX,NA,-2,-6.00,0,M,0
TEX,NA,-2,-7.00,0,M,0
TEX,NA,-3,-7.00,0,M,0
TEX,NA,-3,-7.00,0,M,0
TEX,NA,-3,-8.00,0,M,0
TEX,NA,-3,-8.00,0,M,0
TEX,NA,-3,-9.00,0,M,0
TEX,NA,-4,-10.00,0,M,0
TEX,NA,-4,-10.00,0,M,0
TEX,NA,-5,-10.00,0,M,0
TEX,NA,-5,-10.00,0,M,0
TEX,NA,-5,-10.00,0,M,0
TEX,NA,-4,-10.00,0,M,0
TEX,NA,-5,-10.00,0,M,0
TEX,NA,-5,-11.00,0,M,0
TEX,NA,-5,-11.00,0,M,0
TEX,NA,-5,-11.00,0,M,0
TEX,NA,-4,-11.00,0,M,0
TEX,NA,-4,-11.00,0,M,0
TEX,NA,-5,-11.00,0,M,0
TEX,NA,-4,-11.00,0,M,0
TEX,NA,-4,-10.00,0,M,0
TEX,NA,-3,-10.00,0,M,0
TEX,NA,-3,-11.00,0,M,0
TEX,NA,-3,-11.00,0,M,0
TEX,NA,-2,-11.00,0,M,0
TEX,NA,-2,-10.00,0,M,0
TEX,NA,-1,-10.00,0,M,0
TEX,NA,-1,-10.00,0,M,0
TEX,NA,0,-10.00,0,M,0
TEX,NA,0,-11.00,0,M,0
TEX,NA,1,-11.00,0,M,0
TEX,NA,1,-13.00,0,M,0
TEX,NA,1,-13.00,0,M,0
TEX,NA,2,-15.00,0,M,0
TEX,NA,2,-15.00,0,M,0
TEX,NA,2,-13.00,0,M,0
TEX,NA,1,-11.00,0,M,0
TEX,NA,1,-10.00,0,M,0
TEX,NA,0,-10.00,0,M,0
TEX,NA,0,-8.00,0,M,0
TEX,NA,0,-6.00,0,M,0
TEX,NA,0,-6.00,0,M,0
TEX,NA,0,-6.00,0,M,0
TEX,NA,0,-5.00,0,M,0
TEX,NA,0,-5.00,0,M,0
TEX,NA,0,-5.00,0,M,0
TEX,NA,0,-5.00,0,M,0
TEX,NA,0,-5.00,0,M,0
TEX,NA,0,-3.00,0,M,0
TEX,NA,0,-5.00,0,M,0
TEX,NA,1,-5.00,0,M,0
TEX,NA,1,-6.00,0,M,0
TEX,NA,1,-6.00,0,M,0
TEX,NA,1,-6.00,0,M,0
TEX,NA,0,-5.00,0,M,0
TEX,NA,0,-4.00,0,M,0
TEX,NA,-1,-3.00,0,M,0
TEX,NA,-1,-3.00,0,M,0
TEX,NA,-1,-3.00,0,M,0
TEX,NA,-1,-3.00,0,M,0
TEX,NA,-1,-3.00,0,M,0
TEX,NA,-1,-4.00,0,M,0
TEX,NA,-2,-4.00,0,M,0
TEX,NA,-1,-4.00,0,M,0
TEX,NA,-1,-5.00,0,M,0
TEX,NA,-2,-3.00,0,M,0
TEX,NA,-2,-3.00,0,M,0
TEX,NA,-2,-5.00,0,M,0
TEX,NA,-2,-5.00,0,M,0
TEX,NA,-2,-4.00,0,M,0
TEX,NA,-2,-5.00,0,M,0
TEX,NA,-2,-5.00,0,M,0
TEX,NA,-3,-6.00,0,M,0
TEX,NA,-3,-6.00,0,M,0
TEX,NA,-3,-6.00,0,M,0
TEX,NA,-3,-7.00,0,M,0
TEX,NA,-4,-7.00,0,M,0
TEX,NA,-3,-7.00,0,M,0
TEX,NA,-4,-7.00,0,M,0
TEX,NA,-4,-7.00,0,M,0
TEX,NA,-5,-7.00,0,M,0
TEX,NA,-5,-7.00,0,M,0
TEX,NA,-5,-8.00,0,M,0
TEX,NA,-5,-8.00,0,M,0
TEX,NA,-5,-8.00,0,M,0
TEX,NA,-5,-9.00,0,M,0
TEX,NA,-5,-8.00,0,M,0
TEX,NA,-5,-9.00,0,M,0
TEX,NA,-5,-9.00,0,M,0
TEX,NA,-5,-9.00,0,M,0
TEX,NA,-6,-10.00,0,M,0
TEX,NA,-5,-9.00,0,M,0
TEX,NA,-6,-9.00,0,M,0
TEX,NA,-5,-10.00,0,M,0
TEX,NA,-6,-10.00,0,M,0
TEX,NA,-5,-9.00,0,M,0
TEX,NA,-4,-9.00,0,M,0
TEX,NA,-3,-8.00,0,M,0
TEX,NA,-3,-8.00,0,M,0
TEX,NA,-2,-8.00,0,M,0
TEX,NA,-1,-8.00,0.25,M,0
TEX,NA,0,-9.00,0.25,M,0
TEX,NA,0,-8.00,0.25,M,0
TEX,NA,1,-9.00,0.25,M,0
TEX,NA,2,-8.00,0.25,M,0
TEX,NA,2,-9.00,0,M,0
TEX,NA,3,-10.00,0,M,0
TEX,NA,4,-11.00,0,M,0
TEX,NA,4,-10.00,0,M,0
TEX,NA,5,-11.00,0,M,0
TEX,NA,4,-12.00,0,M,0
TEX,NA,5,-11.00,0,M,0
TEX,NA,5,-12.00,0,M,0
TEX,NA,5,-12.00,0,M,0
TEX,NA,5,-13.00,0,M,0
TEX,NA,6,-14.00,0,M,2.01
TEX,NA,6,-16.00,0,M,2.01
TEX,NA,6,-17.00,0,M,2.01
TEX,NA,7,-14.00,0,M,4.02
TEX,NA,6,-13.00,0,M,2.01
TEX,NA,7,-16.00,0,M,4.02
TEX,NA,7,-20.00,0,M,4.02
TEX,NA,7,-15.00,0,M,4.02
TEX,NA,6,-16.00,0,M,2.01
TEX,NA,6,-13.00,0,M,2.01
TEX,NA,6,-11.00,0,M,2.01
TEX,NA,6,-11.00,0,M,2.01
TEX,NA,5,-13.00,0,M,0
TEX,NA,5,-13.00,0,M,0
TEX,NA,5,-14.00,0,M,0
TEX,NA,5,-14.00,0,M,0
TEX,NA,3,-15.00,0,M,0
TEX,NA,3,-15.00,0,M,0
TEX,NA,3,-17.00,0,M,0
TEX,NA,3,-17.00,0,M,0
TEX,NA,2,-16.00,0,M,0
TEX,NA,2,-17.00,0,M,0
TEX,NA,2,-18.00,0,M,0
TEX,NA,1,-16.00,0,M,0
TEX,NA,1,-16.00,0,M,0
TEX,NA,1,-13.00,0,M,0
TEX,NA,0,-13.00,0,M,0
TEX,NA,0,-12.00,0,M,0
TEX,NA,0,-12.00,0,M,0
TEX,NA,0,-12.00,0,M,0
TEX,NA,0,-12.00,0,M,0
TEX,NA,-1,-11.00,0,M,0
TEX,NA,-1,-12.00,0,M,0
TEX,NA,-1,-11.00,0,M,0
TEX,NA,-1,-11.00,0,M,0
TEX,NA,-1,-12.00,0,M,0
TEX,NA,-1,-11.00,0,M,0
TEX,NA,-1,-11.00,0,M,0
TEX,NA,-1,-12.00,0,M,0
TEX,NA,-1,-11.00,0,M,0
TEX,NA,-2,-11.00,0,M,0
TEX,NA,-1,-11.00,0,M,0
TEX,NA,-1,-11.00,0,M,0
TEX,NA,-1,-11.00,0,M,0
TEX,NA,-1,-11.00,0,M,0
TEX,NA,-2,-11.00,0,M,0
TEX,NA,-2,-11.00,0,M,0
TEX,NA,-2,-11.00,0,M,0
TEX,NA,-3,-11.00,0,M,0
TEX,NA,-3,-11.00,0,M,0
TEX,NA,-2,-11.00,0,M,0
TEX,NA,-2,-11.00,0,M,0
TEX,NA,-2,-11.00,0,M,0
TEX,NA,-1,-11.00,0,M,0
TEX,NA,0,-11.00,0,M,0
TEX,NA,0,-11.00,0,M,0
TEX,NA,0,-11.00,0,M,0
TEX,NA,0,-11.00,0,M,0
TEX,NA,1,-11.00,0,M,0
TEX,NA,2,-10.00,0,M,0
TEX,NA,2,-10.00,0,M,0
TEX,NA,3,-10.00,0,M,0
TEX,NA,3,-10.00,0,M,0
TEX,NA,4,-10.00,0,M,0
TEX,NA,5,-13.00,0,M,0
TEX,NA,5,-15.00,0,M,0
TEX,NA,5,-13.00,0,M,0
TEX,NA,6,-13.00,0,M,2.01
TEX,NA,6,-13.00,0,M,2.01
TEX,NA,6,-17.00,0,M,2.01
TEX,NA,6,-16.00,0,M,2.01
TEX,NA,6,-16.00,0,M,2.01
TEX,NA,6,-14.00,0,M,2.01
TEX,NA,6,-15.00,0,M,2.01
TEX,NA,6,-16.00,0,M,2.01
TEX,NA,6,-15.00,0,M,2.01
TEX,NA,7,-15.00,0,M,4.02
TEX,NA,7,-14.00,0,M,4.02
TEX,NA,6,-15.00,0,M,2.01
TEX,NA,6,-15.00,0,M,2.01
TEX,NA,6,-15.00,0,M,2.01
TEX,NA,6,-15.00,0,M,2.01
TEX,NA,6,-16.00,0,M,2.01
TEX,NA,6,-15.00,0,M,2.01
TEX,NA,6,-14.00,0,M,2.01
TEX,NA,6,-14.00,0,M,2.01
TEX,NA,5,-13.00,0,M,0
TEX,NA,5,-14.00,0,M,0
TEX,NA,5,-15.00,0,M,0
TEX,NA,5,-16.00,0,M,0
TEX,NA,4,-15.00,0,M,0
TEX,NA,4,-15.00,0,M,0
TEX,NA,4,-15.00,0,M,0
TEX,NA,3,-13.00,0,M,0
TEX,NA,2,-11.00,0,M,0
TEX,NA,1,-11.00,0,M,0
TEX,NA,1,-10.00,0,M,0
TEX,NA,1,-11.00,0,M,0
TEX,NA,1,-11.00,0,M,0
TEX,NA,0,-11.00,0,M,0
TEX,NA,0,-11.00,0,M,0
TEX,NA,0,-10.00,0,M,0
TEX,NA,0,-11.00,0,M,0
TEX,NA,0,-11.00,0,M,0
TEX,NA,0,-10.00,0,M,0
TEX,NA,0,-10.00,0,M,0
TEX,NA,0,-11.00,0,M,0
TEX,NA,0,-11.00,0,M,0
TEX,NA,-1,-10.00,0,M,0
TEX,NA,0,-11.00,0,M,0
TEX,NA,-1,-10.00,0,M,0
TEX,NA,-1,-11.00,0,M,0
TEX,NA,-1,-10.00,0,M,0
TEX,NA,-1,-11.00,0,M,0
TEX,NA,-1,-10.00,0,M,0
TEX,NA,-1,-11.00,0,M,0
TEX,NA,-2,-11.00,0,M,0
TEX,NA,-1,-12.00,0,M,0
TEX,NA,-2,-11.00,0,M,0
TEX,NA,-1,-12.00,0,M,0
TEX,NA,-1,-11.00,0,M,0
TEX,NA,-1,-11.00,0,M,0
TEX,NA,-1,-12.00,0,M,0
TEX,NA,-1,-11.00,0,M,0
TEX,NA,0,-11.00,0,M,0
TEX,NA,0,-10.00,0,M,0
TEX,NA,1,-12.00,0,M,0
TEX,NA,2,-12.00,0,M,0
TEX,NA,3,-13.00,0,M,0
TEX,NA,3,-12.00,0,M,0
TEX,NA,5,-12.00,0,M,0
TEX,NA,7,-15.00,0,M,4.02
TEX,NA,7,-20.00,0,M,4.02
TEX,NA,8,-20.00,0,M,6.029999999999999
TEX,NA,8,-20.00,0,M,6.029999999999999
TEX,NA,8,-21.00,0,M,6.029999999999999
TEX,NA,8,-16.00,0,M,6.029999999999999
TEX,NA,8,-15.00,0,M,6.029999999999999
TEX,NA,8,-15.00,0,M,6.029999999999999
TEX,NA,9,-16.00,0,M,8.04
TEX,NA,10,-15.00,0,M,10.049999999999999
TEX,NA,10,-14.00,0,M,10.049999999999999
TEX,NA,10,-16.00,0,M,10.049999999999999
TEX,NA,10,-16.00,0,M,10.049999999999999
TEX,NA,11,-17.00,0,M,12.059999999999999
TEX,NA,10,-17.00,0,M,10.049999999999999
TEX,NA,10,-17.00,0,M,10.049999999999999
TEX,NA,11,-18.00,0,M,12.059999999999999
TEX,NA,11,-16.00,0,M,12.059999999999999
TEX,NA,11,-17.00,0,M,12.059999999999999
TEX,NA,11,-16.00,0,M,12.059999999999999
TEX,NA,11,-17.00,0,M,12.059999999999999
TEX,NA,11,-16.00,0,M,12.059999999999999
TEX,NA,11,-17.00,0,M,12.059999999999999
TEX,NA,11,-18.00,0,M,12.059999999999999
TEX,NA,10,-17.00,0,M,10.049999999999999
TEX,NA,10,-17.00,0,M,10.049999999999999
TEX,NA,10,-17.00,0,M,10.049999999999999
TEX,NA,10,-17.00,0,M,10.049999999999999
TEX,NA,10,-16.00,0,M,10.049999999999999
TEX,NA,9,-17.00,0,M,8.04
TEX,NA,7,-14.00,0,M,4.02
TEX,NA,7,-13.00,0,M,4.02
TEX,NA,6,-12.00,0,M,2.01
TEX,NA,5,-11.00,0,M,0
TEX,NA,5,-12.00,0,M,0
TEX,NA,4,-12.00,0,M,0
TEX,NA,3,-13.00,0,M,0
TEX,NA,3,-11.00,0,M,0
TEX,NA,3,-12.00,0,M,0
TEX,NA,3,-13.00,0,M,0
TEX,NA,2,-11.00,0,M,0
TEX,NA,2,-11.00,0,M,0
TEX,NA,2,-12.00,0,M,0
TEX,NA,2,-12.00,0,M,0
TEX,NA,2,-12.00,0,M,0
TEX,NA,1,-12.00,0,M,0
TEX,NA,1,-13.00,0,M,0
TEX,NA,2,-12.00,0,M,0
TEX,NA,2,-12.00,0,M,0
TEX,NA,1,-11.00,0,M,0
TEX,NA,1,-12.00,0,M,0
TEX,NA,1,-12.00,0,M,0
TEX,NA,1,-11.00,0,M,0
TEX,NA,1,-11.00,0,M,0
TEX,NA,1,-12.00,0,M,0
TEX,NA,1,-12.00,0,M,0
TEX,NA,1,-13.00,0,M,0
TEX,NA,1,-12.00,0,M,0
TEX,NA,1,-12.00,0,M,0
TEX,NA,1,-12.00,0,M,0
TEX,NA,1,-13.00,0,M,0
TEX,NA,1,-12.00,0,M,0
TEX,NA,1,-13.00,0,M,0
TEX,NA,2,-14.00,0,M,0
TEX,NA,2,-13.00,0,M,0
TEX,NA,2,-12.00,0,M,0
TEX,NA,3,-12.00,0,M,0
TEX,NA,4,-12.00,0,M,0
TEX,NA,6,-12.00,0,M,2.01
TEX,NA,8,-13.00,0,M,6.029999999999999
TEX,NA,9,-12.00,0,M,8.04
TEX,NA,11,-14.00,0,M,12.059999999999999
TEX,NA,11,-14.00,0,M,12.059999999999999
TEX,NA,12,-15.00,0,M,14.069999999999999
TEX,NA,12,-15.00,0,M,14.069999999999999
TEX,NA,13,-15.00,0,M,16.08
TEX,NA,13,-16.00,0,M,16.08
TEX,NA,13,-15.00,0,M,16.08
TEX,NA,14,-15.00,0,M,18.089999999999996
TEX,NA,14,-14.00,0,M,18.089999999999996
TEX,NA,13,-15.00,0,M,16.08
TEX,NA,14,-17.00,0,M,18.089999999999996
TEX,NA,14,-20.00,0,M,18.089999999999996
TEX,NA,15,-20.00,0,M,20.099999999999998
TEX,NA,14,-21.00,0,M,18.089999999999996
TEX,NA,15,-18.00,0,M,20.099999999999998
TEX,NA,15,-20.00,0,M,20.099999999999998
TEX,NA,14,-21.00,0,M,18.089999999999996
TEX,NA,13,-19.00,0,M,16.08
TEX,NA,14,-20.00,0,M,18.089999999999996
TEX,NA,13,-17.00,0,M,16.08
TEX,NA,14,-17.00,0,M,18.089999999999996
TEX,NA,14,-18.00,0,M,18.089999999999996
TEX,NA,13,-20.00,0,M,16.08
TEX,NA,13,-21.00,0,M,16.08
TEX,NA,13,-18.00,0,M,16.08
TEX,NA,13,-19.00,0,M,16.08
TEX,NA,13,-17.00,0,M,16.08
TEX,NA,13,-17.00,0,M,16.08
TEX,NA,12,-15.00,0,M,14.069999999999999
TEX,NA,12,-14.00,0,M,14.069999999999999
TEX,NA,11,-13.00,0,M,12.059999999999999
TEX,NA,11,-12.00,0,M,12.059999999999999
TEX,NA,9,-6.00,0,M,8.04
TEX,NA,8,-5.00,0,M,6.029999999999999
TEX,NA,8,-5.00,0,M,6.029999999999999
TEX,NA,7,-3.00,0,M,4.02
TEX,NA,7,-2.00,0,M,4.02
TEX,NA,6,-2.00,0,M,2.01
TEX,NA,6,-2.00,0,M,2.01
TEX,NA,5,-1.00,0,M,0
TEX,NA,5,-1.00,0,M,0
TEX,NA,5,-1.00,0,M,0
TEX,NA,5,-1.00,0,M,0
TEX,NA,5,-1.00,0,M,0
TEX,NA,6,-2.00,0,M,2.01
TEX,NA,6,-2.00,0,M,2.01
TEX,NA,5,-2.00,0,M,0
TEX,NA,5,-2.00,0,M,0
TEX,NA,5,-2.00,0,M,0
TEX,NA,5,-1.00,0,M,0
TEX,NA,5,-2.00,0,M,0
TEX,NA,5,-2.00,0,M,0
TEX,NA,4,-1.00,0,M,0
TEX,NA,4,-2.00,0,M,0
TEX,NA,4,-2.00,0,M,0
TEX,NA,3,-1.00,0,M,0
TEX,NA,3,-1.00,0,M,0
TEX,NA,2,-1.00,0,M,0
TEX,NA,3,-3.00,0,M,0
TEX,NA,2,-2.00,0,M,0
TEX,NA,2,-2.00,0,M,0
TEX,NA,2,-2.00,0,M,0
TEX,NA,2,-3.00,0,M,0
TEX,NA,2,-3.00,0,M,0
TEX,NA,2,-3.00,0,M,0
TEX,NA,2,-4.00,0,M,0
TEX,NA,3,-5.00,0,M,0
TEX,NA,3,-6.00,0,M,0
TEX,NA,5,-6.00,0,M,0
TEX,NA,5,-7.00,0,M,0
TEX,NA,6,-5.00,0,M,2.01
TEX,NA,7,-7.00,0,M,4.02
TEX,NA,8,-10.00,0,M,6.029999999999999
TEX,NA,8,-10.00,0,M,6.029999999999999
TEX,NA,10,-11.00,0,M,10.049999999999999
TEX,NA,10,-11.00,0,M,10.049999999999999
TEX,NA,10,-11.00,0,M,10.049999999999999
TEX,NA,10,-12.00,0,M,10.049999999999999
TEX,NA,10,-13.00,0,M,10.049999999999999
TEX,NA,10,-12.00,0,M,10.049999999999999
TEX,NA,11,-12.00,0,M,12.059999999999999
TEX,NA,11,-12.00,0,M,12.059999999999999
TEX,NA,11,-13.00,0,M,12.059999999999999
TEX,NA,11,-14.00,0,M,12.059999999999999
TEX,NA,12,-15.00,0,M,14.069999999999999
TEX,NA,12,-14.00,0,M,14.069999999999999
TEX,NA,12,-16.00,0,M,14.069999999999999
TEX,NA,13,-15.00,0,M,16.08
TEX,NA,13,-15.00,0,M,16.08
TEX,NA,13,-15.00,0,M,16.08
TEX,NA,13,-16.00,0,M,16.08
TEX,NA,13,-17.00,0,M,16.08
TEX,NA,14,-15.00,0,M,18.089999999999996
TEX,NA,13,-16.00,0,M,16.08
TEX,NA,13,-15.00,0,M,16.08
TEX,NA,13,-15.00,0,M,16.08
TEX,NA,13,-16.00,0,M,16.08
TEX,NA,13,-16.00,0,M,16.08
TEX,NA,13,-16.00,0,M,16.08
TEX,NA,12,-15.00,0,M,14.069999999999999
TEX,NA,12,-14.00,0,M,14.069999999999999
TEX,NA,11,-13.00,0,M,12.059999999999999
TEX,NA,11,-12.00,0,M,12.059999999999999
TEX,NA,10,-12.00,0,M,10.049999999999999
TEX,NA,9,-11.00,0,M,8.04
TEX,NA,10,-12.00,0,M,10.049999999999999
TEX,NA,8,-11.00,0,M,6.029999999999999
TEX,NA,8,-10.00,0,M,6.029999999999999
TEX,NA,7,-9.00,0,M,4.02
TEX,NA,7,-9.00,0,M,4.02
TEX,NA,7,-9.00,0,M,4.02
TEX,NA,6,-8.00,0,M,2.01
TEX,NA,7,-12.00,0,M,4.02
TEX,NA,6,-12.00,0,M,2.01
TEX,NA,6,-12.00,0,M,2.01
TEX,NA,7,-13.00,0,M,4.02
TEX,NA,5,-12.00,0,M,0
TEX,NA,5,-12.00,0,M,0
TEX,NA,6,-12.00,0,M,2.01
TEX,NA,6,-13.00,0,M,2.01
TEX,NA,6,-13.00,0,M,2.01
TEX,NA,6,-13.00,0,M,2.01
TEX,NA,6,-15.00,0,M,2.01
TEX,NA,6,-14.00,0,M,2.01
TEX,NA,6,-15.00,0,M,2.01
TEX,NA,7,-16.00,0,M,4.02
TEX,NA,7,-16.00,0,M,4.02
TEX,NA,7,-16.00,0,M,4.02
TEX,NA,7,-15.00,0,M,4.02
TEX,NA,6,-15.00,0,M,2.01
TEX,NA,6,-15.00,0,M,2.01
TEX,NA,5,-15.00,0,M,0
TEX,NA,5,-15.00,0,M,0
TEX,NA,6,-15.00,0,M,2.01
TEX,NA,6,-15.00,0,M,2.01
TEX,NA,5,-15.00,0,M,0
TEX,NA,5,-14.00,0,M,0
TEX,NA,6,-14.00,0,M,2.01
TEX,NA,6,-15.00,0,M,2.01
TEX,NA,7,-15.00,0,M,4.02
TEX,NA,7,-14.00,0,M,4.02
TEX,NA,8,-15.00,0,M,6.029999999999999
TEX,NA,10,-16.00,0,M,10.049999999999999
TEX,NA,10,-16.00,0,M,10.049999999999999
TEX,NA,10,-15.00,0,M,10.049999999999999
TEX,NA,11,-21.00,0,M,12.059999999999999
TEX,NA,11,-22.00,0,M,12.059999999999999
TEX,NA,11,-22.00,0,M,12.059999999999999
TEX,NA,11,-23.00,0,M,12.059999999999999
TEX,NA,12,-23.00,0,M,14.069999999999999
TEX,NA,12,-24.00,0,M,14.069999999999999
TEX,NA,12,-23.00,0,M,14.069999999999999
TEX,NA,12,-23.00,0,M,14.069999999999999
TEX,NA,12,-24.00,0,M,14.069999999999999
TEX,NA,13,-22.00,0,M,16.08
TEX,NA,13,-21.00,0,M,16.08
TEX,NA,13,-21.00,0,M,16.08
TEX,NA,13,-21.00,0,M,16.08
TEX,NA,13,-21.00,0,M,16.08
TEX,NA,14,-21.00,0,M,18.089999999999996
TEX,NA,14,-21.00,0,M,18.089999999999996
TEX,NA,15,-22.00,0,M,20.099999999999998
TEX,NA,15,-23.00,0,M,20.099999999999998
TEX,NA,15,-22.00,0,M,20.099999999999998
TEX,NA,14,-23.00,0,M,18.089999999999996
TEX,NA,15,-23.00,0,M,20.099999999999998
TEX,NA,15,-22.00,0,M,20.099999999999998
TEX,NA,14,-21.00,0,M,18.089999999999996
TEX,NA,13,-21.00,0,M,16.08
TEX,NA,13,-21.00,0,M,16.08
TEX,NA,13,-22.00,0,M,16.08
TEX,NA,12,-22.00,0,M,14.069999999999999
TEX,NA,12,-21.00,0,M,14.069999999999999
TEX,NA,12,-21.00,0,M,14.069999999999999
TEX,NA,11,-20.00,0,M,12.059999999999999
TEX,NA,11,-18.00,0,M,12.059999999999999
TEX,NA,10,-18.00,0,M,10.049999999999999
TEX,NA,10,-18.00,0,M,10.049999999999999
TEX,NA,10,-18.00,0,M,10.049999999999999
TEX,NA,10,-20.00,0,M,10.049999999999999
TEX,NA,10,-21.00,0,M,10.049999999999999
TEX,NA,10,-21.00,0,M,10.049999999999999
TEX,NA,10,-22.00,0,M,10.049999999999999
TEX,NA,10,-22.00,0,M,10.049999999999999
TEX,NA,10,-22.00,0,M,10.049999999999999
TEX,NA,10,-23.00,0,M,10.049999999999999
TEX,NA,10,-23.00,0,M,10.049999999999999
TEX,NA,8,-22.00,0,M,6.029999999999999
TEX,NA,8,-22.00,0,M,6.029999999999999
TEX,NA,8,-21.00,0,M,6.029999999999999
TEX,NA,8,-20.00,0,M,6.029999999999999
TEX,NA,7,-20.00,0,M,4.02
TEX,NA,7,-18.00,0,M,4.02
TEX,NA,7,-19.00,0,M,4.02
TEX,NA,6,-19.00,0,M,2.01
TEX,NA,6,-17.00,0,M,2.01
TEX,NA,5,-16.00,0,M,0
TEX,NA,5,-17.00,0,M,0
TEX,NA,5,-16.00,0,M,0
TEX,NA,5,-16.00,0,M,0
TEX,NA,5,-16.00,0,M,0
TEX,NA,4,-16.00,0,M,0
TEX,NA,3,-15.00,0,M,0
TEX,NA,3,-15.00,0,M,0
TEX,NA,2,-15.00,0,M,0
TEX,NA,3,-15.00,0,M,0
TEX,NA,3,-16.00,0,M,0
TEX,NA,3,-17.00,0,M,0
TEX,NA,3,-16.00,0,M,0
TEX,NA,3,-16.00,0,M,0
TEX,NA,3,-16.00,0,M,0
TEX,NA,3,-16.00,0,M,0
TEX,NA,3,-15.00,0,M,0
TEX,NA,3,-15.00,0,M,0
TEX,NA,3,-14.00,0,M,0
TEX,NA,2,-13.00,0,M,0
TEX,NA,1,-10.00,0,M,0
TEX,NA,0,-15.00,0,M,0
TEX,NA,1,-18.00,0,M,0
TEX,NA,2,-26.00,0,M,0
TEX,NA,2,-25.00,0,M,0
TEX,NA,2,-22.00,0,M,0
TEX,NA,2,-18.00,0,M,0
TEX,NA,1,-11.00,0,M,0
TEX,NA,1,-10.00,0,M,0
TEX,NA,1,-13.00,0,M,0
TEX,NA,1,-11.00,0,M,0
TEX,NA,1,-12.00,0,M,0
TEX,NA,1,-7.00,0,M,0
TEX,NA,1,-8.00,0,M,0
TEX,NA,0,-8.00,0,M,0
TEX,NA,0,-7.00,0,M,0
TEX,NA,0,-7.00,0,M,0
TEX,NA,0,-8.00,0,M,0
TEX,NA,1,-9.00,0,M,0
TEX,NA,1,-10.00,0,M,0
TEX,NA,0,-7.00,0,M,0
TEX,NA,-2,-4.00,0,M,0
TEX,NA,-1,-6.00,0,M,0
TEX,NA,0,-6.00,0,M,0
TEX,NA,0,-7.00,0,M,0
TEX,NA,0,-5.00,0,M,0
TEX,NA,-1,-5.00,0,M,0
TEX,NA,-1,-4.00,0,M,0
TEX,NA,-1,-4.00,0,M,0
TEX,NA,-1,-3.00,0,M,0
TEX,NA,-2,-4.00,0,M,0
TEX,NA,-2,-4.00,0,M,0
TEX,NA,-2,-3.00,0,M,0
TEX,NA,-2,-4.00,0,M,0
TEX,NA,-2,-3.00,0,M,0
TEX,NA,-1,-3.00,0,M,0
TEX,NA,-2,-3.00,0,M,0
TEX,NA,-2,-3.00,0,M,0
TEX,NA,-1,-3.00,0,M,0
TEX,NA,-1,-3.00,0,M,0
TEX,NA,-1,-3.00,0,M,0
TEX,NA,-1,-4.00,0,M,0
TEX,NA,-1,-3.00,0,M,0
TEX,NA,-1,-3.00,0,M,0
TEX,NA,-1,-3.00,0,M,0
TEX,NA,0,-3.00,0,M,0
TEX,NA,-1,-3.00,0,M,0
TEX,NA,0,-3.00,0,M,0
TEX,NA,-1,-3.00,0,M,0
TEX,NA,-1,-2.00,0,M,0
TEX,NA,-1,-2.00,0,M,0
TEX,NA,0,-3.00,0,M,0
TEX,NA,0,-3.00,0,M,0
TEX,NA,0,-2.00,0,M,0
TEX,NA,0,-3.00,0,M,0
TEX,NA,0,-2.00,0,M,0
TEX,NA,0,-3.00,0,M,0
TEX,NA,0,-3.00,0,M,0
TEX,NA,-1,-3.00,0,M,0
TEX,NA,-1,-3.00,0,M,0
TEX,NA,-1,-3.00,0,M,0
TEX,NA,-1,-3.00,0,M,0
TEX,NA,-1,-3.00,0,M,0
TEX,NA,-1,-3.00,0,M,0
TEX,NA,-1,-3.00,0,M,0
TEX,NA,-1,-3.00,0,M,0
TEX,NA,-1,-3.00,0,M,0
TEX,NA,0,-3.00,0,M,0
TEX,NA,0,-3.00,0,M,0
TEX,NA,0,-3.00,0,M,0
TEX,NA,0,-3.00,0,M,0
TEX,NA,1,-2.00,0.76,M,0
TEX,NA,2,-2.00,0.76,M,0
TEX,NA,2,-1.00,0,M,0
TEX,NA,3,-2.00,0,M,0
TEX,NA,5,-1.00,0,M,0
TEX,NA,5,-1.00,0,M,0
TEX,NA,5,-2.00,0,M,0
TEX,NA,6,-3.00,0,M,2.01
TEX,NA,6,-3.00,0,M,2.01
TEX,NA,6,-3.00,0,M,2.01
TEX,NA,7,-2.00,0,M,4.02
TEX,NA,6,-2.00,0,M,2.01
TEX,NA,6,-2.00,0,M,2.01
TEX,NA,7,-3.00,0,M,4.02
TEX,NA,8,-3.00,0,M,6.029999999999999
TEX,NA,8,-3.00,0,M,6.029999999999999
TEX,NA,8,-4.00,0,M,6.029999999999999
TEX,NA,8,-3.00,0,M,6.029999999999999
TEX,NA,8,-5.00,0,M,6.029999999999999
TEX,NA,8,-5.00,0,M,6.029999999999999
TEX,NA,8,-4.00,0,M,6.029999999999999
TEX,NA,8,-4.00,0,M,6.029999999999999
TEX,NA,9,-4.00,0,M,8.04
TEX,NA,8,-5.00,0,M,6.029999999999999
TEX,NA,8,-7.00,0,M,6.029999999999999
TEX,NA,9,-7.00,0,M,8.04
TEX,NA,9,-7.00,0,M,8.04
TEX,NA,8,-7.00,0,M,6.029999999999999
TEX,NA,8,-7.00,0,M,6.029999999999999
TEX,NA,8,-7.00,0,M,6.029999999999999
TEX,NA,8,-7.00,0,M,6.029999999999999
TEX,NA,7,-7.00,0,M,4.02
TEX,NA,7,-6.00,0,M,4.02
TEX,NA,6,-7.00,0,M,2.01
TEX,NA,5,-6.00,0,M,0
TEX,NA,5,-5.00,0,M,0
TEX,NA,5,-5.00,0,M,0
TEX,NA,4,-5.00,0,M,0
TEX,NA,3,-5.00,0,M,0
TEX,NA,3,-5.00,0,M,0
TEX,NA,3,-5.00,0,M,0
TEX,NA,3,-5.00,0,M,0
TEX,NA,2,-5.00,0,M,0
TEX,NA,2,-5.00,0,M,0
TEX,NA,2,-5.00,0,M,0
TEX,NA,1,-5.00,0,M,0
TEX,NA,1,-6.00,0,M,0
TEX,NA,1,-5.00,0,M,0
TEX,NA,1,-5.00,0,M,0
TEX,NA,1,-5.00,0,M,0
TEX,NA,1,-5.00,0,M,0
TEX,NA,1,-6.00,0,M,0
TEX,NA,1,-5.00,0,M,0
TEX,NA,0,-6.00,0,M,0
TEX,NA,0,-6.00,0,M,0
TEX,NA,1,-6.00,0,M,0
TEX,NA,0,-6.00,0,M,0
TEX,NA,0,-6.00,0,M,0
TEX,NA,1,-6.00,0,M,0
TEX,NA,0,-7.00,0,M,0
TEX,NA,0,-7.00,0,M,0
TEX,NA,0,-7.00,0,M,0
TEX,NA,0,-7.00,0,M,0
TEX,NA,0,-7.00,0,M,0
TEX,NA,0,-6.00,0,M,0
TEX,NA,0,-6.00,0,M,0
TEX,NA,1,-6.00,0,M,0
TEX,NA,1,-6.00,0,M,0
TEX,NA,2,-6.00,0,M,0
TEX,NA,3,-6.00,0,M,0
TEX,NA,5,-5.00,0,M,0
TEX,NA,5,-6.00,0,M,0
TEX,NA,7,-6.00,0,M,4.02
TEX,NA,8,-7.00,0,M,6.029999999999999
TEX,NA,9,-7.00,0,M,8.04
TEX,NA,9,-9.00,0,M,8.04
TEX,NA,10,-9.00,0,M,10.049999999999999
TEX,NA,10,-10.00,0,M,10.049999999999999
TEX,NA,11,-11.00,0,M,12.059999999999999
TEX,NA,11,-12.00,0,M,12.059999999999999
TEX,NA,12,-12.00,0,M,14.069999999999999
TEX,NA,11,-12.00,0,M,12.059999999999999
TEX,NA,11,-12.00,0,M,12.059999999999999
TEX,NA,12,-11.00,0,M,14.069999999999999
TEX,NA,12,-11.00,0,M,14.069999999999999
TEX,NA,12,-11.00,0,M,14.069999999999999
TEX,NA,12,-10.00,0,M,14.069999999999999
TEX,NA,13,-10.00,0,M,16.08
TEX,NA,13,-11.00,0,M,16.08
TEX,NA,13,-11.00,0,M,16.08
TEX,NA,13,-11.00,0,M,16.08
TEX,NA,12,-12.00,0,M,14.069999999999999
TEX,NA,12,-12.00,0,M,14.069999999999999
TEX,NA,12,-12.00,0,M,14.069999999999999
TEX,NA,12,-11.00,0,M,14.069999999999999
TEX,NA,12,-11.00,0,M,14.069999999999999
TEX,NA,12,-12.00,0,M,14.069999999999999
TEX,NA,12,-11.00,0,M,14.069999999999999
TEX,NA,12,-11.00,0,M,14.069999999999999
TEX,NA,12,-11.00,0,M,14.069999999999999
TEX,NA,12,-11.00,0,M,14.069999999999999
TEX,NA,11,-12.00,0,M,12.059999999999999
TEX,NA,11,-12.00,0,M,12.059999999999999
TEX,NA,11,-12.00,0,M,12.059999999999999
TEX,NA,10,-12.00,0,M,10.049999999999999
TEX,NA,10,-11.00,0,M,10.049999999999999
TEX,NA,10,-11.00,0,M,10.049999999999999
TEX,NA,10,-11.00,0,M,10.049999999999999
TEX,NA,8,-10.00,0,M,6.029999999999999
TEX,NA,8,-10.00,0,M,6.029999999999999
TEX,NA,8,-10.00,0,M,6.029999999999999
TEX,NA,8,-10.00,0,M,6.029999999999999
TEX,NA,7,-10.00,0,M,4.02
TEX,NA,7,-8.00,0,M,4.02
TEX,NA,6,-8.00,0,M,2.01
TEX,NA,6,-8.00,0,M,2.01
TEX,NA,6,-7.00,0,M,2.01
TEX,NA,6,-7.00,0,M,2.01
TEX,NA,5,-6.00,0,M,0
TEX,NA,5,-7.00,0,M,0
TEX,NA,5,-7.00,0,M,0
TEX,NA,5,-6.00,0,M,0
TEX,NA,5,-7.00,0,M,0
TEX,NA,5,-6.00,0,M,0
TEX,NA,4,-6.00,0,M,0
TEX,NA,4,-6.00,0,M,0
TEX,NA,4,-6.00,0,M,0
TEX,NA,4,-7.00,0,M,0
TEX,NA,4,-7.00,0,M,0
TEX,NA,3,-6.00,0,M,0
TEX,NA,3,-7.00,0,M,0
TEX,NA,3,-7.00,0,M,0
TEX,NA,3,-7.00,0,M,0
TEX,NA,3,-7.00,0,M,0
TEX,NA,3,-7.00,0,M,0
TEX,NA,2,-7.00,0,M,0
TEX,NA,2,-7.00,0,M,0
TEX,NA,2,-6.00,0,M,0
TEX,NA,3,-6.00,0,M,0
TEX,NA,5,-6.00,0,M,0
TEX,NA,5,-6.00,0,M,0
TEX,NA,5,-6.00,0,M,0
TEX,NA,6,-6.00,0,M,2.01
TEX,NA,7,-6.00,0,M,4.02
TEX,NA,7,-5.00,0,M,4.02
TEX,NA,8,-6.00,0,M,6.029999999999999
TEX,NA,11,-8.00,0,M,12.059999999999999
TEX,NA,11,-8.00,0,M,12.059999999999999
TEX,NA,11,-10.00,0,M,12.059999999999999
TEX,NA,12,-10.00,0,M,14.069999999999999
TEX,NA,12,-10.00,0,M,14.069999999999999
TEX,NA,12,-10.00,0,M,14.069999999999999
TEX,NA,12,-10.00,0,M,14.069999999999999
TEX,NA,12,-10.00,0,M,14.069999999999999
TEX,NA,12,-10.00,0,M,14.069999999999999
TEX,NA,13,-11.00,0,M,16.08
TEX,NA,13,-11.00,0,M,16.08
TEX,NA,13,-11.00,0,M,16.08
TEX,NA,13,-11.00,0,M,16.08
TEX,NA,13,-12.00,0,M,16.08
TEX,NA,13,-12.00,0,M,16.08
TEX,NA,13,-12.00,0,M,16.08
TEX,NA,13,-12.00,0,M,16.08
TEX,NA,14,-13.00,0,M,18.089999999999996
TEX,NA,15,-13.00,0,M,20.099999999999998
TEX,NA,13,-13.00,0,M,16.08
TEX,NA,13,-12.00,0,M,16.08
TEX,NA,13,-12.00,0,M,16.08
TEX,NA,13,-12.00,0,M,16.08
TEX,NA,13,-12.00,0,M,16.08
TEX,NA,12,-12.00,0,M,14.069999999999999
TEX,NA,12,-13.00,0,M,14.069999999999999
TEX,NA,12,-12.00,0,M,14.069999999999999
TEX,NA,12,-12.00,0,M,14.069999999999999
TEX,NA,12,-13.00,0,M,14.069999999999999
TEX,NA,11,-12.00,0,M,12.059999999999999
TEX,NA,11,-13.00,0,M,12.059999999999999
TEX,NA,11,-13.00,0,M,12.059999999999999
TEX,NA,11,-13.00,0,M,12.059999999999999
TEX,NA,11,-13.00,0,M,12.059999999999999
TEX,NA,10,-11.00,0,M,10.049999999999999
TEX,NA,10,-11.00,0,M,10.049999999999999
TEX,NA,9,-11.00,0,M,8.04
TEX,NA,9,-11.00,0,M,8.04
TEX,NA,9,-11.00,0,M,8.04
TEX,NA,9,-11.00,0,M,8.04
TEX,NA,9,-11.00,0,M,8.04
TEX,NA,10,-11.00,0,M,10.049999999999999
TEX,NA,8,-11.00,0,M,6.029999999999999
TEX,NA,9,-11.00,0,M,8.04
TEX,NA,9,-11.00,0,M,8.04
TEX,NA,8,-11.00,0,M,6.029999999999999
TEX,NA,8,-11.00,0,M,6.029999999999999
TEX,NA,8,-10.00,0,M,6.029999999999999
TEX,NA,8,-10.00,0,M,6.029999999999999
TEX,NA,8,-10.00,0,M,6.029999999999999
TEX,NA,8,-10.00,0,M,6.029999999999999
TEX,NA,7,-8.00,0,M,4.02
TEX,NA,7,-8.00,0,M,4.02
TEX,NA,7,-9.00,0,M,4.02
TEX,NA,7,-8.00,0,M,4.02
TEX,NA,7,-8.00,0,M,4.02
TEX,NA,7,-8.00,0,M,4.02
TEX,NA,7,-9.00,0,M,4.02
TEX,NA,7,-7.00,0,M,4.02
TEX,NA,7,-8.00,0,M,4.02
TEX,NA,6,-8.00,0,M,2.01
TEX,NA,6,-7.00,0,M,2.01
TEX,NA,6,-7.00,0,M,2.01
TEX,NA,6,-7.00,0,M,2.01
TEX,NA,5,-7.00,0,M,0
TEX,NA,6,-7.00,0,M,2.01
TEX,NA,8,-8.00,0,M,6.029999999999999
TEX,NA,9,-8.00,0,M,8.04
TEX,NA,10,-11.00,0,M,10.049999999999999
TEX,NA,9,-10.00,0,M,8.04
TEX,NA,9,-10.00,0,M,8.04
TEX,NA,10,-10.00,0,M,10.049999999999999
TEX,NA,10,-10.00,0,M,10.049999999999999
TEX,NA,10,-10.00,0,M,10.049999999999999
TEX,NA,10,-11.00,0,M,10.049999999999999
TEX,NA,11,-11.00,0,M,12.059999999999999
TEX,NA,11,-12.00,0,M,12.059999999999999
TEX,NA,11,-12.00,0,M,12.059999999999999
TEX,NA,11,-12.00,0,M,12.059999999999999
TEX,NA,12,-12.00,0,M,14.069999999999999
TEX,NA,12,-12.00,0,M,14.069999999999999
TEX,NA,12,-13.00,0,M,14.069999999999999
TEX,NA,12,-12.00,0,M,14.069999999999999
TEX,NA,12,-12.00,0,M,14.069999999999999
TEX,NA,12,-12.00,0,M,14.069999999999999
TEX,NA,12,-13.00,0,M,14.069999999999999
TEX,NA,13,-16.00,0,M,16.08
TEX,NA,13,-14.00,0,M,16.08
TEX,NA,12,-12.00,0,M,14.069999999999999
TEX,NA,12,-11.00,0,M,14.069999999999999
TEX,NA,12,-12.00,0,M,14.069999999999999
TEX,NA,12,-12.00,0,M,14.069999999999999
TEX,NA,13,-13.00,0,M,16.08
TEX,NA,13,-15.00,0,M,16.08
TEX,NA,13,-15.00,0,M,16.08
TEX,NA,13,-15.00,0,M,16.08
TEX,NA,12,-15.00,0,M,14.069999999999999
TEX,NA,12,-13.00,0,M,14.069999999999999
TEX,NA,12,-13.00,0,M,14.069999999999999
TEX,NA,12,-12.00,0,M,14.069999999999999
TEX,NA,11,-12.00,0,M,12.059999999999999
TEX,NA,11,-13.00,0,M,12.059999999999999
TEX,NA,11,-14.00,0,M,12.059999999999999
TEX,NA,11,-13.00,0,M,12.059999999999999
TEX,NA,11,-13.00,0,M,12.059999999999999
TEX,NA,10,-12.00,0,M,10.049999999999999
TEX,NA,9,-11.00,0,M,8.04
TEX,NA,8,-9.00,0,M,6.029999999999999
TEX,NA,7,-9.00,0,M,4.02
TEX,NA,7,-8.00,0,M,4.02
TEX,NA,7,-9.00,0,M,4.02
TEX,NA,7,-9.00,0,M,4.02
TEX,NA,7,-8.00,0,M,4.02
TEX,NA,7,-9.00,0,M,4.02
TEX,NA,7,-8.00,0,M,4.02
TEX,NA,6,-7.00,0,M,2.01
TEX,NA,6,-7.00,0,M,2.01
TEX,NA,6,-7.00,0,M,2.01
TEX,NA,5,-7.00,0,M,0
TEX,NA,5,-7.00,0,M,0
TEX,NA,5,-7.00,0,M,0
TEX,NA,5,-6.00,0,M,0
TEX,NA,4,-5.00,0,M,0
TEX,NA,5,-6.00,0,M,0
TEX,NA,4,-6.00,0,M,0
TEX,NA,4,-6.00,0,M,0
TEX,NA,3,-6.00,0,M,0
TEX,NA,4,-6.00,0,M,0
TEX,NA,3,-6.00,0,M,0
TEX,NA,4,-6.00,0,M,0
TEX,NA,4,-5.00,0,M,0
TEX,NA,3,-6.00,0,M,0
TEX,NA,3,-6.00,0,M,0
TEX,NA,3,-5.00,0,M,0
TEX,NA,3,-5.00,0,M,0
TEX,NA,3,-6.00,0,M,0
TEX,NA,4,-5.00,0,M,0
TEX,NA,4,-5.00,0,M,0
TEX,NA,3,-4.00,0,M,0
TEX,NA,5,-4.00,0,M,0
TEX,NA,5,-4.00,0,M,0
TEX,NA,6,-3.00,0,M,2.01
TEX,NA,7,-3.00,0,M,4.02
TEX,NA,7,-4.00,0,M,4.02
TEX,NA,8,-5.00,0,M,6.029999999999999
TEX,NA,8,-6.00,0,M,6.029999999999999
TEX,NA,10,-8.00,0,M,10.049999999999999
TEX,NA,10,-8.00,0,M,10.049999999999999
TEX,NA,10,-8.00,0,M,10.049999999999999
TEX,NA,11,-10.00,0,M,12.059999999999999
TEX,NA,11,-9.00,0,M,12.059999999999999
TEX,NA,12,-9.00,0,M,14.069999999999999
TEX,NA,12,-10.00,0,M,14.069999999999999
TEX,NA,12,-10.00,0,M,14.069999999999999
TEX,NA,13,-10.00,0,M,16.08
TEX,NA,12,-10.00,0,M,14.069999999999999
TEX,NA,11,-8.00,0,M,12.059999999999999
TEX,NA,10,-7.00,0,M,10.049999999999999
TEX,NA,12,-10.00,0,M,14.069999999999999
TEX,NA,12,-10.00,0,M,14.069999999999999
TEX,NA,11,-10.00,0,M,12.059999999999999
TEX,NA,12,-10.00,0,M,14.069999999999999
TEX,NA,12,-9.00,0,M,14.069999999999999
TEX,NA,12,-10.00,0,M,14.069999999999999
TEX,NA,12,-11.00,0,M,14.069999999999999
TEX,NA,12,-10.00,0,M,14.069999999999999
TEX,NA,12,-10.00,0,M,14.069999999999999
TEX,NA,12,-10.00,0,M,14.069999999999999
TEX,NA,11,-10.00,0,M,12.059999999999999
TEX,NA,12,-11.00,0,M,14.069999999999999
TEX,NA,11,-10.00,0,M,12.059999999999999
TEX,NA,11,-10.00,0,M,12.059999999999999
TEX,NA,10,-10.00,0,M,10.049999999999999
TEX,NA,10,-9.00,0,M,10.049999999999999
TEX,NA,10,-10.00,0,M,10.049999999999999
TEX,NA,10,-10.00,0,M,10.049999999999999
TEX,NA,10,-10.00,0,M,10.049999999999999
TEX,NA,9,-10.00,0,M,8.04
TEX,NA,9,-10.00,0,M,8.04
TEX,NA,9,-10.00,0,M,8.04
TEX,NA,8,-10.00,0,M,6.029999999999999
TEX,NA,8,-10.00,0,M,6.029999999999999
TEX,NA,7,-8.00,0,M,4.02
TEX,NA,7,-8.00,0,M,4.02
TEX,NA,6,-8.00,0,M,2.01
TEX,NA,6,-7.00,0,M,2.01
TEX,NA,5,-7.00,0,M,0
TEX,NA,5,-7.00,0,M,0
TEX,NA,4,-7.00,0,M,0
TEX,NA,4,-6.00,0,M,0
TEX,NA,4,-7.00,0,M,0
TEX,NA,3,-6.00,0,M,0
TEX,NA,3,-7.00,0,M,0
TEX,NA,3,-6.00,0,M,0
TEX,NA,2,-6.00,0,M,0
TEX,NA,2,-6.00,0,M,0
TEX,NA,2,-6.00,0,M,0
TEX,NA,2,-6.00,0,M,0
TEX,NA,2,-6.00,0,M,0
TEX,NA,1,-6.00,0,M,0
TEX,NA,1,-6.00,0,M,0
TEX,NA,1,-6.00,0,M,0
TEX,NA,1,-6.00,0,M,0
TEX,NA,1,-6.00,0,M,0
TEX,NA,1,-6.00,0,M,0
TEX,NA,0,-6.00,0,M,0
TEX,NA,0,-6.00,0,M,0
TEX,NA,0,-6.00,0,M,0
TEX,NA,2,-6.00,0,M,0
TEX,NA,2,-6.00,0,M,0
TEX,NA,3,-6.00,0,M,0
TEX,NA,4,-6.00,0,M,0
TEX,NA,5,-6.00,0,M,0
TEX,NA,6,-7.00,0,M,2.01
TEX,NA,7,-7.00,0,M,4.02
TEX,NA,8,-8.00,0,M,6.029999999999999
TEX,NA,8,-10.00,0,M,6.029999999999999
TEX,NA,9,-11.00,0,M,8.04
TEX,NA,10,-11.00,0,M,10.049999999999999
TEX,NA,10,-11.00,0,M,10.049999999999999
TEX,NA,10,-12.00,0,M,10.049999999999999
TEX,NA,11,-13.00,0,M,12.059999999999999
TEX,NA,11,-14.00,0,M,12.059999999999999
TEX,NA,11,-15.00,0,M,12.059999999999999
TEX,NA,12,-15.00,0,M,14.069999999999999
TEX,NA,12,-16.00,0,M,14.069999999999999
TEX,NA,13,-18.00,0,M,16.08
TEX,NA,13,-18.00,0,M,16.08
TEX,NA,13,-17.00,0,M,16.08
TEX,NA,13,-17.00,0,M,16.08
TEX,NA,13,-16.00,0,M,16.08
TEX,NA,13,-16.00,0,M,16.08
TEX,NA,13,-16.00,0,M,16.08
TEX,NA,14,-16.00,0,M,18.089999999999996
TEX,NA,14,-15.00,0,M,18.089999999999996
TEX,NA,15,-15.00,0,M,20.099999999999998
TEX,NA,14,-16.00,0,M,18.089999999999996
TEX,NA,14,-17.00,0,M,18.089999999999996
TEX,NA,14,-18.00,0,M,18.089999999999996
TEX,NA,14,-18.00,0,M,18.089999999999996
TEX,NA,13,-20.00,0,M,16.08
TEX,NA,13,-21.00,0,M,16.08
TEX,NA,13,-20.00,0,M,16.08
TEX,NA,12,-21.00,0,M,14.069999999999999
TEX,NA,12,-20.00,0,M,14.069999999999999
TEX,NA,11,-20.00,0,M,12.059999999999999
TEX,NA,11,-18.00,0,M,12.059999999999999
TEX,NA,10,-17.00,0,M,10.049999999999999
TEX,NA,9,-16.00,0,M,8.04
TEX,NA,8,-14.00,0,M,6.029999999999999
TEX,NA,7,-13.00,0,M,4.02
TEX,NA,7,-12.00,0,M,4.02
TEX,NA,6,-12.00,0,M,2.01
TEX,NA,6,-12.00,0,M,2.01
TEX,NA,6,-11.00,0,M,2.01
TEX,NA,5,-11.00,0,M,0
TEX,NA,5,-11.00,0,M,0
TEX,NA,5,-11.00,0,M,0
TEX,NA,4,-11.00,0,M,0
TEX,NA,4,-11.00,0,M,0
TEX,NA,3,-11.00,0,M,0
TEX,NA,4,-11.00,0,M,0
TEX,NA,3,-11.00,0,M,0
TEX,NA,3,-11.00,0,M,0
TEX,NA,3,-10.00,0,M,0
TEX,NA,2,-11.00,0,M,0
TEX,NA,2,-11.00,0,M,0
TEX,NA,3,-11.00,0,M,0
TEX,NA,3,-11.00,0,M,0
TEX,NA,3,-11.00,0,M,0
TEX,NA,3,-10.00,0,M,0
TEX,NA,3,-10.00,0,M,0
TEX,NA,2,-10.00,0,M,0
TEX,NA,3,-10.00,0,M,0
TEX,NA,3,-9.00,0,M,0
TEX,NA,3,-9.00,0,M,0
TEX,NA,2,-9.00,0,M,0
TEX,NA,2,-8.00,0,M,0
TEX,NA,2,-8.00,0,M,0
TEX,NA,3,-8.00,0,M,0
TEX,NA,5,-8.00,0,M,0
TEX,NA,5,-8.00,0,M,0
TEX,NA,5,-7.00,0,M,0
TEX,NA,6,-7.00,0,M,2.01
TEX,NA,6,-7.00,0,M,2.01
TEX,NA,9,-6.00,0,M,8.04
TEX,NA,10,-8.00,0,M,10.049999999999999
TEX,NA,12,-10.00,0,M,14.069999999999999
TEX,NA,12,-11.00,0,M,14.069999999999999
TEX,NA,12,-11.00,0,M,14.069999999999999
TEX,NA,12,-12.00,0,M,14.069999999999999
TEX,NA,13,-13.00,0,M,16.08
TEX,NA,13,-13.00,0,M,16.08
TEX,NA,14,-13.00,0,M,18.089999999999996
TEX,NA,15,-13.00,0,M,20.099999999999998
TEX,NA,15,-13.00,0,M,20.099999999999998
TEX,NA,15,-13.00,0,M,20.099999999999998
TEX,NA,15,-15.00,0,M,20.099999999999998
TEX,NA,16,-15.00,0,M,22.11
TEX,NA,16,-14.00,0,M,22.11
TEX,NA,16,-15.00,0,M,22.11
TEX,NA,16,-16.00,0,M,22.11
TEX,NA,15,-14.00,0,M,20.099999999999998
TEX,NA,16,-15.00,0,M,22.11
TEX,NA,17,-15.00,0,M,24.119999999999997
TEX,NA,16,-16.00,0,M,22.11
TEX,NA,16,-16.00,0,M,22.11
TEX,NA,16,-16.00,0,M,22.11
TEX,NA,16,-15.00,0,M,22.11
TEX,NA,16,-16.00,0,M,22.11
TEX,NA,16,-16.00,0,M,22.11
TEX,NA,15,-15.00,0,M,20.099999999999998
TEX,NA,15,-15.00,0,M,20.099999999999998
TEX,NA,15,-15.00,0,M,20.099999999999998
TEX,NA,15,-15.00,0,M,20.099999999999998
TEX,NA,14,-14.00,0,M,18.089999999999996
TEX,NA,13,-13.00,0,M,16.08
TEX,NA,13,-14.00,0,M,16.08
TEX,NA,13,-13.00,0,M,16.08
TEX,NA,13,-13.00,0,M,16.08
TEX,NA,12,-13.00,0,M,14.069999999999999
TEX,NA,11,-12.00,0,M,12.059999999999999
TEX,NA,11,-12.00,0,M,12.059999999999999
TEX,NA,10,-11.00,0,M,10.049999999999999
TEX,NA,10,-10.00,0,M,10.049999999999999
TEX,NA,9,-10.00,0,M,8.04
TEX,NA,8,-10.00,0,M,6.029999999999999
TEX,NA,8,-9.00,0,M,6.029999999999999
TEX,NA,8,-10.00,0,M,6.029999999999999
TEX,NA,7,-9.00,0,M,4.02
TEX,NA,7,-8.00,0,M,4.02
TEX,NA,7,-9.00,0,M,4.02
TEX,NA,7,-9.00,0,M,4.02
TEX,NA,8,-11.00,0,M,6.029999999999999
TEX,NA,8,-10.00,0,M,6.029999999999999
TEX,NA,7,-10.00,0,M,4.02
TEX,NA,7,-9.00,0,M,4.02
TEX,NA,8,-9.00,0,M,6.029999999999999
TEX,NA,8,-9.00,0,M,6.029999999999999
TEX,NA,7,-8.00,0,M,4.02
TEX,NA,7,-7.00,0,M,4.02
TEX,NA,7,-8.00,0,M,4.02
TEX,NA,6,-7.00,0,M,2.01
TEX,NA,6,-7.00,0,M,2.01
TEX,NA,6,-7.00,0,M,2.01
TEX,NA,6,-6.00,0,M,2.01
TEX,NA,6,-7.00,0,M,2.01
TEX,NA,5,-6.00,0,M,0
TEX,NA,5,-6.00,0,M,0
TEX,NA,5,-6.00,0,M,0
TEX,NA,5,-6.00,0,M,0
TEX,NA,5,-6.00,0,M,0
TEX,NA,6,-6.00,0,M,2.01
TEX,NA,6,-6.00,0,M,2.01
TEX,NA,8,-6.00,0,M,6.029999999999999
TEX,NA,8,-7.00,0,M,6.029999999999999
TEX,NA,10,-7.00,0,M,10.049999999999999
TEX,NA,11,-7.00,0,M,12.059999999999999
TEX,NA,12,-6.00,0,M,14.069999999999999
TEX,NA,13,-8.00,0,M,16.08
TEX,NA,13,-10.00,0,M,16.08
TEX,NA,14,-10.00,0,M,18.089999999999996
TEX,NA,15,-10.00,0,M,20.099999999999998
TEX,NA,16,-12.00,0,M,22.11
TEX,NA,15,-12.00,0,M,20.099999999999998
TEX,NA,15,-12.00,0,M,20.099999999999998
TEX,NA,15,-12.00,0,M,20.099999999999998
TEX,NA,15,-12.00,0,M,20.099999999999998
TEX,NA,15,-12.00,0,M,20.099999999999998
TEX,NA,16,-13.00,0,M,22.11
TEX,NA,17,-13.00,0,M,24.119999999999997
TEX,NA,16,-15.00,0,M,22.11
TEX,NA,17,-13.00,0,M,24.119999999999997
TEX,NA,17,-15.00,0,M,24.119999999999997
TEX,NA,17,-14.00,0,M,24.119999999999997
TEX,NA,17,-14.00,0,M,24.119999999999997
TEX,NA,16,-14.00,0,M,22.11
TEX,NA,17,-15.00,0,M,24.119999999999997
TEX,NA,17,-15.00,0,M,24.119999999999997
TEX,NA,17,-14.00,0,M,24.119999999999997
TEX,NA,17,-13.00,0,M,24.119999999999997
TEX,NA,17,-13.00,0,M,24.119999999999997
TEX,NA,17,-15.00,0,M,24.119999999999997
TEX,NA,17,-16.00,0,M,24.119999999999997
TEX,NA,16,-15.00,0,M,22.11
TEX,NA,15,-13.00,0,M,20.099999999999998
TEX,NA,16,-14.00,0,M,22.11
TEX,NA,15,-13.00,0,M,20.099999999999998
TEX,NA,15,-13.00,0,M,20.099999999999998
TEX,NA,15,-13.00,0,M,20.099999999999998
TEX,NA,14,-13.00,0,M,18.089999999999996
TEX,NA,13,-13.00,0,M,16.08
TEX,NA,13,-12.00,0,M,16.08
TEX,NA,12,-11.00,0,M,14.069999999999999
TEX,NA,11,-11.00,0,M,12.059999999999999
TEX,NA,11,-11.00,0,M,12.059999999999999
TEX,NA,11,-10.00,0,M,12.059999999999999
TEX,NA,10,-10.00,0,M,10.049999999999999
TEX,NA,10,-10.00,0,M,10.049999999999999
TEX,NA,9,-9.00,0,M,8.04
TEX,NA,10,-9.00,0,M,10.049999999999999
TEX,NA,9,-9.00,0,M,8.04
TEX,NA,8,-8.00,0,M,6.029999999999999
TEX,NA,8,-8.00,0,M,6.029999999999999
TEX,NA,8,-9.00,0,M,6.029999999999999
TEX,NA,9,-9.00,0,M,8.04
TEX,NA,8,-8.00,0,M,6.029999999999999
TEX,NA,7,-8.00,0,M,4.02
TEX,NA,7,-9.00,0,M,4.02
TEX,NA,8,-10.00,0,M,6.029999999999999
TEX,NA,7,-9.00,0,M,4.02
TEX,NA,8,-10.00,0,M,6.029999999999999
TEX,NA,7,-9.00,0,M,4.02
TEX,NA,7,-10.00,0,M,4.02
TEX,NA,7,-9.00,0,M,4.02
TEX,NA,6,-10.00,0,M,2.01
TEX,NA,7,-10.00,0,M,4.02
TEX,NA,7,-10.00,0,M,4.02
TEX,NA,6,-10.00,0,M,2.01
TEX,NA,6,-10.00,0,M,2.01
TEX,NA,6,-10.00,0,M,2.01
TEX,NA,6,-10.00,0,M,2.01
TEX,NA,6,-10.00,0,M,2.01
TEX,NA,6,-9.00,0,M,2.01
TEX,NA,6,-8.00,0,M,2.01
TEX,NA,7,-8.00,0,M,4.02
TEX,NA,8,-8.00,0,M,6.029999999999999
TEX,NA,8,-8.00,0,M,6.029999999999999
TEX,NA,10,-8.00,0,M,10.049999999999999
TEX,NA,11,-8.00,0,M,12.059999999999999
TEX,NA,11,-10.00,0,M,12.059999999999999
TEX,NA,12,-10.00,0,M,14.069999999999999
TEX,NA,12,-10.00,0,M,14.069999999999999
TEX,NA,12,-10.00,0,M,14.069999999999999
TEX,NA,13,-11.00,0,M,16.08
TEX,NA,13,-12.00,0,M,16.08
TEX,NA,13,-12.00,0,M,16.08
TEX,NA,14,-13.00,0,M,18.089999999999996
TEX,NA,14,-11.00,0,M,18.089999999999996
TEX,NA,15,-11.00,0,M,20.099999999999998
TEX,NA,15,-11.00,0,M,20.099999999999998
TEX,NA,15,-12.00,0,M,20.099999999999998
TEX,NA,15,-12.00,0,M,20.099999999999998
TEX,NA,15,-12.00,0,M,20.099999999999998
TEX,NA,15,-13.00,0,M,20.099999999999998
TEX,NA,16,-14.00,0,M,22.11
TEX,NA,16,-15.00,0,M,22.11
TEX,NA,16,-15.00,0,M,22.11
TEX,NA,16,-17.00,0,M,22.11
TEX,NA,16,-17.00,0,M,22.11
TEX,NA,16,-18.00,0,M,22.11
TEX,NA,16,-16.00,0,M,22.11
TEX,NA,16,-16.00,0,M,22.11
TEX,NA,16,-18.00,0,M,22.11
TEX,NA,16,-19.00,0,M,22.11
TEX,NA,16,-15.00,0,M,22.11
TEX,NA,16,-13.00,0,M,22.11
TEX,NA,15,-15.00,0,M,20.099999999999998
TEX,NA,15,-15.00,0,M,20.099999999999998
TEX,NA,15,-16.00,0,M,20.099999999999998
TEX,NA,14,-16.00,0,M,18.089999999999996
TEX,NA,13,-16.00,0,M,16.08
TEX,NA,13,-16.00,0,M,16.08
TEX,NA,13,-15.00,0,M,16.08
TEX,NA,13,-14.00,0,M,16.08
TEX,NA,12,-13.00,0,M,14.069999999999999
TEX,NA,13,-13.00,0,M,16.08
TEX,NA,12,-13.00,0,M,14.069999999999999
TEX,NA,12,-13.00,0,M,14.069999999999999
TEX,NA,12,-14.00,0,M,14.069999999999999
TEX,NA,12,-14.00,0,M,14.069999999999999
TEX,NA,12,-15.00,0,M,14.069999999999999
TEX,NA,11,-14.00,0,M,12.059999999999999
TEX,NA,11,-15.00,0,M,12.059999999999999
TEX,NA,11,-15.00,0,M,12.059999999999999
TEX,NA,11,-15.00,0,M,12.059999999999999
TEX,NA,10,-14.00,0,M,10.049999999999999
TEX,NA,10,-14.00,0,M,10.049999999999999
TEX,NA,10,-13.00,0,M,10.049999999999999
TEX,NA,9,-13.00,0,M,8.04
TEX,NA,9,-13.00,0,M,8.04
TEX,NA,8,-12.00,0,M,6.029999999999999
TEX,NA,8,-12.00,0,M,6.029999999999999
TEX,NA,7,-12.00,0,M,4.02
TEX,NA,7,-12.00,0,M,4.02
TEX,NA,7,-12.00,0,M,4.02
TEX,NA,6,-11.00,0,M,2.01
TEX,NA,6,-11.00,0,M,2.01
TEX,NA,6,-11.00,0,M,2.01
TEX,NA,4,-10.00,0,M,0
TEX,NA,4,-10.00,0,M,0
TEX,NA,3,-10.00,0,M,0
TEX,NA,3,-9.00,0,M,0
TEX,NA,3,-9.00,0,M,0
TEX,NA,3,-9.00,0,M,0
TEX,NA,2,-9.00,0,M,0
TEX,NA,3,-10.00,0,M,0
TEX,NA,4,-8.00,0,M,0
TEX,NA,5,-9.00,0,M,0
TEX,NA,6,-9.00,0,M,2.01
TEX,NA,7,-11.00,0,M,4.02
TEX,NA,8,-12.00,0,M,6.029999999999999
TEX,NA,8,-12.00,0,M,6.029999999999999
TEX,NA,9,-12.00,0,M,8.04
TEX,NA,10,-14.00,0,M,10.049999999999999
TEX,NA,10,-14.00,0,M,10.049999999999999
TEX,NA,10,-16.00,0,M,10.049999999999999
TEX,NA,11,-17.00,0,M,12.059999999999999
TEX,NA,11,-18.00,0,M,12.059999999999999
TEX,NA,10,-19.00,0,M,10.049999999999999
TEX,NA,10,-17.00,0,M,10.049999999999999
TEX,NA,11,-15.00,0,M,12.059999999999999
TEX,NA,10,-15.00,0,M,10.049999999999999
TEX,NA,10,-13.00,0,M,10.049999999999999
TEX,NA,10,-12.00,0,M,10.049999999999999
TEX,NA,10,-13.00,0,M,10.049999999999999
TEX,NA,8,-11.00,0,M,6.029999999999999
TEX,NA,8,-10.00,0,M,6.029999999999999
TEX,NA,7,-12.00,0,M,4.02
TEX,NA,7,-7.00,0,M,4.02
TEX,NA,5,-4.00,0,M,0
TEX,NA,6,-5.00,0,M,2.01
TEX,NA,4,-3.00,0,M,0
TEX,NA,2,-1.00,0,M,0
TEX,NA,2,-1.00,0,M,0
TEX,NA,3,-1.00,0,M,0
TEX,NA,4,-2.00,0,M,0
TEX,NA,5,-3.00,0,M,0
TEX,NA,4,-1.00,0,M,0
TEX,NA,3,-1.00,0,M,0
TEX,NA,3,-1.00,0,M,0
TEX,NA,3,-1.00,0,M,0
TEX,NA,3,-2.00,0,M,0
TEX,NA,3,-2.00,0,M,0
TEX,NA,3,-2.00,0,M,0
TEX,NA,3,-2.00,0,M,0
TEX,NA,3,-2.00,0,M,0
TEX,NA,2,-2.00,0,M,0
TEX,NA,2,-3.00,0,M,0
TEX,NA,2,-2.00,0,M,0
TEX,NA,2,-2.00,0,M,0
TEX,NA,2,-2.00,0,M,0
TEX,NA,2,-2.00,0,M,0
TEX,NA,2,-2.00,0,M,0
TEX,NA,2,-3.00,0,M,0
TEX,NA,2,-2.00,0,M,0
TEX,NA,2,-2.00,0,M,0
TEX,NA,2,-2.00,0,M,0
TEX,NA,2,-2.00,0,M,0
TEX,NA,2,-3.00,0,M,0
TEX,NA,2,-2.00,0,M,0
TEX,NA,2,-2.00,0,M,0
TEX,NA,1,-2.00,0,M,0
TEX,NA,2,-2.00,0,M,0
TEX,NA,2,-1.00,0,M,0
TEX,NA,1,-1.00,0,M,0
TEX,NA,1,-2.00,0,M,0
TEX,NA,2,-2.00,0,M,0
TEX,NA,2,-3.00,0,M,0
TEX,NA,2,-2.00,0,M,0
TEX,NA,2,-2.00,0,M,0
TEX,NA,2,-2.00,0,M,0
TEX,NA,1,-1.00,0,M,0
TEX,NA,1,-1.00,0,M,0
TEX,NA,1,-1.00,0,M,0
TEX,NA,1,-1.00,0,M,0
TEX,NA,1,-1.00,0,M,0
TEX,NA,1,-1.00,0,M,0
TEX,NA,1,0.00,0,M,0
TEX,NA,1,0.00,0,M,0
TEX,NA,1,-1.00,0,M,0
TEX,NA,2,0.00,0,M,0
TEX,NA,2,-1.00,0,M,0
TEX,NA,3,-1.00,0,M,0
TEX,NA,3,-2.00,0,M,0
TEX,NA,5,-2.00,0,M,0
TEX,NA,5,-3.00,0,M,0
TEX,NA,5,-2.00,0,M,0
TEX,NA,5,-1.00,0,M,0
TEX,NA,6,-2.00,0,M,2.01
TEX,NA,6,-3.00,0,M,2.01
TEX,NA,7,-5.00,0,M,4.02
TEX,NA,7,-7.00,0,M,4.02
TEX,NA,6,-6.00,0,M,2.01
TEX,NA,7,-5.00,0,M,4.02
TEX,NA,6,-4.00,0,M,2.01
TEX,NA,5,-3.00,0,M,0
TEX,NA,6,-3.00,0,M,2.01
TEX,NA,4,-1.00,0,M,0
TEX,NA,4,-1.00,0,M,0
TEX,NA,5,-1.00,0,M,0
TEX,NA,5,-2.00,0,M,0
TEX,NA,5,-3.00,0,M,0
TEX,NA,4,-1.00,0,M,0
TEX,NA,1,0.00,0,M,0
TEX,NA,1,0.00,0,M,0
TEX,NA,1,0.00,0,M,0
TEX,NA,1,0.00,0,M,0
TEX,NA,1,0.00,0,M,0
TEX,NA,1,0.00,0,M,0
TEX,NA,2,0.00,0.76,M,0
TEX,NA,3,0.00,1.52,M,0
TEX,NA,3,0.00,1.52,M,0
TEX,NA,3,0.00,0,M,0
TEX,NA,2,-1.00,0,M,0
TEX,NA,1,0.00,0,M,0
TEX,NA,1,0.00,0,M,0
TEX,NA,2,0.00,0,M,0
TEX,NA,3,-1.00,0,M,0
TEX,NA,2,-1.00,0,M,0
TEX,NA,1,0.00,0,M,0
TEX,NA,2,0.00,0,M,0
TEX,NA,2,0.00,0,M,0
TEX,NA,1,0.00,0,M,0
TEX,NA,1,0.00,0,M,0
TEX,NA,1,0.00,0,M,0
TEX,NA,1,0.00,0,M,0
TEX,NA,0,0.00,0,M,0
TEX,NA,0,0.00,0,M,0
TEX,NA,1,0.00,0,M,0
TEX,NA,1,0.00,0,M,0
TEX,NA,1,-1.00,0,M,0
TEX,NA,1,-2.00,0,M,0
TEX,NA,1,-1.00,0,M,0
TEX,NA,0,0.00,0,M,0
TEX,NA,0,0.00,0,M,0
TEX,NA,0,0.00,0,M,0
TEX,NA,0,0.00,0,M,0
TEX,NA,0,0.00,0,M,0
TEX,NA,0,0.00,0,M,0
TEX,NA,0,0.00,0,M,0
TEX,NA,0,0.00,0,M,0
TEX,NA,0,-1.00,0,M,0
TEX,NA,0,-1.00,0,M,0
TEX,NA,0,-1.00,0,M,0
TEX,NA,0,-1.00,0,M,0
TEX,NA,0,-1.00,0,M,0
TEX,NA,0,-1.00,0,M,0
TEX,NA,0,-1.00,0,M,0
TEX,NA,0,-2.00,0,M,0
TEX,NA,0,-1.00,0,M,0
TEX,NA,0,-1.00,0,M,0
TEX,NA,0,-1.00,0,M,0
TEX,NA,0,-1.00,0,M,0
TEX,NA,0,-1.00,0,M,0
TEX,NA,0,-1.00,0,M,0
TEX,NA,0,-1.00,0,M,0
TEX,NA,1,0.00,0.25,M,0
TEX,NA,1,-1.00,0.25,M,0
TEX,NA,1,-1.00,0.25,M,0
TEX,NA,1,-1.00,0.25,M,0
TEX,NA,0,-1.00,0,M,0
TEX,NA,0,-1.00,0,M,0
TEX,NA,0,-1.00,0,M,0
TEX,NA,0,0.00,0.25,M,0
TEX,NA,0,-1.00,0.25,M,0
TEX,NA,0,-1.00,0.25,M,0
TEX,NA,0,-1.00,0,M,0
TEX,NA,0,0.00,0,M,0
TEX,NA,1,0.00,0,M,0
TEX,NA,1,0.00,0,M,0
TEX,NA,1,0.00,0,M,0
TEX,NA,1,-1.00,0,M,0
TEX,NA,1,-1.00,0,M,0
TEX,NA,1,-1.00,0,M,0
TEX,NA,1,-1.00,0,M,0
TEX,NA,1,-1.00,0,M,0
TEX,NA,1,0.00,0,M,0
TEX,NA,1,0.00,0,M,0
TEX,NA,1,0.00,0,M,0
TEX,NA,1,-1.00,0,M,0
TEX,NA,1,-1.00,0,M,0
TEX,NA,1,0.00,0,M,0
TEX,NA,1,0.00,0,M,0
TEX,NA,1,0.00,0,M,0
TEX,NA,1,0.00,0,M,0
TEX,NA,0,-1.00,0,M,0
TEX,NA,0,0.00,0,M,0
TEX,NA,0,0.00,0,M,0
TEX,NA,0,0.00,0,M,0
TEX,NA,0,0.00,0,M,0
TEX,NA,0,0.00,0,M,0
TEX,NA,0,0.00,0,M,0
TEX,NA,0,0.00,0,M,0
TEX,NA,0,0.00,0,M,0
TEX,NA,0,0.00,0,M,0
TEX,NA,0,0.00,0,M,0
TEX,NA,0,0.00,0,M,0
TEX,NA,0,0.00,0.25,M,0
TEX,NA,0,0.00,0.25,M,0
TEX,NA,0,0.00,0,M,0
TEX,NA,0,0.00,0,M,0
TEX,NA,0,0.00,0,M,0
TEX,NA,0,0.00,0,M,0
TEX,NA,0,0.00,0,M,0
TEX,NA,0,0.00,0,M,0
TEX,NA,0,0.00,0,M,0
TEX,NA,0,0.00,0,M,0
TEX,NA,0,0.00,0,M,0
TEX,NA,0,0.00,0,M,0
TEX,NA,0,0.00,0,M,0
TEX,NA,0,0.00,0,M,0
TEX,NA,0,0.00,0,M,0
TEX,NA,0,0.00,0,M,0
TEX,NA,0,0.00,0,M,0
TEX,NA,0,0.00,0,M,0
TEX,NA,0,0.00,0,M,0
TEX,NA,0,0.00,0,M,0
TEX,NA,0,0.00,0,M,0
TEX,NA,0,-1.00,0,M,0
TEX,NA,0,-1.00,0,M,0
TEX,NA,0,-1.00,0,M,0
TEX,NA,0,-1.00,0,M,0
TEX,NA,0,-2.00,0,M,0
TEX,NA,0,-2.00,0,M,0
TEX,NA,0,-2.00,0,M,0
TEX,NA,1,-1.00,0,M,0
TEX,NA,1,-2.00,0,M,0
TEX,NA,1,-1.00,0,M,0
TEX,NA,2,-1.00,1.02,M,0
TEX,NA,2,-1.00,0.76,M,0
TEX,NA,3,-2.00,1.02,M,0
TEX,NA,3,-2.00,1.02,M,0
TEX,NA,3,-3.00,0,M,0
TEX,NA,4,-5.00,0,M,0
TEX,NA,4,-3.00,0,M,0
TEX,NA,4,-5.00,0,M,0
TEX,NA,5,-5.00,0,M,0
TEX,NA,5,-6.00,0,M,0
TEX,NA,6,-6.00,0,M,2.01
TEX,NA,6,-6.00,0,M,2.01
TEX,NA,6,-6.00,0,M,2.01
TEX,NA,7,-5.00,0,M,4.02
TEX,NA,6,-6.00,0,M,2.01
TEX,NA,7,-7.00,0,M,4.02
TEX,NA,5,-3.00,0,M,0
TEX,NA,2,0.00,0,M,0
TEX,NA,1,0.00,0,M,0
TEX,NA,1,0.00,0.51,M,0
TEX,NA,2,0.00,1.02,M,0
TEX,NA,2,0.00,1.02,M,0
TEX,NA,3,0.00,0,M,0
TEX,NA,3,0.00,0,M,0
TEX,NA,3,0.00,0,M,0
TEX,NA,3,0.00,0,M,0
TEX,NA,3,0.00,0,M,0
TEX,NA,4,0.00,0,M,0
TEX,NA,4,0.00,0,M,0
TEX,NA,4,-1.00,0,M,0
TEX,NA,4,-1.00,0,M,0
TEX,NA,3,0.00,0,M,0
TEX,NA,3,0.00,0,M,0
TEX,NA,2,0.00,0,M,0
TEX,NA,2,0.00,0,M,0
TEX,NA,2,0.00,0,M,0
TEX,NA,2,0.00,0,M,0
TEX,NA,2,0.00,0,M,0
TEX,NA,2,0.00,0,M,0
TEX,NA,2,0.00,0,M,0
TEX,NA,1,-1.00,0,M,0
TEX,NA,1,-1.00,0,M,0
TEX,NA,1,-1.00,0,M,0
TEX,NA,1,-1.00,0,M,0
TEX,NA,1,-1.00,0,M,0
TEX,NA,0,-1.00,0,M,0
TEX,NA,0,-2.00,0,M,0
TEX,NA,0,-1.00,0,M,0
TEX,NA,0,-2.00,0,M,0
TEX,NA,0,-2.00,0,M,0
TEX,NA,0,-2.00,0,M,0
TEX,NA,0,-2.00,0,M,0
TEX,NA,0,-2.00,0,M,0
TEX,NA,0,-3.00,0,M,0
TEX,NA,0,-3.00,0,M,0
TEX,NA,0,-3.00,0,M,0
TEX,NA,0,-3.00,0,M,0
TEX,NA,0,-3.00,0,M,0
TEX,NA,0,-3.00,0,M,0
TEX,NA,0,-4.00,0,M,0
TEX,NA,0,-4.00,0,M,0
TEX,NA,0,-4.00,0,M,0
TEX,NA,0,-4.00,0,M,0
TEX,NA,0,-4.00,0,M,0
TEX,NA,0,-4.00,0,M,0
TEX,NA,0,-3.00,0,M,0
TEX,NA,1,-3.00,0,M,0
TEX,NA,1,-2.00,0,M,0
TEX,NA,2,-2.00,0,M,0
TEX,NA,2,-3.00,0,M,0
TEX,NA,3,-2.00,0,M,0
TEX,NA,3,-2.00,0,M,0
TEX,NA,4,-2.00,0,M,0
TEX,NA,5,-4.00,0,M,0
TEX,NA,6,-6.00,0,M,2.01
TEX,NA,7,-6.00,0,M,4.02
TEX,NA,7,-5.00,0,M,4.02
TEX,NA,7,-5.00,0,M,4.02
TEX,NA,7,-6.00,0,M,4.02
TEX,NA,7,-6.00,0,M,4.02
TEX,NA,8,-6.00,0,M,6.029999999999999
TEX,NA,9,-6.00,0,M,8.04
TEX,NA,10,-6.00,0,M,10.049999999999999
TEX,NA,8,-6.00,0,M,6.029999999999999
TEX,NA,9,-6.00,0,M,8.04
TEX,NA,9,-6.00,0,M,8.04
TEX,NA,10,-5.00,0,M,10.049999999999999
TEX,NA,10,-6.00,0,M,10.049999999999999
TEX,NA,10,-6.00,0,M,10.049999999999999
TEX,NA,11,-7.00,0,M,12.059999999999999
TEX,NA,11,-7.00,0,M,12.059999999999999
TEX,NA,10,-6.00,0,M,10.049999999999999
TEX,NA,11,-7.00,0,M,12.059999999999999
TEX,NA,11,-8.00,0,M,12.059999999999999
TEX,NA,11,-7.00,0,M,12.059999999999999
TEX,NA,11,-8.00,0,M,12.059999999999999
TEX,NA,11,-8.00,0,M,12.059999999999999
TEX,NA,11,-8.00,0,M,12.059999999999999
TEX,NA,11,-9.00,0,M,12.059999999999999
TEX,NA,10,-9.00,0,M,10.049999999999999
TEX,NA,10,-10.00,0,M,10.049999999999999
TEX,NA,10,-11.00,0,M,10.049999999999999
TEX,NA,10,-10.00,0,M,10.049999999999999
TEX,NA,8,-9.00,0,M,6.029999999999999
TEX,NA,8,-9.00,0,M,6.029999999999999
TEX,NA,8,-9.00,0,M,6.029999999999999
TEX,NA,7,-8.00,0,M,4.02
TEX,NA,7,-8.00,0,M,4.02
TEX,NA,7,-7.00,0,M,4.02
TEX,NA,6,-7.00,0,M,2.01
TEX,NA,6,-7.00,0,M,2.01
TEX,NA,6,-7.00,0,M,2.01
TEX,NA,6,-7.00,0,M,2.01
TEX,NA,5,-6.00,0,M,0
TEX,NA,6,-7.00,0,M,2.01
TEX,NA,6,-6.00,0,M,2.01
TEX,NA,7,-7.00,0,M,4.02
TEX,NA,6,-7.00,0,M,2.01
TEX,NA,6,-6.00,0,M,2.01
TEX,NA,6,-6.00,0,M,2.01
TEX,NA,5,-7.00,0,M,0
TEX,NA,6,-7.00,0,M,2.01
TEX,NA,7,-7.00,0,M,4.02
TEX,NA,6,-7.00,0,M,2.01
TEX,NA,6,-7.00,0,M,2.01
TEX,NA,6,-7.00,0,M,2.01
TEX,NA,7,-7.00,0,M,4.02
TEX,NA,7,-7.00,0,M,4.02
TEX,NA,7,-7.00,0,M,4.02
TEX,NA,7,-7.00,0,M,4.02
TEX,NA,6,-7.00,0,M,2.01
TEX,NA,6,-7.00,0,M,2.01
TEX,NA,6,-7.00,0,M,2.01
TEX,NA,6,-8.00,0,M,2.01
TEX,NA,4,-6.00,0,M,0
TEX,NA,5,-7.00,0,M,0
TEX,NA,5,-6.00,0,M,0
TEX,NA,5,-7.00,0,M,0
TEX,NA,6,-7.00,0,M,2.01
TEX,NA,6,-6.00,0,M,2.01
TEX,NA,7,-7.00,0,M,4.02
TEX,NA,8,-7.00,0,M,6.029999999999999
TEX,NA,8,-9.00,0,M,6.029999999999999
TEX,NA,9,-8.00,0,M,8.04
TEX,NA,10,-9.00,0,M,10.049999999999999
TEX,NA,10,-11.00,0,M,10.049999999999999
TEX,NA,10,-11.00,0,M,10.049999999999999
TEX,NA,11,-14.00,0,M,12.059999999999999
TEX,NA,11,-13.00,0,M,12.059999999999999
TEX,NA,11,-16.00,0,M,12.059999999999999
TEX,NA,12,-16.00,0,M,14.069999999999999
TEX,NA,12,-15.00,0,M,14.069999999999999
TEX,NA,12,-17.00,0,M,14.069999999999999
TEX,NA,12,-22.00,0,M,14.069999999999999
TEX,NA,12,-18.00,0,M,14.069999999999999
TEX,NA,13,-15.00,0,M,16.08
TEX,NA,14,-12.00,0,M,18.089999999999996
TEX,NA,13,-17.00,0,M,16.08
TEX,NA,13,-17.00,0,M,16.08
TEX,NA,13,-17.00,0,M,16.08
TEX,NA,14,-17.00,0,M,18.089999999999996
TEX,NA,14,-16.00,0,M,18.089999999999996
TEX,NA,14,-16.00,0,M,18.089999999999996
TEX,NA,15,-15.00,0,M,20.099999999999998
TEX,NA,15,-16.00,0,M,20.099999999999998
TEX,NA,14,-20.00,0,M,18.089999999999996
TEX,NA,14,-20.00,0,M,18.089999999999996
TEX,NA,14,-20.00,0,M,18.089999999999996
TEX,NA,14,-22.00,0,M,18.089999999999996
TEX,NA,13,-23.00,0,M,16.08
TEX,NA,13,-22.00,0,M,16.08
TEX,NA,13,-25.00,0,M,16.08
TEX,NA,13,-22.00,0,M,16.08
TEX,NA,12,-22.00,0,M,14.069999999999999
TEX,NA,12,-20.00,0,M,14.069999999999999
TEX,NA,11,-18.00,0,M,12.059999999999999
TEX,NA,11,-21.00,0,M,12.059999999999999
TEX,NA,10,-20.00,0,M,10.049999999999999
TEX,NA,10,-18.00,0,M,10.049999999999999
TEX,NA,8,-14.00,0,M,6.029999999999999
TEX,NA,8,-14.00,0,M,6.029999999999999
TEX,NA,8,-14.00,0,M,6.029999999999999
TEX,NA,7,-13.00,0,M,4.02
TEX,NA,7,-13.00,0,M,4.02
TEX,NA,7,-12.00,0,M,4.02
TEX,NA,7,-12.00,0,M,4.02
TEX,NA,7,-12.00,0,M,4.02
TEX,NA,8,-12.00,0,M,6.029999999999999
TEX,NA,8,-13.00,0,M,6.029999999999999
TEX,NA,8,-12.00,0,M,6.029999999999999
TEX,NA,8,-12.00,0,M,6.029999999999999
TEX,NA,7,-11.00,0,M,4.02
TEX,NA,8,-12.00,0,M,6.029999999999999
TEX,NA,8,-12.00,0,M,6.029999999999999
TEX,NA,8,-12.00,0,M,6.029999999999999
TEX,NA,8,-11.00,0,M,6.029999999999999
TEX,NA,8,-11.00,0,M,6.029999999999999
TEX,NA,8,-11.00,0,M,6.029999999999999
TEX,NA,8,-11.00,0,M,6.029999999999999
TEX,NA,8,-10.00,0,M,6.029999999999999
TEX,NA,8,-10.00,0,M,6.029999999999999
TEX,NA,7,-10.00,0,M,4.02
TEX,NA,7,-8.00,0,M,4.02
TEX,NA,7,-9.00,0,M,4.02
TEX,NA,7,-9.00,0,M,4.02
TEX,NA,6,-8.00,0,M,2.01
TEX,NA,6,-8.00,0,M,2.01
TEX,NA,6,-7.00,0,M,2.01
TEX,NA,5,-6.00,0,M,0
TEX,NA,5,-6.00,0,M,0
TEX,NA,5,-6.00,0,M,0
TEX,NA,6,-6.00,0,M,2.01
TEX,NA,6,-5.00,0,M,2.01
TEX,NA,7,-5.00,0,M,4.02
TEX,NA,8,-6.00,0,M,6.029999999999999
TEX,NA,8,-6.00,0,M,6.029999999999999
TEX,NA,8,-6.00,0,M,6.029999999999999
TEX,NA,9,-7.00,0,M,8.04
TEX,NA,10,-7.00,0,M,10.049999999999999
TEX,NA,11,-8.00,0,M,12.059999999999999
TEX,NA,11,-8.00,0,M,12.059999999999999
TEX,NA,11,-9.00,0,M,12.059999999999999
TEX,NA,12,-9.00,0,M,14.069999999999999
TEX,NA,11,-9.00,0,M,12.059999999999999
TEX,NA,11,-9.00,0,M,12.059999999999999
TEX,NA,11,-8.00,0,M,12.059999999999999
TEX,NA,11,-9.00,0,M,12.059999999999999
TEX,NA,NA,M,0,M,NA
TEX,NA,12,-10.00,0,M,14.069999999999999
TEX,NA,12,-11.00,0,M,14.069999999999999
TEX,NA,12,-10.00,0,M,14.069999999999999
TEX,NA,10,-7.00,0,M,10.049999999999999
TEX,NA,12,-7.00,0,M,14.069999999999999
TEX,NA,12,-8.00,0,M,14.069999999999999
TEX,NA,11,-8.00,0,M,12.059999999999999
TEX,NA,11,-8.00,0,M,12.059999999999999
TEX,NA,10,-6.00,0,M,10.049999999999999
TEX,NA,7,-2.00,0,M,4.02
TEX,NA,9,-3.00,0,M,8.04
TEX,NA,6,0.00,0,M,2.01
TEX,NA,5,0.00,0,M,0
TEX,NA,5,0.00,0,M,0
TEX,NA,5,0.00,0,M,0
TEX,NA,5,0.00,0,M,0
TEX,NA,5,1.00,0,M,0
TEX,NA,5,1.00,0.25,M,0
TEX,NA,3,1.00,0.76,M,0
TEX,NA,3,1.00,0.51,M,0
TEX,NA,3,1.00,0.51,M,0
TEX,NA,3,1.00,0.51,M,0
TEX,NA,3,1.00,0,M,0
TEX,NA,3,1.00,0,M,0
TEX,NA,3,1.00,0,M,0
TEX,NA,3,1.00,0,M,0
TEX,NA,3,1.00,0,M,0
TEX,NA,3,1.00,0,M,0
TEX,NA,3,1.00,0,M,0
TEX,NA,3,1.00,0,M,0
TEX,NA,2,0.00,0.25,M,0
TEX,NA,2,-1.00,0,M,0
TEX,NA,1,-2.00,0,M,0
TEX,NA,1,-2.00,0,M,0
TEX,NA,1,-2.00,0,M,0
TEX,NA,1,-2.00,0,M,0
TEX,NA,0,-2.00,0,M,0
TEX,NA,0,-3.00,0,M,0
TEX,NA,0,-3.00,0,M,0
TEX,NA,1,-2.00,0,M,0
TEX,NA,0,-2.00,0,M,0
TEX,NA,0,-2.00,0,M,0
TEX,NA,0,-3.00,0,M,0
TEX,NA,0,-3.00,0,M,0
TEX,NA,0,-3.00,0,M,0
TEX,NA,0,-5.00,0,M,0
TEX,NA,0,-5.00,0,M,0
TEX,NA,-1,-5.00,0,M,0
TEX,NA,-1,-5.00,0,M,0
TEX,NA,-1,-5.00,0,M,0
TEX,NA,-1,-6.00,0,M,0
TEX,NA,-1,-6.00,0,M,0
TEX,NA,0,-5.00,0,M,0
TEX,NA,0,-6.00,0,M,0
TEX,NA,0,-7.00,0,M,0
TEX,NA,1,-6.00,0,M,0
TEX,NA,1,-6.00,0,M,0
TEX,NA,2,-6.00,0,M,0
TEX,NA,3,-7.00,0,M,0
TEX,NA,5,-11.00,0,M,0
TEX,NA,5,-18.00,0,M,0
TEX,NA,6,-15.00,0,M,2.01
TEX,NA,6,-17.00,0,M,2.01
TEX,NA,7,-15.00,0,M,4.02
TEX,NA,7,-16.00,0,M,4.02
TEX,NA,8,-15.00,0,M,6.029999999999999
TEX,NA,8,-16.00,0,M,6.029999999999999
TEX,NA,8,-17.00,0,M,6.029999999999999
TEX,NA,8,-15.00,0,M,6.029999999999999
TEX,NA,8,-17.00,0,M,6.029999999999999
TEX,NA,10,-16.00,0,M,10.049999999999999
TEX,NA,10,-19.00,0,M,10.049999999999999
TEX,NA,10,-19.00,0,M,10.049999999999999
TEX,NA,10,-20.00,0,M,10.049999999999999
TEX,NA,10,-19.00,0,M,10.049999999999999
TEX,NA,10,-20.00,0,M,10.049999999999999
TEX,NA,10,-18.00,0,M,10.049999999999999
TEX,NA,10,-18.00,0,M,10.049999999999999
TEX,NA,10,-18.00,0,M,10.049999999999999
TEX,NA,11,-19.00,0,M,12.059999999999999
TEX,NA,11,-19.00,0,M,12.059999999999999
TEX,NA,11,-19.00,0,M,12.059999999999999
TEX,NA,11,-18.00,0,M,12.059999999999999
TEX,NA,11,-18.00,0,M,12.059999999999999
TEX,NA,10,-18.00,0,M,10.049999999999999
TEX,NA,10,-17.00,0,M,10.049999999999999
TEX,NA,10,-17.00,0,M,10.049999999999999
TEX,NA,10,-17.00,0,M,10.049999999999999
TEX,NA,9,-17.00,0,M,8.04
TEX,NA,8,-17.00,0,M,6.029999999999999
TEX,NA,8,-16.00,0,M,6.029999999999999
TEX,NA,8,-16.00,0,M,6.029999999999999
TEX,NA,7,-16.00,0,M,4.02
TEX,NA,7,-15.00,0,M,4.02
TEX,NA,7,-16.00,0,M,4.02
TEX,NA,6,-15.00,0,M,2.01
TEX,NA,6,-15.00,0,M,2.01
TEX,NA,6,-15.00,0,M,2.01
TEX,NA,5,-14.00,0,M,0
TEX,NA,5,-15.00,0,M,0
TEX,NA,5,-14.00,0,M,0
TEX,NA,5,-14.00,0,M,0
TEX,NA,4,-14.00,0,M,0
TEX,NA,4,-15.00,0,M,0
TEX,NA,4,-15.00,0,M,0
TEX,NA,4,-14.00,0,M,0
TEX,NA,3,-12.00,0,M,0
TEX,NA,3,-12.00,0,M,0
TEX,NA,3,-13.00,0,M,0
TEX,NA,3,-12.00,0,M,0
TEX,NA,3,-13.00,0,M,0
TEX,NA,2,-12.00,0,M,0
TEX,NA,2,-12.00,0,M,0
TEX,NA,2,-13.00,0,M,0
TEX,NA,3,-13.00,0,M,0
TEX,NA,3,-13.00,0,M,0
TEX,NA,3,-12.00,0,M,0
TEX,NA,3,-12.00,0,M,0
TEX,NA,4,-13.00,0,M,0
TEX,NA,5,-13.00,0,M,0
TEX,NA,5,-12.00,0,M,0
TEX,NA,4,-13.00,0,M,0
TEX,NA,4,-13.00,0,M,0
TEX,NA,3,-12.00,0,M,0
TEX,NA,5,-12.00,0,M,0
TEX,NA,5,-12.00,0,M,0
TEX,NA,6,-14.00,0,M,2.01
TEX,NA,6,-14.00,0,M,2.01
TEX,NA,7,-16.00,0,M,4.02
TEX,NA,7,-13.00,0,M,4.02
TEX,NA,7,-14.00,0,M,4.02
TEX,NA,10,-16.00,0,M,10.049999999999999
TEX,NA,9,-18.00,0,M,8.04
TEX,NA,9,-18.00,0,M,8.04
TEX,NA,10,-17.00,0,M,10.049999999999999
TEX,NA,11,-17.00,0,M,12.059999999999999
TEX,NA,12,-16.00,0,M,14.069999999999999
TEX,NA,12,-15.00,0,M,14.069999999999999
TEX,NA,12,-16.00,0,M,14.069999999999999
TEX,NA,12,-16.00,0,M,14.069999999999999
TEX,NA,12,-16.00,0,M,14.069999999999999
TEX,NA,12,-16.00,0,M,14.069999999999999
TEX,NA,12,-17.00,0,M,14.069999999999999
TEX,NA,12,-18.00,0,M,14.069999999999999
TEX,NA,12,-18.00,0,M,14.069999999999999
TEX,NA,13,-18.00,0,M,16.08
TEX,NA,12,-17.00,0,M,14.069999999999999
TEX,NA,12,-16.00,0,M,14.069999999999999
TEX,NA,13,-19.00,0,M,16.08
TEX,NA,12,-16.00,0,M,14.069999999999999
TEX,NA,12,-17.00,0,M,14.069999999999999
TEX,NA,12,-16.00,0,M,14.069999999999999
TEX,NA,12,-16.00,0,M,14.069999999999999
TEX,NA,12,-16.00,0,M,14.069999999999999
TEX,NA,12,-15.00,0,M,14.069999999999999
TEX,NA,12,-15.00,0,M,14.069999999999999
TEX,NA,13,-16.00,0,M,16.08
TEX,NA,12,-15.00,0,M,14.069999999999999
TEX,NA,12,-15.00,0,M,14.069999999999999
TEX,NA,12,-15.00,0,M,14.069999999999999
TEX,NA,12,-14.00,0,M,14.069999999999999
TEX,NA,12,-13.00,0,M,14.069999999999999
TEX,NA,11,-13.00,0,M,12.059999999999999
TEX,NA,11,-13.00,0,M,12.059999999999999
TEX,NA,10,-11.00,0,M,10.049999999999999
TEX,NA,10,-11.00,0,M,10.049999999999999
TEX,NA,9,-10.00,0,M,8.04
TEX,NA,8,-10.00,0,M,6.029999999999999
TEX,NA,8,-9.00,0,M,6.029999999999999
TEX,NA,7,-9.00,0,M,4.02
TEX,NA,7,-9.00,0,M,4.02
TEX,NA,7,-9.00,0,M,4.02
TEX,NA,6,-8.00,0,M,2.01
TEX,NA,6,-8.00,0,M,2.01
TEX,NA,5,-7.00,0,M,0
TEX,NA,5,-7.00,0,M,0
TEX,NA,4,-7.00,0,M,0
TEX,NA,3,-7.00,0,M,0
TEX,NA,3,-7.00,0,M,0
TEX,NA,2,-6.00,0,M,0
TEX,NA,3,-7.00,0,M,0
TEX,NA,2,-6.00,0,M,0
TEX,NA,2,-7.00,0,M,0
TEX,NA,2,-7.00,0,M,0
TEX,NA,2,-7.00,0,M,0
TEX,NA,1,-7.00,0,M,0
TEX,NA,1,-6.00,0,M,0
TEX,NA,1,-6.00,0,M,0
TEX,NA,1,-7.00,0,M,0
TEX,NA,1,-7.00,0,M,0
TEX,NA,1,-7.00,0,M,0
TEX,NA,1,-7.00,0,M,0
TEX,NA,1,-7.00,0,M,0
TEX,NA,1,-7.00,0,M,0
TEX,NA,2,-7.00,0,M,0
TEX,NA,2,-8.00,0,M,0
TEX,NA,3,-8.00,0,M,0
TEX,NA,3,-7.00,0,M,0
TEX,NA,4,-7.00,0,M,0
TEX,NA,5,-8.00,0,M,0
TEX,NA,5,-7.00,0,M,0
TEX,NA,7,-7.00,0,M,4.02
TEX,NA,8,-8.00,0,M,6.029999999999999
TEX,NA,10,-7.00,0,M,10.049999999999999
TEX,NA,12,-12.00,0,M,14.069999999999999
TEX,NA,12,-13.00,0,M,14.069999999999999
TEX,NA,13,-14.00,0,M,16.08
TEX,NA,13,-15.00,0,M,16.08
TEX,NA,13,-15.00,0,M,16.08
TEX,NA,14,-16.00,0,M,18.089999999999996
TEX,NA,13,-15.00,0,M,16.08
TEX,NA,13,-14.00,0,M,16.08
TEX,NA,14,-14.00,0,M,18.089999999999996
TEX,NA,14,-13.00,0,M,18.089999999999996
TEX,NA,14,-15.00,0,M,18.089999999999996
TEX,NA,12,-11.00,0,M,14.069999999999999
TEX,NA,13,-12.00,0,M,16.08
TEX,NA,12,-10.00,0,M,14.069999999999999
TEX,NA,12,-10.00,0,M,14.069999999999999
TEX,NA,12,-9.00,0,M,14.069999999999999
TEX,NA,13,-8.00,0,M,16.08
TEX,NA,12,-8.00,0,M,14.069999999999999
TEX,NA,11,-7.00,0,M,12.059999999999999
TEX,NA,12,-7.00,0,M,14.069999999999999
TEX,NA,13,-7.00,0,M,16.08
TEX,NA,13,-12.00,0,M,16.08
TEX,NA,14,-17.00,0,M,18.089999999999996
TEX,NA,14,-16.00,0,M,18.089999999999996
TEX,NA,13,-15.00,0,M,16.08
TEX,NA,13,-13.00,0,M,16.08
TEX,NA,13,-13.00,0,M,16.08
TEX,NA,13,-11.00,0,M,16.08
TEX,NA,12,-13.00,0,M,14.069999999999999
TEX,NA,11,-7.00,0,M,12.059999999999999
TEX,NA,10,-7.00,0,M,10.049999999999999
TEX,NA,10,-6.00,0,M,10.049999999999999
TEX,NA,10,-5.00,0,M,10.049999999999999
TEX,NA,10,-6.00,0,M,10.049999999999999
TEX,NA,10,-6.00,0,M,10.049999999999999
TEX,NA,10,-6.00,0,M,10.049999999999999
TEX,NA,10,-6.00,0,M,10.049999999999999
TEX,NA,10,-5.00,0,M,10.049999999999999
TEX,NA,9,-4.00,0,M,8.04
TEX,NA,9,-3.00,0,M,8.04
TEX,NA,9,-3.00,0,M,8.04
TEX,NA,9,-4.00,0,M,8.04
TEX,NA,9,-4.00,0,M,8.04
TEX,NA,9,-4.00,0,M,8.04
TEX,NA,8,-4.00,0,M,6.029999999999999
TEX,NA,9,-5.00,0,M,8.04
TEX,NA,9,-6.00,0,M,8.04
TEX,NA,9,-6.00,0,M,8.04
TEX,NA,10,-7.00,0,M,10.049999999999999
TEX,NA,9,-6.00,0,M,8.04
TEX,NA,9,-6.00,0,M,8.04
TEX,NA,8,-6.00,0,M,6.029999999999999
TEX,NA,8,-5.00,0,M,6.029999999999999
TEX,NA,8,-5.00,0,M,6.029999999999999
TEX,NA,8,-5.00,0,M,6.029999999999999
TEX,NA,8,-5.00,0,M,6.029999999999999
TEX,NA,8,-6.00,0,M,6.029999999999999
TEX,NA,8,-6.00,0,M,6.029999999999999
TEX,NA,8,-6.00,0,M,6.029999999999999
TEX,NA,7,-6.00,0,M,4.02
TEX,NA,7,-6.00,0,M,4.02
TEX,NA,7,-6.00,0,M,4.02
TEX,NA,7,-7.00,0,M,4.02
TEX,NA,7,-7.00,0,M,4.02
TEX,NA,7,-7.00,0,M,4.02
TEX,NA,7,-7.00,0,M,4.02
TEX,NA,7,-7.00,0,M,4.02
TEX,NA,8,-8.00,0,M,6.029999999999999
TEX,NA,9,-8.00,0,M,8.04
TEX,NA,9,-8.00,0,M,8.04
TEX,NA,10,-7.00,0,M,10.049999999999999
TEX,NA,10,-7.00,0,M,10.049999999999999
TEX,NA,10,-7.00,0,M,10.049999999999999
TEX,NA,10,-7.00,0,M,10.049999999999999
TEX,NA,10,-8.00,0,M,10.049999999999999
TEX,NA,10,-8.00,0,M,10.049999999999999
TEX,NA,11,-8.00,0,M,12.059999999999999
TEX,NA,10,-9.00,0,M,10.049999999999999
TEX,NA,11,-10.00,0,M,12.059999999999999
TEX,NA,10,-11.00,0,M,10.049999999999999
TEX,NA,11,-11.00,0,M,12.059999999999999
TEX,NA,11,-12.00,0,M,12.059999999999999
TEX,NA,11,-12.00,0,M,12.059999999999999
TEX,NA,10,-10.00,0,M,10.049999999999999
TEX,NA,10,-9.00,0,M,10.049999999999999
TEX,NA,11,-9.00,0,M,12.059999999999999
TEX,NA,11,-8.00,0,M,12.059999999999999
TEX,NA,11,-7.00,0,M,12.059999999999999
TEX,NA,10,-6.00,0,M,10.049999999999999
TEX,NA,10,-6.00,0,M,10.049999999999999
TEX,NA,9,-4.00,0,M,8.04
TEX,NA,10,-6.00,0,M,10.049999999999999
TEX,NA,9,-6.00,0,M,8.04
TEX,NA,9,-6.00,0,M,8.04
TEX,NA,9,-6.00,0,M,8.04
TEX,NA,8,-6.00,0,M,6.029999999999999
TEX,NA,8,-5.00,0,M,6.029999999999999
TEX,NA,7,-3.00,0,M,4.02
TEX,NA,6,-2.00,0,M,2.01
TEX,NA,6,-1.00,0,M,2.01
TEX,NA,6,-2.00,0,M,2.01
TEX,NA,6,-2.00,0,M,2.01
TEX,NA,7,-2.00,0,M,4.02
TEX,NA,6,-1.00,0,M,2.01
TEX,NA,6,-1.00,0,M,2.01
TEX,NA,6,-1.00,0,M,2.01
TEX,NA,6,-1.00,0,M,2.01
TEX,NA,5,0.00,0,M,0
TEX,NA,5,0.00,0.25,M,0
TEX,NA,5,0.00,0.25,M,0
TEX,NA,4,0.00,0.25,M,0
TEX,NA,3,1.00,0.76,M,0
TEX,NA,4,0.00,0,M,0
TEX,NA,4,0.00,0,M,0
TEX,NA,3,0.00,0,M,0
TEX,NA,1,0.00,0,M,0
TEX,NA,1,-1.00,0.25,M,0
TEX,NA,0,-1.00,0.25,M,0
TEX,NA,0,-2.00,0,M,0
TEX,NA,0,-3.00,0,M,0
TEX,NA,-1,-5.00,0,M,0
TEX,NA,-1,-8.00,0,M,0
TEX,NA,-2,-7.00,0,M,0
TEX,NA,-2,-11.00,0,M,0
TEX,NA,-3,-11.00,0,M,0
TEX,NA,-3,-11.00,0,M,0
TEX,NA,-3,-10.00,0,M,0
TEX,NA,-3,-10.00,0,M,0
TEX,NA,-3,-10.00,0,M,0
TEX,NA,-3,-10.00,0,M,0
TEX,NA,-3,-8.00,0,M,0
TEX,NA,-4,-8.00,0,M,0
TEX,NA,-3,-9.00,0,M,0
TEX,NA,-4,-8.00,0,M,0
TEX,NA,-4,-8.00,0,M,0
TEX,NA,-4,-9.00,0,M,0
TEX,NA,-3,-11.00,0,M,0
TEX,NA,-3,-11.00,0,M,0
TEX,NA,-3,-11.00,0,M,0
TEX,NA,-3,-10.00,0,M,0
TEX,NA,-3,-10.00,0,M,0
TEX,NA,-2,-10.00,0,M,0
TEX,NA,-1,-12.00,0,M,0
TEX,NA,-1,-11.00,0,M,0
TEX,NA,-1,-11.00,0,M,0
TEX,NA,0,-10.00,0,M,0
TEX,NA,0,-10.00,0,M,0
TEX,NA,0,-11.00,0,M,0
TEX,NA,0,-12.00,0,M,0
TEX,NA,0,-11.00,0,M,0
TEX,NA,0,-11.00,0,M,0
TEX,NA,1,-11.00,0,M,0
TEX,NA,1,-11.00,0,M,0
TEX,NA,1,-10.00,0,M,0
TEX,NA,1,-11.00,0,M,0
TEX,NA,1,-11.00,0,M,0
TEX,NA,1,-11.00,0,M,0
TEX,NA,2,-11.00,0,M,0
TEX,NA,2,-11.00,0,M,0
TEX,NA,2,-11.00,0,M,0
TEX,NA,2,-10.00,0,M,0
TEX,NA,2,-8.00,0,M,0
TEX,NA,1,-8.00,0,M,0
TEX,NA,1,-8.00,0,M,0
TEX,NA,2,-8.00,0,M,0
TEX,NA,2,-8.00,0,M,0
TEX,NA,2,-8.00,0,M,0
TEX,NA,3,-9.00,0,M,0
TEX,NA,3,-9.00,0,M,0
TEX,NA,3,-10.00,0,M,0
TEX,NA,3,-10.00,0,M,0
TEX,NA,3,-10.00,0,M,0
TEX,NA,3,-10.00,0,M,0
TEX,NA,3,-13.00,0,M,0
TEX,NA,2,-12.00,0,M,0
TEX,NA,2,-12.00,0,M,0
TEX,NA,2,-12.00,0,M,0
TEX,NA,2,-11.00,0,M,0
TEX,NA,1,-11.00,0,M,0
TEX,NA,1,-10.00,0,M,0
TEX,NA,1,-11.00,0,M,0
TEX,NA,1,-11.00,0,M,0
TEX,NA,1,-11.00,0,M,0
TEX,NA,1,-11.00,0,M,0
TEX,NA,0,-11.00,0,M,0
TEX,NA,0,-10.00,0,M,0
TEX,NA,0,-10.00,0,M,0
TEX,NA,0,-10.00,0,M,0
TEX,NA,0,-10.00,0,M,0
TEX,NA,0,-10.00,0,M,0
TEX,NA,0,-8.00,0,M,0
TEX,NA,0,-8.00,0,M,0
TEX,NA,0,-8.00,0,M,0
TEX,NA,0,-8.00,0,M,0
TEX,NA,0,-9.00,0,M,0
TEX,NA,1,-10.00,0,M,0
TEX,NA,2,-11.00,0,M,0
TEX,NA,3,-11.00,0,M,0
TEX,NA,2,-11.00,0,M,0
TEX,NA,3,-11.00,0,M,0
TEX,NA,2,-11.00,0,M,0
TEX,NA,2,-10.00,0,M,0
TEX,NA,2,-11.00,0,M,0
TEX,NA,2,-11.00,0,M,0
TEX,NA,2,-11.00,0,M,0
TEX,NA,2,-11.00,0,M,0
TEX,NA,3,-11.00,0,M,0
TEX,NA,3,-12.00,0,M,0
TEX,NA,3,-13.00,0,M,0
TEX,NA,3,-12.00,0,M,0
TEX,NA,4,-12.00,0,M,0
TEX,NA,5,-12.00,0,M,0
TEX,NA,5,-12.00,0,M,0
TEX,NA,5,-12.00,0,M,0
TEX,NA,6,-12.00,0,M,2.01
TEX,NA,6,-12.00,0,M,2.01
TEX,NA,6,-12.00,0,M,2.01
TEX,NA,6,-12.00,0,M,2.01
TEX,NA,6,-13.00,0,M,2.01
TEX,NA,7,-13.00,0,M,4.02
TEX,NA,7,-13.00,0,M,4.02
TEX,NA,7,-15.00,0,M,4.02
TEX,NA,7,-15.00,0,M,4.02
TEX,NA,8,-15.00,0,M,6.029999999999999
TEX,NA,8,-15.00,0,M,6.029999999999999
TEX,NA,9,-15.00,0,M,8.04
TEX,NA,8,-16.00,0,M,6.029999999999999
TEX,NA,8,-15.00,0,M,6.029999999999999
TEX,NA,8,-16.00,0,M,6.029999999999999
TEX,NA,8,-16.00,0,M,6.029999999999999
TEX,NA,8,-13.00,0,M,6.029999999999999
TEX,NA,8,-11.00,0,M,6.029999999999999
TEX,NA,8,-11.00,0,M,6.029999999999999
TEX,NA,8,-10.00,0,M,6.029999999999999
TEX,NA,8,-10.00,0,M,6.029999999999999
TEX,NA,7,-11.00,0,M,4.02
TEX,NA,7,-11.00,0,M,4.02
TEX,NA,8,-11.00,0,M,6.029999999999999
TEX,NA,7,-11.00,0,M,4.02
TEX,NA,7,-12.00,0,M,4.02
TEX,NA,6,-12.00,0,M,2.01
TEX,NA,6,-12.00,0,M,2.01
TEX,NA,5,-12.00,0,M,0
TEX,NA,5,-13.00,0,M,0
TEX,NA,4,-13.00,0,M,0
TEX,NA,3,-13.00,0,M,0
TEX,NA,2,-13.00,0,M,0
TEX,NA,2,-12.00,0,M,0
TEX,NA,1,-12.00,0,M,0
TEX,NA,1,-11.00,0,M,0
TEX,NA,1,-11.00,0,M,0
TEX,NA,0,-10.00,0,M,0
TEX,NA,0,-10.00,0,M,0
TEX,NA,0,-10.00,0,M,0
TEX,NA,0,-10.00,0,M,0
TEX,NA,0,-10.00,0,M,0
TEX,NA,0,-11.00,0,M,0
TEX,NA,0,-12.00,0,M,0
TEX,NA,-1,-12.00,0,M,0
TEX,NA,-1,-12.00,0,M,0
TEX,NA,-1,-13.00,0,M,0
TEX,NA,-1,-12.00,0,M,0
TEX,NA,-1,-13.00,0,M,0
TEX,NA,-1,-12.00,0,M,0
TEX,NA,-1,-13.00,0,M,0
TEX,NA,-1,-12.00,0,M,0
TEX,NA,-1,-13.00,0,M,0
TEX,NA,-1,-12.00,0,M,0
TEX,NA,-1,-15.00,0,M,0
TEX,NA,-1,-15.00,0,M,0
TEX,NA,-1,-16.00,0,M,0
TEX,NA,-1,-16.00,0,M,0
TEX,NA,-2,-16.00,0,M,0
TEX,NA,-3,-17.00,0,M,0
TEX,NA,-4,-16.00,0,M,0
TEX,NA,-4,-15.00,0,M,0
TEX,NA,-3,-15.00,0,M,0
TEX,NA,-3,-15.00,0,M,0
TEX,NA,-3,-15.00,0,M,0
TEX,NA,-3,-15.00,0,M,0
TEX,NA,-2,-15.00,0,M,0
TEX,NA,-1,-16.00,0,M,0
TEX,NA,-1,-17.00,0,M,0
TEX,NA,0,-17.00,0,M,0
TEX,NA,0,-16.00,0,M,0
TEX,NA,0,-19.00,0,M,0
TEX,NA,0,-18.00,0,M,0
TEX,NA,1,-17.00,0,M,0
TEX,NA,1,-18.00,0,M,0
TEX,NA,2,-18.00,0,M,0
TEX,NA,2,-18.00,0,M,0
TEX,NA,3,-18.00,0,M,0
TEX,NA,3,-19.00,0,M,0
TEX,NA,3,-20.00,0,M,0
TEX,NA,3,-20.00,0,M,0
TEX,NA,5,-20.00,0,M,0
TEX,NA,5,-17.00,0,M,0
TEX,NA,5,-17.00,0,M,0
TEX,NA,6,-18.00,0,M,2.01
TEX,NA,6,-17.00,0,M,2.01
TEX,NA,6,-17.00,0,M,2.01
TEX,NA,6,-17.00,0,M,2.01
TEX,NA,7,-17.00,0,M,4.02
TEX,NA,6,-17.00,0,M,2.01
TEX,NA,7,-16.00,0,M,4.02
TEX,NA,7,-16.00,0,M,4.02
TEX,NA,7,-15.00,0,M,4.02
TEX,NA,7,-15.00,0,M,4.02
TEX,NA,6,-15.00,0,M,2.01
TEX,NA,6,-15.00,0,M,2.01
TEX,NA,5,-15.00,0,M,0
TEX,NA,5,-15.00,0,M,0
TEX,NA,4,-14.00,0,M,0
TEX,NA,3,-14.00,0,M,0
TEX,NA,2,-14.00,0,M,0
TEX,NA,2,-14.00,0,M,0
TEX,NA,2,-14.00,0,M,0
TEX,NA,1,-13.00,0,M,0
TEX,NA,1,-14.00,0,M,0
TEX,NA,1,-13.00,0,M,0
TEX,NA,1,-13.00,0,M,0
TEX,NA,1,-13.00,0,M,0
TEX,NA,0,-12.00,0,M,0
TEX,NA,1,-13.00,0,M,0
TEX,NA,0,-13.00,0,M,0
TEX,NA,0,-13.00,0,M,0
TEX,NA,0,-12.00,0,M,0
TEX,NA,0,-12.00,0,M,0
TEX,NA,0,-12.00,0,M,0
TEX,NA,0,-12.00,0,M,0
TEX,NA,-1,-12.00,0,M,0
TEX,NA,0,-12.00,0,M,0
TEX,NA,0,-12.00,0,M,0
TEX,NA,-1,-12.00,0,M,0
TEX,NA,0,-11.00,0,M,0
TEX,NA,-1,-12.00,0,M,0
TEX,NA,-1,-12.00,0,M,0
TEX,NA,-1,-11.00,0,M,0
TEX,NA,-1,-11.00,0,M,0
TEX,NA,-1,-11.00,0,M,0
TEX,NA,-1,-11.00,0,M,0
TEX,NA,-1,-11.00,0,M,0
TEX,NA,-1,-10.00,0,M,0
TEX,NA,-1,-11.00,0,M,0
TEX,NA,-1,-11.00,0,M,0
TEX,NA,-1,-11.00,0,M,0
TEX,NA,-1,-10.00,0,M,0
TEX,NA,-1,-11.00,0,M,0
TEX,NA,-1,-9.00,0,M,0
TEX,NA,-1,-10.00,0,M,0
TEX,NA,0,-10.00,0,M,0
TEX,NA,0,-11.00,0,M,0
TEX,NA,0,-11.00,0,M,0
TEX,NA,1,-11.00,0,M,0
TEX,NA,2,-10.00,0,M,0
TEX,NA,2,-10.00,0,M,0
TEX,NA,4,-13.00,0,M,0
TEX,NA,5,-16.00,0,M,0
TEX,NA,5,-16.00,0,M,0
TEX,NA,5,-15.00,0,M,0
TEX,NA,6,-15.00,0,M,2.01
TEX,NA,6,-15.00,0,M,2.01
TEX,NA,7,-14.00,0,M,4.02
TEX,NA,6,-13.00,0,M,2.01
TEX,NA,6,-13.00,0,M,2.01
TEX,NA,5,-11.00,0,M,0
TEX,NA,6,-11.00,0,M,2.01
TEX,NA,5,-10.00,0,M,0
TEX,NA,5,-8.00,0,M,0
TEX,NA,5,-7.00,0,M,0
TEX,NA,2,-3.00,0,M,0
TEX,NA,1,-2.00,0,M,0
TEX,NA,1,-2.00,0,M,0
TEX,NA,1,0.00,0,M,0
TEX,NA,0,0.00,0,M,0
TEX,NA,1,0.00,0,M,0
TEX,NA,2,0.00,0,M,0
TEX,NA,2,0.00,0,M,0
TEX,NA,2,0.00,0,M,0
TEX,NA,2,0.00,0,M,0
TEX,NA,3,0.00,0,M,0
TEX,NA,3,0.00,0,M,0
TEX,NA,2,-1.00,0,M,0
TEX,NA,2,0.00,0,M,0
TEX,NA,2,0.00,0,M,0
TEX,NA,2,-1.00,0,M,0
TEX,NA,2,0.00,0,M,0
TEX,NA,2,0.00,0,M,0
TEX,NA,1,-1.00,0,M,0
TEX,NA,1,0.00,0,M,0
TEX,NA,1,0.00,0,M,0
TEX,NA,1,-1.00,0,M,0
TEX,NA,0,-1.00,0,M,0
TEX,NA,1,-1.00,0,M,0
TEX,NA,0,-1.00,0,M,0
TEX,NA,0,-1.00,0,M,0
TEX,NA,0,-2.00,0,M,0
TEX,NA,0,-1.00,0,M,0
TEX,NA,0,-1.00,0,M,0
TEX,NA,0,-2.00,0,M,0
TEX,NA,0,-2.00,0,M,0
TEX,NA,0,-2.00,0,M,0
TEX,NA,0,-2.00,0,M,0
TEX,NA,0,-2.00,0,M,0
TEX,NA,0,-2.00,0,M,0
TEX,NA,0,-2.00,0,M,0
TEX,NA,0,-2.00,0,M,0
TEX,NA,0,-3.00,0,M,0
TEX,NA,0,-3.00,0,M,0
TEX,NA,0,-2.00,0,M,0
TEX,NA,1,-3.00,0,M,0
TEX,NA,1,-3.00,0,M,0
TEX,NA,1,-2.00,0,M,0
TEX,NA,2,-3.00,0,M,0
TEX,NA,2,-3.00,0,M,0
TEX,NA,1,-3.00,0,M,0
TEX,NA,1,-2.00,0,M,0
TEX,NA,1,-2.00,0,M,0
TEX,NA,1,-2.00,0,M,0
TEX,NA,1,-2.00,0,M,0
TEX,NA,0,-1.00,0,M,0
TEX,NA,0,-1.00,0,M,0
TEX,NA,0,-1.00,0,M,0
TEX,NA,1,-1.00,0,M,0
TEX,NA,1,-1.00,0,M,0
TEX,NA,2,-1.00,0.51,M,0
TEX,NA,2,-1.00,0,M,0
TEX,NA,2,-1.00,0,M,0
TEX,NA,3,0.00,0,M,0
TEX,NA,2,-1.00,0,M,0
TEX,NA,2,-1.00,0,M,0
TEX,NA,2,-1.00,0,M,0
TEX,NA,5,-1.00,0,M,0
TEX,NA,5,-2.00,0,M,0
TEX,NA,7,-1.00,0,M,4.02
TEX,NA,7,-2.00,0,M,4.02
TEX,NA,7,-3.00,0,M,4.02
TEX,NA,3,-1.00,0,M,0
TEX,NA,3,0.00,0.25,M,0
TEX,NA,3,0.00,0.25,M,0
TEX,NA,5,0.00,0.25,M,0
TEX,NA,5,0.00,0,M,0
TEX,NA,5,-2.00,0,M,0
TEX,NA,3,-1.00,0,M,0
TEX,NA,3,0.00,0,M,0
TEX,NA,3,0.00,0,M,0
TEX,NA,2,0.00,0,M,0
TEX,NA,3,0.00,0,M,0
TEX,NA,3,0.00,0,M,0
TEX,NA,3,0.00,0,M,0
TEX,NA,2,0.00,0.25,M,0
TEX,NA,1,0.00,0.51,M,0
TEX,NA,1,0.00,0.76,M,0
TEX,NA,2,1.00,1.02,M,0
TEX,NA,2,1.00,1.02,M,0
TEX,NA,2,1.00,1.02,M,0
TEX,NA,2,1.00,0.25,M,0
TEX,NA,2,1.00,0.25,M,0
TEX,NA,2,1.00,0.25,M,0
TEX,NA,2,1.00,0.25,M,0
TEX,NA,2,1.00,0.51,M,0
TEX,NA,1,1.00,0.51,M,0
TEX,NA,1,0.00,0,M,0
TEX,NA,1,0.00,0,M,0
TEX,NA,1,0.00,0,M,0
TEX,NA,1,0.00,0,M,0
TEX,NA,1,0.00,0,M,0
TEX,NA,1,0.00,0,M,0
TEX,NA,2,0.00,0,M,0
TEX,NA,1,0.00,0,M,0
TEX,NA,1,0.00,0,M,0
TEX,NA,1,0.00,0,M,0
TEX,NA,1,0.00,0,M,0
TEX,NA,1,-1.00,0,M,0
TEX,NA,2,-1.00,0,M,0
TEX,NA,1,0.00,0,M,0
TEX,NA,2,-1.00,0,M,0
TEX,NA,2,-1.00,0,M,0
TEX,NA,3,-1.00,0,M,0
TEX,NA,4,-2.00,0,M,0
TEX,NA,2,-1.00,0,M,0
TEX,NA,2,-1.00,0,M,0
TEX,NA,1,-1.00,0,M,0
TEX,NA,1,-1.00,0,M,0
TEX,NA,2,-1.00,0,M,0
TEX,NA,1,-1.00,0,M,0
TEX,NA,1,-1.00,0,M,0
TEX,NA,1,-1.00,0,M,0
TEX,NA,1,-1.00,0,M,0
TEX,NA,2,-2.00,0,M,0
TEX,NA,2,-2.00,0,M,0
TEX,NA,2,-1.00,0,M,0
TEX,NA,2,-1.00,0,M,0
TEX,NA,2,-1.00,0,M,0
TEX,NA,2,0.00,0,M,0
TEX,NA,3,-1.00,0,M,0
TEX,NA,5,-1.00,0,M,0
TEX,NA,4,0.00,0,M,0
TEX,NA,5,0.00,0,M,0
TEX,NA,5,0.00,0,M,0
TEX,NA,3,0.00,0,M,0
TEX,NA,3,0.00,0,M,0
TEX,NA,3,0.00,0,M,0
TEX,NA,4,0.00,0,M,0
TEX,NA,5,0.00,0,M,0
TEX,NA,5,0.00,0,M,0
TEX,NA,5,0.00,0,M,0
TEX,NA,4,0.00,0,M,0
TEX,NA,4,0.00,0,M,0
TEX,NA,3,0.00,0,M,0
TEX,NA,2,0.00,0,M,0
TEX,NA,2,1.00,0.51,M,0
TEX,NA,3,1.00,0.51,M,0
TEX,NA,2,0.00,0,M,0
TEX,NA,1,0.00,0.51,M,0
TEX,NA,3,2.00,0.51,M,0
TEX,NA,3,1.00,0,M,0
TEX,NA,4,1.00,0,M,0
TEX,NA,5,0.00,0,M,0
TEX,NA,4,-2.00,0,M,0
TEX,NA,5,-2.00,0,M,0
TEX,NA,6,-3.00,0,M,2.01
TEX,NA,6,-4.00,0,M,2.01
TEX,NA,2,-1.00,0,M,0
TEX,NA,2,0.00,0,M,0
TEX,NA,2,0.00,0,M,0
TEX,NA,2,0.00,0,M,0
TEX,NA,2,0.00,0,M,0
TEX,NA,2,0.00,0,M,0
TEX,NA,2,0.00,0,M,0
TEX,NA,1,0.00,0,M,0
TEX,NA,1,0.00,0,M,0
TEX,NA,1,0.00,0,M,0
TEX,NA,1,0.00,0,M,0
TEX,NA,2,0.00,0,M,0
TEX,NA,1,0.00,0,M,0
TEX,NA,1,0.00,0,M,0
TEX,NA,0,0.00,0,M,0
TEX,NA,1,0.00,0,M,0
TEX,NA,1,0.00,0,M,0
TEX,NA,1,0.00,0,M,0
TEX,NA,1,0.00,0,M,0
TEX,NA,0,0.00,0,M,0
TEX,NA,1,0.00,0,M,0
TEX,NA,0,0.00,0,M,0
TEX,NA,0,0.00,0,M,0
TEX,NA,0,0.00,0,M,0
TEX,NA,0,0.00,0,M,0
TEX,NA,0,0.00,0,M,0
TEX,NA,0,0.00,0,M,0
TEX,NA,0,0.00,0,M,0
TEX,NA,1,0.00,0,M,0
TEX,NA,0,0.00,0,M,0
TEX,NA,0,0.00,0,M,0
TEX,NA,0,0.00,0,M,0
TEX,NA,0,0.00,0,M,0
TEX,NA,0,0.00,0,M,0
TEX,NA,0,0.00,0,M,0
TEX,NA,0,0.00,0,M,0
TEX,NA,0,0.00,0,M,0
TEX,NA,0,0.00,0,M,0
TEX,NA,0,0.00,0,M,0
TEX,NA,0,0.00,0,M,0
TEX,NA,0,0.00,0,M,0
TEX,NA,0,0.00,0,M,0
TEX,NA,0,0.00,0,M,0
TEX,NA,0,0.00,0,M,0
TEX,NA,0,0.00,0,M,0
TEX,NA,1,1.00,0,M,0
TEX,NA,2,0.00,0,M,0
TEX,NA,2,0.00,0,M,0
TEX,NA,3,0.00,1.27,M,0
TEX,NA,3,0.00,3.3,M,0
TEX,NA,4,0.00,0.25,M,0
TEX,NA,5,0.00,0.25,M,0
TEX,NA,6,0.00,0.25,M,2.01
TEX,NA,7,0.00,0,M,4.02
TEX,NA,7,-2.00,0,M,4.02
TEX,NA,8,-2.00,0,M,6.029999999999999
TEX,NA,8,-3.00,0,M,6.029999999999999
TEX,NA,8,-4.00,0,M,6.029999999999999
TEX,NA,8,-5.00,0,M,6.029999999999999
TEX,NA,9,-4.00,0,M,8.04
TEX,NA,9,-5.00,0,M,8.04
TEX,NA,10,-4.00,0,M,10.049999999999999
TEX,NA,10,-3.00,0,M,10.049999999999999
TEX,NA,10,-4.00,0,M,10.049999999999999
TEX,NA,10,-4.00,0,M,10.049999999999999
TEX,NA,11,-5.00,0,M,12.059999999999999
TEX,NA,11,-3.00,0,M,12.059999999999999
TEX,NA,11,-6.00,0,M,12.059999999999999
TEX,NA,11,-5.00,0,M,12.059999999999999
TEX,NA,11,-5.00,0,M,12.059999999999999
TEX,NA,11,-4.00,0,M,12.059999999999999
TEX,NA,11,-5.00,0,M,12.059999999999999
TEX,NA,11,-4.00,0,M,12.059999999999999
TEX,NA,11,-3.00,0,M,12.059999999999999
TEX,NA,8,-1.00,0,M,6.029999999999999
TEX,NA,9,-1.00,0,M,8.04
TEX,NA,5,0.00,0.51,M,0
TEX,NA,5,1.00,0.25,M,0
TEX,NA,5,0.00,0.25,M,0
TEX,NA,5,1.00,0.25,M,0
TEX,NA,5,0.00,0,M,0
TEX,NA,4,0.00,0,M,0
TEX,NA,4,0.00,0,M,0
TEX,NA,5,0.00,0,M,0
TEX,NA,4,0.00,0,M,0
TEX,NA,3,0.00,0,M,0
TEX,NA,4,1.00,0,M,0
TEX,NA,3,0.00,0,M,0
TEX,NA,4,0.00,0,M,0
TEX,NA,4,0.00,0,M,0
TEX,NA,5,0.00,0,M,0
TEX,NA,5,0.00,0,M,0
TEX,NA,4,0.00,0,M,0
TEX,NA,3,0.00,0,M,0
TEX,NA,4,-1.00,0,M,0
TEX,NA,4,0.00,0,M,0
TEX,NA,3,0.00,0,M,0
TEX,NA,3,0.00,0,M,0
TEX,NA,3,-1.00,0,M,0
TEX,NA,3,-1.00,0,M,0
TEX,NA,2,-1.00,0,M,0
TEX,NA,2,-1.00,0,M,0
TEX,NA,2,-1.00,0,M,0
TEX,NA,3,-2.00,0,M,0
TEX,NA,2,-2.00,0,M,0
TEX,NA,2,-2.00,0,M,0
TEX,NA,2,-2.00,0,M,0
TEX,NA,2,-2.00,0,M,0
TEX,NA,2,-2.00,0,M,0
TEX,NA,2,-2.00,0,M,0
TEX,NA,2,-2.00,0,M,0
TEX,NA,3,-2.00,0,M,0
TEX,NA,2,-2.00,0,M,0
TEX,NA,3,-2.00,0,M,0
TEX,NA,3,-1.00,0,M,0
TEX,NA,5,-2.00,0,M,0
TEX,NA,6,-1.00,0,M,2.01
TEX,NA,6,-1.00,0,M,2.01
TEX,NA,7,0.00,0,M,4.02
TEX,NA,8,-1.00,0,M,6.029999999999999
TEX,NA,10,-1.00,0,M,10.049999999999999
TEX,NA,11,-2.00,0,M,12.059999999999999
TEX,NA,12,-4.00,0,M,14.069999999999999
TEX,NA,12,-4.00,0,M,14.069999999999999
TEX,NA,13,-2.00,0,M,16.08
TEX,NA,12,-4.00,0,M,14.069999999999999
TEX,NA,12,-3.00,0,M,14.069999999999999
TEX,NA,13,-3.00,0,M,16.08
TEX,NA,10,-2.00,0,M,10.049999999999999
TEX,NA,11,-2.00,0,M,12.059999999999999
TEX,NA,13,-3.00,0,M,16.08
TEX,NA,13,-5.00,0,M,16.08
TEX,NA,12,-1.00,0,M,14.069999999999999
TEX,NA,13,-4.00,0,M,16.08
TEX,NA,13,-4.00,0,M,16.08
TEX,NA,13,-5.00,0,M,16.08
TEX,NA,14,-5.00,0,M,18.089999999999996
TEX,NA,13,-5.00,0,M,16.08
TEX,NA,13,-4.00,0,M,16.08
TEX,NA,13,-3.00,0,M,16.08
TEX,NA,14,-5.00,0,M,18.089999999999996
TEX,NA,14,-6.00,0,M,18.089999999999996
TEX,NA,15,-6.00,0,M,20.099999999999998
TEX,NA,15,-6.00,0,M,20.099999999999998
TEX,NA,15,-7.00,0,M,20.099999999999998
TEX,NA,15,-7.00,0,M,20.099999999999998
TEX,NA,16,-7.00,0,M,22.11
TEX,NA,15,-8.00,0,M,20.099999999999998
TEX,NA,15,-6.00,0,M,20.099999999999998
TEX,NA,14,-6.00,0,M,18.089999999999996
TEX,NA,13,-5.00,0,M,16.08
TEX,NA,13,-6.00,0,M,16.08
TEX,NA,12,-5.00,0,M,14.069999999999999
TEX,NA,12,-3.00,0,M,14.069999999999999
TEX,NA,12,-3.00,0,M,14.069999999999999
TEX,NA,11,-3.00,0,M,12.059999999999999
TEX,NA,11,-3.00,0,M,12.059999999999999
TEX,NA,10,-3.00,0,M,10.049999999999999
TEX,NA,10,-3.00,0,M,10.049999999999999
TEX,NA,10,-2.00,0,M,10.049999999999999
TEX,NA,9,-1.00,0,M,8.04
TEX,NA,8,-2.00,0,M,6.029999999999999
TEX,NA,8,-2.00,0,M,6.029999999999999
TEX,NA,8,-1.00,0,M,6.029999999999999
TEX,NA,7,-1.00,0,M,4.02
TEX,NA,7,-2.00,0,M,4.02
TEX,NA,6,-2.00,0,M,2.01
TEX,NA,6,-2.00,0,M,2.01
TEX,NA,6,-2.00,0,M,2.01
TEX,NA,6,-3.00,0,M,2.01
TEX,NA,6,-3.00,0,M,2.01
TEX,NA,5,-3.00,0,M,0
TEX,NA,6,-3.00,0,M,2.01
TEX,NA,5,-4.00,0,M,0
TEX,NA,5,-3.00,0,M,0
TEX,NA,5,-3.00,0,M,0
TEX,NA,6,-4.00,0,M,2.01
TEX,NA,5,-3.00,0,M,0
TEX,NA,5,-3.00,0,M,0
TEX,NA,5,-3.00,0,M,0
TEX,NA,5,-3.00,0,M,0
TEX,NA,5,-3.00,0,M,0
TEX,NA,6,-4.00,0,M,2.01
TEX,NA,5,-3.00,0,M,0
TEX,NA,5,-3.00,0,M,0
TEX,NA,6,-3.00,0,M,2.01
TEX,NA,7,-2.00,0,M,4.02
TEX,NA,8,-2.00,0,M,6.029999999999999
TEX,NA,9,-2.00,0,M,8.04
TEX,NA,10,-3.00,0,M,10.049999999999999
TEX,NA,11,-5.00,0,M,12.059999999999999
TEX,NA,11,-6.00,0,M,12.059999999999999
TEX,NA,12,-6.00,0,M,14.069999999999999
TEX,NA,13,-6.00,0,M,16.08
TEX,NA,13,-6.00,0,M,16.08
TEX,NA,13,-6.00,0,M,16.08
TEX,NA,14,-6.00,0,M,18.089999999999996
TEX,NA,15,-6.00,0,M,20.099999999999998
TEX,NA,15,-7.00,0,M,20.099999999999998
TEX,NA,15,-5.00,0,M,20.099999999999998
TEX,NA,15,-6.00,0,M,20.099999999999998
TEX,NA,14,-6.00,0,M,18.089999999999996
TEX,NA,13,-6.00,0,M,16.08
TEX,NA,13,-6.00,0,M,16.08
TEX,NA,12,-5.00,0,M,14.069999999999999
TEX,NA,12,-5.00,0,M,14.069999999999999
TEX,NA,12,-5.00,0,M,14.069999999999999
TEX,NA,11,-3.00,0,M,12.059999999999999
TEX,NA,11,-1.00,0,M,12.059999999999999
TEX,NA,10,0.00,0,M,10.049999999999999
TEX,NA,10,-1.00,0.25,M,10.049999999999999
TEX,NA,10,-2.00,0.25,M,10.049999999999999
TEX,NA,10,0.00,0,M,10.049999999999999
TEX,NA,8,0.00,0,M,6.029999999999999
TEX,NA,9,0.00,0,M,8.04
TEX,NA,11,0.00,0,M,12.059999999999999
TEX,NA,11,-3.00,0,M,12.059999999999999
TEX,NA,11,-3.00,0,M,12.059999999999999
TEX,NA,11,-1.00,0,M,12.059999999999999
TEX,NA,8,0.00,0,M,6.029999999999999
TEX,NA,7,1.00,0.25,M,4.02
TEX,NA,6,2.00,0,M,2.01
TEX,NA,6,2.00,0,M,2.01
TEX,NA,6,1.00,0,M,2.01
TEX,NA,6,1.00,0,M,2.01
TEX,NA,6,1.00,0,M,2.01
TEX,NA,6,1.00,0,M,2.01
TEX,NA,6,1.00,0,M,2.01
TEX,NA,6,1.00,0,M,2.01
TEX,NA,6,1.00,0,M,2.01
TEX,NA,5,1.00,0,M,0
TEX,NA,5,1.00,0,M,0
TEX,NA,5,1.00,0,M,0
TEX,NA,5,0.00,0,M,0
TEX,NA,5,0.00,0,M,0
TEX,NA,6,0.00,0,M,2.01
TEX,NA,6,0.00,0,M,2.01
TEX,NA,5,0.00,0,M,0
TEX,NA,5,0.00,0,M,0
TEX,NA,6,0.00,0,M,2.01
TEX,NA,6,0.00,0,M,2.01
TEX,NA,6,0.00,0,M,2.01
TEX,NA,6,0.00,0,M,2.01
TEX,NA,6,0.00,0,M,2.01
TEX,NA,6,0.00,0,M,2.01
TEX,NA,6,0.00,0,M,2.01
TEX,NA,5,0.00,0,M,0
TEX,NA,6,0.00,0,M,2.01
TEX,NA,5,0.00,0,M,0
TEX,NA,5,0.00,0,M,0
TEX,NA,5,0.00,0,M,0
TEX,NA,5,0.00,0,M,0
TEX,NA,5,-1.00,0,M,0
TEX,NA,5,-1.00,0,M,0
TEX,NA,4,-1.00,0,M,0
TEX,NA,5,-1.00,0,M,0
TEX,NA,4,-1.00,0,M,0
TEX,NA,5,0.00,0,M,0
TEX,NA,6,0.00,0,M,2.01
TEX,NA,7,0.00,0,M,4.02
TEX,NA,8,0.00,0,M,6.029999999999999
TEX,NA,8,0.00,0,M,6.029999999999999
TEX,NA,10,-2.00,0,M,10.049999999999999
TEX,NA,10,-4.00,0,M,10.049999999999999
TEX,NA,11,-6.00,0,M,12.059999999999999
TEX,NA,11,-8.00,0,M,12.059999999999999
TEX,NA,11,-15.00,0,M,12.059999999999999
TEX,NA,11,-14.00,0,M,12.059999999999999
TEX,NA,11,-10.00,0,M,12.059999999999999
TEX,NA,11,-12.00,0,M,12.059999999999999
TEX,NA,11,-11.00,0,M,12.059999999999999
TEX,NA,11,-10.00,0,M,12.059999999999999
TEX,NA,11,-10.00,0,M,12.059999999999999
TEX,NA,11,-9.00,0,M,12.059999999999999
TEX,NA,12,-7.00,0,M,14.069999999999999
TEX,NA,12,-8.00,0,M,14.069999999999999
TEX,NA,12,-10.00,0,M,14.069999999999999
TEX,NA,12,-12.00,0,M,14.069999999999999
TEX,NA,13,-13.00,0,M,16.08
TEX,NA,13,-15.00,0,M,16.08
TEX,NA,13,-15.00,0,M,16.08
TEX,NA,13,-15.00,0,M,16.08
TEX,NA,13,-14.00,0,M,16.08
TEX,NA,13,-15.00,0,M,16.08
TEX,NA,14,-15.00,0,M,18.089999999999996
TEX,NA,15,-12.00,0,M,20.099999999999998
TEX,NA,15,-10.00,0,M,20.099999999999998
TEX,NA,15,-12.00,0,M,20.099999999999998
TEX,NA,14,-8.00,0,M,18.089999999999996
TEX,NA,13,-9.00,0,M,16.08
TEX,NA,13,-8.00,0,M,16.08
TEX,NA,13,-6.00,0,M,16.08
TEX,NA,13,-8.00,0,M,16.08
TEX,NA,12,-7.00,0,M,14.069999999999999
TEX,NA,12,-6.00,0,M,14.069999999999999
TEX,NA,11,-6.00,0,M,12.059999999999999
TEX,NA,11,-6.00,0,M,12.059999999999999
TEX,NA,10,-6.00,0,M,10.049999999999999
TEX,NA,10,-6.00,0,M,10.049999999999999
TEX,NA,10,-6.00,0,M,10.049999999999999
TEX,NA,10,-6.00,0,M,10.049999999999999
TEX,NA,10,-6.00,0,M,10.049999999999999
TEX,NA,10,-6.00,0,M,10.049999999999999
TEX,NA,8,-4.00,0,M,6.029999999999999
TEX,NA,8,-6.00,0,M,6.029999999999999
TEX,NA,8,-5.00,0,M,6.029999999999999
TEX,NA,7,-4.00,0,M,4.02
TEX,NA,6,-3.00,0,M,2.01
TEX,NA,6,-3.00,0,M,2.01
TEX,NA,6,-3.00,0,M,2.01
TEX,NA,5,-3.00,0,M,0
TEX,NA,5,-3.00,0,M,0
TEX,NA,5,-4.00,0,M,0
TEX,NA,5,-4.00,0,M,0
TEX,NA,5,-3.00,0,M,0
TEX,NA,5,-4.00,0,M,0
TEX,NA,4,-3.00,0,M,0
TEX,NA,5,-3.00,0,M,0
TEX,NA,5,-3.00,0,M,0
TEX,NA,4,-4.00,0,M,0
TEX,NA,5,-4.00,0,M,0
TEX,NA,5,-4.00,0,M,0
TEX,NA,5,-4.00,0,M,0
TEX,NA,5,-3.00,0,M,0
TEX,NA,4,-3.00,0,M,0
TEX,NA,5,-3.00,0,M,0
TEX,NA,4,-3.00,0,M,0
TEX,NA,5,-4.00,0,M,0
TEX,NA,5,-4.00,0,M,0
TEX,NA,6,-2.00,0,M,2.01
TEX,NA,6,-3.00,0,M,2.01
TEX,NA,7,-3.00,0,M,4.02
TEX,NA,8,-3.00,0,M,6.029999999999999
TEX,NA,8,-3.00,0,M,6.029999999999999
TEX,NA,10,-4.00,0,M,10.049999999999999
TEX,NA,10,-4.00,0,M,10.049999999999999
TEX,NA,11,-5.00,0,M,12.059999999999999
TEX,NA,11,-6.00,0,M,12.059999999999999
TEX,NA,12,-6.00,0,M,14.069999999999999
TEX,NA,12,-5.00,0,M,14.069999999999999
TEX,NA,12,-6.00,0,M,14.069999999999999
TEX,NA,13,-6.00,0,M,16.08
TEX,NA,14,-6.00,0,M,18.089999999999996
TEX,NA,14,-5.00,0,M,18.089999999999996
TEX,NA,13,-5.00,0,M,16.08
TEX,NA,15,-4.00,0,M,20.099999999999998
TEX,NA,15,-5.00,0,M,20.099999999999998
TEX,NA,13,-6.00,0,M,16.08
TEX,NA,13,-5.00,0,M,16.08
TEX,NA,14,-5.00,0,M,18.089999999999996
TEX,NA,13,-5.00,0,M,16.08
TEX,NA,12,-3.00,0,M,14.069999999999999
TEX,NA,10,0.00,0,M,10.049999999999999
TEX,NA,11,-1.00,0,M,12.059999999999999
TEX,NA,12,-2.00,0,M,14.069999999999999
TEX,NA,14,-3.00,0,M,18.089999999999996
TEX,NA,13,-5.00,0,M,16.08
TEX,NA,14,-6.00,0,M,18.089999999999996
TEX,NA,15,-6.00,0,M,20.099999999999998
TEX,NA,16,-8.00,0,M,22.11
TEX,NA,15,-5.00,0,M,20.099999999999998
TEX,NA,13,-5.00,0,M,16.08
TEX,NA,13,-3.00,0,M,16.08
TEX,NA,13,-2.00,0,M,16.08
TEX,NA,13,-4.00,0,M,16.08
TEX,NA,13,-3.00,0,M,16.08
TEX,NA,13,-3.00,0,M,16.08
TEX,NA,12,-3.00,0,M,14.069999999999999
TEX,NA,11,-3.00,0,M,12.059999999999999
TEX,NA,11,-2.00,0,M,12.059999999999999
TEX,NA,11,-2.00,0,M,12.059999999999999
TEX,NA,10,-2.00,0,M,10.049999999999999
TEX,NA,10,-3.00,0,M,10.049999999999999
TEX,NA,9,-2.00,0,M,8.04
TEX,NA,8,-2.00,0,M,6.029999999999999
TEX,NA,7,-2.00,0,M,4.02
TEX,NA,7,-2.00,0,M,4.02
TEX,NA,7,-3.00,0,M,4.02
TEX,NA,7,-3.00,0,M,4.02
TEX,NA,7,-4.00,0,M,4.02
TEX,NA,6,-3.00,0,M,2.01
TEX,NA,6,-4.00,0,M,2.01
TEX,NA,6,-5.00,0,M,2.01
TEX,NA,6,-5.00,0,M,2.01
TEX,NA,6,-5.00,0,M,2.01
TEX,NA,5,-5.00,0,M,0
TEX,NA,5,-5.00,0,M,0
TEX,NA,5,-5.00,0,M,0
TEX,NA,5,-5.00,0,M,0
TEX,NA,5,-5.00,0,M,0
TEX,NA,5,-5.00,0,M,0
TEX,NA,4,-6.00,0,M,0
TEX,NA,3,-5.00,0,M,0
TEX,NA,3,-5.00,0,M,0
TEX,NA,4,-5.00,0,M,0
TEX,NA,4,-6.00,0,M,0
TEX,NA,3,-5.00,0,M,0
TEX,NA,3,-5.00,0,M,0
TEX,NA,3,-5.00,0,M,0
TEX,NA,3,-6.00,0,M,0
TEX,NA,5,-5.00,0,M,0
TEX,NA,5,-5.00,0,M,0
TEX,NA,7,-5.00,0,M,4.02
TEX,NA,8,-6.00,0,M,6.029999999999999
TEX,NA,9,-6.00,0,M,8.04
TEX,NA,10,-6.00,0,M,10.049999999999999
TEX,NA,11,-6.00,0,M,12.059999999999999
TEX,NA,12,-8.00,0,M,14.069999999999999
TEX,NA,13,-7.00,0,M,16.08
TEX,NA,14,-7.00,0,M,18.089999999999996
TEX,NA,14,-7.00,0,M,18.089999999999996
TEX,NA,15,-8.00,0,M,20.099999999999998
TEX,NA,15,-7.00,0,M,20.099999999999998
TEX,NA,15,-9.00,0,M,20.099999999999998
TEX,NA,15,-12.00,0,M,20.099999999999998
TEX,NA,16,-13.00,0,M,22.11
TEX,NA,16,-12.00,0,M,22.11
TEX,NA,16,-12.00,0,M,22.11
TEX,NA,16,-11.00,0,M,22.11
TEX,NA,16,-12.00,0,M,22.11
TEX,NA,16,-12.00,0,M,22.11
TEX,NA,16,-11.00,0,M,22.11
TEX,NA,17,-12.00,0,M,24.119999999999997
TEX,NA,17,-13.00,0,M,24.119999999999997
TEX,NA,17,-10.00,0,M,24.119999999999997
TEX,NA,17,-12.00,0,M,24.119999999999997
TEX,NA,17,-11.00,0,M,24.119999999999997
TEX,NA,18,-11.00,0,M,26.129999999999995
TEX,NA,18,-13.00,0,M,26.129999999999995
TEX,NA,17,-14.00,0,M,24.119999999999997
TEX,NA,18,-14.00,0,M,26.129999999999995
TEX,NA,17,-13.00,0,M,24.119999999999997
TEX,NA,17,-12.00,0,M,24.119999999999997
TEX,NA,17,-13.00,0,M,24.119999999999997
TEX,NA,17,-13.00,0,M,24.119999999999997
TEX,NA,17,-13.00,0,M,24.119999999999997
TEX,NA,17,-14.00,0,M,24.119999999999997
TEX,NA,17,-15.00,0,M,24.119999999999997
TEX,NA,17,-13.00,0,M,24.119999999999997
TEX,NA,16,-13.00,0,M,22.11
TEX,NA,16,-12.00,0,M,22.11
TEX,NA,15,-12.00,0,M,20.099999999999998
TEX,NA,15,-11.00,0,M,20.099999999999998
TEX,NA,13,-9.00,0,M,16.08
TEX,NA,12,-8.00,0,M,14.069999999999999
TEX,NA,12,-7.00,0,M,14.069999999999999
TEX,NA,11,-7.00,0,M,12.059999999999999
TEX,NA,11,-7.00,0,M,12.059999999999999
TEX,NA,10,-7.00,0,M,10.049999999999999
TEX,NA,10,-7.00,0,M,10.049999999999999
TEX,NA,10,-6.00,0,M,10.049999999999999
TEX,NA,9,-6.00,0,M,8.04
TEX,NA,9,-6.00,0,M,8.04
TEX,NA,9,-6.00,0,M,8.04
TEX,NA,8,-6.00,0,M,6.029999999999999
TEX,NA,8,-6.00,0,M,6.029999999999999
TEX,NA,8,-5.00,0,M,6.029999999999999
TEX,NA,8,-5.00,0,M,6.029999999999999
TEX,NA,8,-6.00,0,M,6.029999999999999
TEX,NA,7,-6.00,0,M,4.02
TEX,NA,8,-6.00,0,M,6.029999999999999
TEX,NA,7,-6.00,0,M,4.02
TEX,NA,7,-5.00,0,M,4.02
TEX,NA,7,-6.00,0,M,4.02
TEX,NA,7,-5.00,0,M,4.02
TEX,NA,7,-5.00,0,M,4.02
TEX,NA,7,-5.00,0,M,4.02
TEX,NA,8,-6.00,0,M,6.029999999999999
TEX,NA,7,-5.00,0,M,4.02
TEX,NA,7,-5.00,0,M,4.02
TEX,NA,7,-5.00,0,M,4.02
TEX,NA,7,-6.00,0,M,4.02
TEX,NA,8,-6.00,0,M,6.029999999999999
TEX,NA,8,-6.00,0,M,6.029999999999999
TEX,NA,8,-5.00,0,M,6.029999999999999
TEX,NA,8,-5.00,0,M,6.029999999999999
TEX,NA,11,-5.00,0,M,12.059999999999999
TEX,NA,11,-5.00,0,M,12.059999999999999
TEX,NA,11,-3.00,0,M,12.059999999999999
TEX,NA,12,-3.00,0,M,14.069999999999999
TEX,NA,14,-5.00,0,M,18.089999999999996
TEX,NA,15,-7.00,0,M,20.099999999999998
TEX,NA,15,-7.00,0,M,20.099999999999998
TEX,NA,15,-7.00,0,M,20.099999999999998
TEX,NA,15,-6.00,0,M,20.099999999999998
TEX,NA,16,-5.00,0,M,22.11
TEX,NA,17,-7.00,0,M,24.119999999999997
TEX,NA,16,-8.00,0,M,22.11
TEX,NA,17,-8.00,0,M,24.119999999999997
TEX,NA,17,-7.00,0,M,24.119999999999997
TEX,NA,16,-7.00,0,M,22.11
TEX,NA,17,-8.00,0,M,24.119999999999997
TEX,NA,15,-5.00,0,M,20.099999999999998
TEX,NA,15,-5.00,0,M,20.099999999999998
TEX,NA,16,-6.00,0,M,22.11
TEX,NA,16,-5.00,0,M,22.11
TEX,NA,17,-7.00,0,M,24.119999999999997
TEX,NA,17,-6.00,0,M,24.119999999999997
TEX,NA,17,-7.00,0,M,24.119999999999997
TEX,NA,17,-10.00,0,M,24.119999999999997
TEX,NA,17,-9.00,0,M,24.119999999999997
TEX,NA,17,-9.00,0,M,24.119999999999997
TEX,NA,17,-8.00,0,M,24.119999999999997
TEX,NA,17,-9.00,0,M,24.119999999999997
TEX,NA,17,-12.00,0,M,24.119999999999997
TEX,NA,18,-11.00,0,M,26.129999999999995
TEX,NA,17,-10.00,0,M,24.119999999999997
TEX,NA,17,-10.00,0,M,24.119999999999997
TEX,NA,16,-10.00,0,M,22.11
TEX,NA,16,-9.00,0,M,22.11
TEX,NA,16,-8.00,0,M,22.11
TEX,NA,16,-8.00,0,M,22.11
TEX,NA,14,-7.00,0,M,18.089999999999996
TEX,NA,14,-7.00,0,M,18.089999999999996
TEX,NA,13,-6.00,0,M,16.08
TEX,NA,13,-6.00,0,M,16.08
TEX,NA,13,-6.00,0,M,16.08
TEX,NA,12,-6.00,0,M,14.069999999999999
TEX,NA,13,-7.00,0,M,16.08
TEX,NA,13,-6.00,0,M,16.08
TEX,NA,13,-7.00,0,M,16.08
TEX,NA,12,-7.00,0,M,14.069999999999999
TEX,NA,11,-6.00,0,M,12.059999999999999
TEX,NA,11,-5.00,0,M,12.059999999999999
TEX,NA,11,-7.00,0,M,12.059999999999999
TEX,NA,10,-6.00,0,M,10.049999999999999
TEX,NA,10,-6.00,0,M,10.049999999999999
TEX,NA,10,-6.00,0,M,10.049999999999999
TEX,NA,9,-6.00,0,M,8.04
TEX,NA,9,-6.00,0,M,8.04
TEX,NA,8,-6.00,0,M,6.029999999999999
TEX,NA,9,-6.00,0,M,8.04
TEX,NA,8,-6.00,0,M,6.029999999999999
TEX,NA,9,-7.00,0,M,8.04
TEX,NA,10,-7.00,0,M,10.049999999999999
TEX,NA,10,-7.00,0,M,10.049999999999999
TEX,NA,10,-8.00,0,M,10.049999999999999
TEX,NA,10,-8.00,0,M,10.049999999999999
TEX,NA,10,-8.00,0,M,10.049999999999999
TEX,NA,10,-8.00,0,M,10.049999999999999
TEX,NA,9,-8.00,0,M,8.04
TEX,NA,8,-8.00,0,M,6.029999999999999
TEX,NA,9,-9.00,0,M,8.04
TEX,NA,9,-8.00,0,M,8.04
TEX,NA,10,-8.00,0,M,10.049999999999999
TEX,NA,10,-7.00,0,M,10.049999999999999
TEX,NA,10,-8.00,0,M,10.049999999999999
TEX,NA,11,-9.00,0,M,12.059999999999999
TEX,NA,11,-10.00,0,M,12.059999999999999
TEX,NA,12,-10.00,0,M,14.069999999999999
TEX,NA,12,-10.00,0,M,14.069999999999999
TEX,NA,12,-10.00,0,M,14.069999999999999
TEX,NA,13,-10.00,0,M,16.08
TEX,NA,14,-10.00,0,M,18.089999999999996
TEX,NA,15,-11.00,0,M,20.099999999999998
TEX,NA,15,-11.00,0,M,20.099999999999998
TEX,NA,15,-11.00,0,M,20.099999999999998
TEX,NA,14,-12.00,0,M,18.089999999999996
TEX,NA,15,-12.00,0,M,20.099999999999998
TEX,NA,15,-12.00,0,M,20.099999999999998
TEX,NA,15,-12.00,0,M,20.099999999999998
TEX,NA,16,-13.00,0,M,22.11
TEX,NA,16,-15.00,0,M,22.11
TEX,NA,16,-13.00,0,M,22.11
TEX,NA,16,-15.00,0,M,22.11
TEX,NA,17,-16.00,0,M,24.119999999999997
TEX,NA,16,-15.00,0,M,22.11
TEX,NA,17,-16.00,0,M,24.119999999999997
TEX,NA,17,-15.00,0,M,24.119999999999997
TEX,NA,16,-16.00,0,M,22.11
TEX,NA,17,-16.00,0,M,24.119999999999997
TEX,NA,17,-17.00,0,M,24.119999999999997
TEX,NA,17,-18.00,0,M,24.119999999999997
TEX,NA,17,-18.00,0,M,24.119999999999997
TEX,NA,17,-18.00,0,M,24.119999999999997
TEX,NA,16,-19.00,0,M,22.11
TEX,NA,16,-19.00,0,M,22.11
TEX,NA,16,-20.00,0,M,22.11
TEX,NA,16,-18.00,0,M,22.11
TEX,NA,16,-18.00,0,M,22.11
TEX,NA,16,-17.00,0,M,22.11
TEX,NA,15,-17.00,0,M,20.099999999999998
TEX,NA,15,-16.00,0,M,20.099999999999998
TEX,NA,14,-16.00,0,M,18.089999999999996
TEX,NA,14,-16.00,0,M,18.089999999999996
TEX,NA,13,-15.00,0,M,16.08
TEX,NA,12,-13.00,0,M,14.069999999999999
TEX,NA,12,-13.00,0,M,14.069999999999999
TEX,NA,11,-12.00,0,M,12.059999999999999
TEX,NA,11,-12.00,0,M,12.059999999999999
TEX,NA,10,-11.00,0,M,10.049999999999999
TEX,NA,9,-10.00,0,M,8.04
TEX,NA,10,-11.00,0,M,10.049999999999999
TEX,NA,9,-11.00,0,M,8.04
TEX,NA,9,-11.00,0,M,8.04
TEX,NA,9,-10.00,0,M,8.04
TEX,NA,9,-11.00,0,M,8.04
TEX,NA,10,-11.00,0,M,10.049999999999999
TEX,NA,8,-10.00,0,M,6.029999999999999
TEX,NA,8,-11.00,0,M,6.029999999999999
TEX,NA,9,-11.00,0,M,8.04
TEX,NA,10,-11.00,0,M,10.049999999999999
TEX,NA,9,-11.00,0,M,8.04
TEX,NA,9,-12.00,0,M,8.04
TEX,NA,9,-13.00,0,M,8.04
TEX,NA,9,-13.00,0,M,8.04
TEX,NA,8,-13.00,0,M,6.029999999999999
TEX,NA,8,-13.00,0,M,6.029999999999999
TEX,NA,8,-13.00,0,M,6.029999999999999
TEX,NA,8,-13.00,0,M,6.029999999999999
TEX,NA,7,-13.00,0,M,4.02
TEX,NA,7,-13.00,0,M,4.02
TEX,NA,6,-11.00,0,M,2.01
TEX,NA,6,-12.00,0,M,2.01
TEX,NA,7,-11.00,0,M,4.02
TEX,NA,7,-10.00,0,M,4.02
TEX,NA,8,-10.00,0,M,6.029999999999999
TEX,NA,10,-9.00,0,M,10.049999999999999
TEX,NA,11,-12.00,0,M,12.059999999999999
TEX,NA,12,-11.00,0,M,14.069999999999999
TEX,NA,12,-14.00,0,M,14.069999999999999
TEX,NA,13,-17.00,0,M,16.08
TEX,NA,13,-20.00,0,M,16.08
TEX,NA,13,-22.00,0,M,16.08
TEX,NA,13,-22.00,0,M,16.08
TEX,NA,13,-22.00,0,M,16.08
TEX,NA,14,-22.00,0,M,18.089999999999996
TEX,NA,14,-21.00,0,M,18.089999999999996
TEX,NA,14,-22.00,0,M,18.089999999999996
TEX,NA,15,-23.00,0,M,20.099999999999998
TEX,NA,14,-23.00,0,M,18.089999999999996
TEX,NA,15,-23.00,0,M,20.099999999999998
TEX,NA,15,-22.00,0,M,20.099999999999998
TEX,NA,15,-21.00,0,M,20.099999999999998
TEX,NA,16,-17.00,0,M,22.11
TEX,NA,16,-17.00,0,M,22.11
TEX,NA,17,-16.00,0,M,24.119999999999997
TEX,NA,17,-18.00,0,M,24.119999999999997
TEX,NA,16,-23.00,0,M,22.11
TEX,NA,16,-22.00,0,M,22.11
TEX,NA,16,-25.00,0,M,22.11
TEX,NA,15,-24.00,0,M,20.099999999999998
TEX,NA,15,-24.00,0,M,20.099999999999998
TEX,NA,14,-23.00,0,M,18.089999999999996
TEX,NA,13,-20.00,0,M,16.08
TEX,NA,13,-18.00,0,M,16.08
TEX,NA,13,-17.00,0,M,16.08
TEX,NA,13,-18.00,0,M,16.08
TEX,NA,12,-17.00,0,M,14.069999999999999
TEX,NA,12,-18.00,0,M,14.069999999999999
TEX,NA,12,-17.00,0,M,14.069999999999999
TEX,NA,11,-15.00,0,M,12.059999999999999
TEX,NA,11,-12.00,0,M,12.059999999999999
TEX,NA,10,-11.00,0,M,10.049999999999999
TEX,NA,9,-9.00,0,M,8.04
TEX,NA,7,-5.00,0,M,4.02
TEX,NA,6,-3.00,0,M,2.01
TEX,NA,6,-4.00,0,M,2.01
TEX,NA,7,-5.00,0,M,4.02
TEX,NA,7,-5.00,0,M,4.02
TEX,NA,6,-3.00,0,M,2.01
TEX,NA,5,-3.00,0,M,0
TEX,NA,5,-3.00,0,M,0
TEX,NA,5,-3.00,0,M,0
TEX,NA,5,-2.00,0,M,0
TEX,NA,5,-3.00,0,M,0
TEX,NA,6,-4.00,0,M,2.01
TEX,NA,6,-4.00,0,M,2.01
TEX,NA,6,-5.00,0,M,2.01
TEX,NA,6,-4.00,0,M,2.01
TEX,NA,6,-4.00,0,M,2.01
TEX,NA,6,-2.00,0,M,2.01
TEX,NA,5,-2.00,0,M,0
TEX,NA,4,-1.00,0,M,0
TEX,NA,4,-2.00,0,M,0
TEX,NA,5,-2.00,0,M,0
TEX,NA,5,-2.00,0,M,0
TEX,NA,5,-2.00,0,M,0
TEX,NA,5,-1.00,0,M,0
TEX,NA,3,0.00,0,M,0
TEX,NA,3,0.00,0,M,0
TEX,NA,3,0.00,0,M,0
TEX,NA,1,0.00,0,M,0
TEX,NA,1,0.00,0,M,0
TEX,NA,1,0.00,0,M,0
TEX,NA,1,0.00,0.25,M,0
TEX,NA,1,0.00,0.51,M,0
TEX,NA,1,0.00,0,M,0
TEX,NA,1,0.00,0.25,M,0
TEX,NA,2,0.00,0.25,M,0
TEX,NA,3,0.00,0,M,0
TEX,NA,4,1.00,0,M,0
TEX,NA,5,0.00,0,M,0
TEX,NA,5,0.00,0,M,0
TEX,NA,5,0.00,0,M,0
TEX,NA,6,0.00,0,M,2.01
TEX,NA,5,1.00,0,M,0
TEX,NA,5,0.00,0,M,0
TEX,NA,5,0.00,0,M,0
TEX,NA,5,0.00,0,M,0
TEX,NA,5,0.00,0,M,0
TEX,NA,5,0.00,0,M,0
TEX,NA,5,0.00,0,M,0
TEX,NA,3,0.00,0,M,0
TEX,NA,3,0.00,0,M,0
TEX,NA,3,0.00,0,M,0
TEX,NA,4,0.00,0,M,0
TEX,NA,3,0.00,0,M,0
TEX,NA,3,-1.00,0,M,0
TEX,NA,5,0.00,0,M,0
TEX,NA,6,-1.00,0,M,2.01
TEX,NA,7,-1.00,0,M,4.02
TEX,NA,7,-2.00,0,M,4.02
TEX,NA,6,-2.00,0,M,2.01
TEX,NA,6,-1.00,0,M,2.01
TEX,NA,3,-1.00,0,M,0
TEX,NA,4,-1.00,0,M,0
TEX,NA,5,-2.00,0,M,0
TEX,NA,6,-2.00,0,M,2.01
TEX,NA,6,-4.00,0,M,2.01
TEX,NA,6,-8.00,0,M,2.01
TEX,NA,6,-8.00,0,M,2.01
TEX,NA,6,-8.00,0,M,2.01
TEX,NA,6,-10.00,0,M,2.01
TEX,NA,6,-10.00,0,M,2.01
TEX,NA,5,-12.00,0,M,0
TEX,NA,5,-10.00,0,M,0
TEX,NA,4,-11.00,0,M,0
TEX,NA,3,-10.00,0,M,0
TEX,NA,3,-10.00,0,M,0
TEX,NA,3,-11.00,0,M,0
TEX,NA,2,-8.00,0,M,0
TEX,NA,1,-8.00,0,M,0
TEX,NA,1,-8.00,0,M,0
TEX,NA,1,-8.00,0,M,0
TEX,NA,1,-8.00,0,M,0
TEX,NA,0,-8.00,0,M,0
TEX,NA,0,-8.00,0,M,0
TEX,NA,0,-10.00,0,M,0
TEX,NA,0,-10.00,0,M,0
TEX,NA,0,-11.00,0,M,0
TEX,NA,0,-10.00,0,M,0
TEX,NA,0,-9.00,0,M,0
TEX,NA,0,-12.00,0,M,0
TEX,NA,0,-11.00,0,M,0
TEX,NA,-1,-12.00,0,M,0
TEX,NA,-1,-11.00,0,M,0
TEX,NA,-1,-11.00,0,M,0
TEX,NA,-1,-12.00,0,M,0
TEX,NA,-1,-13.00,0,M,0
TEX,NA,-1,-14.00,0,M,0
TEX,NA,-1,-15.00,0,M,0
TEX,NA,-2,-15.00,0,M,0
TEX,NA,-1,-16.00,0,M,0
TEX,NA,-2,-16.00,0,M,0
TEX,NA,-1,-16.00,0,M,0
TEX,NA,-2,-17.00,0,M,0
TEX,NA,-1,-18.00,0,M,0
TEX,NA,0,-17.00,0,M,0
TEX,NA,0,-17.00,0,M,0
TEX,NA,1,-17.00,0,M,0
TEX,NA,2,-18.00,0,M,0
TEX,NA,3,-19.00,0,M,0
TEX,NA,5,-18.00,0,M,0
TEX,NA,7,-20.00,0,M,4.02
TEX,NA,7,-22.00,0,M,4.02
TEX,NA,8,-26.00,0,M,6.029999999999999
TEX,NA,10,-20.00,0,M,10.049999999999999
TEX,NA,11,-18.00,0,M,12.059999999999999
TEX,NA,11,-14.00,0,M,12.059999999999999
TEX,NA,12,-12.00,0,M,14.069999999999999
TEX,NA,11,-13.00,0,M,12.059999999999999
TEX,NA,12,-13.00,0,M,14.069999999999999
TEX,NA,12,-13.00,0,M,14.069999999999999
TEX,NA,12,-14.00,0,M,14.069999999999999
TEX,NA,12,-14.00,0,M,14.069999999999999
TEX,NA,12,-14.00,0,M,14.069999999999999
TEX,NA,13,-15.00,0,M,16.08
TEX,NA,13,-15.00,0,M,16.08
TEX,NA,13,-14.00,0,M,16.08
TEX,NA,13,-17.00,0,M,16.08
TEX,NA,13,-16.00,0,M,16.08
TEX,NA,13,-17.00,0,M,16.08
TEX,NA,14,-16.00,0,M,18.089999999999996
TEX,NA,13,-18.00,0,M,16.08
TEX,NA,14,-18.00,0,M,18.089999999999996
TEX,NA,15,-18.00,0,M,20.099999999999998
TEX,NA,14,-19.00,0,M,18.089999999999996
TEX,NA,14,-20.00,0,M,18.089999999999996
TEX,NA,14,-20.00,0,M,18.089999999999996
TEX,NA,15,-19.00,0,M,20.099999999999998
TEX,NA,14,-19.00,0,M,18.089999999999996
TEX,NA,14,-20.00,0,M,18.089999999999996
TEX,NA,14,-19.00,0,M,18.089999999999996
TEX,NA,13,-20.00,0,M,16.08
TEX,NA,13,-18.00,0,M,16.08
TEX,NA,13,-18.00,0,M,16.08
TEX,NA,13,-17.00,0,M,16.08
TEX,NA,12,-16.00,0,M,14.069999999999999
TEX,NA,12,-15.00,0,M,14.069999999999999
TEX,NA,12,-14.00,0,M,14.069999999999999
TEX,NA,11,-13.00,0,M,12.059999999999999
TEX,NA,11,-13.00,0,M,12.059999999999999
TEX,NA,10,-12.00,0,M,10.049999999999999
TEX,NA,10,-12.00,0,M,10.049999999999999
TEX,NA,10,-12.00,0,M,10.049999999999999
TEX,NA,8,-11.00,0,M,6.029999999999999
TEX,NA,8,-11.00,0,M,6.029999999999999
TEX,NA,8,-12.00,0,M,6.029999999999999
TEX,NA,8,-11.00,0,M,6.029999999999999
TEX,NA,8,-11.00,0,M,6.029999999999999
TEX,NA,7,-11.00,0,M,4.02
TEX,NA,8,-12.00,0,M,6.029999999999999
TEX,NA,7,-11.00,0,M,4.02
TEX,NA,7,-12.00,0,M,4.02
TEX,NA,7,-11.00,0,M,4.02
TEX,NA,7,-11.00,0,M,4.02
TEX,NA,8,-12.00,0,M,6.029999999999999
TEX,NA,10,-16.00,0,M,10.049999999999999
TEX,NA,10,-16.00,0,M,10.049999999999999
TEX,NA,10,-17.00,0,M,10.049999999999999
TEX,NA,9,-17.00,0,M,8.04
TEX,NA,8,-16.00,0,M,6.029999999999999
TEX,NA,6,-12.00,0,M,2.01
TEX,NA,7,-13.00,0,M,4.02
TEX,NA,6,-13.00,0,M,2.01
TEX,NA,5,-12.00,0,M,0
TEX,NA,5,-12.00,0,M,0
TEX,NA,3,-12.00,0,M,0
TEX,NA,5,-13.00,0,M,0
TEX,NA,5,-12.00,0,M,0
TEX,NA,6,-12.00,0,M,2.01
TEX,NA,7,-11.00,0,M,4.02
TEX,NA,8,-13.00,0,M,6.029999999999999
TEX,NA,10,-16.00,0,M,10.049999999999999
TEX,NA,10,-15.00,0,M,10.049999999999999
TEX,NA,11,-15.00,0,M,12.059999999999999
TEX,NA,11,-15.00,0,M,12.059999999999999
TEX,NA,12,-15.00,0,M,14.069999999999999
TEX,NA,12,-15.00,0,M,14.069999999999999
TEX,NA,12,-16.00,0,M,14.069999999999999
TEX,NA,13,-16.00,0,M,16.08
TEX,NA,13,-17.00,0,M,16.08
TEX,NA,13,-16.00,0,M,16.08
TEX,NA,13,-15.00,0,M,16.08
TEX,NA,12,-14.00,0,M,14.069999999999999
TEX,NA,13,-13.00,0,M,16.08
TEX,NA,13,-13.00,0,M,16.08
TEX,NA,13,-12.00,0,M,16.08
TEX,NA,13,-12.00,0,M,16.08
TEX,NA,14,-12.00,0,M,18.089999999999996
TEX,NA,15,-13.00,0,M,20.099999999999998
TEX,NA,14,-13.00,0,M,18.089999999999996
TEX,NA,14,-13.00,0,M,18.089999999999996
TEX,NA,15,-14.00,0,M,20.099999999999998
TEX,NA,15,-14.00,0,M,20.099999999999998
TEX,NA,15,-13.00,0,M,20.099999999999998
TEX,NA,15,-14.00,0,M,20.099999999999998
TEX,NA,15,-13.00,0,M,20.099999999999998
TEX,NA,15,-13.00,0,M,20.099999999999998
TEX,NA,15,-13.00,0,M,20.099999999999998
TEX,NA,14,-13.00,0,M,18.089999999999996
TEX,NA,14,-13.00,0,M,18.089999999999996
TEX,NA,14,-13.00,0,M,18.089999999999996
TEX,NA,13,-13.00,0,M,16.08
TEX,NA,13,-10.00,0,M,16.08
TEX,NA,13,-10.00,0,M,16.08
TEX,NA,12,-8.00,0,M,14.069999999999999
TEX,NA,11,-8.00,0,M,12.059999999999999
TEX,NA,10,-8.00,0,M,10.049999999999999
TEX,NA,10,-8.00,0,M,10.049999999999999
TEX,NA,9,-8.00,0,M,8.04
TEX,NA,8,-10.00,0,M,6.029999999999999
TEX,NA,8,-11.00,0,M,6.029999999999999
TEX,NA,8,-11.00,0,M,6.029999999999999
TEX,NA,8,-12.00,0,M,6.029999999999999
TEX,NA,8,-13.00,0,M,6.029999999999999
TEX,NA,8,-14.00,0,M,6.029999999999999
TEX,NA,7,-14.00,0,M,4.02
TEX,NA,7,-14.00,0,M,4.02
TEX,NA,7,-13.00,0,M,4.02
TEX,NA,7,-13.00,0,M,4.02
TEX,NA,7,-14.00,0,M,4.02
TEX,NA,6,-12.00,0,M,2.01
TEX,NA,6,-12.00,0,M,2.01
TEX,NA,6,-12.00,0,M,2.01
TEX,NA,6,-11.00,0,M,2.01
TEX,NA,7,-10.00,0,M,4.02
TEX,NA,6,-11.00,0,M,2.01
TEX,NA,6,-10.00,0,M,2.01
TEX,NA,6,-10.00,0,M,2.01
TEX,NA,6,-9.00,0,M,2.01
TEX,NA,5,-9.00,0,M,0
TEX,NA,5,-10.00,0,M,0
TEX,NA,4,-10.00,0,M,0
TEX,NA,4,-11.00,0,M,0
TEX,NA,3,-9.00,0,M,0
TEX,NA,3,-8.00,0,M,0
TEX,NA,3,-8.00,0,M,0
TEX,NA,3,-8.00,0,M,0
TEX,NA,2,-8.00,0,M,0
TEX,NA,2,-8.00,0,M,0
TEX,NA,3,-10.00,0,M,0
TEX,NA,5,-11.00,0,M,0
TEX,NA,5,-10.00,0,M,0
TEX,NA,6,-12.00,0,M,2.01
TEX,NA,7,-12.00,0,M,4.02
TEX,NA,8,-23.00,0,M,6.029999999999999
TEX,NA,10,-23.00,0,M,10.049999999999999
TEX,NA,10,-23.00,0,M,10.049999999999999
TEX,NA,10,-24.00,0,M,10.049999999999999
TEX,NA,10,-23.00,0,M,10.049999999999999
TEX,NA,11,-22.00,0,M,12.059999999999999
TEX,NA,12,-19.00,0,M,14.069999999999999
TEX,NA,12,-16.00,0,M,14.069999999999999
TEX,NA,11,-16.00,0,M,12.059999999999999
TEX,NA,12,-18.00,0,M,14.069999999999999
TEX,NA,12,-15.00,0,M,14.069999999999999
TEX,NA,12,-16.00,0,M,14.069999999999999
TEX,NA,12,-15.00,0,M,14.069999999999999
TEX,NA,12,-13.00,0,M,14.069999999999999
TEX,NA,12,-11.00,0,M,14.069999999999999
TEX,NA,13,-11.00,0,M,16.08
TEX,NA,14,-12.00,0,M,18.089999999999996
TEX,NA,13,-12.00,0,M,16.08
TEX,NA,13,-11.00,0,M,16.08
TEX,NA,14,-13.00,0,M,18.089999999999996
TEX,NA,15,-12.00,0,M,20.099999999999998
TEX,NA,15,-13.00,0,M,20.099999999999998
TEX,NA,14,-12.00,0,M,18.089999999999996
TEX,NA,14,-12.00,0,M,18.089999999999996
TEX,NA,15,-12.00,0,M,20.099999999999998
TEX,NA,15,-13.00,0,M,20.099999999999998
TEX,NA,15,-12.00,0,M,20.099999999999998
TEX,NA,15,-13.00,0,M,20.099999999999998
TEX,NA,14,-13.00,0,M,18.089999999999996
TEX,NA,14,-15.00,0,M,18.089999999999996
TEX,NA,14,-15.00,0,M,18.089999999999996
TEX,NA,13,-13.00,0,M,16.08
TEX,NA,13,-13.00,0,M,16.08
TEX,NA,13,-12.00,0,M,16.08
TEX,NA,13,-12.00,0,M,16.08
TEX,NA,13,-12.00,0,M,16.08
TEX,NA,12,-12.00,0,M,14.069999999999999
TEX,NA,12,-12.00,0,M,14.069999999999999
TEX,NA,12,-12.00,0,M,14.069999999999999
TEX,NA,12,-12.00,0,M,14.069999999999999
TEX,NA,11,-11.00,0,M,12.059999999999999
TEX,NA,11,-11.00,0,M,12.059999999999999
TEX,NA,12,-11.00,0,M,14.069999999999999
TEX,NA,12,-11.00,0,M,14.069999999999999
TEX,NA,12,-11.00,0,M,14.069999999999999
TEX,NA,12,-11.00,0,M,14.069999999999999
TEX,NA,12,-11.00,0,M,14.069999999999999
TEX,NA,12,-11.00,0,M,14.069999999999999
TEX,NA,12,-11.00,0,M,14.069999999999999
TEX,NA,12,-12.00,0,M,14.069999999999999
TEX,NA,12,-12.00,0,M,14.069999999999999
TEX,NA,12,-11.00,0,M,14.069999999999999
TEX,NA,11,-11.00,0,M,12.059999999999999
TEX,NA,11,-10.00,0,M,12.059999999999999
TEX,NA,11,-10.00,0,M,12.059999999999999
TEX,NA,10,-10.00,0,M,10.049999999999999
TEX,NA,10,-9.00,0,M,10.049999999999999
TEX,NA,10,-10.00,0,M,10.049999999999999
TEX,NA,9,-9.00,0,M,8.04
TEX,NA,9,-9.00,0,M,8.04
TEX,NA,8,-9.00,0,M,6.029999999999999
TEX,NA,8,-9.00,0,M,6.029999999999999
TEX,NA,8,-8.00,0,M,6.029999999999999
TEX,NA,8,-8.00,0,M,6.029999999999999
TEX,NA,8,-8.00,0,M,6.029999999999999
TEX,NA,8,-8.00,0,M,6.029999999999999
TEX,NA,8,-8.00,0,M,6.029999999999999
TEX,NA,8,-8.00,0,M,6.029999999999999
TEX,NA,8,-7.00,0,M,6.029999999999999
TEX,NA,8,-8.00,0,M,6.029999999999999
TEX,NA,9,-8.00,0,M,8.04
TEX,NA,8,-8.00,0,M,6.029999999999999
TEX,NA,9,-8.00,0,M,8.04
TEX,NA,9,-8.00,0,M,8.04
TEX,NA,10,-8.00,0,M,10.049999999999999
TEX,NA,9,-8.00,0,M,8.04
TEX,NA,10,-8.00,0,M,10.049999999999999
TEX,NA,10,-9.00,0,M,10.049999999999999
TEX,NA,10,-10.00,0,M,10.049999999999999
TEX,NA,10,-9.00,0,M,10.049999999999999
TEX,NA,10,-6.00,0,M,10.049999999999999
TEX,NA,10,-5.00,0,M,10.049999999999999
TEX,NA,11,-8.00,0,M,12.059999999999999
TEX,NA,11,-8.00,0,M,12.059999999999999
TEX,NA,11,-7.00,0,M,12.059999999999999
TEX,NA,10,-6.00,0,M,10.049999999999999
TEX,NA,11,-7.00,0,M,12.059999999999999
TEX,NA,10,-5.00,0,M,10.049999999999999
TEX,NA,11,-6.00,0,M,12.059999999999999
TEX,NA,12,-7.00,0,M,14.069999999999999
TEX,NA,11,-7.00,0,M,12.059999999999999
TEX,NA,12,-8.00,0,M,14.069999999999999
TEX,NA,12,-7.00,0,M,14.069999999999999
TEX,NA,12,-10.00,0,M,14.069999999999999
TEX,NA,13,-11.00,0,M,16.08
TEX,NA,13,-11.00,0,M,16.08
TEX,NA,13,-12.00,0,M,16.08
TEX,NA,13,-12.00,0,M,16.08
TEX,NA,13,-13.00,0,M,16.08
TEX,NA,12,-13.00,0,M,14.069999999999999
TEX,NA,13,-12.00,0,M,16.08
TEX,NA,13,-13.00,0,M,16.08
TEX,NA,12,-12.00,0,M,14.069999999999999
TEX,NA,7,0.00,0,M,4.02
TEX,NA,7,0.00,0,M,4.02
TEX,NA,7,0.00,0,M,4.02
TEX,NA,6,0.00,0,M,2.01
TEX,NA,5,0.00,0,M,0
TEX,NA,3,1.00,0,M,0
TEX,NA,3,1.00,0.25,M,0
TEX,NA,3,2.00,0.25,M,0
TEX,NA,3,1.00,0.25,M,0
TEX,NA,3,1.00,0,M,0
TEX,NA,4,1.00,0,M,0
TEX,NA,3,1.00,0,M,0
TEX,NA,3,1.00,0,M,0
TEX,NA,3,2.00,0,M,0
TEX,NA,3,1.00,0,M,0
TEX,NA,3,1.00,0,M,0
TEX,NA,3,1.00,0,M,0
TEX,NA,3,1.00,0,M,0
TEX,NA,3,1.00,0,M,0
TEX,NA,2,1.00,0,M,0
TEX,NA,2,0.00,0,M,0
TEX,NA,2,0.00,0,M,0
TEX,NA,2,-1.00,0,M,0
TEX,NA,2,-2.00,0,M,0
TEX,NA,2,-3.00,0,M,0
TEX,NA,1,-3.00,0,M,0
TEX,NA,1,-3.00,0,M,0
TEX,NA,2,-3.00,0,M,0
TEX,NA,1,-3.00,0,M,0
TEX,NA,1,-3.00,0,M,0
TEX,NA,1,-4.00,0,M,0
TEX,NA,1,-4.00,0,M,0
TEX,NA,1,-4.00,0,M,0
TEX,NA,1,-4.00,0,M,0
TEX,NA,1,-4.00,0,M,0
TEX,NA,1,-4.00,0,M,0
TEX,NA,2,-4.00,0,M,0
TEX,NA,2,-4.00,0,M,0
TEX,NA,2,-3.00,0,M,0
TEX,NA,3,-3.00,0,M,0
TEX,NA,4,-3.00,0,M,0
TEX,NA,5,-2.00,0,M,0
TEX,NA,6,-4.00,0,M,2.01
TEX,NA,8,-7.00,0,M,6.029999999999999
TEX,NA,8,-8.00,0,M,6.029999999999999
TEX,NA,8,-9.00,0,M,6.029999999999999
TEX,NA,9,-8.00,0,M,8.04
TEX,NA,9,-7.00,0,M,8.04
TEX,NA,10,-8.00,0,M,10.049999999999999
TEX,NA,10,-7.00,0,M,10.049999999999999
TEX,NA,11,-7.00,0,M,12.059999999999999
TEX,NA,11,-7.00,0,M,12.059999999999999
TEX,NA,11,-8.00,0,M,12.059999999999999
TEX,NA,11,-8.00,0,M,12.059999999999999
TEX,NA,11,-9.00,0,M,12.059999999999999
TEX,NA,12,-8.00,0,M,14.069999999999999
TEX,NA,12,-8.00,0,M,14.069999999999999
TEX,NA,12,-9.00,0,M,14.069999999999999
TEX,NA,13,-11.00,0,M,16.08
TEX,NA,13,-11.00,0,M,16.08
TEX,NA,13,-10.00,0,M,16.08
TEX,NA,13,-10.00,0,M,16.08
TEX,NA,13,-9.00,0,M,16.08
TEX,NA,14,-8.00,0,M,18.089999999999996
TEX,NA,14,-10.00,0,M,18.089999999999996
TEX,NA,13,-8.00,0,M,16.08
TEX,NA,14,-10.00,0,M,18.089999999999996
TEX,NA,14,-11.00,0,M,18.089999999999996
TEX,NA,14,-12.00,0,M,18.089999999999996
TEX,NA,14,-13.00,0,M,18.089999999999996
TEX,NA,13,-12.00,0,M,16.08
TEX,NA,13,-12.00,0,M,16.08
TEX,NA,13,-12.00,0,M,16.08
TEX,NA,13,-13.00,0,M,16.08
TEX,NA,12,-13.00,0,M,14.069999999999999
TEX,NA,12,-12.00,0,M,14.069999999999999
TEX,NA,11,-12.00,0,M,12.059999999999999
TEX,NA,11,-12.00,0,M,12.059999999999999
TEX,NA,11,-11.00,0,M,12.059999999999999
TEX,NA,10,-11.00,0,M,10.049999999999999
TEX,NA,9,-10.00,0,M,8.04
TEX,NA,8,-10.00,0,M,6.029999999999999
TEX,NA,7,-9.00,0,M,4.02
TEX,NA,7,-7.00,0,M,4.02
TEX,NA,7,-7.00,0,M,4.02
TEX,NA,7,-7.00,0,M,4.02
TEX,NA,6,-7.00,0,M,2.01
TEX,NA,6,-6.00,0,M,2.01
TEX,NA,6,-7.00,0,M,2.01
TEX,NA,5,-6.00,0,M,0
TEX,NA,5,-6.00,0,M,0
TEX,NA,5,-6.00,0,M,0
TEX,NA,4,-5.00,0,M,0
TEX,NA,5,-6.00,0,M,0
TEX,NA,5,-6.00,0,M,0
TEX,NA,5,-5.00,0,M,0
TEX,NA,5,-5.00,0,M,0
TEX,NA,4,-5.00,0,M,0
TEX,NA,4,-5.00,0,M,0
TEX,NA,3,-5.00,0,M,0
TEX,NA,4,-5.00,0,M,0
TEX,NA,4,-5.00,0,M,0
TEX,NA,4,-5.00,0,M,0
TEX,NA,3,-5.00,0,M,0
TEX,NA,3,-5.00,0,M,0
TEX,NA,3,-4.00,0,M,0
TEX,NA,3,-4.00,0,M,0
TEX,NA,5,-3.00,0,M,0
TEX,NA,6,-4.00,0,M,2.01
TEX,NA,7,-5.00,0,M,4.02
TEX,NA,7,-3.00,0,M,4.02
TEX,NA,9,-5.00,0,M,8.04
TEX,NA,10,-4.00,0,M,10.049999999999999
TEX,NA,11,-5.00,0,M,12.059999999999999
TEX,NA,12,-7.00,0,M,14.069999999999999
TEX,NA,13,-7.00,0,M,16.08
TEX,NA,13,-7.00,0,M,16.08
TEX,NA,14,-7.00,0,M,18.089999999999996
TEX,NA,15,-9.00,0,M,20.099999999999998
TEX,NA,15,-9.00,0,M,20.099999999999998
TEX,NA,15,-10.00,0,M,20.099999999999998
TEX,NA,15,-10.00,0,M,20.099999999999998
TEX,NA,15,-10.00,0,M,20.099999999999998
TEX,NA,17,-10.00,0,M,24.119999999999997
TEX,NA,17,-9.00,0,M,24.119999999999997
TEX,NA,16,-10.00,0,M,22.11
TEX,NA,16,-11.00,0,M,22.11
TEX,NA,17,-10.00,0,M,24.119999999999997
TEX,NA,16,-12.00,0,M,22.11
TEX,NA,17,-10.00,0,M,24.119999999999997
TEX,NA,17,-11.00,0,M,24.119999999999997
TEX,NA,17,-12.00,0,M,24.119999999999997
TEX,NA,17,-13.00,0,M,24.119999999999997
TEX,NA,17,-12.00,0,M,24.119999999999997
TEX,NA,16,-12.00,0,M,22.11
TEX,NA,17,-12.00,0,M,24.119999999999997
TEX,NA,17,-10.00,0,M,24.119999999999997
TEX,NA,16,-9.00,0,M,22.11
TEX,NA,16,-9.00,0,M,22.11
TEX,NA,17,-10.00,0,M,24.119999999999997
TEX,NA,15,-6.00,0,M,20.099999999999998
TEX,NA,15,-6.00,0,M,20.099999999999998
TEX,NA,14,-6.00,0,M,18.089999999999996
TEX,NA,14,-4.00,0,M,18.089999999999996
TEX,NA,13,-6.00,0,M,16.08
TEX,NA,13,-3.00,0,M,16.08
TEX,NA,13,-5.00,0,M,16.08
TEX,NA,13,-5.00,0,M,16.08
TEX,NA,12,-5.00,0,M,14.069999999999999
TEX,NA,12,-6.00,0,M,14.069999999999999
TEX,NA,11,-6.00,0,M,12.059999999999999
TEX,NA,11,-5.00,0,M,12.059999999999999
TEX,NA,11,-5.00,0,M,12.059999999999999
TEX,NA,10,-5.00,0,M,10.049999999999999
TEX,NA,9,-4.00,0,M,8.04
TEX,NA,9,-3.00,0,M,8.04
TEX,NA,8,-3.00,0,M,6.029999999999999
TEX,NA,8,-4.00,0,M,6.029999999999999
TEX,NA,8,-4.00,0,M,6.029999999999999
TEX,NA,7,-4.00,0,M,4.02
TEX,NA,7,-4.00,0,M,4.02
TEX,NA,8,-4.00,0,M,6.029999999999999
TEX,NA,7,-4.00,0,M,4.02
TEX,NA,7,-4.00,0,M,4.02
TEX,NA,7,-5.00,0,M,4.02
TEX,NA,7,-5.00,0,M,4.02
TEX,NA,6,-5.00,0,M,2.01
TEX,NA,6,-5.00,0,M,2.01
TEX,NA,6,-5.00,0,M,2.01
TEX,NA,7,-6.00,0,M,4.02
TEX,NA,6,-6.00,0,M,2.01
TEX,NA,6,-6.00,0,M,2.01
TEX,NA,6,-6.00,0,M,2.01
TEX,NA,6,-6.00,0,M,2.01
TEX,NA,6,-7.00,0,M,2.01
TEX,NA,6,-7.00,0,M,2.01
TEX,NA,6,-7.00,0,M,2.01
TEX,NA,6,-7.00,0,M,2.01
TEX,NA,6,-7.00,0,M,2.01
TEX,NA,7,-6.00,0,M,4.02
TEX,NA,8,-6.00,0,M,6.029999999999999
TEX,NA,10,-7.00,0,M,10.049999999999999
TEX,NA,11,-8.00,0,M,12.059999999999999
TEX,NA,12,-9.00,0,M,14.069999999999999
TEX,NA,13,-8.00,0,M,16.08
TEX,NA,15,-7.00,0,M,20.099999999999998
TEX,NA,16,-11.00,0,M,22.11
TEX,NA,17,-13.00,0,M,24.119999999999997
TEX,NA,17,-14.00,0,M,24.119999999999997
TEX,NA,18,-15.00,0,M,26.129999999999995
TEX,NA,17,-14.00,0,M,24.119999999999997
TEX,NA,18,-15.00,0,M,26.129999999999995
TEX,NA,19,-16.00,0,M,28.139999999999997
TEX,NA,18,-16.00,0,M,26.129999999999995
TEX,NA,18,-16.00,0,M,26.129999999999995
TEX,NA,18,-16.00,0,M,26.129999999999995
TEX,NA,19,-18.00,0,M,28.139999999999997
TEX,NA,18,-17.00,0,M,26.129999999999995
TEX,NA,20,-18.00,0,M,30.15
TEX,NA,19,-20.00,0,M,28.139999999999997
TEX,NA,20,-14.00,0,M,30.15
TEX,NA,20,-21.00,0,M,30.15
TEX,NA,19,-21.00,0,M,28.139999999999997
TEX,NA,20,-23.00,0,M,30.15
TEX,NA,20,-22.00,0,M,30.15
TEX,NA,20,-21.00,0,M,30.15
TEX,NA,20,-21.00,0,M,30.15
TEX,NA,20,-23.00,0,M,30.15
TEX,NA,20,-23.00,0,M,30.15
TEX,NA,20,-22.00,0,M,30.15
TEX,NA,20,-23.00,0,M,30.15
TEX,NA,21,-25.00,0,M,32.16
TEX,NA,20,-23.00,0,M,30.15
TEX,NA,21,-27.00,0,M,32.16
TEX,NA,20,-26.00,0,M,30.15
TEX,NA,20,-25.00,0,M,30.15
TEX,NA,20,-24.00,0,M,30.15
TEX,NA,20,-23.00,0,M,30.15
TEX,NA,19,-22.00,0,M,28.139999999999997
TEX,NA,18,-22.00,0,M,26.129999999999995
TEX,NA,17,-21.00,0,M,24.119999999999997
TEX,NA,16,-20.00,0,M,22.11
TEX,NA,16,-19.00,0,M,22.11
TEX,NA,14,-15.00,0,M,18.089999999999996
TEX,NA,13,-13.00,0,M,16.08
TEX,NA,12,-13.00,0,M,14.069999999999999
TEX,NA,12,-11.00,0,M,14.069999999999999
TEX,NA,11,-11.00,0,M,12.059999999999999
TEX,NA,11,-12.00,0,M,12.059999999999999
TEX,NA,11,-11.00,0,M,12.059999999999999
TEX,NA,10,-11.00,0,M,10.049999999999999
TEX,NA,10,-11.00,0,M,10.049999999999999
TEX,NA,10,-11.00,0,M,10.049999999999999
TEX,NA,8,-11.00,0,M,6.029999999999999
TEX,NA,9,-11.00,0,M,8.04
TEX,NA,9,-11.00,0,M,8.04
TEX,NA,8,-11.00,0,M,6.029999999999999
TEX,NA,8,-11.00,0,M,6.029999999999999
TEX,NA,8,-11.00,0,M,6.029999999999999
TEX,NA,8,-11.00,0,M,6.029999999999999
TEX,NA,7,-11.00,0,M,4.02
TEX,NA,8,-12.00,0,M,6.029999999999999
TEX,NA,7,-11.00,0,M,4.02
TEX,NA,7,-12.00,0,M,4.02
TEX,NA,7,-12.00,0,M,4.02
TEX,NA,7,-11.00,0,M,4.02
TEX,NA,7,-12.00,0,M,4.02
TEX,NA,8,-13.00,0,M,6.029999999999999
TEX,NA,8,-13.00,0,M,6.029999999999999
TEX,NA,7,-12.00,0,M,4.02
TEX,NA,7,-12.00,0,M,4.02
TEX,NA,8,-11.00,0,M,6.029999999999999
TEX,NA,10,-12.00,0,M,10.049999999999999
TEX,NA,11,-12.00,0,M,12.059999999999999
TEX,NA,12,-10.00,0,M,14.069999999999999
TEX,NA,12,-10.00,0,M,14.069999999999999
TEX,NA,14,-11.00,0,M,18.089999999999996
TEX,NA,16,-13.00,0,M,22.11
TEX,NA,17,-16.00,0,M,24.119999999999997
TEX,NA,18,-17.00,0,M,26.129999999999995
TEX,NA,18,-17.00,0,M,26.129999999999995
TEX,NA,18,-18.00,0,M,26.129999999999995
TEX,NA,19,-19.00,0,M,28.139999999999997
TEX,NA,19,-19.00,0,M,28.139999999999997
TEX,NA,18,-20.00,0,M,26.129999999999995
TEX,NA,18,-19.00,0,M,26.129999999999995
TEX,NA,18,-20.00,0,M,26.129999999999995
TEX,NA,20,-18.00,0,M,30.15
TEX,NA,19,-18.00,0,M,28.139999999999997
TEX,NA,20,-18.00,0,M,30.15
TEX,NA,20,-15.00,0,M,30.15
TEX,NA,20,-16.00,0,M,30.15
TEX,NA,19,-15.00,0,M,28.139999999999997
TEX,NA,20,-15.00,0,M,30.15
TEX,NA,18,-11.00,0,M,26.129999999999995
TEX,NA,19,-9.00,0,M,28.139999999999997
TEX,NA,19,-13.00,0,M,28.139999999999997
TEX,NA,20,-17.00,0,M,30.15
TEX,NA,20,-15.00,0,M,30.15
TEX,NA,19,-12.00,0,M,28.139999999999997
TEX,NA,18,-12.00,0,M,26.129999999999995
TEX,NA,20,-12.00,0,M,30.15
TEX,NA,19,-15.00,0,M,28.139999999999997
TEX,NA,20,-17.00,0,M,30.15
TEX,NA,19,-19.00,0,M,28.139999999999997
TEX,NA,20,-21.00,0,M,30.15
TEX,NA,19,-17.00,0,M,28.139999999999997
TEX,NA,19,-18.00,0,M,28.139999999999997
TEX,NA,19,-18.00,0,M,28.139999999999997
TEX,NA,18,-20.00,0,M,26.129999999999995
TEX,NA,18,-21.00,0,M,26.129999999999995
TEX,NA,17,-21.00,0,M,24.119999999999997
TEX,NA,17,-20.00,0,M,24.119999999999997
TEX,NA,16,-19.00,0,M,22.11
TEX,NA,15,-18.00,0,M,20.099999999999998
TEX,NA,15,-17.00,0,M,20.099999999999998
TEX,NA,13,-13.00,0,M,16.08
TEX,NA,12,-13.00,0,M,14.069999999999999
TEX,NA,11,-11.00,0,M,12.059999999999999
TEX,NA,11,-11.00,0,M,12.059999999999999
TEX,NA,11,-11.00,0,M,12.059999999999999
TEX,NA,10,-11.00,0,M,10.049999999999999
TEX,NA,10,-11.00,0,M,10.049999999999999
TEX,NA,9,-11.00,0,M,8.04
TEX,NA,9,-12.00,0,M,8.04
TEX,NA,9,-12.00,0,M,8.04
TEX,NA,8,-12.00,0,M,6.029999999999999
TEX,NA,8,-12.00,0,M,6.029999999999999
TEX,NA,8,-13.00,0,M,6.029999999999999
TEX,NA,7,-12.00,0,M,4.02
TEX,NA,7,-12.00,0,M,4.02
TEX,NA,7,-12.00,0,M,4.02
TEX,NA,7,-12.00,0,M,4.02
TEX,NA,7,-13.00,0,M,4.02
TEX,NA,6,-12.00,0,M,2.01
TEX,NA,6,-12.00,0,M,2.01
TEX,NA,6,-13.00,0,M,2.01
TEX,NA,6,-12.00,0,M,2.01
TEX,NA,6,-12.00,0,M,2.01
TEX,NA,6,-13.00,0,M,2.01
TEX,NA,6,-12.00,0,M,2.01
TEX,NA,6,-11.00,0,M,2.01
TEX,NA,6,-12.00,0,M,2.01
TEX,NA,6,-11.00,0,M,2.01
TEX,NA,7,-10.00,0,M,4.02
TEX,NA,10,-10.00,0,M,10.049999999999999
TEX,NA,10,-9.00,0,M,10.049999999999999
TEX,NA,11,-9.00,0,M,12.059999999999999
TEX,NA,12,-10.00,0,M,14.069999999999999
TEX,NA,13,-9.00,0,M,16.08
TEX,NA,14,-12.00,0,M,18.089999999999996
TEX,NA,15,-11.00,0,M,20.099999999999998
TEX,NA,15,-10.00,0,M,20.099999999999998
TEX,NA,16,-10.00,0,M,22.11
TEX,NA,16,-10.00,0,M,22.11
TEX,NA,17,-11.00,0,M,24.119999999999997
TEX,NA,17,-10.00,0,M,24.119999999999997
TEX,NA,17,-10.00,0,M,24.119999999999997
TEX,NA,18,-10.00,0,M,26.129999999999995
TEX,NA,18,-8.00,0,M,26.129999999999995
TEX,NA,18,-11.00,0,M,26.129999999999995
TEX,NA,19,-12.00,0,M,28.139999999999997
TEX,NA,18,-13.00,0,M,26.129999999999995
TEX,NA,18,-11.00,0,M,26.129999999999995
TEX,NA,19,-11.00,0,M,28.139999999999997
TEX,NA,20,-10.00,0,M,30.15
TEX,NA,19,-11.00,0,M,28.139999999999997
TEX,NA,18,-10.00,0,M,26.129999999999995
TEX,NA,19,-10.00,0,M,28.139999999999997
TEX,NA,19,-10.00,0,M,28.139999999999997
TEX,NA,20,-16.00,0,M,30.15
TEX,NA,19,-12.00,0,M,28.139999999999997
TEX,NA,20,-15.00,0,M,30.15
TEX,NA,19,-16.00,0,M,28.139999999999997
TEX,NA,20,-15.00,0,M,30.15
TEX,NA,19,-15.00,0,M,28.139999999999997
TEX,NA,18,-16.00,0,M,26.129999999999995
TEX,NA,18,-16.00,0,M,26.129999999999995
TEX,NA,18,-14.00,0,M,26.129999999999995
TEX,NA,17,-7.00,0,M,24.119999999999997
TEX,NA,17,-7.00,0,M,24.119999999999997
TEX,NA,17,-7.00,0,M,24.119999999999997
TEX,NA,17,-12.00,0,M,24.119999999999997
TEX,NA,16,-12.00,0,M,22.11
TEX,NA,16,-12.00,0,M,22.11
TEX,NA,16,-15.00,0,M,22.11
TEX,NA,15,-14.00,0,M,20.099999999999998
TEX,NA,14,-12.00,0,M,18.089999999999996
TEX,NA,13,-10.00,0,M,16.08
TEX,NA,12,-7.00,0,M,14.069999999999999
TEX,NA,11,-5.00,0,M,12.059999999999999
TEX,NA,10,-5.00,0,M,10.049999999999999
TEX,NA,10,-8.00,0,M,10.049999999999999
TEX,NA,10,-6.00,0,M,10.049999999999999
TEX,NA,9,-6.00,0,M,8.04
TEX,NA,9,-8.00,0,M,8.04
TEX,NA,8,-6.00,0,M,6.029999999999999
TEX,NA,8,-6.00,0,M,6.029999999999999
TEX,NA,8,-6.00,0,M,6.029999999999999
TEX,NA,8,-7.00,0,M,6.029999999999999
TEX,NA,7,-7.00,0,M,4.02
TEX,NA,7,-7.00,0,M,4.02
TEX,NA,7,-7.00,0,M,4.02
TEX,NA,7,-7.00,0,M,4.02
TEX,NA,6,-7.00,0,M,2.01
TEX,NA,7,-7.00,0,M,4.02
TEX,NA,7,-7.00,0,M,4.02
TEX,NA,6,-7.00,0,M,2.01
TEX,NA,7,-7.00,0,M,4.02
TEX,NA,6,-7.00,0,M,2.01
TEX,NA,6,-7.00,0,M,2.01
TEX,NA,6,-6.00,0,M,2.01
TEX,NA,6,-6.00,0,M,2.01
TEX,NA,5,-6.00,0,M,0
TEX,NA,6,-6.00,0,M,2.01
TEX,NA,7,-6.00,0,M,4.02
TEX,NA,7,-5.00,0,M,4.02
TEX,NA,8,-6.00,0,M,6.029999999999999
TEX,NA,10,-6.00,0,M,10.049999999999999
TEX,NA,11,-6.00,0,M,12.059999999999999
TEX,NA,12,-7.00,0,M,14.069999999999999
TEX,NA,13,-7.00,0,M,16.08
TEX,NA,15,-6.00,0,M,20.099999999999998
TEX,NA,16,-11.00,0,M,22.11
TEX,NA,16,-14.00,0,M,22.11
TEX,NA,16,-16.00,0,M,22.11
TEX,NA,17,-15.00,0,M,24.119999999999997
TEX,NA,17,-15.00,0,M,24.119999999999997
TEX,NA,17,-15.00,0,M,24.119999999999997
TEX,NA,17,-14.00,0,M,24.119999999999997
TEX,NA,17,-13.00,0,M,24.119999999999997
TEX,NA,18,-16.00,0,M,26.129999999999995
TEX,NA,18,-14.00,0,M,26.129999999999995
TEX,NA,18,-12.00,0,M,26.129999999999995
TEX,NA,17,-13.00,0,M,24.119999999999997
TEX,NA,19,-12.00,0,M,28.139999999999997
TEX,NA,18,-13.00,0,M,26.129999999999995
TEX,NA,18,-13.00,0,M,26.129999999999995
TEX,NA,17,-14.00,0,M,24.119999999999997
TEX,NA,17,-12.00,0,M,24.119999999999997
TEX,NA,18,-12.00,0,M,26.129999999999995
TEX,NA,17,-11.00,0,M,24.119999999999997
TEX,NA,17,-11.00,0,M,24.119999999999997
TEX,NA,16,-9.00,0,M,22.11
TEX,NA,19,-11.00,0,M,28.139999999999997
TEX,NA,17,-8.00,0,M,24.119999999999997
TEX,NA,18,-9.00,0,M,26.129999999999995
TEX,NA,18,-11.00,0,M,26.129999999999995
TEX,NA,17,-11.00,0,M,24.119999999999997
TEX,NA,17,-12.00,0,M,24.119999999999997
TEX,NA,17,-10.00,0,M,24.119999999999997
TEX,NA,16,-9.00,0,M,22.11
TEX,NA,16,-8.00,0,M,22.11
TEX,NA,16,-9.00,0,M,22.11
TEX,NA,16,-8.00,0,M,22.11
TEX,NA,15,-7.00,0,M,20.099999999999998
TEX,NA,15,-8.00,0,M,20.099999999999998
TEX,NA,14,-7.00,0,M,18.089999999999996
TEX,NA,13,-6.00,0,M,16.08
TEX,NA,12,-6.00,0,M,14.069999999999999
TEX,NA,12,-6.00,0,M,14.069999999999999
TEX,NA,11,-6.00,0,M,12.059999999999999
TEX,NA,10,-5.00,0,M,10.049999999999999
TEX,NA,10,-5.00,0,M,10.049999999999999
TEX,NA,9,-4.00,0,M,8.04
TEX,NA,9,-5.00,0,M,8.04
TEX,NA,8,-5.00,0,M,6.029999999999999
TEX,NA,8,-5.00,0,M,6.029999999999999
TEX,NA,8,-5.00,0,M,6.029999999999999
TEX,NA,8,-5.00,0,M,6.029999999999999
TEX,NA,8,-5.00,0,M,6.029999999999999
TEX,NA,8,-5.00,0,M,6.029999999999999
TEX,NA,7,-5.00,0,M,4.02
TEX,NA,7,-4.00,0,M,4.02
TEX,NA,7,-4.00,0,M,4.02
TEX,NA,7,-5.00,0,M,4.02
TEX,NA,7,-4.00,0,M,4.02
TEX,NA,7,-5.00,0,M,4.02
TEX,NA,7,-5.00,0,M,4.02
TEX,NA,6,-5.00,0,M,2.01
TEX,NA,6,-4.00,0,M,2.01
TEX,NA,7,-5.00,0,M,4.02
TEX,NA,7,-5.00,0,M,4.02
TEX,NA,6,-5.00,0,M,2.01
TEX,NA,7,-5.00,0,M,4.02
TEX,NA,7,-5.00,0,M,4.02
TEX,NA,8,-5.00,0,M,6.029999999999999
TEX,NA,8,-5.00,0,M,6.029999999999999
TEX,NA,8,-5.00,0,M,6.029999999999999
TEX,NA,10,-6.00,0,M,10.049999999999999
TEX,NA,12,-5.00,0,M,14.069999999999999
TEX,NA,12,-5.00,0,M,14.069999999999999
TEX,NA,12,-5.00,0,M,14.069999999999999
TEX,NA,14,-6.00,0,M,18.089999999999996
TEX,NA,15,-5.00,0,M,20.099999999999998
TEX,NA,16,-6.00,0,M,22.11
TEX,NA,18,-12.00,0,M,26.129999999999995
TEX,NA,20,-10.00,0,M,30.15
TEX,NA,20,-11.00,0,M,30.15
TEX,NA,19,-12.00,0,M,28.139999999999997
TEX,NA,20,-13.00,0,M,30.15
TEX,NA,20,-17.00,0,M,30.15
TEX,NA,20,-16.00,0,M,30.15
TEX,NA,21,-18.00,0,M,32.16
TEX,NA,21,-19.00,0,M,32.16
TEX,NA,21,-20.00,0,M,32.16
TEX,NA,21,-21.00,0,M,32.16
TEX,NA,21,-21.00,0,M,32.16
TEX,NA,22,-21.00,0,M,34.169999999999995
TEX,NA,21,-20.00,0,M,32.16
TEX,NA,21,-20.00,0,M,32.16
TEX,NA,21,-19.00,0,M,32.16
TEX,NA,22,-20.00,0,M,34.169999999999995
TEX,NA,22,-21.00,0,M,34.169999999999995
TEX,NA,21,-20.00,0,M,32.16
TEX,NA,22,-21.00,0,M,34.169999999999995
TEX,NA,22,-21.00,0,M,34.169999999999995
TEX,NA,22,-21.00,0,M,34.169999999999995
TEX,NA,22,-23.00,0,M,34.169999999999995
TEX,NA,22,-23.00,0,M,34.169999999999995
TEX,NA,21,-25.00,0,M,32.16
TEX,NA,22,-21.00,0,M,34.169999999999995
TEX,NA,21,-22.00,0,M,32.16
TEX,NA,21,-22.00,0,M,32.16
TEX,NA,21,-21.00,0,M,32.16
TEX,NA,20,-20.00,0,M,30.15
TEX,NA,20,-21.00,0,M,30.15
TEX,NA,20,-20.00,0,M,30.15
TEX,NA,18,-19.00,0,M,26.129999999999995
TEX,NA,18,-18.00,0,M,26.129999999999995
TEX,NA,18,-19.00,0,M,26.129999999999995
TEX,NA,17,-19.00,0,M,24.119999999999997
TEX,NA,16,-16.00,0,M,22.11
TEX,NA,15,-13.00,0,M,20.099999999999998
TEX,NA,14,-12.00,0,M,18.089999999999996
TEX,NA,13,-12.00,0,M,16.08
TEX,NA,12,-12.00,0,M,14.069999999999999
TEX,NA,12,-12.00,0,M,14.069999999999999
TEX,NA,13,-13.00,0,M,16.08
TEX,NA,12,-12.00,0,M,14.069999999999999
TEX,NA,11,-11.00,0,M,12.059999999999999
TEX,NA,10,-11.00,0,M,10.049999999999999
TEX,NA,10,-11.00,0,M,10.049999999999999
TEX,NA,10,-11.00,0,M,10.049999999999999
TEX,NA,10,-12.00,0,M,10.049999999999999
TEX,NA,10,-11.00,0,M,10.049999999999999
TEX,NA,9,-11.00,0,M,8.04
TEX,NA,10,-12.00,0,M,10.049999999999999
TEX,NA,10,-12.00,0,M,10.049999999999999
TEX,NA,10,-12.00,0,M,10.049999999999999
TEX,NA,11,-15.00,0,M,12.059999999999999
TEX,NA,10,-15.00,0,M,10.049999999999999
TEX,NA,9,-13.00,0,M,8.04
TEX,NA,8,-12.00,0,M,6.029999999999999
TEX,NA,8,-12.00,0,M,6.029999999999999
TEX,NA,8,-12.00,0,M,6.029999999999999
TEX,NA,8,-12.00,0,M,6.029999999999999
TEX,NA,8,-11.00,0,M,6.029999999999999
TEX,NA,8,-11.00,0,M,6.029999999999999
TEX,NA,10,-11.00,0,M,10.049999999999999
TEX,NA,11,-11.00,0,M,12.059999999999999
TEX,NA,12,-11.00,0,M,14.069999999999999
TEX,NA,13,-11.00,0,M,16.08
TEX,NA,14,-10.00,0,M,18.089999999999996
TEX,NA,14,-11.00,0,M,18.089999999999996
TEX,NA,16,-11.00,0,M,22.11
TEX,NA,17,-13.00,0,M,24.119999999999997
TEX,NA,18,-14.00,0,M,26.129999999999995
TEX,NA,18,-16.00,0,M,26.129999999999995
TEX,NA,18,-22.00,0,M,26.129999999999995
TEX,NA,18,-21.00,0,M,26.129999999999995
TEX,NA,18,-21.00,0,M,26.129999999999995
TEX,NA,19,-20.00,0,M,28.139999999999997
TEX,NA,19,-19.00,0,M,28.139999999999997
TEX,NA,19,-18.00,0,M,28.139999999999997
TEX,NA,20,-17.00,0,M,30.15
TEX,NA,20,-17.00,0,M,30.15
TEX,NA,20,-16.00,0,M,30.15
TEX,NA,20,-18.00,0,M,30.15
TEX,NA,20,-18.00,0,M,30.15
TEX,NA,20,-20.00,0,M,30.15
TEX,NA,20,-22.00,0,M,30.15
TEX,NA,20,-20.00,0,M,30.15
TEX,NA,19,-19.00,0,M,28.139999999999997
TEX,NA,19,-19.00,0,M,28.139999999999997
TEX,NA,19,-19.00,0,M,28.139999999999997
TEX,NA,19,-18.00,0,M,28.139999999999997
TEX,NA,19,-20.00,0,M,28.139999999999997
TEX,NA,19,-22.00,0,M,28.139999999999997
TEX,NA,19,-25.00,0,M,28.139999999999997
TEX,NA,18,-26.00,0,M,26.129999999999995
TEX,NA,19,-23.00,0,M,28.139999999999997
TEX,NA,19,-23.00,0,M,28.139999999999997
TEX,NA,19,-26.00,0,M,28.139999999999997
TEX,NA,18,-25.00,0,M,26.129999999999995
TEX,NA,18,-23.00,0,M,26.129999999999995
TEX,NA,18,-22.00,0,M,26.129999999999995
TEX,NA,18,-21.00,0,M,26.129999999999995
TEX,NA,17,-21.00,0,M,24.119999999999997
TEX,NA,16,-20.00,0,M,22.11
TEX,NA,16,-18.00,0,M,22.11
TEX,NA,15,-17.00,0,M,20.099999999999998
TEX,NA,13,-15.00,0,M,16.08
TEX,NA,13,-14.00,0,M,16.08
TEX,NA,13,-15.00,0,M,16.08
TEX,NA,12,-15.00,0,M,14.069999999999999
TEX,NA,11,-13.00,0,M,12.059999999999999
TEX,NA,11,-11.00,0,M,12.059999999999999
TEX,NA,11,-12.00,0,M,12.059999999999999
TEX,NA,10,-12.00,0,M,10.049999999999999
TEX,NA,10,-11.00,0,M,10.049999999999999
TEX,NA,10,-11.00,0,M,10.049999999999999
TEX,NA,9,-11.00,0,M,8.04
TEX,NA,8,-10.00,0,M,6.029999999999999
TEX,NA,8,-11.00,0,M,6.029999999999999
TEX,NA,8,-10.00,0,M,6.029999999999999
TEX,NA,8,-10.00,0,M,6.029999999999999
TEX,NA,8,-10.00,0,M,6.029999999999999
TEX,NA,8,-10.00,0,M,6.029999999999999
TEX,NA,8,-10.00,0,M,6.029999999999999
TEX,NA,8,-10.00,0,M,6.029999999999999
TEX,NA,8,-10.00,0,M,6.029999999999999
TEX,NA,7,-9.00,0,M,4.02
TEX,NA,9,-10.00,0,M,8.04
TEX,NA,8,-8.00,0,M,6.029999999999999
TEX,NA,8,-8.00,0,M,6.029999999999999
TEX,NA,9,-9.00,0,M,8.04
TEX,NA,8,-9.00,0,M,6.029999999999999
TEX,NA,8,-7.00,0,M,6.029999999999999
TEX,NA,8,-7.00,0,M,6.029999999999999
TEX,NA,9,-7.00,0,M,8.04
TEX,NA,11,-7.00,0,M,12.059999999999999
TEX,NA,11,-8.00,0,M,12.059999999999999
TEX,NA,12,-8.00,0,M,14.069999999999999
TEX,NA,13,-7.00,0,M,16.08
TEX,NA,14,-7.00,0,M,18.089999999999996
TEX,NA,16,-9.00,0,M,22.11
TEX,NA,17,-11.00,0,M,24.119999999999997
TEX,NA,18,-14.00,0,M,26.129999999999995
TEX,NA,18,-11.00,0,M,26.129999999999995
TEX,NA,18,-11.00,0,M,26.129999999999995
TEX,NA,18,-9.00,0,M,26.129999999999995
TEX,NA,20,-10.00,0,M,30.15
TEX,NA,19,-11.00,0,M,28.139999999999997
TEX,NA,20,-10.00,0,M,30.15
TEX,NA,20,-11.00,0,M,30.15
TEX,NA,19,-10.00,0,M,28.139999999999997
TEX,NA,21,-12.00,0,M,32.16
TEX,NA,21,-12.00,0,M,32.16
TEX,NA,20,-11.00,0,M,30.15
TEX,NA,21,-11.00,0,M,32.16
TEX,NA,21,-11.00,0,M,32.16
TEX,NA,21,-11.00,0,M,32.16
TEX,NA,21,-12.00,0,M,32.16
TEX,NA,20,-12.00,0,M,30.15
TEX,NA,21,-13.00,0,M,32.16
TEX,NA,21,-13.00,0,M,32.16
TEX,NA,21,-13.00,0,M,32.16
TEX,NA,20,-14.00,0,M,30.15
TEX,NA,20,-14.00,0,M,30.15
TEX,NA,20,-15.00,0,M,30.15
TEX,NA,20,-13.00,0,M,30.15
TEX,NA,20,-15.00,0,M,30.15
TEX,NA,20,-14.00,0,M,30.15
TEX,NA,20,-13.00,0,M,30.15
TEX,NA,19,-13.00,0,M,28.139999999999997
TEX,NA,19,-13.00,0,M,28.139999999999997
TEX,NA,18,-12.00,0,M,26.129999999999995
TEX,NA,18,-12.00,0,M,26.129999999999995
TEX,NA,18,-11.00,0,M,26.129999999999995
TEX,NA,18,-12.00,0,M,26.129999999999995
TEX,NA,18,-11.00,0,M,26.129999999999995
TEX,NA,17,-11.00,0,M,24.119999999999997
TEX,NA,17,-8.00,0,M,24.119999999999997
TEX,NA,17,-7.00,0,M,24.119999999999997
TEX,NA,17,-6.00,0,M,24.119999999999997
TEX,NA,16,-5.00,0,M,22.11
TEX,NA,15,-3.00,0,M,20.099999999999998
TEX,NA,13,0.00,0,M,16.08
TEX,NA,13,0.00,0,M,16.08
TEX,NA,13,0.00,0,M,16.08
TEX,NA,12,1.00,0,M,14.069999999999999
TEX,NA,12,1.00,0,M,14.069999999999999
TEX,NA,13,1.00,0,M,16.08
TEX,NA,11,2.00,0,M,12.059999999999999
TEX,NA,11,3.00,0,M,12.059999999999999
TEX,NA,10,4.00,0,M,10.049999999999999
TEX,NA,10,4.00,0,M,10.049999999999999
TEX,NA,9,5.00,0,M,8.04
TEX,NA,10,3.00,0,M,10.049999999999999
TEX,NA,9,3.00,0,M,8.04
TEX,NA,9,4.00,0,M,8.04
TEX,NA,8,3.00,0,M,6.029999999999999
TEX,NA,9,3.00,0,M,8.04
TEX,NA,8,4.00,0,M,6.029999999999999
TEX,NA,8,4.00,0,M,6.029999999999999
TEX,NA,8,4.00,0,M,6.029999999999999
TEX,NA,8,4.00,0,M,6.029999999999999
TEX,NA,8,3.00,0,M,6.029999999999999
TEX,NA,7,3.00,0,M,4.02
TEX,NA,8,3.00,0,M,6.029999999999999
TEX,NA,8,3.00,0,M,6.029999999999999
TEX,NA,8,3.00,0,M,6.029999999999999
TEX,NA,8,3.00,0,M,6.029999999999999
TEX,NA,8,4.00,0,M,6.029999999999999
TEX,NA,10,4.00,0,M,10.049999999999999
TEX,NA,11,4.00,0,M,12.059999999999999
TEX,NA,12,2.00,0,M,14.069999999999999
TEX,NA,14,0.00,0,M,18.089999999999996
TEX,NA,14,0.00,0,M,18.089999999999996
TEX,NA,15,0.00,0,M,20.099999999999998
TEX,NA,15,0.00,0,M,20.099999999999998
TEX,NA,16,0.00,0,M,22.11
TEX,NA,16,-1.00,0,M,22.11
TEX,NA,16,-2.00,0,M,22.11
TEX,NA,17,-2.00,0,M,24.119999999999997
TEX,NA,17,-3.00,0,M,24.119999999999997
TEX,NA,17,-2.00,0,M,24.119999999999997
TEX,NA,17,-2.00,0,M,24.119999999999997
TEX,NA,17,-2.00,0,M,24.119999999999997
TEX,NA,18,-2.00,0,M,26.129999999999995
TEX,NA,18,-1.00,0,M,26.129999999999995
TEX,NA,18,-2.00,0,M,26.129999999999995
TEX,NA,19,-2.00,0,M,28.139999999999997
TEX,NA,19,-2.00,0,M,28.139999999999997
TEX,NA,19,-3.00,0,M,28.139999999999997
TEX,NA,20,-3.00,0,M,30.15
TEX,NA,20,-5.00,0,M,30.15
TEX,NA,20,-5.00,0,M,30.15
TEX,NA,21,-5.00,0,M,32.16
TEX,NA,21,-4.00,0,M,32.16
TEX,NA,19,-2.00,0,M,28.139999999999997
TEX,NA,20,-1.00,0,M,30.15
TEX,NA,20,-1.00,0,M,30.15
TEX,NA,19,0.00,0,M,28.139999999999997
TEX,NA,18,0.00,0,M,26.129999999999995
TEX,NA,19,0.00,0,M,28.139999999999997
TEX,NA,18,0.00,0,M,26.129999999999995
TEX,NA,18,-1.00,0,M,26.129999999999995
TEX,NA,18,0.00,0,M,26.129999999999995
TEX,NA,18,-1.00,0,M,26.129999999999995
TEX,NA,17,-2.00,0,M,24.119999999999997
TEX,NA,17,-1.00,0,M,24.119999999999997
TEX,NA,16,-1.00,0,M,22.11
TEX,NA,15,-1.00,0,M,20.099999999999998
TEX,NA,15,-2.00,0,M,20.099999999999998
TEX,NA,15,-2.00,0,M,20.099999999999998
TEX,NA,15,-2.00,0,M,20.099999999999998
TEX,NA,14,-1.00,0,M,18.089999999999996
TEX,NA,13,-1.00,0,M,16.08
TEX,NA,13,0.00,0,M,16.08
TEX,NA,12,0.00,0,M,14.069999999999999
TEX,NA,11,0.00,0,M,12.059999999999999
TEX,NA,11,0.00,0,M,12.059999999999999
TEX,NA,11,0.00,0,M,12.059999999999999
TEX,NA,10,0.00,0,M,10.049999999999999
TEX,NA,10,0.00,0,M,10.049999999999999
TEX,NA,10,0.00,0,M,10.049999999999999
TEX,NA,9,0.00,0,M,8.04
TEX,NA,10,0.00,0,M,10.049999999999999
TEX,NA,9,0.00,0,M,8.04
TEX,NA,9,-1.00,0,M,8.04
TEX,NA,8,0.00,0,M,6.029999999999999
TEX,NA,8,0.00,0,M,6.029999999999999
TEX,NA,8,0.00,0,M,6.029999999999999
TEX,NA,8,0.00,0,M,6.029999999999999
TEX,NA,8,-1.00,0,M,6.029999999999999
TEX,NA,8,-1.00,0,M,6.029999999999999
TEX,NA,8,-1.00,0,M,6.029999999999999
TEX,NA,7,-1.00,0,M,4.02
TEX,NA,7,-1.00,0,M,4.02
TEX,NA,7,-1.00,0,M,4.02
TEX,NA,7,-1.00,0,M,4.02
TEX,NA,7,-1.00,0,M,4.02
TEX,NA,8,-1.00,0,M,6.029999999999999
TEX,NA,9,-1.00,0,M,8.04
TEX,NA,10,-1.00,0,M,10.049999999999999
TEX,NA,12,-1.00,0,M,14.069999999999999
TEX,NA,13,-2.00,0,M,16.08
TEX,NA,14,-2.00,0,M,18.089999999999996
TEX,NA,15,-2.00,0,M,20.099999999999998
TEX,NA,16,-2.00,0,M,22.11
TEX,NA,17,-3.00,0,M,24.119999999999997
TEX,NA,17,-5.00,0,M,24.119999999999997
TEX,NA,18,-7.00,0,M,26.129999999999995
TEX,NA,20,-10.00,0,M,30.15
TEX,NA,20,-10.00,0,M,30.15
TEX,NA,21,-10.00,0,M,32.16
TEX,NA,21,-10.00,0,M,32.16
TEX,NA,22,-11.00,0,M,34.169999999999995
TEX,NA,22,-15.00,0,M,34.169999999999995
TEX,NA,23,-16.00,0,M,36.17999999999999
TEX,NA,23,-16.00,0,M,36.17999999999999
TEX,NA,24,-15.00,0,M,38.19
TEX,NA,24,-15.00,0,M,38.19
TEX,NA,23,-13.00,0,M,36.17999999999999
TEX,NA,25,-15.00,0,M,40.199999999999996
TEX,NA,25,-15.00,0,M,40.199999999999996
TEX,NA,25,-13.00,0,M,40.199999999999996
TEX,NA,25,-13.00,0,M,40.199999999999996
TEX,NA,25,-13.00,0,M,40.199999999999996
TEX,NA,25,-13.00,0,M,40.199999999999996
TEX,NA,25,-14.00,0,M,40.199999999999996
TEX,NA,25,-13.00,0,M,40.199999999999996
TEX,NA,25,-13.00,0,M,40.199999999999996
TEX,NA,24,-12.00,0,M,38.19
TEX,NA,25,-12.00,0,M,40.199999999999996
TEX,NA,24,-11.00,0,M,38.19
TEX,NA,24,-11.00,0,M,38.19
TEX,NA,23,-12.00,0,M,36.17999999999999
TEX,NA,23,-12.00,0,M,36.17999999999999
TEX,NA,23,-12.00,0,M,36.17999999999999
TEX,NA,22,-12.00,0,M,34.169999999999995
TEX,NA,21,-7.00,0,M,32.16
TEX,NA,20,-5.00,0,M,30.15
TEX,NA,18,-5.00,0,M,26.129999999999995
TEX,NA,19,-6.00,0,M,28.139999999999997
TEX,NA,17,-5.00,0,M,24.119999999999997
TEX,NA,17,-4.00,0,M,24.119999999999997
TEX,NA,16,-3.00,0,M,22.11
TEX,NA,16,-4.00,0,M,22.11
TEX,NA,15,-3.00,0,M,20.099999999999998
TEX,NA,14,-3.00,0,M,18.089999999999996
TEX,NA,13,-3.00,0,M,16.08
TEX,NA,13,-3.00,0,M,16.08
TEX,NA,13,-2.00,0,M,16.08
TEX,NA,13,-3.00,0,M,16.08
TEX,NA,12,-2.00,0,M,14.069999999999999
TEX,NA,12,-2.00,0,M,14.069999999999999
TEX,NA,12,-2.00,0,M,14.069999999999999
TEX,NA,11,-2.00,0,M,12.059999999999999
TEX,NA,11,-2.00,0,M,12.059999999999999
TEX,NA,11,-2.00,0,M,12.059999999999999
TEX,NA,11,-2.00,0,M,12.059999999999999
TEX,NA,11,-2.00,0,M,12.059999999999999
TEX,NA,11,-2.00,0,M,12.059999999999999
TEX,NA,11,-2.00,0,M,12.059999999999999
TEX,NA,10,-2.00,0,M,10.049999999999999
TEX,NA,10,-2.00,0,M,10.049999999999999
TEX,NA,10,-2.00,0,M,10.049999999999999
TEX,NA,10,-2.00,0,M,10.049999999999999
TEX,NA,10,-2.00,0,M,10.049999999999999
TEX,NA,10,-2.00,0,M,10.049999999999999
TEX,NA,10,-2.00,0,M,10.049999999999999
TEX,NA,11,-2.00,0,M,12.059999999999999
TEX,NA,12,-2.00,0,M,14.069999999999999
TEX,NA,13,-2.00,0,M,16.08
TEX,NA,13,-2.00,0,M,16.08
TEX,NA,15,-3.00,0,M,20.099999999999998
TEX,NA,16,-1.00,0,M,22.11
TEX,NA,17,-2.00,0,M,24.119999999999997
TEX,NA,19,-3.00,0,M,28.139999999999997
TEX,NA,20,-3.00,0,M,30.15
TEX,NA,21,-7.00,0,M,32.16
TEX,NA,22,-7.00,0,M,34.169999999999995
TEX,NA,22,-8.00,0,M,34.169999999999995
TEX,NA,22,-7.00,0,M,34.169999999999995
TEX,NA,23,-8.00,0,M,36.17999999999999
TEX,NA,23,-8.00,0,M,36.17999999999999
TEX,NA,23,-8.00,0,M,36.17999999999999
TEX,NA,25,-12.00,0,M,40.199999999999996
TEX,NA,24,-12.00,0,M,38.19
TEX,NA,25,-12.00,0,M,40.199999999999996
TEX,NA,26,-12.00,0,M,42.209999999999994
TEX,NA,25,-12.00,0,M,40.199999999999996
TEX,NA,26,-12.00,0,M,42.209999999999994
TEX,NA,26,-12.00,0,M,42.209999999999994
TEX,NA,26,-11.00,0,M,42.209999999999994
TEX,NA,26,-10.00,0,M,42.209999999999994
TEX,NA,26,-9.00,0,M,42.209999999999994
TEX,NA,27,-11.00,0,M,44.22
TEX,NA,27,-12.00,0,M,44.22
TEX,NA,27,-12.00,0,M,44.22
TEX,NA,26,-11.00,0,M,42.209999999999994
TEX,NA,26,-12.00,0,M,42.209999999999994
TEX,NA,26,-12.00,0,M,42.209999999999994
TEX,NA,26,-13.00,0,M,42.209999999999994
TEX,NA,26,-15.00,0,M,42.209999999999994
TEX,NA,25,-13.00,0,M,40.199999999999996
TEX,NA,25,-15.00,0,M,40.199999999999996
TEX,NA,25,-15.00,0,M,40.199999999999996
TEX,NA,24,-13.00,0,M,38.19
TEX,NA,24,-14.00,0,M,38.19
TEX,NA,24,-14.00,0,M,38.19
TEX,NA,23,-14.00,0,M,36.17999999999999
TEX,NA,23,-14.00,0,M,36.17999999999999
TEX,NA,22,-13.00,0,M,34.169999999999995
TEX,NA,21,-9.00,0,M,32.16
TEX,NA,19,-7.00,0,M,28.139999999999997
TEX,NA,18,-6.00,0,M,26.129999999999995
TEX,NA,17,-6.00,0,M,24.119999999999997
TEX,NA,17,-5.00,0,M,24.119999999999997
TEX,NA,16,-6.00,0,M,22.11
TEX,NA,16,-5.00,0,M,22.11
TEX,NA,16,-5.00,0,M,22.11
TEX,NA,15,-4.00,0,M,20.099999999999998
TEX,NA,14,-4.00,0,M,18.089999999999996
TEX,NA,15,-5.00,0,M,20.099999999999998
TEX,NA,14,-5.00,0,M,18.089999999999996
TEX,NA,13,-5.00,0,M,16.08
TEX,NA,13,-5.00,0,M,16.08
TEX,NA,13,-5.00,0,M,16.08
TEX,NA,13,-5.00,0,M,16.08
TEX,NA,12,-5.00,0,M,14.069999999999999
TEX,NA,13,-5.00,0,M,16.08
TEX,NA,12,-5.00,0,M,14.069999999999999
TEX,NA,12,-5.00,0,M,14.069999999999999
TEX,NA,12,-5.00,0,M,14.069999999999999
TEX,NA,12,-6.00,0,M,14.069999999999999
TEX,NA,12,-6.00,0,M,14.069999999999999
TEX,NA,12,-5.00,0,M,14.069999999999999
TEX,NA,11,-5.00,0,M,12.059999999999999
TEX,NA,12,-5.00,0,M,14.069999999999999
TEX,NA,11,-4.00,0,M,12.059999999999999
TEX,NA,11,-4.00,0,M,12.059999999999999
TEX,NA,12,-3.00,0,M,14.069999999999999
TEX,NA,13,-4.00,0,M,16.08
TEX,NA,15,-5.00,0,M,20.099999999999998
TEX,NA,15,-2.00,0,M,20.099999999999998
TEX,NA,16,-3.00,0,M,22.11
TEX,NA,17,-3.00,0,M,24.119999999999997
TEX,NA,18,-2.00,0,M,26.129999999999995
TEX,NA,20,-2.00,0,M,30.15
TEX,NA,21,-2.00,0,M,32.16
TEX,NA,22,-3.00,0,M,34.169999999999995
TEX,NA,23,-8.00,0,M,36.17999999999999
TEX,NA,24,-8.00,0,M,38.19
TEX,NA,24,-7.00,0,M,38.19
TEX,NA,25,-10.00,0,M,40.199999999999996
TEX,NA,24,-9.00,0,M,38.19
TEX,NA,24,-7.00,0,M,38.19
TEX,NA,24,-8.00,0,M,38.19
TEX,NA,24,-8.00,0,M,38.19
TEX,NA,24,-8.00,0,M,38.19
TEX,NA,22,-6.00,0,M,34.169999999999995
TEX,NA,24,-10.00,0,M,38.19
TEX,NA,24,-8.00,0,M,38.19
TEX,NA,25,-8.00,0,M,40.199999999999996
TEX,NA,26,-14.00,0,M,42.209999999999994
TEX,NA,26,-15.00,0,M,42.209999999999994
TEX,NA,26,-13.00,0,M,42.209999999999994
TEX,NA,26,-13.00,0,M,42.209999999999994
TEX,NA,25,-12.00,0,M,40.199999999999996
TEX,NA,26,-12.00,0,M,42.209999999999994
TEX,NA,26,-13.00,0,M,42.209999999999994
TEX,NA,25,-11.00,0,M,40.199999999999996
TEX,NA,22,-6.00,0,M,34.169999999999995
TEX,NA,24,-8.00,0,M,38.19
TEX,NA,23,-7.00,0,M,36.17999999999999
TEX,NA,23,-7.00,0,M,36.17999999999999
TEX,NA,21,-7.00,0,M,32.16
TEX,NA,22,-5.00,0,M,34.169999999999995
TEX,NA,20,-2.00,0,M,30.15
TEX,NA,20,-2.00,0,M,30.15
TEX,NA,20,-2.00,0,M,30.15
TEX,NA,20,-1.00,0,M,30.15
TEX,NA,19,-1.00,0,M,28.139999999999997
TEX,NA,18,-1.00,0,M,26.129999999999995
TEX,NA,17,0.00,0,M,24.119999999999997
TEX,NA,17,0.00,0,M,24.119999999999997
TEX,NA,17,0.00,0,M,24.119999999999997
TEX,NA,16,0.00,0,M,22.11
TEX,NA,15,0.00,0,M,20.099999999999998
TEX,NA,16,-1.00,0,M,22.11
TEX,NA,15,-1.00,0,M,20.099999999999998
TEX,NA,15,-1.00,0,M,20.099999999999998
TEX,NA,15,-1.00,0,M,20.099999999999998
TEX,NA,14,0.00,0,M,18.089999999999996
TEX,NA,14,-1.00,0,M,18.089999999999996
TEX,NA,16,-2.00,0,M,22.11
TEX,NA,16,-2.00,0,M,22.11
TEX,NA,16,-3.00,0,M,22.11
TEX,NA,17,-3.00,0,M,24.119999999999997
TEX,NA,16,-3.00,0,M,22.11
TEX,NA,16,-3.00,0,M,22.11
TEX,NA,17,-3.00,0,M,24.119999999999997
TEX,NA,17,-3.00,0,M,24.119999999999997
TEX,NA,16,-3.00,0,M,22.11
TEX,NA,16,-3.00,0,M,22.11
TEX,NA,16,-2.00,0,M,22.11
TEX,NA,16,-3.00,0,M,22.11
TEX,NA,16,-3.00,0,M,22.11
TEX,NA,16,-3.00,0,M,22.11
TEX,NA,15,-2.00,0,M,20.099999999999998
TEX,NA,14,-2.00,0,M,18.089999999999996
TEX,NA,14,-2.00,0,M,18.089999999999996
TEX,NA,13,-2.00,0,M,16.08
TEX,NA,14,-2.00,0,M,18.089999999999996
TEX,NA,15,-2.00,0,M,20.099999999999998
TEX,NA,16,-2.00,0,M,22.11
TEX,NA,16,-3.00,0,M,22.11
TEX,NA,17,-2.00,0,M,24.119999999999997
TEX,NA,17,-1.00,0,M,24.119999999999997
TEX,NA,18,-2.00,0,M,26.129999999999995
TEX,NA,19,-3.00,0,M,28.139999999999997
TEX,NA,20,-3.00,0,M,30.15
TEX,NA,21,-5.00,0,M,32.16
TEX,NA,21,-7.00,0,M,32.16
TEX,NA,22,-11.00,0,M,34.169999999999995
TEX,NA,22,-11.00,0,M,34.169999999999995
TEX,NA,23,-13.00,0,M,36.17999999999999
TEX,NA,22,-17.00,0,M,34.169999999999995
TEX,NA,23,-15.00,0,M,36.17999999999999
TEX,NA,23,-16.00,0,M,36.17999999999999
TEX,NA,23,-15.00,0,M,36.17999999999999
TEX,NA,23,-17.00,0,M,36.17999999999999
TEX,NA,23,-17.00,0,M,36.17999999999999
TEX,NA,23,-18.00,0,M,36.17999999999999
TEX,NA,24,-20.00,0,M,38.19
TEX,NA,24,-18.00,0,M,38.19
TEX,NA,25,-21.00,0,M,40.199999999999996
TEX,NA,25,-20.00,0,M,40.199999999999996
TEX,NA,24,-18.00,0,M,38.19
TEX,NA,25,-18.00,0,M,40.199999999999996
TEX,NA,25,-20.00,0,M,40.199999999999996
TEX,NA,24,-18.00,0,M,38.19
TEX,NA,24,-16.00,0,M,38.19
TEX,NA,24,-17.00,0,M,38.19
TEX,NA,24,-16.00,0,M,38.19
TEX,NA,23,-14.00,0,M,36.17999999999999
TEX,NA,23,-11.00,0,M,36.17999999999999
TEX,NA,22,-10.00,0,M,34.169999999999995
TEX,NA,22,-8.00,0,M,34.169999999999995
TEX,NA,23,-8.00,0,M,36.17999999999999
TEX,NA,22,-9.00,0,M,34.169999999999995
TEX,NA,22,-11.00,0,M,34.169999999999995
TEX,NA,22,-10.00,0,M,34.169999999999995
TEX,NA,21,-10.00,0,M,32.16
TEX,NA,21,-8.00,0,M,32.16
TEX,NA,21,-9.00,0,M,32.16
TEX,NA,20,-7.00,0,M,30.15
TEX,NA,18,-6.00,0,M,26.129999999999995
TEX,NA,17,-5.00,0,M,24.119999999999997
TEX,NA,17,-5.00,0,M,24.119999999999997
TEX,NA,16,-4.00,0,M,22.11
TEX,NA,16,-3.00,0,M,22.11
TEX,NA,16,-4.00,0,M,22.11
TEX,NA,15,-3.00,0,M,20.099999999999998
TEX,NA,13,-3.00,0,M,16.08
TEX,NA,14,-3.00,0,M,18.089999999999996
TEX,NA,13,-3.00,0,M,16.08
TEX,NA,13,-3.00,0,M,16.08
TEX,NA,13,-3.00,0,M,16.08
TEX,NA,12,-3.00,0,M,14.069999999999999
TEX,NA,12,-3.00,0,M,14.069999999999999
TEX,NA,12,-3.00,0,M,14.069999999999999
TEX,NA,12,-3.00,0,M,14.069999999999999
TEX,NA,12,-2.00,0,M,14.069999999999999
TEX,NA,12,-2.00,0,M,14.069999999999999
TEX,NA,12,-2.00,0,M,14.069999999999999
TEX,NA,12,-2.00,0,M,14.069999999999999
TEX,NA,11,-2.00,0,M,12.059999999999999
TEX,NA,11,-2.00,0,M,12.059999999999999
TEX,NA,12,-1.00,0,M,14.069999999999999
TEX,NA,12,-2.00,0,M,14.069999999999999
TEX,NA,11,-1.00,0,M,12.059999999999999
TEX,NA,11,-1.00,0,M,12.059999999999999
TEX,NA,11,0.00,0,M,12.059999999999999
TEX,NA,11,-1.00,0,M,12.059999999999999
TEX,NA,12,-1.00,0,M,14.069999999999999
TEX,NA,12,0.00,0,M,14.069999999999999
TEX,NA,13,-1.00,0,M,16.08
TEX,NA,15,-1.00,0,M,20.099999999999998
TEX,NA,16,0.00,0,M,22.11
TEX,NA,17,0.00,0,M,24.119999999999997
TEX,NA,17,-1.00,0,M,24.119999999999997
TEX,NA,18,-1.00,0,M,26.129999999999995
TEX,NA,20,-2.00,0,M,30.15
TEX,NA,21,-3.00,0,M,32.16
TEX,NA,22,-6.00,0,M,34.169999999999995
TEX,NA,22,-7.00,0,M,34.169999999999995
TEX,NA,23,-8.00,0,M,36.17999999999999
TEX,NA,23,-11.00,0,M,36.17999999999999
TEX,NA,23,-9.00,0,M,36.17999999999999
TEX,NA,23,-10.00,0,M,36.17999999999999
TEX,NA,20,-6.00,0,M,30.15
TEX,NA,21,-8.00,0,M,32.16
TEX,NA,21,-10.00,0,M,32.16
TEX,NA,21,-6.00,0,M,32.16
TEX,NA,22,-5.00,0,M,34.169999999999995
TEX,NA,21,-6.00,0,M,32.16
TEX,NA,21,-6.00,0,M,32.16
TEX,NA,21,-5.00,0,M,32.16
TEX,NA,21,-6.00,0,M,32.16
TEX,NA,21,-5.00,0,M,32.16
TEX,NA,20,-5.00,0,M,30.15
TEX,NA,21,-3.00,0,M,32.16
TEX,NA,21,-3.00,0,M,32.16
TEX,NA,21,-4.00,0,M,32.16
TEX,NA,21,-4.00,0,M,32.16
TEX,NA,22,-5.00,0,M,34.169999999999995
TEX,NA,22,-5.00,0,M,34.169999999999995
TEX,NA,23,-7.00,0,M,36.17999999999999
TEX,NA,23,-6.00,0,M,36.17999999999999
TEX,NA,22,-8.00,0,M,34.169999999999995
TEX,NA,22,-7.00,0,M,34.169999999999995
TEX,NA,22,-8.00,0,M,34.169999999999995
TEX,NA,22,-8.00,0,M,34.169999999999995
TEX,NA,21,-7.00,0,M,32.16
TEX,NA,21,-6.00,0,M,32.16
TEX,NA,20,-3.00,0,M,30.15
TEX,NA,21,-5.00,0,M,32.16
TEX,NA,20,-3.00,0,M,30.15
TEX,NA,19,-4.00,0,M,28.139999999999997
TEX,NA,19,-2.00,0,M,28.139999999999997
TEX,NA,19,-3.00,0,M,28.139999999999997
TEX,NA,18,-2.00,0,M,26.129999999999995
TEX,NA,18,-1.00,0,M,26.129999999999995
TEX,NA,18,-2.00,0,M,26.129999999999995
TEX,NA,17,-1.00,0,M,24.119999999999997
TEX,NA,17,-1.00,0,M,24.119999999999997
TEX,NA,17,-1.00,0,M,24.119999999999997
TEX,NA,17,-2.00,0,M,24.119999999999997
TEX,NA,17,-1.00,0,M,24.119999999999997
TEX,NA,17,-1.00,0,M,24.119999999999997
TEX,NA,16,-1.00,0,M,22.11
TEX,NA,16,0.00,0,M,22.11
TEX,NA,15,0.00,0,M,20.099999999999998
TEX,NA,16,0.00,0,M,22.11
TEX,NA,16,0.00,0,M,22.11
TEX,NA,15,0.00,0,M,20.099999999999998
TEX,NA,15,0.00,0,M,20.099999999999998
TEX,NA,15,0.00,0,M,20.099999999999998
TEX,NA,15,0.00,0,M,20.099999999999998
TEX,NA,15,0.00,0,M,20.099999999999998
TEX,NA,15,0.00,0,M,20.099999999999998
TEX,NA,14,0.00,0,M,18.089999999999996
TEX,NA,15,0.00,0,M,20.099999999999998
TEX,NA,14,0.00,0,M,18.089999999999996
TEX,NA,14,0.00,0,M,18.089999999999996
TEX,NA,14,0.00,0,M,18.089999999999996
TEX,NA,14,0.00,0,M,18.089999999999996
TEX,NA,14,1.00,0,M,18.089999999999996
TEX,NA,13,1.00,0,M,16.08
TEX,NA,14,1.00,0,M,18.089999999999996
TEX,NA,15,1.00,0,M,20.099999999999998
TEX,NA,15,1.00,0,M,20.099999999999998
TEX,NA,15,1.00,0,M,20.099999999999998
TEX,NA,15,1.00,0,M,20.099999999999998
TEX,NA,16,1.00,0,M,22.11
TEX,NA,17,0.00,0,M,24.119999999999997
TEX,NA,17,-1.00,0,M,24.119999999999997
TEX,NA,18,-1.00,0,M,26.129999999999995
TEX,NA,18,-2.00,0,M,26.129999999999995
TEX,NA,18,-2.00,0,M,26.129999999999995
TEX,NA,18,-2.00,0,M,26.129999999999995
TEX,NA,18,-2.00,0,M,26.129999999999995
TEX,NA,18,-1.00,0,M,26.129999999999995
TEX,NA,19,-1.00,0,M,28.139999999999997
TEX,NA,18,-1.00,0,M,26.129999999999995
TEX,NA,19,-1.00,0,M,28.139999999999997
TEX,NA,19,-2.00,0,M,28.139999999999997
TEX,NA,19,-1.00,0,M,28.139999999999997
TEX,NA,19,-2.00,0,M,28.139999999999997
TEX,NA,20,-2.00,0,M,30.15
TEX,NA,20,-2.00,0,M,30.15
TEX,NA,20,-2.00,0,M,30.15
TEX,NA,20,-2.00,0,M,30.15
TEX,NA,21,-2.00,0,M,32.16
TEX,NA,20,-2.00,0,M,30.15
TEX,NA,20,-2.00,0,M,30.15
TEX,NA,20,-1.00,0,M,30.15
TEX,NA,17,1.00,0,M,24.119999999999997
TEX,NA,15,2.00,0,M,20.099999999999998
TEX,NA,15,3.00,0,M,20.099999999999998
TEX,NA,15,3.00,0,M,20.099999999999998
TEX,NA,15,3.00,0,M,20.099999999999998
TEX,NA,16,3.00,0,M,22.11
TEX,NA,16,3.00,0,M,22.11
TEX,NA,16,3.00,0,M,22.11
TEX,NA,15,4.00,0,M,20.099999999999998
TEX,NA,15,4.00,0,M,20.099999999999998
TEX,NA,15,5.00,0,M,20.099999999999998
TEX,NA,15,5.00,0,M,20.099999999999998
TEX,NA,14,5.00,0,M,18.089999999999996
TEX,NA,14,6.00,0,M,18.089999999999996
TEX,NA,14,6.00,0,M,18.089999999999996
TEX,NA,13,6.00,0,M,16.08
TEX,NA,13,6.00,0,M,16.08
TEX,NA,12,6.00,0,M,14.069999999999999
TEX,NA,12,5.00,0,M,14.069999999999999
TEX,NA,13,4.00,0,M,16.08
TEX,NA,12,5.00,0,M,14.069999999999999
TEX,NA,12,5.00,0,M,14.069999999999999
TEX,NA,12,5.00,0,M,14.069999999999999
TEX,NA,12,3.00,0,M,14.069999999999999
TEX,NA,12,4.00,0,M,14.069999999999999
TEX,NA,12,3.00,0,M,14.069999999999999
TEX,NA,12,3.00,0,M,14.069999999999999
TEX,NA,12,3.00,0,M,14.069999999999999
TEX,NA,11,3.00,0,M,12.059999999999999
TEX,NA,12,3.00,0,M,14.069999999999999
TEX,NA,11,3.00,0,M,12.059999999999999
TEX,NA,11,3.00,0,M,12.059999999999999
TEX,NA,11,2.00,0,M,12.059999999999999
TEX,NA,11,2.00,0,M,12.059999999999999
TEX,NA,11,3.00,0,M,12.059999999999999
TEX,NA,11,3.00,0,M,12.059999999999999
TEX,NA,11,3.00,0,M,12.059999999999999
TEX,NA,11,2.00,0,M,12.059999999999999
TEX,NA,10,2.00,0,M,10.049999999999999
TEX,NA,10,2.00,0,M,10.049999999999999
TEX,NA,10,2.00,0,M,10.049999999999999
TEX,NA,10,2.00,0,M,10.049999999999999
TEX,NA,11,2.00,0,M,12.059999999999999
TEX,NA,12,2.00,0,M,14.069999999999999
TEX,NA,13,2.00,0,M,16.08
TEX,NA,13,3.00,0,M,16.08
TEX,NA,14,2.00,0,M,18.089999999999996
TEX,NA,15,1.00,0,M,20.099999999999998
TEX,NA,16,2.00,0,M,22.11
TEX,NA,17,0.00,0,M,24.119999999999997
TEX,NA,18,-2.00,0,M,26.129999999999995
TEX,NA,19,-2.00,0,M,28.139999999999997
TEX,NA,20,-1.00,0,M,30.15
TEX,NA,21,-3.00,0,M,32.16
TEX,NA,21,-3.00,0,M,32.16
TEX,NA,21,-6.00,0,M,32.16
TEX,NA,21,-8.00,0,M,32.16
TEX,NA,22,-7.00,0,M,34.169999999999995
TEX,NA,22,-7.00,0,M,34.169999999999995
TEX,NA,22,-7.00,0,M,34.169999999999995
TEX,NA,22,-9.00,0,M,34.169999999999995
TEX,NA,23,-10.00,0,M,36.17999999999999
TEX,NA,23,-12.00,0,M,36.17999999999999
TEX,NA,23,-15.00,0,M,36.17999999999999
TEX,NA,23,-15.00,0,M,36.17999999999999
TEX,NA,23,-16.00,0,M,36.17999999999999
TEX,NA,23,-12.00,0,M,36.17999999999999
TEX,NA,23,-13.00,0,M,36.17999999999999
TEX,NA,23,-13.00,0,M,36.17999999999999
TEX,NA,24,-15.00,0,M,38.19
TEX,NA,24,-8.00,0,M,38.19
TEX,NA,24,-10.00,0,M,38.19
TEX,NA,22,-8.00,0,M,34.169999999999995
TEX,NA,22,-7.00,0,M,34.169999999999995
TEX,NA,21,-5.00,0,M,32.16
TEX,NA,21,-4.00,0,M,32.16
TEX,NA,20,-4.00,0,M,30.15
TEX,NA,21,-6.00,0,M,32.16
TEX,NA,21,-6.00,0,M,32.16
TEX,NA,21,-5.00,0,M,32.16
TEX,NA,20,-3.00,0,M,30.15
TEX,NA,19,-2.00,0,M,28.139999999999997
TEX,NA,18,-2.00,0,M,26.129999999999995
TEX,NA,18,-3.00,0,M,26.129999999999995
TEX,NA,17,-2.00,0,M,24.119999999999997
TEX,NA,17,-2.00,0,M,24.119999999999997
TEX,NA,16,-2.00,0,M,22.11
TEX,NA,15,-1.00,0,M,20.099999999999998
TEX,NA,15,-1.00,0,M,20.099999999999998
TEX,NA,15,-1.00,0,M,20.099999999999998
TEX,NA,14,-1.00,0,M,18.089999999999996
TEX,NA,13,-1.00,0,M,16.08
TEX,NA,14,-1.00,0,M,18.089999999999996
TEX,NA,13,-1.00,0,M,16.08
TEX,NA,13,-1.00,0,M,16.08
TEX,NA,13,-1.00,0,M,16.08
TEX,NA,13,-1.00,0,M,16.08
TEX,NA,12,-1.00,0,M,14.069999999999999
TEX,NA,12,-1.00,0,M,14.069999999999999
TEX,NA,12,-1.00,0,M,14.069999999999999
TEX,NA,12,-1.00,0,M,14.069999999999999
TEX,NA,12,-1.00,0,M,14.069999999999999
TEX,NA,12,-1.00,0,M,14.069999999999999
TEX,NA,12,-1.00,0,M,14.069999999999999
TEX,NA,11,-1.00,0,M,12.059999999999999
TEX,NA,11,-2.00,0,M,12.059999999999999
TEX,NA,11,-1.00,0,M,12.059999999999999
TEX,NA,11,-1.00,0,M,12.059999999999999
TEX,NA,11,-2.00,0,M,12.059999999999999
TEX,NA,10,-1.00,0,M,10.049999999999999
TEX,NA,11,-1.00,0,M,12.059999999999999
TEX,NA,11,-2.00,0,M,12.059999999999999
TEX,NA,11,-2.00,0,M,12.059999999999999
TEX,NA,11,-1.00,0,M,12.059999999999999
TEX,NA,13,-2.00,0,M,16.08
TEX,NA,13,-1.00,0,M,16.08
TEX,NA,15,-2.00,0,M,20.099999999999998
TEX,NA,16,-4.00,0,M,22.11
TEX,NA,17,-3.00,0,M,24.119999999999997
TEX,NA,18,-2.00,0,M,26.129999999999995
TEX,NA,19,-2.00,0,M,28.139999999999997
TEX,NA,21,-5.00,0,M,32.16
TEX,NA,21,-9.00,0,M,32.16
TEX,NA,23,-9.00,0,M,36.17999999999999
TEX,NA,23,-11.00,0,M,36.17999999999999
TEX,NA,22,-10.00,0,M,34.169999999999995
TEX,NA,24,-10.00,0,M,38.19
TEX,NA,23,-12.00,0,M,36.17999999999999
TEX,NA,25,-13.00,0,M,40.199999999999996
TEX,NA,25,-14.00,0,M,40.199999999999996
TEX,NA,25,-15.00,0,M,40.199999999999996
TEX,NA,25,-11.00,0,M,40.199999999999996
TEX,NA,25,-11.00,0,M,40.199999999999996
TEX,NA,25,-12.00,0,M,40.199999999999996
TEX,NA,24,-12.00,0,M,38.19
TEX,NA,25,-12.00,0,M,40.199999999999996
TEX,NA,25,-13.00,0,M,40.199999999999996
TEX,NA,25,-13.00,0,M,40.199999999999996
TEX,NA,26,-13.00,0,M,42.209999999999994
TEX,NA,26,-16.00,0,M,42.209999999999994
TEX,NA,26,-15.00,0,M,42.209999999999994
TEX,NA,25,-16.00,0,M,40.199999999999996
TEX,NA,25,-15.00,0,M,40.199999999999996
TEX,NA,26,-15.00,0,M,42.209999999999994
TEX,NA,26,-16.00,0,M,42.209999999999994
TEX,NA,25,-15.00,0,M,40.199999999999996
TEX,NA,25,-14.00,0,M,40.199999999999996
TEX,NA,26,-15.00,0,M,42.209999999999994
TEX,NA,25,-14.00,0,M,40.199999999999996
TEX,NA,25,-13.00,0,M,40.199999999999996
TEX,NA,25,-15.00,0,M,40.199999999999996
TEX,NA,25,-15.00,0,M,40.199999999999996
TEX,NA,24,-15.00,0,M,38.19
TEX,NA,23,-15.00,0,M,36.17999999999999
TEX,NA,23,-16.00,0,M,36.17999999999999
TEX,NA,22,-14.00,0,M,34.169999999999995
TEX,NA,20,-11.00,0,M,30.15
TEX,NA,20,-12.00,0,M,30.15
TEX,NA,20,-12.00,0,M,30.15
TEX,NA,18,-11.00,0,M,26.129999999999995
TEX,NA,18,-10.00,0,M,26.129999999999995
TEX,NA,16,-8.00,0,M,22.11
TEX,NA,16,-8.00,0,M,22.11
TEX,NA,16,-8.00,0,M,22.11
TEX,NA,16,-10.00,0,M,22.11
TEX,NA,15,-9.00,0,M,20.099999999999998
TEX,NA,15,-8.00,0,M,20.099999999999998
TEX,NA,15,-8.00,0,M,20.099999999999998
TEX,NA,15,-9.00,0,M,20.099999999999998
TEX,NA,14,-8.00,0,M,18.089999999999996
TEX,NA,14,-8.00,0,M,18.089999999999996
TEX,NA,13,-8.00,0,M,16.08
TEX,NA,13,-8.00,0,M,16.08
TEX,NA,13,-8.00,0,M,16.08
TEX,NA,13,-8.00,0,M,16.08
TEX,NA,13,-8.00,0,M,16.08
TEX,NA,13,-8.00,0,M,16.08
TEX,NA,13,-8.00,0,M,16.08
TEX,NA,13,-8.00,0,M,16.08
TEX,NA,13,-8.00,0,M,16.08
TEX,NA,12,-8.00,0,M,14.069999999999999
TEX,NA,13,-8.00,0,M,16.08
TEX,NA,13,-8.00,0,M,16.08
TEX,NA,13,-8.00,0,M,16.08
TEX,NA,13,-8.00,0,M,16.08
TEX,NA,13,-7.00,0,M,16.08
TEX,NA,14,-7.00,0,M,18.089999999999996
TEX,NA,16,-9.00,0,M,22.11
TEX,NA,16,-7.00,0,M,22.11
TEX,NA,17,-8.00,0,M,24.119999999999997
TEX,NA,18,-5.00,0,M,26.129999999999995
TEX,NA,19,-5.00,0,M,28.139999999999997
TEX,NA,20,-7.00,0,M,30.15
TEX,NA,22,-16.00,0,M,34.169999999999995
TEX,NA,23,-17.00,0,M,36.17999999999999
TEX,NA,23,-17.00,0,M,36.17999999999999
TEX,NA,24,-16.00,0,M,38.19
TEX,NA,23,-16.00,0,M,36.17999999999999
TEX,NA,24,-17.00,0,M,38.19
TEX,NA,24,-16.00,0,M,38.19
TEX,NA,25,-18.00,0,M,40.199999999999996
TEX,NA,25,-16.00,0,M,40.199999999999996
TEX,NA,25,-17.00,0,M,40.199999999999996
TEX,NA,26,-16.00,0,M,42.209999999999994
TEX,NA,26,-15.00,0,M,42.209999999999994
TEX,NA,25,-13.00,0,M,40.199999999999996
TEX,NA,26,-12.00,0,M,42.209999999999994
TEX,NA,25,-12.00,0,M,40.199999999999996
TEX,NA,25,-12.00,0,M,40.199999999999996
TEX,NA,25,-10.00,0,M,40.199999999999996
TEX,NA,26,-12.00,0,M,42.209999999999994
TEX,NA,25,-11.00,0,M,40.199999999999996
TEX,NA,25,-12.00,0,M,40.199999999999996
TEX,NA,25,-12.00,0,M,40.199999999999996
TEX,NA,26,-12.00,0,M,42.209999999999994
TEX,NA,26,-13.00,0,M,42.209999999999994
TEX,NA,25,-12.00,0,M,40.199999999999996
TEX,NA,25,-12.00,0,M,40.199999999999996
TEX,NA,26,-12.00,0,M,42.209999999999994
TEX,NA,23,-10.00,0,M,36.17999999999999
TEX,NA,23,-10.00,0,M,36.17999999999999
TEX,NA,23,-6.00,0,M,36.17999999999999
TEX,NA,21,-2.00,0,M,32.16
TEX,NA,20,-2.00,0,M,30.15
TEX,NA,20,-3.00,0,M,30.15
TEX,NA,20,-3.00,0,M,30.15
TEX,NA,19,-3.00,0,M,28.139999999999997
TEX,NA,19,-3.00,0,M,28.139999999999997
TEX,NA,18,-3.00,0,M,26.129999999999995
TEX,NA,18,-2.00,0,M,26.129999999999995
TEX,NA,18,-3.00,0,M,26.129999999999995
TEX,NA,18,-3.00,0,M,26.129999999999995
TEX,NA,17,-3.00,0,M,24.119999999999997
TEX,NA,17,-3.00,0,M,24.119999999999997
TEX,NA,17,-3.00,0,M,24.119999999999997
TEX,NA,17,-3.00,0,M,24.119999999999997
TEX,NA,18,-5.00,0,M,26.129999999999995
TEX,NA,17,-2.00,0,M,24.119999999999997
TEX,NA,16,-1.00,0,M,22.11
TEX,NA,16,0.00,0,M,22.11
TEX,NA,16,-1.00,0,M,22.11
TEX,NA,15,0.00,0,M,20.099999999999998
TEX,NA,15,0.00,0,M,20.099999999999998
TEX,NA,15,0.00,0,M,20.099999999999998
TEX,NA,15,0.00,0,M,20.099999999999998
TEX,NA,15,0.00,0,M,20.099999999999998
TEX,NA,14,0.00,0,M,18.089999999999996
TEX,NA,14,0.00,0,M,18.089999999999996
TEX,NA,15,0.00,0,M,20.099999999999998
TEX,NA,14,0.00,0,M,18.089999999999996
TEX,NA,13,1.00,0,M,16.08
TEX,NA,13,2.00,0,M,16.08
TEX,NA,13,2.00,0,M,16.08
TEX,NA,13,2.00,0,M,16.08
TEX,NA,13,2.00,0,M,16.08
TEX,NA,12,3.00,0,M,14.069999999999999
TEX,NA,11,3.00,0.25,M,12.059999999999999
TEX,NA,10,4.00,0.51,M,10.049999999999999
TEX,NA,9,5.00,0,M,8.04
TEX,NA,9,5.00,0.51,M,8.04
TEX,NA,8,5.00,0.76,M,6.029999999999999
TEX,NA,9,4.00,0,M,8.04
TEX,NA,9,4.00,0,M,8.04
TEX,NA,11,2.00,0,M,12.059999999999999
TEX,NA,12,2.00,0,M,14.069999999999999
TEX,NA,11,3.00,0,M,12.059999999999999
TEX,NA,12,3.00,0,M,14.069999999999999
TEX,NA,12,2.00,0,M,14.069999999999999
TEX,NA,13,3.00,0,M,16.08
TEX,NA,14,3.00,0,M,18.089999999999996
TEX,NA,15,3.00,0,M,20.099999999999998
TEX,NA,16,1.00,0,M,22.11
TEX,NA,16,0.00,0,M,22.11
TEX,NA,17,0.00,0,M,24.119999999999997
TEX,NA,17,0.00,0,M,24.119999999999997
TEX,NA,17,0.00,0,M,24.119999999999997
TEX,NA,17,0.00,0,M,24.119999999999997
TEX,NA,18,0.00,0,M,26.129999999999995
TEX,NA,18,0.00,0,M,26.129999999999995
TEX,NA,18,0.00,0,M,26.129999999999995
TEX,NA,17,-1.00,0,M,24.119999999999997
TEX,NA,16,-3.00,0,M,22.11
TEX,NA,15,0.00,0,M,20.099999999999998
TEX,NA,13,3.00,0,M,16.08
TEX,NA,11,6.00,0.76,M,12.059999999999999
TEX,NA,12,5.00,0,M,14.069999999999999
TEX,NA,12,5.00,0,M,14.069999999999999
TEX,NA,10,6.00,0,M,10.049999999999999
TEX,NA,11,6.00,0,M,12.059999999999999
TEX,NA,12,6.00,0,M,14.069999999999999
TEX,NA,12,5.00,0,M,14.069999999999999
TEX,NA,12,6.00,0,M,14.069999999999999
TEX,NA,13,6.00,0,M,16.08
TEX,NA,12,5.00,0,M,14.069999999999999
TEX,NA,13,4.00,0,M,16.08
TEX,NA,13,4.00,0,M,16.08
TEX,NA,13,5.00,0,M,16.08
TEX,NA,12,3.00,0,M,14.069999999999999
TEX,NA,11,3.00,0,M,12.059999999999999
TEX,NA,12,3.00,0,M,14.069999999999999
TEX,NA,11,5.00,0,M,12.059999999999999
TEX,NA,11,5.00,0,M,12.059999999999999
TEX,NA,11,5.00,0,M,12.059999999999999
TEX,NA,10,5.00,0,M,10.049999999999999
TEX,NA,10,5.00,0,M,10.049999999999999
TEX,NA,10,5.00,0,M,10.049999999999999
TEX,NA,9,4.00,0,M,8.04
TEX,NA,9,4.00,0,M,8.04
TEX,NA,9,4.00,0,M,8.04
TEX,NA,8,4.00,0,M,6.029999999999999
TEX,NA,8,4.00,0,M,6.029999999999999
TEX,NA,8,4.00,0,M,6.029999999999999
TEX,NA,8,3.00,0,M,6.029999999999999
TEX,NA,8,3.00,0,M,6.029999999999999
TEX,NA,7,3.00,0,M,4.02
TEX,NA,7,3.00,0,M,4.02
TEX,NA,7,3.00,0,M,4.02
TEX,NA,7,2.00,0,M,4.02
TEX,NA,7,3.00,0,M,4.02
TEX,NA,7,3.00,0,M,4.02
TEX,NA,7,2.00,0,M,4.02
TEX,NA,7,2.00,0,M,4.02
TEX,NA,7,2.00,0,M,4.02
TEX,NA,7,2.00,0,M,4.02
TEX,NA,7,2.00,0,M,4.02
TEX,NA,7,1.00,0,M,4.02
TEX,NA,7,1.00,0,M,4.02
TEX,NA,7,1.00,0,M,4.02
TEX,NA,7,1.00,0,M,4.02
TEX,NA,8,1.00,0,M,6.029999999999999
TEX,NA,10,1.00,0,M,10.049999999999999
TEX,NA,10,1.00,0,M,10.049999999999999
TEX,NA,11,0.00,0,M,12.059999999999999
TEX,NA,12,1.00,0,M,14.069999999999999
TEX,NA,14,2.00,0,M,18.089999999999996
TEX,NA,15,1.00,0,M,20.099999999999998
TEX,NA,16,2.00,0,M,22.11
TEX,NA,17,2.00,0,M,24.119999999999997
TEX,NA,18,-2.00,0,M,26.129999999999995
TEX,NA,19,-2.00,0,M,28.139999999999997
TEX,NA,20,-3.00,0,M,30.15
TEX,NA,20,-3.00,0,M,30.15
TEX,NA,21,-4.00,0,M,32.16
TEX,NA,20,-3.00,0,M,30.15
TEX,NA,20,-6.00,0,M,30.15
TEX,NA,21,-5.00,0,M,32.16
TEX,NA,22,-7.00,0,M,34.169999999999995
TEX,NA,21,-6.00,0,M,32.16
TEX,NA,21,-5.00,0,M,32.16
TEX,NA,22,-6.00,0,M,34.169999999999995
TEX,NA,22,-7.00,0,M,34.169999999999995
TEX,NA,21,-5.00,0,M,32.16
TEX,NA,21,-7.00,0,M,32.16
TEX,NA,22,-9.00,0,M,34.169999999999995
TEX,NA,22,-7.00,0,M,34.169999999999995
TEX,NA,23,-8.00,0,M,36.17999999999999
TEX,NA,23,-10.00,0,M,36.17999999999999
TEX,NA,23,-10.00,0,M,36.17999999999999
TEX,NA,23,-10.00,0,M,36.17999999999999
TEX,NA,22,-13.00,0,M,34.169999999999995
TEX,NA,22,-12.00,0,M,34.169999999999995
TEX,NA,22,-12.00,0,M,34.169999999999995
TEX,NA,22,-13.00,0,M,34.169999999999995
TEX,NA,22,-15.00,0,M,34.169999999999995
TEX,NA,22,-17.00,0,M,34.169999999999995
TEX,NA,21,-15.00,0,M,32.16
TEX,NA,21,-17.00,0,M,32.16
TEX,NA,21,-17.00,0,M,32.16
TEX,NA,21,-16.00,0,M,32.16
TEX,NA,20,-15.00,0,M,30.15
TEX,NA,20,-13.00,0,M,30.15
TEX,NA,18,-10.00,0,M,26.129999999999995
TEX,NA,17,-11.00,0,M,24.119999999999997
TEX,NA,16,-10.00,0,M,22.11
TEX,NA,17,-10.00,0,M,24.119999999999997
TEX,NA,16,-9.00,0,M,22.11
TEX,NA,16,-8.00,0,M,22.11
TEX,NA,14,-7.00,0,M,18.089999999999996
TEX,NA,15,-7.00,0,M,20.099999999999998
TEX,NA,14,-7.00,0,M,18.089999999999996
TEX,NA,13,-6.00,0,M,16.08
TEX,NA,13,-6.00,0,M,16.08
TEX,NA,13,-6.00,0,M,16.08
TEX,NA,13,-6.00,0,M,16.08
TEX,NA,13,-6.00,0,M,16.08
TEX,NA,13,-6.00,0,M,16.08
TEX,NA,12,-6.00,0,M,14.069999999999999
TEX,NA,12,-6.00,0,M,14.069999999999999
TEX,NA,12,-6.00,0,M,14.069999999999999
TEX,NA,12,-6.00,0,M,14.069999999999999
TEX,NA,12,-6.00,0,M,14.069999999999999
TEX,NA,12,-6.00,0,M,14.069999999999999
TEX,NA,12,-5.00,0,M,14.069999999999999
TEX,NA,12,-6.00,0,M,14.069999999999999
TEX,NA,13,-6.00,0,M,16.08
TEX,NA,13,-6.00,0,M,16.08
TEX,NA,14,-6.00,0,M,18.089999999999996
TEX,NA,13,-6.00,0,M,16.08
TEX,NA,12,-5.00,0,M,14.069999999999999
TEX,NA,13,-5.00,0,M,16.08
TEX,NA,12,-3.00,0,M,14.069999999999999
TEX,NA,12,-3.00,0,M,14.069999999999999
TEX,NA,13,-4.00,0,M,16.08
TEX,NA,13,-5.00,0,M,16.08
TEX,NA,14,-5.00,0,M,18.089999999999996
TEX,NA,15,-3.00,0,M,20.099999999999998
TEX,NA,16,-5.00,0,M,22.11
TEX,NA,18,-5.00,0,M,26.129999999999995
TEX,NA,19,-8.00,0,M,28.139999999999997
TEX,NA,21,-8.00,0,M,32.16
TEX,NA,21,-15.00,0,M,32.16
TEX,NA,21,-17.00,0,M,32.16
TEX,NA,22,-18.00,0,M,34.169999999999995
TEX,NA,22,-17.00,0,M,34.169999999999995
TEX,NA,22,-17.00,0,M,34.169999999999995
TEX,NA,22,-18.00,0,M,34.169999999999995
TEX,NA,23,-21.00,0,M,36.17999999999999
TEX,NA,23,-17.00,0,M,36.17999999999999
TEX,NA,23,-18.00,0,M,36.17999999999999
TEX,NA,23,-19.00,0,M,36.17999999999999
TEX,NA,23,-24.00,0,M,36.17999999999999
TEX,NA,24,-25.00,0,M,38.19
TEX,NA,23,-26.00,0,M,36.17999999999999
TEX,NA,24,-26.00,0,M,38.19
TEX,NA,23,-26.00,0,M,36.17999999999999
TEX,NA,23,-28.00,0,M,36.17999999999999
TEX,NA,23,-36.00,0,M,36.17999999999999
TEX,NA,24,-28.00,0,M,38.19
TEX,NA,25,-29.00,0,M,40.199999999999996
TEX,NA,24,-28.00,0,M,38.19
TEX,NA,23,-26.00,0,M,36.17999999999999
TEX,NA,24,-27.00,0,M,38.19
TEX,NA,23,-23.00,0,M,36.17999999999999
TEX,NA,23,-23.00,0,M,36.17999999999999
TEX,NA,23,-22.00,0,M,36.17999999999999
TEX,NA,23,-21.00,0,M,36.17999999999999
TEX,NA,23,-22.00,0,M,36.17999999999999
TEX,NA,23,-20.00,0,M,36.17999999999999
TEX,NA,23,-19.00,0,M,36.17999999999999
TEX,NA,22,-20.00,0,M,34.169999999999995
TEX,NA,22,-19.00,0,M,34.169999999999995
TEX,NA,22,-18.00,0,M,34.169999999999995
TEX,NA,21,-18.00,0,M,32.16
TEX,NA,21,-19.00,0,M,32.16
TEX,NA,20,-18.00,0,M,30.15
TEX,NA,20,-16.00,0,M,30.15
TEX,NA,18,-15.00,0,M,26.129999999999995
TEX,NA,17,-13.00,0,M,24.119999999999997
TEX,NA,17,-12.00,0,M,24.119999999999997
TEX,NA,17,-12.00,0,M,24.119999999999997
TEX,NA,16,-12.00,0,M,22.11
TEX,NA,15,-12.00,0,M,20.099999999999998
TEX,NA,15,-12.00,0,M,20.099999999999998
TEX,NA,15,-12.00,0,M,20.099999999999998
TEX,NA,16,-14.00,0,M,22.11
TEX,NA,16,-15.00,0,M,22.11
TEX,NA,16,-16.00,0,M,22.11
TEX,NA,16,-17.00,0,M,22.11
TEX,NA,16,-17.00,0,M,22.11
TEX,NA,16,-18.00,0,M,22.11
TEX,NA,17,-19.00,0,M,24.119999999999997
TEX,NA,16,-18.00,0,M,22.11
TEX,NA,15,-16.00,0,M,20.099999999999998
TEX,NA,13,-13.00,0,M,16.08
TEX,NA,13,-15.00,0,M,16.08
TEX,NA,13,-13.00,0,M,16.08
TEX,NA,13,-13.00,0,M,16.08
TEX,NA,13,-13.00,0,M,16.08
TEX,NA,12,-13.00,0,M,14.069999999999999
TEX,NA,11,-11.00,0,M,12.059999999999999
TEX,NA,11,-11.00,0,M,12.059999999999999
TEX,NA,11,-11.00,0,M,12.059999999999999
TEX,NA,10,-10.00,0,M,10.049999999999999
TEX,NA,11,-10.00,0,M,12.059999999999999
TEX,NA,12,-9.00,0,M,14.069999999999999
TEX,NA,12,-10.00,0,M,14.069999999999999
TEX,NA,15,-8.00,0,M,20.099999999999998
TEX,NA,16,-10.00,0,M,22.11
TEX,NA,17,-11.00,0,M,24.119999999999997
TEX,NA,18,-14.00,0,M,26.129999999999995
TEX,NA,18,-16.00,0,M,26.129999999999995
TEX,NA,18,-16.00,0,M,26.129999999999995
TEX,NA,19,-16.00,0,M,28.139999999999997
TEX,NA,19,-16.00,0,M,28.139999999999997
TEX,NA,19,-17.00,0,M,28.139999999999997
TEX,NA,20,-16.00,0,M,30.15
TEX,NA,20,-15.00,0,M,30.15
TEX,NA,21,-15.00,0,M,32.16
TEX,NA,21,-15.00,0,M,32.16
TEX,NA,21,-15.00,0,M,32.16
TEX,NA,21,-15.00,0,M,32.16
TEX,NA,21,-14.00,0,M,32.16
TEX,NA,22,-15.00,0,M,34.169999999999995
TEX,NA,22,-14.00,0,M,34.169999999999995
TEX,NA,22,-13.00,0,M,34.169999999999995
TEX,NA,22,-15.00,0,M,34.169999999999995
TEX,NA,22,-18.00,0,M,34.169999999999995
TEX,NA,22,-17.00,0,M,34.169999999999995
TEX,NA,22,-19.00,0,M,34.169999999999995
TEX,NA,22,-21.00,0,M,34.169999999999995
TEX,NA,22,-20.00,0,M,34.169999999999995
TEX,NA,22,-20.00,0,M,34.169999999999995
TEX,NA,22,-20.00,0,M,34.169999999999995
TEX,NA,22,-18.00,0,M,34.169999999999995
TEX,NA,23,-17.00,0,M,36.17999999999999
TEX,NA,22,-15.00,0,M,34.169999999999995
TEX,NA,22,-15.00,0,M,34.169999999999995
TEX,NA,22,-17.00,0,M,34.169999999999995
TEX,NA,22,-16.00,0,M,34.169999999999995
TEX,NA,22,-16.00,0,M,34.169999999999995
TEX,NA,22,-16.00,0,M,34.169999999999995
TEX,NA,21,-17.00,0,M,32.16
TEX,NA,21,-19.00,0,M,32.16
TEX,NA,21,-20.00,0,M,32.16
TEX,NA,20,-20.00,0,M,30.15
TEX,NA,20,-18.00,0,M,30.15
TEX,NA,20,-18.00,0,M,30.15
TEX,NA,20,-19.00,0,M,30.15
TEX,NA,19,-19.00,0,M,28.139999999999997
TEX,NA,19,-18.00,0,M,28.139999999999997
TEX,NA,19,-18.00,0,M,28.139999999999997
TEX,NA,19,-18.00,0,M,28.139999999999997
TEX,NA,18,-17.00,0,M,26.129999999999995
TEX,NA,18,-17.00,0,M,26.129999999999995
TEX,NA,18,-17.00,0,M,26.129999999999995
TEX,NA,18,-16.00,0,M,26.129999999999995
TEX,NA,17,-15.00,0,M,24.119999999999997
TEX,NA,17,-14.00,0,M,24.119999999999997
TEX,NA,17,-13.00,0,M,24.119999999999997
TEX,NA,17,-12.00,0,M,24.119999999999997
TEX,NA,16,-11.00,0,M,22.11
TEX,NA,16,-11.00,0,M,22.11
TEX,NA,15,-11.00,0,M,20.099999999999998
TEX,NA,15,-10.00,0,M,20.099999999999998
TEX,NA,13,-6.00,0,M,16.08
TEX,NA,12,-5.00,0,M,14.069999999999999
TEX,NA,11,-4.00,0,M,12.059999999999999
TEX,NA,11,-3.00,0,M,12.059999999999999
TEX,NA,10,-3.00,0,M,10.049999999999999
TEX,NA,10,-3.00,0,M,10.049999999999999
TEX,NA,10,-3.00,0,M,10.049999999999999
TEX,NA,9,-3.00,0,M,8.04
TEX,NA,9,-3.00,0,M,8.04
TEX,NA,8,-3.00,0,M,6.029999999999999
TEX,NA,9,-3.00,0,M,8.04
TEX,NA,8,-3.00,0,M,6.029999999999999
TEX,NA,9,-4.00,0,M,8.04
TEX,NA,10,-5.00,0,M,10.049999999999999
TEX,NA,10,-6.00,0,M,10.049999999999999
TEX,NA,10,-5.00,0,M,10.049999999999999
TEX,NA,10,-6.00,0,M,10.049999999999999
TEX,NA,11,-5.00,0,M,12.059999999999999
TEX,NA,11,-5.00,0,M,12.059999999999999
TEX,NA,13,-3.00,0,M,16.08
TEX,NA,13,-5.00,0,M,16.08
TEX,NA,15,-5.00,0,M,20.099999999999998
TEX,NA,16,-6.00,0,M,22.11
TEX,NA,17,-6.00,0,M,24.119999999999997
TEX,NA,17,-6.00,0,M,24.119999999999997
TEX,NA,17,-5.00,0,M,24.119999999999997
TEX,NA,18,-5.00,0,M,26.129999999999995
TEX,NA,19,-9.00,0,M,28.139999999999997
TEX,NA,19,-11.00,0,M,28.139999999999997
TEX,NA,18,-11.00,0,M,26.129999999999995
TEX,NA,19,-11.00,0,M,28.139999999999997
TEX,NA,18,-12.00,0,M,26.129999999999995
TEX,NA,19,-12.00,0,M,28.139999999999997
TEX,NA,20,-11.00,0,M,30.15
TEX,NA,20,-12.00,0,M,30.15
TEX,NA,20,-12.00,0,M,30.15
TEX,NA,20,-15.00,0,M,30.15
TEX,NA,20,-13.00,0,M,30.15
TEX,NA,20,-12.00,0,M,30.15
TEX,NA,20,-12.00,0,M,30.15
TEX,NA,20,-13.00,0,M,30.15
TEX,NA,20,-12.00,0,M,30.15
TEX,NA,20,-11.00,0,M,30.15
TEX,NA,20,-13.00,0,M,30.15
TEX,NA,19,-13.00,0,M,28.139999999999997
TEX,NA,19,-13.00,0,M,28.139999999999997
TEX,NA,18,-13.00,0,M,26.129999999999995
TEX,NA,18,-13.00,0,M,26.129999999999995
TEX,NA,17,-13.00,0,M,24.119999999999997
TEX,NA,17,-12.00,0,M,24.119999999999997
TEX,NA,16,-11.00,0,M,22.11
TEX,NA,16,-10.00,0,M,22.11
TEX,NA,15,-10.00,0,M,20.099999999999998
TEX,NA,14,-8.00,0,M,18.089999999999996
TEX,NA,13,-8.00,0,M,16.08
TEX,NA,13,-8.00,0,M,16.08
TEX,NA,13,-8.00,0,M,16.08
TEX,NA,13,-8.00,0,M,16.08
TEX,NA,12,-7.00,0,M,14.069999999999999
TEX,NA,12,-7.00,0,M,14.069999999999999
TEX,NA,11,-7.00,0,M,12.059999999999999
TEX,NA,11,-6.00,0,M,12.059999999999999
TEX,NA,11,-6.00,0,M,12.059999999999999
TEX,NA,11,-7.00,0,M,12.059999999999999
TEX,NA,11,-6.00,0,M,12.059999999999999
TEX,NA,11,-6.00,0,M,12.059999999999999
TEX,NA,11,-6.00,0,M,12.059999999999999
TEX,NA,11,-6.00,0,M,12.059999999999999
TEX,NA,10,-6.00,0,M,10.049999999999999
TEX,NA,11,-6.00,0,M,12.059999999999999
TEX,NA,10,-6.00,0,M,10.049999999999999
TEX,NA,11,-6.00,0,M,12.059999999999999
TEX,NA,11,-6.00,0,M,12.059999999999999
TEX,NA,11,-6.00,0,M,12.059999999999999
TEX,NA,11,-6.00,0,M,12.059999999999999
TEX,NA,11,-6.00,0,M,12.059999999999999
TEX,NA,11,-5.00,0,M,12.059999999999999
TEX,NA,11,-5.00,0,M,12.059999999999999
TEX,NA,10,-5.00,0,M,10.049999999999999
TEX,NA,11,-5.00,0,M,12.059999999999999
TEX,NA,11,-5.00,0,M,12.059999999999999
TEX,NA,11,-5.00,0,M,12.059999999999999
TEX,NA,12,-5.00,0,M,14.069999999999999
TEX,NA,13,-5.00,0,M,16.08
TEX,NA,15,-5.00,0,M,20.099999999999998
TEX,NA,16,-4.00,0,M,22.11
TEX,NA,16,-7.00,0,M,22.11
TEX,NA,16,-5.00,0,M,22.11
TEX,NA,17,-5.00,0,M,24.119999999999997
TEX,NA,17,-5.00,0,M,24.119999999999997
TEX,NA,18,-6.00,0,M,26.129999999999995
TEX,NA,18,-7.00,0,M,26.129999999999995
TEX,NA,18,-8.00,0,M,26.129999999999995
TEX,NA,19,-8.00,0,M,28.139999999999997
TEX,NA,19,-8.00,0,M,28.139999999999997
TEX,NA,20,-9.00,0,M,30.15
TEX,NA,20,-9.00,0,M,30.15
TEX,NA,20,-9.00,0,M,30.15
TEX,NA,19,-8.00,0,M,28.139999999999997
TEX,NA,20,-10.00,0,M,30.15
TEX,NA,21,-10.00,0,M,32.16
TEX,NA,21,-10.00,0,M,32.16
TEX,NA,21,-10.00,0,M,32.16
TEX,NA,21,-10.00,0,M,32.16
TEX,NA,21,-10.00,0,M,32.16
TEX,NA,21,-10.00,0,M,32.16
TEX,NA,21,-8.00,0,M,32.16
TEX,NA,20,-8.00,0,M,30.15
TEX,NA,20,-7.00,0,M,30.15
TEX,NA,20,-7.00,0,M,30.15
TEX,NA,20,-8.00,0,M,30.15
TEX,NA,21,-8.00,0,M,32.16
TEX,NA,21,-8.00,0,M,32.16
TEX,NA,21,-9.00,0,M,32.16
TEX,NA,21,-9.00,0,M,32.16
TEX,NA,21,-9.00,0,M,32.16
TEX,NA,21,-10.00,0,M,32.16
TEX,NA,22,-10.00,0,M,34.169999999999995
TEX,NA,22,-10.00,0,M,34.169999999999995
TEX,NA,22,-10.00,0,M,34.169999999999995
TEX,NA,21,-8.00,0,M,32.16
TEX,NA,21,-6.00,0,M,32.16
TEX,NA,21,-5.00,0,M,32.16
TEX,NA,20,-5.00,0,M,30.15
TEX,NA,20,-5.00,0,M,30.15
TEX,NA,20,-5.00,0,M,30.15
TEX,NA,19,-5.00,0,M,28.139999999999997
TEX,NA,18,-5.00,0,M,26.129999999999995
TEX,NA,18,-5.00,0,M,26.129999999999995
TEX,NA,18,-4.00,0,M,26.129999999999995
TEX,NA,18,-3.00,0,M,26.129999999999995
TEX,NA,18,-3.00,0,M,26.129999999999995
TEX,NA,17,-2.00,0,M,24.119999999999997
TEX,NA,16,-2.00,0,M,22.11
TEX,NA,16,-2.00,0,M,22.11
TEX,NA,16,0.00,0,M,22.11
TEX,NA,16,0.00,0,M,22.11
TEX,NA,16,3.00,0,M,22.11
TEX,NA,16,5.00,0,M,22.11
TEX,NA,16,5.00,0,M,22.11
TEX,NA,16,5.00,0,M,22.11
TEX,NA,16,5.00,0,M,22.11
TEX,NA,16,5.00,0,M,22.11
TEX,NA,16,5.00,0,M,22.11
TEX,NA,16,5.00,0,M,22.11
TEX,NA,16,5.00,0,M,22.11
TEX,NA,15,5.00,0,M,20.099999999999998
TEX,NA,15,5.00,0,M,20.099999999999998
TEX,NA,15,5.00,0,M,20.099999999999998
TEX,NA,15,5.00,0,M,20.099999999999998
TEX,NA,15,5.00,0,M,20.099999999999998
TEX,NA,15,5.00,0,M,20.099999999999998
TEX,NA,16,4.00,0,M,22.11
TEX,NA,16,4.00,0,M,22.11
TEX,NA,16,4.00,0,M,22.11
TEX,NA,16,4.00,0,M,22.11
TEX,NA,17,4.00,0,M,24.119999999999997
TEX,NA,17,3.00,0,M,24.119999999999997
TEX,NA,18,3.00,0,M,26.129999999999995
TEX,NA,18,3.00,0,M,26.129999999999995
TEX,NA,18,3.00,0,M,26.129999999999995
TEX,NA,18,3.00,0,M,26.129999999999995
TEX,NA,19,2.00,0,M,28.139999999999997
TEX,NA,18,2.00,0,M,26.129999999999995
TEX,NA,18,2.00,0,M,26.129999999999995
TEX,NA,18,3.00,0,M,26.129999999999995
TEX,NA,19,2.00,0,M,28.139999999999997
TEX,NA,19,2.00,0,M,28.139999999999997
TEX,NA,21,1.00,0,M,32.16
TEX,NA,21,1.00,0,M,32.16
TEX,NA,21,0.00,0,M,32.16
TEX,NA,21,0.00,0,M,32.16
TEX,NA,22,1.00,0,M,34.169999999999995
TEX,NA,22,0.00,0,M,34.169999999999995
TEX,NA,20,2.00,0,M,30.15
TEX,NA,21,0.00,0,M,32.16
TEX,NA,22,0.00,0,M,34.169999999999995
TEX,NA,22,0.00,0,M,34.169999999999995
TEX,NA,21,0.00,0,M,32.16
TEX,NA,21,-1.00,0,M,32.16
TEX,NA,20,-1.00,0,M,30.15
TEX,NA,20,-1.00,0,M,30.15
TEX,NA,19,0.00,0,M,28.139999999999997
TEX,NA,16,4.00,0.76,M,22.11
TEX,NA,13,6.00,2.03,M,16.08
TEX,NA,12,7.00,0.51,M,14.069999999999999
TEX,NA,11,8.00,2.29,M,12.059999999999999
TEX,NA,11,8.00,4.06,M,12.059999999999999
TEX,NA,11,8.00,1.78,M,12.059999999999999
TEX,NA,10,8.00,4.06,M,10.049999999999999
TEX,NA,10,8.00,5.59,M,10.049999999999999
TEX,NA,10,7.00,0.76,M,10.049999999999999
TEX,NA,9,6.00,2.79,M,8.04
TEX,NA,9,5.00,3.3,M,8.04
TEX,NA,9,6.00,0,M,8.04
TEX,NA,9,6.00,0,M,8.04
TEX,NA,9,7.00,0.25,M,8.04
TEX,NA,10,7.00,0,M,10.049999999999999
TEX,NA,9,7.00,0.25,M,8.04
TEX,NA,9,8.00,0.76,M,8.04
TEX,NA,9,7.00,0,M,8.04
TEX,NA,8,7.00,0.25,M,6.029999999999999
TEX,NA,9,7.00,0.25,M,8.04
TEX,NA,10,8.00,0.51,M,10.049999999999999
TEX,NA,10,8.00,1.27,M,10.049999999999999
TEX,NA,10,8.00,1.78,M,10.049999999999999
TEX,NA,10,8.00,0.76,M,10.049999999999999
TEX,NA,10,9.00,1.02,M,10.049999999999999
TEX,NA,10,9.00,1.78,M,10.049999999999999
TEX,NA,10,8.00,0.51,M,10.049999999999999
TEX,NA,10,8.00,3.05,M,10.049999999999999
TEX,NA,10,8.00,4.32,M,10.049999999999999
TEX,NA,10,8.00,0.51,M,10.049999999999999
TEX,NA,10,7.00,0.76,M,10.049999999999999
TEX,NA,10,7.00,1.02,M,10.049999999999999
TEX,NA,10,7.00,0,M,10.049999999999999
TEX,NA,10,7.00,0,M,10.049999999999999
TEX,NA,10,7.00,0,M,10.049999999999999
TEX,NA,10,7.00,0,M,10.049999999999999
TEX,NA,10,7.00,0,M,10.049999999999999
TEX,NA,10,7.00,0,M,10.049999999999999
TEX,NA,9,7.00,0,M,8.04
TEX,NA,10,7.00,0,M,10.049999999999999
TEX,NA,10,7.00,0,M,10.049999999999999
TEX,NA,10,7.00,0,M,10.049999999999999
TEX,NA,11,6.00,0,M,12.059999999999999
TEX,NA,10,7.00,0,M,10.049999999999999
TEX,NA,12,6.00,0,M,14.069999999999999
TEX,NA,14,7.00,0,M,18.089999999999996
TEX,NA,13,7.00,0,M,16.08
TEX,NA,14,7.00,0,M,18.089999999999996
TEX,NA,14,7.00,0,M,18.089999999999996
TEX,NA,11,8.00,0,M,12.059999999999999
TEX,NA,11,8.00,0,M,12.059999999999999
TEX,NA,11,9.00,0,M,12.059999999999999
TEX,NA,11,7.00,0,M,12.059999999999999
TEX,NA,11,8.00,1.52,M,12.059999999999999
TEX,NA,10,8.00,3.3,M,10.049999999999999
TEX,NA,12,9.00,3.3,M,14.069999999999999
TEX,NA,12,9.00,0,M,14.069999999999999
TEX,NA,13,10.00,0,M,16.08
TEX,NA,15,11.00,0,M,20.099999999999998
TEX,NA,16,8.00,0,M,22.11
TEX,NA,17,8.00,0,M,24.119999999999997
TEX,NA,18,9.00,0,M,26.129999999999995
TEX,NA,17,10.00,0,M,24.119999999999997
TEX,NA,16,10.00,0,M,22.11
TEX,NA,17,9.00,0,M,24.119999999999997
TEX,NA,17,10.00,0.25,M,24.119999999999997
TEX,NA,18,9.00,0.25,M,26.129999999999995
TEX,NA,17,9.00,0.25,M,24.119999999999997
TEX,NA,15,9.00,0,M,20.099999999999998
TEX,NA,16,10.00,0,M,22.11
TEX,NA,18,10.00,0,M,26.129999999999995
TEX,NA,18,10.00,0,M,26.129999999999995
TEX,NA,17,10.00,0,M,24.119999999999997
TEX,NA,16,10.00,0,M,22.11
TEX,NA,17,10.00,0,M,24.119999999999997
TEX,NA,16,9.00,0,M,22.11
TEX,NA,16,7.00,0,M,22.11
TEX,NA,15,10.00,0,M,20.099999999999998
TEX,NA,14,6.00,0.51,M,18.089999999999996
TEX,NA,13,7.00,1.02,M,16.08
TEX,NA,12,7.00,0.25,M,14.069999999999999
TEX,NA,12,7.00,1.78,M,14.069999999999999
TEX,NA,12,7.00,1.78,M,14.069999999999999
TEX,NA,11,8.00,0,M,12.059999999999999
TEX,NA,11,7.00,0,M,12.059999999999999
TEX,NA,11,7.00,0,M,12.059999999999999
TEX,NA,11,7.00,0,M,12.059999999999999
TEX,NA,11,8.00,0,M,12.059999999999999
TEX,NA,11,8.00,0,M,12.059999999999999
TEX,NA,11,8.00,0,M,12.059999999999999
TEX,NA,11,8.00,0,M,12.059999999999999
TEX,NA,11,8.00,0,M,12.059999999999999
TEX,NA,11,8.00,0,M,12.059999999999999
TEX,NA,11,8.00,0,M,12.059999999999999
TEX,NA,11,7.00,0,M,12.059999999999999
TEX,NA,11,7.00,0,M,12.059999999999999
TEX,NA,11,8.00,0,M,12.059999999999999
TEX,NA,11,8.00,0,M,12.059999999999999
TEX,NA,12,7.00,0,M,14.069999999999999
TEX,NA,11,8.00,0,M,12.059999999999999
TEX,NA,11,8.00,0,M,12.059999999999999
TEX,NA,11,7.00,0,M,12.059999999999999
TEX,NA,12,7.00,0,M,14.069999999999999
TEX,NA,11,7.00,0,M,12.059999999999999
TEX,NA,11,7.00,0,M,12.059999999999999
TEX,NA,11,7.00,0,M,12.059999999999999
TEX,NA,11,7.00,0,M,12.059999999999999
TEX,NA,11,5.00,0,M,12.059999999999999
TEX,NA,12,6.00,0,M,14.069999999999999
TEX,NA,12,5.00,0,M,14.069999999999999
TEX,NA,12,5.00,0,M,14.069999999999999
TEX,NA,12,6.00,0,M,14.069999999999999
TEX,NA,12,6.00,0,M,14.069999999999999
TEX,NA,11,6.00,0,M,12.059999999999999
TEX,NA,11,5.00,0,M,12.059999999999999
TEX,NA,11,5.00,0,M,12.059999999999999
TEX,NA,13,6.00,0,M,16.08
TEX,NA,13,5.00,0,M,16.08
TEX,NA,14,6.00,0,M,18.089999999999996
TEX,NA,15,7.00,0,M,20.099999999999998
TEX,NA,16,7.00,0,M,22.11
TEX,NA,16,7.00,0,M,22.11
TEX,NA,17,7.00,0,M,24.119999999999997
TEX,NA,17,7.00,0,M,24.119999999999997
TEX,NA,17,7.00,0,M,24.119999999999997
TEX,NA,17,6.00,0,M,24.119999999999997
TEX,NA,18,6.00,0,M,26.129999999999995
TEX,NA,19,5.00,0,M,28.139999999999997
TEX,NA,20,4.00,0,M,30.15
TEX,NA,20,5.00,0,M,30.15
TEX,NA,21,3.00,0,M,32.16
TEX,NA,21,3.00,0,M,32.16
TEX,NA,21,3.00,0,M,32.16
TEX,NA,21,3.00,0,M,32.16
TEX,NA,22,2.00,0,M,34.169999999999995
TEX,NA,21,1.00,0,M,32.16
TEX,NA,21,3.00,0,M,32.16
TEX,NA,20,3.00,0,M,30.15
TEX,NA,21,0.00,0,M,32.16
TEX,NA,22,-1.00,0,M,34.169999999999995
TEX,NA,22,-2.00,0,M,34.169999999999995
TEX,NA,21,0.00,0,M,32.16
TEX,NA,22,0.00,0,M,34.169999999999995
TEX,NA,22,3.00,0,M,34.169999999999995
TEX,NA,22,1.00,0,M,34.169999999999995
TEX,NA,22,3.00,0,M,34.169999999999995
TEX,NA,21,3.00,0,M,32.16
TEX,NA,19,4.00,0,M,28.139999999999997
TEX,NA,18,5.00,0,M,26.129999999999995
TEX,NA,18,5.00,0,M,26.129999999999995
TEX,NA,18,4.00,0,M,26.129999999999995
TEX,NA,17,6.00,0,M,24.119999999999997
TEX,NA,17,5.00,0,M,24.119999999999997
TEX,NA,17,5.00,0,M,24.119999999999997
TEX,NA,17,5.00,0,M,24.119999999999997
TEX,NA,16,6.00,0,M,22.11
TEX,NA,15,6.00,0,M,20.099999999999998
TEX,NA,15,5.00,0,M,20.099999999999998
TEX,NA,15,6.00,0,M,20.099999999999998
TEX,NA,15,5.00,0,M,20.099999999999998
TEX,NA,15,5.00,0,M,20.099999999999998
TEX,NA,15,6.00,0,M,20.099999999999998
TEX,NA,14,6.00,0,M,18.089999999999996
TEX,NA,13,6.00,0,M,16.08
TEX,NA,13,7.00,0,M,16.08
TEX,NA,13,7.00,0,M,16.08
TEX,NA,13,6.00,0,M,16.08
TEX,NA,12,6.00,0,M,14.069999999999999
TEX,NA,12,6.00,0,M,14.069999999999999
TEX,NA,12,6.00,0,M,14.069999999999999
TEX,NA,12,5.00,0,M,14.069999999999999
TEX,NA,12,6.00,0,M,14.069999999999999
TEX,NA,12,6.00,0,M,14.069999999999999
TEX,NA,11,6.00,0,M,12.059999999999999
TEX,NA,11,6.00,0,M,12.059999999999999
TEX,NA,11,6.00,0,M,12.059999999999999
TEX,NA,11,6.00,0,M,12.059999999999999
TEX,NA,11,5.00,0,M,12.059999999999999
TEX,NA,11,5.00,0,M,12.059999999999999
TEX,NA,11,5.00,0,M,12.059999999999999
TEX,NA,10,6.00,0,M,10.049999999999999
TEX,NA,11,5.00,0,M,12.059999999999999
TEX,NA,11,5.00,0,M,12.059999999999999
TEX,NA,10,5.00,0,M,10.049999999999999
TEX,NA,11,5.00,0,M,12.059999999999999
TEX,NA,10,5.00,0,M,10.049999999999999
TEX,NA,10,5.00,0,M,10.049999999999999
TEX,NA,11,6.00,0,M,12.059999999999999
TEX,NA,12,5.00,0,M,14.069999999999999
TEX,NA,13,5.00,0,M,16.08
TEX,NA,14,5.00,0,M,18.089999999999996
TEX,NA,15,6.00,0,M,20.099999999999998
TEX,NA,15,6.00,0,M,20.099999999999998
TEX,NA,17,6.00,0,M,24.119999999999997
TEX,NA,18,6.00,0,M,26.129999999999995
TEX,NA,18,5.00,0,M,26.129999999999995
TEX,NA,20,3.00,0,M,30.15
TEX,NA,20,2.00,0,M,30.15
TEX,NA,21,2.00,0,M,32.16
TEX,NA,21,3.00,0,M,32.16
TEX,NA,21,3.00,0,M,32.16
TEX,NA,22,1.00,0,M,34.169999999999995
TEX,NA,22,1.00,0,M,34.169999999999995
TEX,NA,22,1.00,0,M,34.169999999999995
TEX,NA,22,0.00,0,M,34.169999999999995
TEX,NA,22,0.00,0,M,34.169999999999995
TEX,NA,23,1.00,0,M,36.17999999999999
TEX,NA,23,-2.00,0,M,36.17999999999999
TEX,NA,22,-1.00,0,M,34.169999999999995
TEX,NA,24,-1.00,0,M,38.19
TEX,NA,23,-2.00,0,M,36.17999999999999
TEX,NA,21,1.00,0,M,32.16
TEX,NA,22,1.00,0,M,34.169999999999995
TEX,NA,23,2.00,0,M,36.17999999999999
TEX,NA,22,0.00,0,M,34.169999999999995
TEX,NA,23,-1.00,0,M,36.17999999999999
TEX,NA,22,1.00,0,M,34.169999999999995
TEX,NA,20,2.00,0,M,30.15
TEX,NA,20,1.00,0,M,30.15
TEX,NA,19,0.00,0,M,28.139999999999997
TEX,NA,19,1.00,0,M,28.139999999999997
TEX,NA,19,0.00,0,M,28.139999999999997
TEX,NA,19,2.00,0,M,28.139999999999997
TEX,NA,19,2.00,0,M,28.139999999999997
TEX,NA,20,1.00,0,M,30.15
TEX,NA,19,2.00,0,M,28.139999999999997
TEX,NA,18,4.00,0,M,26.129999999999995
TEX,NA,17,5.00,0,M,24.119999999999997
TEX,NA,17,5.00,0,M,24.119999999999997
TEX,NA,17,5.00,0,M,24.119999999999997
TEX,NA,16,6.00,0,M,22.11
TEX,NA,16,6.00,0,M,22.11
TEX,NA,16,7.00,0,M,22.11
TEX,NA,15,7.00,0,M,20.099999999999998
TEX,NA,15,6.00,0,M,20.099999999999998
TEX,NA,15,6.00,0,M,20.099999999999998
TEX,NA,14,6.00,0,M,18.089999999999996
TEX,NA,13,6.00,0,M,16.08
TEX,NA,14,6.00,0,M,18.089999999999996
TEX,NA,13,6.00,0,M,16.08
TEX,NA,13,6.00,0,M,16.08
TEX,NA,13,6.00,0,M,16.08
TEX,NA,13,6.00,0,M,16.08
TEX,NA,13,6.00,0,M,16.08
TEX,NA,13,5.00,0,M,16.08
TEX,NA,13,5.00,0,M,16.08
TEX,NA,13,5.00,0,M,16.08
TEX,NA,13,5.00,0,M,16.08
TEX,NA,13,5.00,0,M,16.08
TEX,NA,12,5.00,0,M,14.069999999999999
TEX,NA,12,6.00,0,M,14.069999999999999
TEX,NA,13,5.00,0,M,16.08
TEX,NA,12,5.00,0,M,14.069999999999999
TEX,NA,12,5.00,0,M,14.069999999999999
TEX,NA,12,5.00,0,M,14.069999999999999
TEX,NA,12,5.00,0,M,14.069999999999999
TEX,NA,12,5.00,0,M,14.069999999999999
TEX,NA,12,5.00,0,M,14.069999999999999
TEX,NA,12,5.00,0,M,14.069999999999999
TEX,NA,13,6.00,0,M,16.08
TEX,NA,14,5.00,0,M,18.089999999999996
TEX,NA,15,5.00,0,M,20.099999999999998
TEX,NA,15,6.00,0,M,20.099999999999998
TEX,NA,17,6.00,0,M,24.119999999999997
TEX,NA,17,5.00,0,M,24.119999999999997
TEX,NA,18,7.00,0,M,26.129999999999995
TEX,NA,20,6.00,0,M,30.15
TEX,NA,20,4.00,0,M,30.15
TEX,NA,21,3.00,0,M,32.16
TEX,NA,21,3.00,0,M,32.16
TEX,NA,22,3.00,0,M,34.169999999999995
TEX,NA,22,3.00,0,M,34.169999999999995
TEX,NA,22,3.00,0,M,34.169999999999995
TEX,NA,22,3.00,0,M,34.169999999999995
TEX,NA,22,3.00,0,M,34.169999999999995
TEX,NA,22,3.00,0,M,34.169999999999995
TEX,NA,23,2.00,0,M,36.17999999999999
TEX,NA,23,0.00,0,M,36.17999999999999
TEX,NA,23,1.00,0,M,36.17999999999999
TEX,NA,24,0.00,0,M,38.19
TEX,NA,24,0.00,0,M,38.19
TEX,NA,24,0.00,0,M,38.19
TEX,NA,24,0.00,0,M,38.19
TEX,NA,25,0.00,0,M,40.199999999999996
TEX,NA,25,0.00,0,M,40.199999999999996
TEX,NA,25,0.00,0,M,40.199999999999996
TEX,NA,25,0.00,0,M,40.199999999999996
TEX,NA,25,-2.00,0,M,40.199999999999996
TEX,NA,25,-4.00,0,M,40.199999999999996
TEX,NA,25,-5.00,0,M,40.199999999999996
TEX,NA,25,-3.00,0,M,40.199999999999996
TEX,NA,25,-3.00,0,M,40.199999999999996
TEX,NA,25,-3.00,0,M,40.199999999999996
TEX,NA,25,-4.00,0,M,40.199999999999996
TEX,NA,23,-4.00,0,M,36.17999999999999
TEX,NA,23,-3.00,0,M,36.17999999999999
TEX,NA,23,-3.00,0,M,36.17999999999999
TEX,NA,23,-2.00,0,M,36.17999999999999
TEX,NA,22,-2.00,0,M,34.169999999999995
TEX,NA,22,-2.00,0,M,34.169999999999995
TEX,NA,21,-1.00,0,M,32.16
TEX,NA,20,0.00,0,M,30.15
TEX,NA,20,0.00,0,M,30.15
TEX,NA,18,2.00,0,M,26.129999999999995
TEX,NA,18,2.00,0,M,26.129999999999995
TEX,NA,17,2.00,0,M,24.119999999999997
TEX,NA,17,2.00,0,M,24.119999999999997
TEX,NA,16,3.00,0,M,22.11
TEX,NA,16,3.00,0,M,22.11
TEX,NA,15,3.00,0,M,20.099999999999998
TEX,NA,15,3.00,0,M,20.099999999999998
TEX,NA,15,3.00,0,M,20.099999999999998
TEX,NA,15,3.00,0,M,20.099999999999998
TEX,NA,14,3.00,0,M,18.089999999999996
TEX,NA,14,3.00,0,M,18.089999999999996
TEX,NA,14,3.00,0,M,18.089999999999996
TEX,NA,13,3.00,0,M,16.08
TEX,NA,13,3.00,0,M,16.08
TEX,NA,13,3.00,0,M,16.08
TEX,NA,14,2.00,0,M,18.089999999999996
TEX,NA,13,3.00,0,M,16.08
TEX,NA,13,3.00,0,M,16.08
TEX,NA,13,3.00,0,M,16.08
TEX,NA,13,3.00,0,M,16.08
TEX,NA,12,3.00,0,M,14.069999999999999
TEX,NA,13,2.00,0,M,16.08
TEX,NA,12,3.00,0,M,14.069999999999999
TEX,NA,12,3.00,0,M,14.069999999999999
TEX,NA,12,3.00,0,M,14.069999999999999
TEX,NA,12,3.00,0,M,14.069999999999999
TEX,NA,12,3.00,0,M,14.069999999999999
TEX,NA,15,3.00,0,M,20.099999999999998
TEX,NA,15,4.00,0,M,20.099999999999998
TEX,NA,16,3.00,0,M,22.11
TEX,NA,17,3.00,0,M,24.119999999999997
TEX,NA,17,3.00,0,M,24.119999999999997
TEX,NA,18,3.00,1.02,M,26.129999999999995
TEX,NA,19,5.00,0,M,28.139999999999997
TEX,NA,21,4.00,0,M,32.16
TEX,NA,21,0.00,0,M,32.16
TEX,NA,22,0.00,0,M,34.169999999999995
TEX,NA,23,0.00,0,M,36.17999999999999
TEX,NA,23,-1.00,0,M,36.17999999999999
TEX,NA,23,-1.00,0,M,36.17999999999999
TEX,NA,24,-1.00,0,M,38.19
TEX,NA,24,-1.00,0,M,38.19
TEX,NA,24,-1.00,0,M,38.19
TEX,NA,25,-1.00,0,M,40.199999999999996
TEX,NA,25,-2.00,0,M,40.199999999999996
TEX,NA,25,-2.00,0,M,40.199999999999996
TEX,NA,26,0.00,0,M,42.209999999999994
TEX,NA,24,0.00,0,M,38.19
TEX,NA,25,0.00,0,M,40.199999999999996
TEX,NA,25,0.00,0,M,40.199999999999996
TEX,NA,26,-3.00,0,M,42.209999999999994
TEX,NA,26,-3.00,0,M,42.209999999999994
TEX,NA,26,-6.00,0,M,42.209999999999994
TEX,NA,27,-6.00,0,M,44.22
TEX,NA,26,-10.00,0,M,42.209999999999994
TEX,NA,25,-8.00,0,M,40.199999999999996
TEX,NA,26,-7.00,0,M,42.209999999999994
TEX,NA,26,-6.00,0,M,42.209999999999994
TEX,NA,26,-7.00,0,M,42.209999999999994
TEX,NA,26,-5.00,0,M,42.209999999999994
TEX,NA,25,-6.00,0,M,40.199999999999996
TEX,NA,26,-3.00,0,M,42.209999999999994
TEX,NA,26,-2.00,0,M,42.209999999999994
TEX,NA,25,-3.00,0,M,40.199999999999996
TEX,NA,25,-2.00,0,M,40.199999999999996
TEX,NA,23,0.00,0,M,36.17999999999999
TEX,NA,23,0.00,0,M,36.17999999999999
TEX,NA,22,0.00,0,M,34.169999999999995
TEX,NA,22,0.00,0,M,34.169999999999995
TEX,NA,22,1.00,0,M,34.169999999999995
TEX,NA,21,1.00,0,M,32.16
TEX,NA,20,3.00,0,M,30.15
TEX,NA,19,2.00,0,M,28.139999999999997
TEX,NA,19,2.00,0,M,28.139999999999997
TEX,NA,18,2.00,0,M,26.129999999999995
TEX,NA,18,2.00,0,M,26.129999999999995
TEX,NA,18,2.00,0,M,26.129999999999995
TEX,NA,17,3.00,0,M,24.119999999999997
TEX,NA,17,3.00,0,M,24.119999999999997
TEX,NA,17,3.00,0,M,24.119999999999997
TEX,NA,16,3.00,0,M,22.11
TEX,NA,16,3.00,0,M,22.11
TEX,NA,17,3.00,0,M,24.119999999999997
TEX,NA,16,3.00,0,M,22.11
TEX,NA,16,3.00,0,M,22.11
TEX,NA,16,3.00,0,M,22.11
TEX,NA,15,3.00,0,M,20.099999999999998
TEX,NA,15,3.00,0,M,20.099999999999998
TEX,NA,14,4.00,0,M,18.089999999999996
TEX,NA,15,3.00,0,M,20.099999999999998
TEX,NA,15,3.00,0,M,20.099999999999998
TEX,NA,13,4.00,0,M,16.08
TEX,NA,14,3.00,0,M,18.089999999999996
TEX,NA,13,4.00,0,M,16.08
TEX,NA,13,4.00,0,M,16.08
TEX,NA,13,3.00,0,M,16.08
TEX,NA,13,3.00,0,M,16.08
TEX,NA,14,3.00,0,M,18.089999999999996
TEX,NA,14,4.00,0,M,18.089999999999996
TEX,NA,15,3.00,0,M,20.099999999999998
TEX,NA,15,3.00,0,M,20.099999999999998
TEX,NA,16,3.00,0,M,22.11
TEX,NA,17,4.00,0,M,24.119999999999997
TEX,NA,17,5.00,0,M,24.119999999999997
TEX,NA,17,5.00,0,M,24.119999999999997
TEX,NA,17,6.00,0,M,24.119999999999997
TEX,NA,18,7.00,0,M,26.129999999999995
TEX,NA,18,7.00,0,M,26.129999999999995
TEX,NA,18,5.00,0,M,26.129999999999995
TEX,NA,18,7.00,0,M,26.129999999999995
TEX,NA,18,7.00,0,M,26.129999999999995
TEX,NA,18,7.00,0,M,26.129999999999995
TEX,NA,18,7.00,0,M,26.129999999999995
TEX,NA,19,9.00,0,M,28.139999999999997
TEX,NA,19,7.00,0,M,28.139999999999997
TEX,NA,17,8.00,0.51,M,24.119999999999997
TEX,NA,16,11.00,1.02,M,22.11
TEX,NA,17,10.00,0,M,24.119999999999997
TEX,NA,18,9.00,0,M,26.129999999999995
TEX,NA,18,8.00,0,M,26.129999999999995
TEX,NA,18,7.00,0,M,26.129999999999995
TEX,NA,19,9.00,0,M,28.139999999999997
TEX,NA,20,8.00,0,M,30.15
TEX,NA,21,7.00,0,M,32.16
TEX,NA,21,7.00,0,M,32.16
TEX,NA,22,7.00,0,M,34.169999999999995
TEX,NA,22,7.00,0,M,34.169999999999995
TEX,NA,21,7.00,0,M,32.16
TEX,NA,21,6.00,0,M,32.16
TEX,NA,21,6.00,0,M,32.16
TEX,NA,21,7.00,0,M,32.16
TEX,NA,20,7.00,0,M,30.15
TEX,NA,20,8.00,0,M,30.15
TEX,NA,20,7.00,0,M,30.15
TEX,NA,20,8.00,0,M,30.15
TEX,NA,20,8.00,0,M,30.15
TEX,NA,20,8.00,0,M,30.15
TEX,NA,19,9.00,0,M,28.139999999999997
TEX,NA,19,9.00,0,M,28.139999999999997
TEX,NA,18,10.00,0,M,26.129999999999995
TEX,NA,17,9.00,0,M,24.119999999999997
TEX,NA,18,8.00,0,M,26.129999999999995
TEX,NA,17,10.00,0,M,24.119999999999997
TEX,NA,16,10.00,0,M,22.11
TEX,NA,16,10.00,0,M,22.11
TEX,NA,16,9.00,0,M,22.11
TEX,NA,15,9.00,0,M,20.099999999999998
TEX,NA,15,9.00,0,M,20.099999999999998
TEX,NA,15,8.00,0,M,20.099999999999998
TEX,NA,15,9.00,0,M,20.099999999999998
TEX,NA,15,8.00,0,M,20.099999999999998
TEX,NA,14,9.00,0,M,18.089999999999996
TEX,NA,14,8.00,0,M,18.089999999999996
TEX,NA,15,8.00,0,M,20.099999999999998
TEX,NA,14,8.00,0,M,18.089999999999996
TEX,NA,13,8.00,0,M,16.08
TEX,NA,13,8.00,0,M,16.08
TEX,NA,14,8.00,0,M,18.089999999999996
TEX,NA,14,8.00,0,M,18.089999999999996
TEX,NA,13,8.00,0,M,16.08
TEX,NA,14,7.00,0,M,18.089999999999996
TEX,NA,14,7.00,0,M,18.089999999999996
TEX,NA,13,8.00,0,M,16.08
TEX,NA,13,7.00,0,M,16.08
TEX,NA,13,7.00,0,M,16.08
TEX,NA,13,7.00,0,M,16.08
TEX,NA,14,7.00,0,M,18.089999999999996
TEX,NA,13,7.00,0,M,16.08
TEX,NA,13,7.00,0,M,16.08
TEX,NA,13,7.00,0,M,16.08
TEX,NA,13,7.00,0,M,16.08
TEX,NA,12,8.00,0.25,M,14.069999999999999
TEX,NA,13,8.00,0.25,M,16.08
TEX,NA,12,8.00,0.76,M,14.069999999999999
TEX,NA,13,9.00,0.25,M,16.08
TEX,NA,12,10.00,0.25,M,14.069999999999999
TEX,NA,12,10.00,0.51,M,14.069999999999999
TEX,NA,12,10.00,0,M,14.069999999999999
TEX,NA,13,10.00,0,M,16.08
TEX,NA,15,10.00,0,M,20.099999999999998
TEX,NA,16,10.00,0,M,22.11
TEX,NA,17,10.00,0,M,24.119999999999997
TEX,NA,17,8.00,0,M,24.119999999999997
TEX,NA,18,8.00,0,M,26.129999999999995
TEX,NA,18,7.00,0,M,26.129999999999995
TEX,NA,20,8.00,0,M,30.15
TEX,NA,19,7.00,0,M,28.139999999999997
TEX,NA,20,7.00,0,M,30.15
TEX,NA,21,7.00,0,M,32.16
TEX,NA,20,7.00,0,M,30.15
TEX,NA,20,8.00,0,M,30.15
TEX,NA,21,7.00,0,M,32.16
TEX,NA,20,7.00,0,M,30.15
TEX,NA,19,7.00,0,M,28.139999999999997
TEX,NA,18,8.00,0,M,26.129999999999995
TEX,NA,15,9.00,0.76,M,20.099999999999998
TEX,NA,15,10.00,1.02,M,20.099999999999998
TEX,NA,15,10.00,1.02,M,20.099999999999998
TEX,NA,15,8.00,0,M,20.099999999999998
TEX,NA,15,9.00,0,M,20.099999999999998
TEX,NA,17,9.00,0,M,24.119999999999997
TEX,NA,16,7.00,0,M,22.11
TEX,NA,14,8.00,2.29,M,18.089999999999996
TEX,NA,13,8.00,2.79,M,16.08
TEX,NA,12,9.00,0,M,14.069999999999999
TEX,NA,12,10.00,2.29,M,14.069999999999999
TEX,NA,11,9.00,3.56,M,12.059999999999999
TEX,NA,11,10.00,1.52,M,12.059999999999999
TEX,NA,11,10.00,4.57,M,12.059999999999999
TEX,NA,11,10.00,6.6,M,12.059999999999999
TEX,NA,10,9.00,0.76,M,10.049999999999999
TEX,NA,10,8.00,2.03,M,10.049999999999999
TEX,NA,10,8.00,4.32,M,10.049999999999999
TEX,NA,10,8.00,1.02,M,10.049999999999999
TEX,NA,10,7.00,1.02,M,10.049999999999999
TEX,NA,10,6.00,1.02,M,10.049999999999999
TEX,NA,10,6.00,0,M,10.049999999999999
TEX,NA,9,6.00,0,M,8.04
TEX,NA,10,6.00,0,M,10.049999999999999
TEX,NA,10,7.00,0,M,10.049999999999999
TEX,NA,9,7.00,0,M,8.04
TEX,NA,9,7.00,0,M,8.04
TEX,NA,9,7.00,0,M,8.04
TEX,NA,9,7.00,0,M,8.04
TEX,NA,8,7.00,0,M,6.029999999999999
TEX,NA,9,6.00,0,M,8.04
TEX,NA,9,6.00,0,M,8.04
TEX,NA,10,6.00,0,M,10.049999999999999
TEX,NA,9,6.00,0,M,8.04
TEX,NA,9,6.00,0,M,8.04
TEX,NA,9,6.00,0,M,8.04
TEX,NA,9,6.00,0,M,8.04
TEX,NA,9,6.00,0,M,8.04
TEX,NA,8,6.00,0,M,6.029999999999999
TEX,NA,8,6.00,0,M,6.029999999999999
TEX,NA,8,6.00,0,M,6.029999999999999
TEX,NA,10,6.00,0,M,10.049999999999999
TEX,NA,9,6.00,0,M,8.04
TEX,NA,8,7.00,0,M,6.029999999999999
TEX,NA,9,6.00,0,M,8.04
TEX,NA,9,6.00,0,M,8.04
TEX,NA,10,6.00,0,M,10.049999999999999
TEX,NA,10,6.00,0,M,10.049999999999999
TEX,NA,10,6.00,0,M,10.049999999999999
TEX,NA,10,7.00,0,M,10.049999999999999
TEX,NA,11,7.00,0,M,12.059999999999999
TEX,NA,12,7.00,0,M,14.069999999999999
TEX,NA,13,7.00,0,M,16.08
TEX,NA,14,8.00,0,M,18.089999999999996
TEX,NA,14,8.00,0,M,18.089999999999996
TEX,NA,16,8.00,0,M,22.11
TEX,NA,17,8.00,0,M,24.119999999999997
TEX,NA,17,8.00,0,M,24.119999999999997
TEX,NA,18,6.00,0,M,26.129999999999995
TEX,NA,18,6.00,0,M,26.129999999999995
TEX,NA,19,6.00,0,M,28.139999999999997
TEX,NA,20,6.00,0,M,30.15
TEX,NA,20,6.00,0,M,30.15
TEX,NA,20,6.00,0,M,30.15
TEX,NA,20,7.00,0,M,30.15
TEX,NA,20,6.00,0,M,30.15
TEX,NA,20,5.00,0,M,30.15
TEX,NA,20,5.00,0,M,30.15
TEX,NA,20,5.00,0,M,30.15
TEX,NA,20,5.00,0,M,30.15
TEX,NA,21,5.00,0,M,32.16
TEX,NA,21,5.00,0,M,32.16
TEX,NA,21,5.00,0,M,32.16
TEX,NA,20,5.00,0,M,30.15
TEX,NA,22,4.00,0,M,34.169999999999995
TEX,NA,21,4.00,0,M,32.16
TEX,NA,22,2.00,0,M,34.169999999999995
TEX,NA,21,4.00,0,M,32.16
TEX,NA,20,3.00,0,M,30.15
TEX,NA,20,3.00,0,M,30.15
TEX,NA,20,5.00,0,M,30.15
TEX,NA,21,3.00,0,M,32.16
TEX,NA,21,4.00,0,M,32.16
TEX,NA,20,5.00,0,M,30.15
TEX,NA,21,3.00,0,M,32.16
TEX,NA,20,3.00,0,M,30.15
TEX,NA,18,5.00,0,M,26.129999999999995
TEX,NA,18,4.00,0,M,26.129999999999995
TEX,NA,18,4.00,0,M,26.129999999999995
TEX,NA,17,6.00,0,M,24.119999999999997
TEX,NA,16,6.00,0,M,22.11
TEX,NA,16,6.00,0,M,22.11
TEX,NA,16,6.00,0,M,22.11
TEX,NA,15,6.00,0,M,20.099999999999998
TEX,NA,15,6.00,0,M,20.099999999999998
TEX,NA,14,5.00,0,M,18.089999999999996
TEX,NA,14,5.00,0,M,18.089999999999996
TEX,NA,13,5.00,0,M,16.08
TEX,NA,13,5.00,0,M,16.08
TEX,NA,13,5.00,0,M,16.08
TEX,NA,13,5.00,0,M,16.08
TEX,NA,13,5.00,0,M,16.08
TEX,NA,13,4.00,0,M,16.08
TEX,NA,13,6.00,0,M,16.08
TEX,NA,13,5.00,0,M,16.08
TEX,NA,13,4.00,0,M,16.08
TEX,NA,13,5.00,0,M,16.08
TEX,NA,13,5.00,0,M,16.08
TEX,NA,13,4.00,0,M,16.08
TEX,NA,13,4.00,0,M,16.08
TEX,NA,13,4.00,0,M,16.08
TEX,NA,12,5.00,0,M,14.069999999999999
TEX,NA,12,5.00,0,M,14.069999999999999
TEX,NA,12,6.00,0,M,14.069999999999999
TEX,NA,12,5.00,0,M,14.069999999999999
TEX,NA,12,5.00,0,M,14.069999999999999
TEX,NA,12,5.00,0,M,14.069999999999999
TEX,NA,11,5.00,0,M,12.059999999999999
TEX,NA,11,6.00,0,M,12.059999999999999
TEX,NA,11,6.00,0,M,12.059999999999999
TEX,NA,12,6.00,0,M,14.069999999999999
TEX,NA,13,6.00,0,M,16.08
TEX,NA,14,6.00,0,M,18.089999999999996
TEX,NA,15,6.00,0,M,20.099999999999998
TEX,NA,16,6.00,0,M,22.11
TEX,NA,17,7.00,0,M,24.119999999999997
TEX,NA,18,6.00,0,M,26.129999999999995
TEX,NA,19,6.00,0,M,28.139999999999997
TEX,NA,21,6.00,0,M,32.16
TEX,NA,20,6.00,0,M,30.15
TEX,NA,21,5.00,0,M,32.16
TEX,NA,22,1.00,0,M,34.169999999999995
TEX,NA,21,2.00,0,M,32.16
TEX,NA,22,2.00,0,M,34.169999999999995
TEX,NA,22,1.00,0,M,34.169999999999995
TEX,NA,22,1.00,0,M,34.169999999999995
TEX,NA,22,3.00,0,M,34.169999999999995
TEX,NA,22,4.00,0,M,34.169999999999995
TEX,NA,23,4.00,0,M,36.17999999999999
TEX,NA,22,4.00,0,M,34.169999999999995
TEX,NA,23,0.00,0,M,36.17999999999999
TEX,NA,22,2.00,0,M,34.169999999999995
TEX,NA,22,2.00,0,M,34.169999999999995
TEX,NA,22,3.00,0,M,34.169999999999995
TEX,NA,22,7.00,0,M,34.169999999999995
TEX,NA,23,6.00,0,M,36.17999999999999
TEX,NA,23,3.00,0,M,36.17999999999999
TEX,NA,23,3.00,0,M,36.17999999999999
TEX,NA,21,3.00,0,M,32.16
TEX,NA,21,5.00,0,M,32.16
TEX,NA,21,6.00,0,M,32.16
TEX,NA,21,4.00,0,M,32.16
TEX,NA,20,6.00,0,M,30.15
TEX,NA,17,6.00,0,M,24.119999999999997
TEX,NA,16,7.00,0,M,22.11
TEX,NA,15,8.00,0,M,20.099999999999998
TEX,NA,15,9.00,0,M,20.099999999999998
TEX,NA,15,10.00,0,M,20.099999999999998
TEX,NA,15,9.00,0,M,20.099999999999998
TEX,NA,15,8.00,0,M,20.099999999999998
TEX,NA,16,8.00,0,M,22.11
TEX,NA,15,8.00,0,M,20.099999999999998
TEX,NA,15,9.00,0,M,20.099999999999998
TEX,NA,15,8.00,0,M,20.099999999999998
TEX,NA,16,8.00,0,M,22.11
TEX,NA,15,8.00,0,M,20.099999999999998
TEX,NA,15,8.00,0,M,20.099999999999998
TEX,NA,16,7.00,0,M,22.11
TEX,NA,16,7.00,0,M,22.11
TEX,NA,15,8.00,0,M,20.099999999999998
TEX,NA,16,7.00,0,M,22.11
TEX,NA,16,6.00,0,M,22.11
TEX,NA,15,8.00,0,M,20.099999999999998
TEX,NA,16,6.00,0,M,22.11
TEX,NA,16,6.00,0,M,22.11
TEX,NA,16,6.00,0,M,22.11
TEX,NA,15,6.00,0,M,20.099999999999998
TEX,NA,17,6.00,0,M,24.119999999999997
TEX,NA,16,6.00,0,M,22.11
TEX,NA,16,7.00,0,M,22.11
TEX,NA,16,7.00,0,M,22.11
TEX,NA,15,7.00,0,M,20.099999999999998
TEX,NA,16,7.00,0,M,22.11
TEX,NA,15,7.00,0,M,20.099999999999998
TEX,NA,15,7.00,0,M,20.099999999999998
TEX,NA,15,7.00,0,M,20.099999999999998
TEX,NA,15,7.00,0,M,20.099999999999998
TEX,NA,15,6.00,0,M,20.099999999999998
TEX,NA,15,6.00,0,M,20.099999999999998
TEX,NA,15,6.00,0,M,20.099999999999998
TEX,NA,15,6.00,0,M,20.099999999999998
TEX,NA,15,6.00,0,M,20.099999999999998
TEX,NA,15,6.00,0,M,20.099999999999998
TEX,NA,16,7.00,0,M,22.11
TEX,NA,17,7.00,0,M,24.119999999999997
TEX,NA,17,7.00,0,M,24.119999999999997
TEX,NA,17,7.00,0,M,24.119999999999997
TEX,NA,18,8.00,0,M,26.129999999999995
TEX,NA,18,8.00,0,M,26.129999999999995
TEX,NA,19,8.00,0,M,28.139999999999997
TEX,NA,18,7.00,0,M,26.129999999999995
TEX,NA,19,7.00,0,M,28.139999999999997
TEX,NA,20,7.00,0,M,30.15
TEX,NA,19,7.00,0,M,28.139999999999997
TEX,NA,18,7.00,0,M,26.129999999999995
TEX,NA,18,7.00,0,M,26.129999999999995
TEX,NA,19,7.00,0,M,28.139999999999997
TEX,NA,20,7.00,0,M,30.15
TEX,NA,21,7.00,0,M,32.16
TEX,NA,21,7.00,0,M,32.16
TEX,NA,21,7.00,0,M,32.16
TEX,NA,21,7.00,0,M,32.16
TEX,NA,21,7.00,0,M,32.16
TEX,NA,21,8.00,0,M,32.16
TEX,NA,20,10.00,0.76,M,30.15
TEX,NA,20,11.00,0.76,M,30.15
TEX,NA,21,10.00,0,M,32.16
TEX,NA,20,10.00,0.51,M,30.15
TEX,NA,20,12.00,1.02,M,30.15
TEX,NA,20,11.00,0,M,30.15
TEX,NA,20,8.00,0,M,30.15
TEX,NA,20,6.00,0,M,30.15
TEX,NA,19,11.00,0,M,28.139999999999997
TEX,NA,18,10.00,0,M,26.129999999999995
TEX,NA,18,9.00,0,M,26.129999999999995
TEX,NA,18,10.00,0,M,26.129999999999995
TEX,NA,18,9.00,0,M,26.129999999999995
TEX,NA,17,8.00,0,M,24.119999999999997
TEX,NA,18,9.00,0,M,26.129999999999995
TEX,NA,18,10.00,0,M,26.129999999999995
TEX,NA,18,10.00,0,M,26.129999999999995
TEX,NA,17,10.00,0,M,24.119999999999997
TEX,NA,18,10.00,0,M,26.129999999999995
TEX,NA,18,9.00,0,M,26.129999999999995
TEX,NA,18,10.00,0,M,26.129999999999995
TEX,NA,18,10.00,0,M,26.129999999999995
TEX,NA,17,7.00,0,M,24.119999999999997
TEX,NA,16,8.00,0,M,22.11
TEX,NA,16,7.00,0,M,22.11
TEX,NA,16,7.00,0,M,22.11
TEX,NA,14,9.00,0,M,18.089999999999996
TEX,NA,13,10.00,0,M,16.08
TEX,NA,14,8.00,0,M,18.089999999999996
TEX,NA,15,8.00,0,M,20.099999999999998
TEX,NA,14,8.00,0,M,18.089999999999996
TEX,NA,15,8.00,0,M,20.099999999999998
TEX,NA,13,8.00,0,M,16.08
TEX,NA,14,7.00,0,M,18.089999999999996
TEX,NA,13,8.00,0,M,16.08
TEX,NA,15,7.00,0,M,20.099999999999998
TEX,NA,16,6.00,0,M,22.11
TEX,NA,15,7.00,0,M,20.099999999999998
TEX,NA,16,6.00,0,M,22.11
TEX,NA,16,7.00,0.25,M,22.11
TEX,NA,16,7.00,0.25,M,22.11
TEX,NA,16,7.00,0,M,22.11
TEX,NA,15,7.00,0,M,20.099999999999998
TEX,NA,15,7.00,0,M,20.099999999999998
TEX,NA,15,7.00,0,M,20.099999999999998
TEX,NA,15,7.00,0,M,20.099999999999998
TEX,NA,15,8.00,0,M,20.099999999999998
TEX,NA,15,8.00,0,M,20.099999999999998
TEX,NA,15,8.00,0,M,20.099999999999998
TEX,NA,15,8.00,0,M,20.099999999999998
TEX,NA,14,8.00,0,M,18.089999999999996
TEX,NA,13,10.00,0,M,16.08
TEX,NA,13,10.00,0.25,M,16.08
TEX,NA,12,10.00,0.76,M,14.069999999999999
TEX,NA,12,11.00,1.52,M,14.069999999999999
TEX,NA,13,11.00,1.78,M,16.08
TEX,NA,13,11.00,0,M,16.08
TEX,NA,13,11.00,0,M,16.08
TEX,NA,13,11.00,0,M,16.08
TEX,NA,14,11.00,0,M,18.089999999999996
TEX,NA,16,10.00,0,M,22.11
TEX,NA,15,8.00,0,M,20.099999999999998
TEX,NA,16,9.00,0,M,22.11
TEX,NA,16,8.00,0,M,22.11
TEX,NA,16,8.00,0,M,22.11
TEX,NA,17,9.00,0,M,24.119999999999997
TEX,NA,18,8.00,0,M,26.129999999999995
TEX,NA,17,7.00,0,M,24.119999999999997
TEX,NA,18,8.00,0,M,26.129999999999995
TEX,NA,18,7.00,0,M,26.129999999999995
TEX,NA,19,6.00,0,M,28.139999999999997
TEX,NA,20,4.00,0,M,30.15
TEX,NA,20,5.00,0,M,30.15
TEX,NA,20,6.00,0.25,M,30.15
TEX,NA,19,6.00,0,M,28.139999999999997
TEX,NA,19,6.00,0,M,28.139999999999997
TEX,NA,19,6.00,0,M,28.139999999999997
TEX,NA,20,6.00,0,M,30.15
TEX,NA,20,5.00,0,M,30.15
TEX,NA,20,5.00,0,M,30.15
TEX,NA,21,5.00,0,M,32.16
TEX,NA,21,5.00,0,M,32.16
TEX,NA,21,5.00,0,M,32.16
TEX,NA,21,4.00,0,M,32.16
TEX,NA,21,5.00,0,M,32.16
TEX,NA,21,5.00,0,M,32.16
TEX,NA,21,5.00,0,M,32.16
TEX,NA,21,5.00,0,M,32.16
TEX,NA,20,4.00,0,M,30.15
TEX,NA,20,5.00,0,M,30.15
TEX,NA,19,5.00,0,M,28.139999999999997
TEX,NA,18,6.00,0,M,26.129999999999995
TEX,NA,17,6.00,0,M,24.119999999999997
TEX,NA,17,7.00,0,M,24.119999999999997
TEX,NA,17,7.00,0,M,24.119999999999997
TEX,NA,16,7.00,0,M,22.11
TEX,NA,16,7.00,0,M,22.11
TEX,NA,16,7.00,0,M,22.11
TEX,NA,16,6.00,0,M,22.11
TEX,NA,17,7.00,0,M,24.119999999999997
TEX,NA,16,6.00,0,M,22.11
TEX,NA,16,6.00,0,M,22.11
TEX,NA,16,6.00,0,M,22.11
TEX,NA,16,7.00,0,M,22.11
TEX,NA,15,8.00,0,M,20.099999999999998
TEX,NA,15,8.00,0,M,20.099999999999998
TEX,NA,14,8.00,0,M,18.089999999999996
TEX,NA,14,8.00,0,M,18.089999999999996
TEX,NA,15,8.00,0,M,20.099999999999998
TEX,NA,14,8.00,0,M,18.089999999999996
TEX,NA,14,8.00,0,M,18.089999999999996
TEX,NA,14,8.00,0,M,18.089999999999996
TEX,NA,13,8.00,0,M,16.08
TEX,NA,13,8.00,0,M,16.08
TEX,NA,13,8.00,0,M,16.08
TEX,NA,13,8.00,0,M,16.08
TEX,NA,13,8.00,0,M,16.08
TEX,NA,13,8.00,0,M,16.08
TEX,NA,13,7.00,0,M,16.08
TEX,NA,13,7.00,0,M,16.08
TEX,NA,12,8.00,0,M,14.069999999999999
TEX,NA,12,7.00,0,M,14.069999999999999
TEX,NA,13,8.00,0,M,16.08
TEX,NA,13,8.00,0,M,16.08
TEX,NA,15,9.00,0,M,20.099999999999998
TEX,NA,16,8.00,0,M,22.11
TEX,NA,16,8.00,0,M,22.11
TEX,NA,16,9.00,0,M,22.11
TEX,NA,17,9.00,0,M,24.119999999999997
TEX,NA,17,7.00,0,M,24.119999999999997
TEX,NA,17,7.00,0,M,24.119999999999997
TEX,NA,17,8.00,0,M,24.119999999999997
TEX,NA,17,7.00,0,M,24.119999999999997
TEX,NA,17,6.00,0,M,24.119999999999997
TEX,NA,18,6.00,0,M,26.129999999999995
TEX,NA,18,5.00,0,M,26.129999999999995
TEX,NA,19,4.00,0,M,28.139999999999997
TEX,NA,19,3.00,0,M,28.139999999999997
TEX,NA,20,4.00,0,M,30.15
TEX,NA,20,3.00,0,M,30.15
TEX,NA,20,4.00,0,M,30.15
TEX,NA,20,3.00,0,M,30.15
TEX,NA,20,1.00,0,M,30.15
TEX,NA,21,0.00,0,M,32.16
TEX,NA,20,1.00,0,M,30.15
TEX,NA,21,0.00,0,M,32.16
TEX,NA,21,0.00,0,M,32.16
TEX,NA,21,-1.00,0,M,32.16
TEX,NA,21,0.00,0,M,32.16
TEX,NA,21,-2.00,0,M,32.16
TEX,NA,21,-3.00,0,M,32.16
TEX,NA,21,-4.00,0,M,32.16
TEX,NA,21,-5.00,0,M,32.16
TEX,NA,21,-6.00,0,M,32.16
TEX,NA,21,-6.00,0,M,32.16
TEX,NA,21,-5.00,0,M,32.16
TEX,NA,21,-5.00,0,M,32.16
TEX,NA,20,-6.00,0,M,30.15
TEX,NA,20,-5.00,0,M,30.15
TEX,NA,20,-5.00,0,M,30.15
TEX,NA,20,-5.00,0,M,30.15
TEX,NA,19,-5.00,0,M,28.139999999999997
TEX,NA,17,-3.00,0,M,24.119999999999997
TEX,NA,16,-2.00,0,M,22.11
TEX,NA,16,0.00,0,M,22.11
TEX,NA,15,0.00,0,M,20.099999999999998
TEX,NA,15,0.00,0,M,20.099999999999998
TEX,NA,14,1.00,0,M,18.089999999999996
TEX,NA,13,1.00,0,M,16.08
TEX,NA,13,1.00,0,M,16.08
TEX,NA,12,1.00,0,M,14.069999999999999
TEX,NA,12,1.00,0,M,14.069999999999999
TEX,NA,12,1.00,0,M,14.069999999999999
TEX,NA,12,0.00,0,M,14.069999999999999
TEX,NA,12,1.00,0,M,14.069999999999999
TEX,NA,12,0.00,0,M,14.069999999999999
TEX,NA,11,0.00,0,M,12.059999999999999
TEX,NA,11,1.00,0,M,12.059999999999999
TEX,NA,11,0.00,0,M,12.059999999999999
TEX,NA,11,1.00,0,M,12.059999999999999
TEX,NA,11,0.00,0,M,12.059999999999999
TEX,NA,11,1.00,0,M,12.059999999999999
TEX,NA,11,1.00,0,M,12.059999999999999
TEX,NA,11,0.00,0,M,12.059999999999999
TEX,NA,11,1.00,0,M,12.059999999999999
TEX,NA,10,1.00,0,M,10.049999999999999
TEX,NA,10,1.00,0,M,10.049999999999999
TEX,NA,10,1.00,0,M,10.049999999999999
TEX,NA,11,0.00,0,M,12.059999999999999
TEX,NA,10,1.00,0,M,10.049999999999999
TEX,NA,10,1.00,0,M,10.049999999999999
TEX,NA,10,1.00,0,M,10.049999999999999
TEX,NA,10,1.00,0,M,10.049999999999999
TEX,NA,10,1.00,0,M,10.049999999999999
TEX,NA,11,1.00,0,M,12.059999999999999
TEX,NA,12,1.00,0,M,14.069999999999999
TEX,NA,13,2.00,0,M,16.08
TEX,NA,13,1.00,0,M,16.08
TEX,NA,13,2.00,0,M,16.08
TEX,NA,15,1.00,0,M,20.099999999999998
TEX,NA,16,1.00,0,M,22.11
TEX,NA,17,3.00,0,M,24.119999999999997
TEX,NA,18,2.00,0,M,26.129999999999995
TEX,NA,19,0.00,0,M,28.139999999999997
TEX,NA,20,-2.00,0,M,30.15
TEX,NA,20,-2.00,0,M,30.15
TEX,NA,21,-7.00,0,M,32.16
TEX,NA,21,-10.00,0,M,32.16
TEX,NA,21,-8.00,0,M,32.16
TEX,NA,21,-8.00,0,M,32.16
TEX,NA,21,-7.00,0,M,32.16
TEX,NA,22,-7.00,0,M,34.169999999999995
TEX,NA,21,-8.00,0,M,32.16
TEX,NA,21,-6.00,0,M,32.16
TEX,NA,22,-8.00,0,M,34.169999999999995
TEX,NA,22,-11.00,0,M,34.169999999999995
TEX,NA,22,-6.00,0,M,34.169999999999995
TEX,NA,22,-7.00,0,M,34.169999999999995
TEX,NA,22,-8.00,0,M,34.169999999999995
TEX,NA,22,-10.00,0,M,34.169999999999995
TEX,NA,22,-9.00,0,M,34.169999999999995
TEX,NA,22,-12.00,0,M,34.169999999999995
TEX,NA,22,-13.00,0,M,34.169999999999995
TEX,NA,22,-11.00,0,M,34.169999999999995
TEX,NA,23,-16.00,0,M,36.17999999999999
TEX,NA,22,-15.00,0,M,34.169999999999995
TEX,NA,23,-15.00,0,M,36.17999999999999
TEX,NA,22,-15.00,0,M,34.169999999999995
TEX,NA,22,-12.00,0,M,34.169999999999995
TEX,NA,22,-8.00,0,M,34.169999999999995
TEX,NA,22,-9.00,0,M,34.169999999999995
TEX,NA,22,-7.00,0,M,34.169999999999995
TEX,NA,22,-6.00,0,M,34.169999999999995
TEX,NA,21,-6.00,0,M,32.16
TEX,NA,20,-4.00,0,M,30.15
TEX,NA,20,-5.00,0,M,30.15
TEX,NA,19,-3.00,0,M,28.139999999999997
TEX,NA,18,-4.00,0,M,26.129999999999995
TEX,NA,17,-3.00,0,M,24.119999999999997
TEX,NA,16,-4.00,0,M,22.11
TEX,NA,16,-2.00,0,M,22.11
TEX,NA,15,-2.00,0,M,20.099999999999998
TEX,NA,14,-1.00,0,M,18.089999999999996
TEX,NA,14,-2.00,0,M,18.089999999999996
TEX,NA,13,-2.00,0,M,16.08
TEX,NA,13,-1.00,0,M,16.08
TEX,NA,13,-2.00,0,M,16.08
TEX,NA,12,-1.00,0,M,14.069999999999999
TEX,NA,12,-2.00,0,M,14.069999999999999
TEX,NA,12,-2.00,0,M,14.069999999999999
TEX,NA,11,-1.00,0,M,12.059999999999999
TEX,NA,11,-2.00,0,M,12.059999999999999
TEX,NA,11,-2.00,0,M,12.059999999999999
TEX,NA,11,-2.00,0,M,12.059999999999999
TEX,NA,10,-2.00,0,M,10.049999999999999
TEX,NA,11,-3.00,0,M,12.059999999999999
TEX,NA,10,-3.00,0,M,10.049999999999999
TEX,NA,10,-3.00,0,M,10.049999999999999
TEX,NA,10,-3.00,0,M,10.049999999999999
TEX,NA,9,-3.00,0,M,8.04
TEX,NA,8,-3.00,0,M,6.029999999999999
TEX,NA,8,-3.00,0,M,6.029999999999999
TEX,NA,10,-3.00,0,M,10.049999999999999
TEX,NA,11,-5.00,0,M,12.059999999999999
TEX,NA,11,-5.00,0,M,12.059999999999999
TEX,NA,12,-2.00,0,M,14.069999999999999
TEX,NA,13,-3.00,0,M,16.08
TEX,NA,14,-1.00,0,M,18.089999999999996
TEX,NA,15,-1.00,0,M,20.099999999999998
TEX,NA,17,-2.00,0,M,24.119999999999997
TEX,NA,17,-13.00,0,M,24.119999999999997
TEX,NA,18,-17.00,0,M,26.129999999999995
TEX,NA,18,-16.00,0,M,26.129999999999995
TEX,NA,19,-15.00,0,M,28.139999999999997
TEX,NA,19,-12.00,0,M,28.139999999999997
TEX,NA,20,-17.00,0,M,30.15
TEX,NA,20,-18.00,0,M,30.15
TEX,NA,20,-17.00,0,M,30.15
TEX,NA,20,-17.00,0,M,30.15
TEX,NA,20,-17.00,0,M,30.15
TEX,NA,20,-18.00,0,M,30.15
TEX,NA,21,-19.00,0,M,32.16
TEX,NA,21,-17.00,0,M,32.16
TEX,NA,21,-18.00,0,M,32.16
TEX,NA,21,-22.00,0,M,32.16
TEX,NA,21,-20.00,0,M,32.16
TEX,NA,22,-20.00,0,M,34.169999999999995
TEX,NA,22,-17.00,0,M,34.169999999999995
TEX,NA,22,-14.00,0,M,34.169999999999995
TEX,NA,21,-16.00,0,M,32.16
TEX,NA,22,-15.00,0,M,34.169999999999995
TEX,NA,22,-16.00,0,M,34.169999999999995
TEX,NA,22,-15.00,0,M,34.169999999999995
TEX,NA,22,-16.00,0,M,34.169999999999995
TEX,NA,22,-13.00,0,M,34.169999999999995
TEX,NA,22,-13.00,0,M,34.169999999999995
TEX,NA,21,-16.00,0,M,32.16
TEX,NA,21,-17.00,0,M,32.16
TEX,NA,21,-20.00,0,M,32.16
TEX,NA,21,-18.00,0,M,32.16
TEX,NA,21,-18.00,0,M,32.16
TEX,NA,19,-12.00,0,M,28.139999999999997
TEX,NA,18,-12.00,0,M,26.129999999999995
TEX,NA,17,-11.00,0,M,24.119999999999997
TEX,NA,17,-13.00,0,M,24.119999999999997
TEX,NA,17,-11.00,0,M,24.119999999999997
TEX,NA,16,-8.00,0,M,22.11
TEX,NA,15,-6.00,0,M,20.099999999999998
TEX,NA,14,-6.00,0,M,18.089999999999996
TEX,NA,13,-6.00,0,M,16.08
TEX,NA,12,-5.00,0,M,14.069999999999999
TEX,NA,12,-5.00,0,M,14.069999999999999
TEX,NA,12,-6.00,0,M,14.069999999999999
TEX,NA,11,-5.00,0,M,12.059999999999999
TEX,NA,11,-5.00,0,M,12.059999999999999
TEX,NA,11,-5.00,0,M,12.059999999999999
TEX,NA,10,-5.00,0,M,10.049999999999999
TEX,NA,10,-5.00,0,M,10.049999999999999
TEX,NA,10,-5.00,0,M,10.049999999999999
TEX,NA,10,-5.00,0,M,10.049999999999999
TEX,NA,9,-5.00,0,M,8.04
TEX,NA,8,-4.00,0,M,6.029999999999999
TEX,NA,8,-5.00,0,M,6.029999999999999
TEX,NA,9,-6.00,0,M,8.04
TEX,NA,8,-6.00,0,M,6.029999999999999
TEX,NA,8,-6.00,0,M,6.029999999999999
TEX,NA,8,-5.00,0,M,6.029999999999999
TEX,NA,8,-6.00,0,M,6.029999999999999
TEX,NA,8,-6.00,0,M,6.029999999999999
TEX,NA,8,-6.00,0,M,6.029999999999999
TEX,NA,7,-6.00,0,M,4.02
TEX,NA,7,-6.00,0,M,4.02
TEX,NA,7,-5.00,0,M,4.02
TEX,NA,7,-5.00,0,M,4.02
TEX,NA,8,-4.00,0,M,6.029999999999999
TEX,NA,9,-6.00,0,M,8.04
TEX,NA,10,-5.00,0,M,10.049999999999999
TEX,NA,11,-7.00,0,M,12.059999999999999
TEX,NA,12,-4.00,0,M,14.069999999999999
TEX,NA,13,-6.00,0,M,16.08
TEX,NA,14,-3.00,0,M,18.089999999999996
TEX,NA,15,-6.00,0,M,20.099999999999998
TEX,NA,17,-9.00,0,M,24.119999999999997
TEX,NA,17,-12.00,0,M,24.119999999999997
TEX,NA,17,-9.00,0,M,24.119999999999997
TEX,NA,18,-12.00,0,M,26.129999999999995
TEX,NA,18,-12.00,0,M,26.129999999999995
TEX,NA,19,-14.00,0,M,28.139999999999997
TEX,NA,19,-14.00,0,M,28.139999999999997
TEX,NA,20,-13.00,0,M,30.15
TEX,NA,20,-11.00,0,M,30.15
TEX,NA,20,-8.00,0,M,30.15
TEX,NA,20,-11.00,0,M,30.15
TEX,NA,21,-15.00,0,M,32.16
TEX,NA,21,-14.00,0,M,32.16
TEX,NA,21,-14.00,0,M,32.16
TEX,NA,21,-17.00,0,M,32.16
TEX,NA,21,-14.00,0,M,32.16
TEX,NA,21,-17.00,0,M,32.16
TEX,NA,22,-16.00,0,M,34.169999999999995
TEX,NA,22,-13.00,0,M,34.169999999999995
TEX,NA,22,-13.00,0,M,34.169999999999995
TEX,NA,22,-12.00,0,M,34.169999999999995
TEX,NA,21,-15.00,0,M,32.16
TEX,NA,21,-17.00,0,M,32.16
TEX,NA,21,-15.00,0,M,32.16
TEX,NA,21,-14.00,0,M,32.16
TEX,NA,20,-12.00,0,M,30.15
TEX,NA,20,-15.00,0,M,30.15
TEX,NA,20,-13.00,0,M,30.15
TEX,NA,19,-13.00,0,M,28.139999999999997
TEX,NA,19,-13.00,0,M,28.139999999999997
TEX,NA,18,-11.00,0,M,26.129999999999995
TEX,NA,17,-11.00,0,M,24.119999999999997
TEX,NA,17,-13.00,0,M,24.119999999999997
TEX,NA,17,-16.00,0,M,24.119999999999997
TEX,NA,17,-15.00,0,M,24.119999999999997
TEX,NA,16,-15.00,0,M,22.11
TEX,NA,15,-10.00,0,M,20.099999999999998
TEX,NA,14,-10.00,0,M,18.089999999999996
TEX,NA,13,-7.00,0,M,16.08
TEX,NA,12,-7.00,0,M,14.069999999999999
TEX,NA,12,-7.00,0,M,14.069999999999999
TEX,NA,11,-7.00,0,M,12.059999999999999
TEX,NA,11,-7.00,0,M,12.059999999999999
TEX,NA,11,-7.00,0,M,12.059999999999999
TEX,NA,11,-8.00,0,M,12.059999999999999
TEX,NA,11,-7.00,0,M,12.059999999999999
TEX,NA,10,-7.00,0,M,10.049999999999999
TEX,NA,10,-8.00,0,M,10.049999999999999
TEX,NA,10,-8.00,0,M,10.049999999999999
TEX,NA,10,-8.00,0,M,10.049999999999999
TEX,NA,10,-9.00,0,M,10.049999999999999
TEX,NA,10,-8.00,0,M,10.049999999999999
TEX,NA,10,-7.00,0,M,10.049999999999999
TEX,NA,9,-8.00,0,M,8.04
TEX,NA,9,-8.00,0,M,8.04
TEX,NA,8,-8.00,0,M,6.029999999999999
TEX,NA,9,-8.00,0,M,8.04
TEX,NA,8,-7.00,0,M,6.029999999999999
TEX,NA,8,-7.00,0,M,6.029999999999999
TEX,NA,9,-8.00,0,M,8.04
TEX,NA,8,-7.00,0,M,6.029999999999999
TEX,NA,8,-7.00,0,M,6.029999999999999
TEX,NA,8,-7.00,0,M,6.029999999999999
TEX,NA,8,-7.00,0,M,6.029999999999999
TEX,NA,10,-6.00,0,M,10.049999999999999
TEX,NA,11,-7.00,0,M,12.059999999999999
TEX,NA,12,-7.00,0,M,14.069999999999999
TEX,NA,13,-5.00,0,M,16.08
TEX,NA,13,-3.00,0,M,16.08
TEX,NA,15,-5.00,0,M,20.099999999999998
TEX,NA,17,-7.00,0,M,24.119999999999997
TEX,NA,18,-12.00,0,M,26.129999999999995
TEX,NA,18,-15.00,0,M,26.129999999999995
TEX,NA,18,-16.00,0,M,26.129999999999995
TEX,NA,18,-14.00,0,M,26.129999999999995
TEX,NA,18,-12.00,0,M,26.129999999999995
TEX,NA,19,-11.00,0,M,28.139999999999997
TEX,NA,19,-14.00,0,M,28.139999999999997
TEX,NA,20,-13.00,0,M,30.15
TEX,NA,20,-15.00,0,M,30.15
TEX,NA,20,-16.00,0,M,30.15
TEX,NA,20,-16.00,0,M,30.15
TEX,NA,20,-16.00,0,M,30.15
TEX,NA,21,-14.00,0,M,32.16
TEX,NA,21,-14.00,0,M,32.16
TEX,NA,21,-15.00,0,M,32.16
TEX,NA,21,-15.00,0,M,32.16
TEX,NA,21,-13.00,0,M,32.16
TEX,NA,21,-15.00,0,M,32.16
TEX,NA,21,-14.00,0,M,32.16
TEX,NA,22,-15.00,0,M,34.169999999999995
TEX,NA,22,-16.00,0,M,34.169999999999995
TEX,NA,22,-16.00,0,M,34.169999999999995
TEX,NA,22,-16.00,0,M,34.169999999999995
TEX,NA,22,-17.00,0,M,34.169999999999995
TEX,NA,22,-18.00,0,M,34.169999999999995
TEX,NA,22,-20.00,0,M,34.169999999999995
TEX,NA,22,-17.00,0,M,34.169999999999995
TEX,NA,22,-18.00,0,M,34.169999999999995
TEX,NA,22,-18.00,0,M,34.169999999999995
TEX,NA,22,-19.00,0,M,34.169999999999995
TEX,NA,21,-18.00,0,M,32.16
TEX,NA,21,-18.00,0,M,32.16
TEX,NA,20,-17.00,0,M,30.15
TEX,NA,20,-18.00,0,M,30.15
TEX,NA,20,-18.00,0,M,30.15
TEX,NA,18,-16.00,0,M,26.129999999999995
TEX,NA,17,-11.00,0,M,24.119999999999997
TEX,NA,16,-10.00,0,M,22.11
TEX,NA,15,-10.00,0,M,20.099999999999998
TEX,NA,15,-10.00,0,M,20.099999999999998
TEX,NA,14,-9.00,0,M,18.089999999999996
TEX,NA,13,-7.00,0,M,16.08
TEX,NA,12,-7.00,0,M,14.069999999999999
TEX,NA,12,-7.00,0,M,14.069999999999999
TEX,NA,12,-8.00,0,M,14.069999999999999
TEX,NA,12,-8.00,0,M,14.069999999999999
TEX,NA,11,-8.00,0,M,12.059999999999999
TEX,NA,11,-8.00,0,M,12.059999999999999
TEX,NA,11,-8.00,0,M,12.059999999999999
TEX,NA,12,-10.00,0,M,14.069999999999999
TEX,NA,12,-11.00,0,M,14.069999999999999
TEX,NA,12,-11.00,0,M,14.069999999999999
TEX,NA,11,-10.00,0,M,12.059999999999999
TEX,NA,11,-10.00,0,M,12.059999999999999
TEX,NA,11,-10.00,0,M,12.059999999999999
TEX,NA,10,-10.00,0,M,10.049999999999999
TEX,NA,10,-10.00,0,M,10.049999999999999
TEX,NA,10,-8.00,0,M,10.049999999999999
TEX,NA,10,-9.00,0,M,10.049999999999999
TEX,NA,10,-10.00,0,M,10.049999999999999
TEX,NA,9,-8.00,0,M,8.04
TEX,NA,9,-8.00,0,M,8.04
TEX,NA,9,-8.00,0,M,8.04
TEX,NA,9,-8.00,0,M,8.04
TEX,NA,9,-7.00,0,M,8.04
TEX,NA,10,-7.00,0,M,10.049999999999999
TEX,NA,12,-6.00,0,M,14.069999999999999
TEX,NA,12,-6.00,0,M,14.069999999999999
TEX,NA,13,-7.00,0,M,16.08
TEX,NA,15,-5.00,0,M,20.099999999999998
TEX,NA,15,-2.00,0,M,20.099999999999998
TEX,NA,16,-3.00,0,M,22.11
TEX,NA,17,-5.00,0,M,24.119999999999997
TEX,NA,20,-10.00,0,M,30.15
TEX,NA,20,-12.00,0,M,30.15
TEX,NA,21,-15.00,0,M,32.16
TEX,NA,21,-16.00,0,M,32.16
TEX,NA,21,-14.00,0,M,32.16
TEX,NA,22,-17.00,0,M,34.169999999999995
TEX,NA,22,-16.00,0,M,34.169999999999995
TEX,NA,22,-20.00,0,M,34.169999999999995
TEX,NA,22,-20.00,0,M,34.169999999999995
TEX,NA,22,-20.00,0,M,34.169999999999995
TEX,NA,22,-16.00,0,M,34.169999999999995
TEX,NA,22,-15.00,0,M,34.169999999999995
TEX,NA,23,-17.00,0,M,36.17999999999999
TEX,NA,23,-18.00,0,M,36.17999999999999
TEX,NA,23,-24.00,0,M,36.17999999999999
TEX,NA,23,-21.00,0,M,36.17999999999999
TEX,NA,23,-24.00,0,M,36.17999999999999
TEX,NA,23,-25.00,0,M,36.17999999999999
TEX,NA,23,-25.00,0,M,36.17999999999999
TEX,NA,23,-26.00,0,M,36.17999999999999
TEX,NA,23,-25.00,0,M,36.17999999999999
TEX,NA,23,-29.00,0,M,36.17999999999999
TEX,NA,23,-23.00,0,M,36.17999999999999
TEX,NA,22,-27.00,0,M,34.169999999999995
TEX,NA,23,-28.00,0,M,36.17999999999999
TEX,NA,22,-25.00,0,M,34.169999999999995
TEX,NA,22,-28.00,0,M,34.169999999999995
TEX,NA,22,-25.00,0,M,34.169999999999995
TEX,NA,22,-21.00,0,M,34.169999999999995
TEX,NA,21,-14.00,0,M,32.16
TEX,NA,20,-13.00,0,M,30.15
TEX,NA,18,-12.00,0,M,26.129999999999995
TEX,NA,18,-15.00,0,M,26.129999999999995
TEX,NA,18,-16.00,0,M,26.129999999999995
TEX,NA,19,-17.00,0,M,28.139999999999997
TEX,NA,18,-16.00,0,M,26.129999999999995
TEX,NA,17,-13.00,0,M,24.119999999999997
TEX,NA,16,-12.00,0,M,22.11
TEX,NA,14,-8.00,0,M,18.089999999999996
TEX,NA,15,-8.00,0,M,20.099999999999998
TEX,NA,13,-8.00,0,M,16.08
TEX,NA,13,-8.00,0,M,16.08
TEX,NA,12,-8.00,0,M,14.069999999999999
TEX,NA,12,-8.00,0,M,14.069999999999999
TEX,NA,12,-7.00,0,M,14.069999999999999
TEX,NA,12,-7.00,0,M,14.069999999999999
TEX,NA,11,-7.00,0,M,12.059999999999999
TEX,NA,12,-8.00,0,M,14.069999999999999
TEX,NA,11,-7.00,0,M,12.059999999999999
TEX,NA,11,-8.00,0,M,12.059999999999999
TEX,NA,11,-7.00,0,M,12.059999999999999
TEX,NA,10,-6.00,0,M,10.049999999999999
TEX,NA,10,-6.00,0,M,10.049999999999999
TEX,NA,10,-6.00,0,M,10.049999999999999
TEX,NA,10,-5.00,0,M,10.049999999999999
TEX,NA,10,-6.00,0,M,10.049999999999999
TEX,NA,10,-5.00,0,M,10.049999999999999
TEX,NA,10,-5.00,0,M,10.049999999999999
TEX,NA,10,-5.00,0,M,10.049999999999999
TEX,NA,10,-4.00,0,M,10.049999999999999
TEX,NA,10,-5.00,0,M,10.049999999999999
TEX,NA,9,-4.00,0,M,8.04
TEX,NA,9,-4.00,0,M,8.04
TEX,NA,9,-3.00,0,M,8.04
TEX,NA,10,-3.00,0,M,10.049999999999999
TEX,NA,11,-2.00,0,M,12.059999999999999
TEX,NA,12,-2.00,0,M,14.069999999999999
TEX,NA,13,-3.00,0,M,16.08
TEX,NA,14,-3.00,0,M,18.089999999999996
TEX,NA,15,-2.00,0,M,20.099999999999998
TEX,NA,16,-1.00,0,M,22.11
TEX,NA,17,-4.00,0,M,24.119999999999997
TEX,NA,17,-3.00,0,M,24.119999999999997
TEX,NA,18,-3.00,0,M,26.129999999999995
TEX,NA,19,-9.00,0,M,28.139999999999997
TEX,NA,20,-10.00,0,M,30.15
TEX,NA,20,-12.00,0,M,30.15
TEX,NA,20,-12.00,0,M,30.15
TEX,NA,20,-7.00,0,M,30.15
TEX,NA,20,-7.00,0,M,30.15
TEX,NA,20,-7.00,0,M,30.15
TEX,NA,21,-6.00,0,M,32.16
TEX,NA,21,-6.00,0,M,32.16
TEX,NA,22,-7.00,0,M,34.169999999999995
TEX,NA,21,-7.00,0,M,32.16
TEX,NA,21,-8.00,0,M,32.16
TEX,NA,21,-8.00,0,M,32.16
TEX,NA,23,-6.00,0,M,36.17999999999999
TEX,NA,22,-7.00,0,M,34.169999999999995
TEX,NA,22,-6.00,0,M,34.169999999999995
TEX,NA,22,-7.00,0,M,34.169999999999995
TEX,NA,22,-10.00,0,M,34.169999999999995
TEX,NA,22,-10.00,0,M,34.169999999999995
TEX,NA,22,-10.00,0,M,34.169999999999995
TEX,NA,22,-15.00,0,M,34.169999999999995
TEX,NA,22,-15.00,0,M,34.169999999999995
TEX,NA,22,-12.00,0,M,34.169999999999995
TEX,NA,21,-14.00,0,M,32.16
TEX,NA,21,-16.00,0,M,32.16
TEX,NA,21,-13.00,0,M,32.16
TEX,NA,20,-11.00,0,M,30.15
TEX,NA,20,-11.00,0,M,30.15
TEX,NA,19,-10.00,0,M,28.139999999999997
TEX,NA,18,-10.00,0,M,26.129999999999995
TEX,NA,18,-13.00,0,M,26.129999999999995
TEX,NA,17,-13.00,0,M,24.119999999999997
TEX,NA,18,-16.00,0,M,26.129999999999995
TEX,NA,17,-12.00,0,M,24.119999999999997
TEX,NA,16,-8.00,0,M,22.11
TEX,NA,15,-8.00,0,M,20.099999999999998
TEX,NA,14,-8.00,0,M,18.089999999999996
TEX,NA,13,-7.00,0,M,16.08
TEX,NA,13,-8.00,0,M,16.08
TEX,NA,13,-7.00,0,M,16.08
TEX,NA,12,-8.00,0,M,14.069999999999999
TEX,NA,12,-8.00,0,M,14.069999999999999
TEX,NA,11,-7.00,0,M,12.059999999999999
TEX,NA,11,-7.00,0,M,12.059999999999999
TEX,NA,12,-8.00,0,M,14.069999999999999
TEX,NA,11,-7.00,0,M,12.059999999999999
TEX,NA,11,-7.00,0,M,12.059999999999999
TEX,NA,11,-7.00,0,M,12.059999999999999
TEX,NA,11,-6.00,0,M,12.059999999999999
TEX,NA,10,-6.00,0,M,10.049999999999999
TEX,NA,11,-6.00,0,M,12.059999999999999
TEX,NA,10,-5.00,0,M,10.049999999999999
TEX,NA,11,-6.00,0,M,12.059999999999999
TEX,NA,11,-6.00,0,M,12.059999999999999
TEX,NA,10,-5.00,0,M,10.049999999999999
TEX,NA,10,-5.00,0,M,10.049999999999999
TEX,NA,10,-4.00,0,M,10.049999999999999
TEX,NA,10,-4.00,0,M,10.049999999999999
TEX,NA,9,-3.00,0,M,8.04
TEX,NA,10,-3.00,0,M,10.049999999999999
TEX,NA,10,-3.00,0,M,10.049999999999999
TEX,NA,10,-3.00,0,M,10.049999999999999
TEX,NA,11,-3.00,0,M,12.059999999999999
TEX,NA,12,-3.00,0,M,14.069999999999999
TEX,NA,12,-3.00,0,M,14.069999999999999
TEX,NA,14,-4.00,0,M,18.089999999999996
TEX,NA,13,-2.00,0,M,16.08
TEX,NA,16,-2.00,0,M,22.11
TEX,NA,17,-2.00,0,M,24.119999999999997
TEX,NA,18,-2.00,0,M,26.129999999999995
TEX,NA,19,-2.00,0,M,28.139999999999997
TEX,NA,20,-5.00,0,M,30.15
TEX,NA,21,-8.00,0,M,32.16
TEX,NA,21,-9.00,0,M,32.16
TEX,NA,22,-8.00,0,M,34.169999999999995
TEX,NA,21,-8.00,0,M,32.16
TEX,NA,22,-8.00,0,M,34.169999999999995
TEX,NA,22,-7.00,0,M,34.169999999999995
TEX,NA,22,-8.00,0,M,34.169999999999995
TEX,NA,22,-12.00,0,M,34.169999999999995
TEX,NA,22,-9.00,0,M,34.169999999999995
TEX,NA,22,-10.00,0,M,34.169999999999995
TEX,NA,23,-7.00,0,M,36.17999999999999
TEX,NA,23,-11.00,0,M,36.17999999999999
TEX,NA,23,-8.00,0,M,36.17999999999999
TEX,NA,25,-10.00,0,M,40.199999999999996
TEX,NA,25,-10.00,0,M,40.199999999999996
TEX,NA,23,-7.00,0,M,36.17999999999999
TEX,NA,24,-12.00,0,M,38.19
TEX,NA,22,-8.00,0,M,34.169999999999995
TEX,NA,23,-8.00,0,M,36.17999999999999
TEX,NA,23,-10.00,0,M,36.17999999999999
TEX,NA,23,-11.00,0,M,36.17999999999999
TEX,NA,23,-8.00,0,M,36.17999999999999
TEX,NA,23,-7.00,0,M,36.17999999999999
TEX,NA,23,-10.00,0,M,36.17999999999999
TEX,NA,23,-12.00,0,M,36.17999999999999
TEX,NA,23,-10.00,0,M,36.17999999999999
TEX,NA,21,-8.00,0,M,32.16
TEX,NA,21,-11.00,0,M,32.16
TEX,NA,20,-8.00,0,M,30.15
TEX,NA,20,-8.00,0,M,30.15
TEX,NA,19,-7.00,0,M,28.139999999999997
TEX,NA,20,-8.00,0,M,30.15
TEX,NA,20,-8.00,0,M,30.15
TEX,NA,18,-7.00,0,M,26.129999999999995
TEX,NA,18,-6.00,0,M,26.129999999999995
TEX,NA,17,-5.00,0,M,24.119999999999997
TEX,NA,16,-5.00,0,M,22.11
TEX,NA,16,-5.00,0,M,22.11
TEX,NA,16,-5.00,0,M,22.11
TEX,NA,15,-4.00,0,M,20.099999999999998
TEX,NA,15,-4.00,0,M,20.099999999999998
TEX,NA,14,-4.00,0,M,18.089999999999996
TEX,NA,13,-3.00,0,M,16.08
TEX,NA,13,-3.00,0,M,16.08
TEX,NA,12,-3.00,0,M,14.069999999999999
TEX,NA,13,-3.00,0,M,16.08
TEX,NA,12,-3.00,0,M,14.069999999999999
TEX,NA,13,-4.00,0,M,16.08
TEX,NA,12,-3.00,0,M,14.069999999999999
TEX,NA,11,-3.00,0,M,12.059999999999999
TEX,NA,12,-4.00,0,M,14.069999999999999
TEX,NA,11,-3.00,0,M,12.059999999999999
TEX,NA,12,-4.00,0,M,14.069999999999999
TEX,NA,12,-4.00,0,M,14.069999999999999
TEX,NA,11,-3.00,0,M,12.059999999999999
TEX,NA,11,-3.00,0,M,12.059999999999999
TEX,NA,11,-3.00,0,M,12.059999999999999
TEX,NA,11,-3.00,0,M,12.059999999999999
TEX,NA,11,-3.00,0,M,12.059999999999999
TEX,NA,10,-2.00,0,M,10.049999999999999
TEX,NA,11,-3.00,0,M,12.059999999999999
TEX,NA,11,-3.00,0,M,12.059999999999999
TEX,NA,12,-3.00,0,M,14.069999999999999
TEX,NA,13,-2.00,0,M,16.08
TEX,NA,13,-2.00,0,M,16.08
TEX,NA,15,-2.00,0,M,20.099999999999998
TEX,NA,16,0.00,0,M,22.11
TEX,NA,16,-2.00,0,M,22.11
TEX,NA,17,0.00,0,M,24.119999999999997
TEX,NA,18,-1.00,0,M,26.129999999999995
TEX,NA,20,-2.00,0,M,30.15
TEX,NA,21,-4.00,0,M,32.16
TEX,NA,22,-4.00,0,M,34.169999999999995
TEX,NA,22,-6.00,0,M,34.169999999999995
TEX,NA,23,-7.00,0,M,36.17999999999999
TEX,NA,23,-7.00,0,M,36.17999999999999
TEX,NA,22,-9.00,0,M,34.169999999999995
TEX,NA,23,-7.00,0,M,36.17999999999999
TEX,NA,24,-10.00,0,M,38.19
TEX,NA,22,-7.00,0,M,34.169999999999995
TEX,NA,22,-7.00,0,M,34.169999999999995
TEX,NA,23,-7.00,0,M,36.17999999999999
TEX,NA,23,-8.00,0,M,36.17999999999999
TEX,NA,25,-9.00,0,M,40.199999999999996
TEX,NA,25,-8.00,0,M,40.199999999999996
TEX,NA,25,-5.00,0,M,40.199999999999996
TEX,NA,25,-8.00,0,M,40.199999999999996
TEX,NA,25,-8.00,0,M,40.199999999999996
TEX,NA,25,-8.00,0,M,40.199999999999996
TEX,NA,25,-8.00,0,M,40.199999999999996
TEX,NA,25,-8.00,0,M,40.199999999999996
TEX,NA,25,-7.00,0,M,40.199999999999996
TEX,NA,25,-6.00,0,M,40.199999999999996
TEX,NA,25,-7.00,0,M,40.199999999999996
TEX,NA,23,-10.00,0,M,36.17999999999999
TEX,NA,24,-9.00,0,M,38.19
TEX,NA,23,-6.00,0,M,36.17999999999999
TEX,NA,23,-9.00,0,M,36.17999999999999
TEX,NA,23,-6.00,0,M,36.17999999999999
TEX,NA,23,-8.00,0,M,36.17999999999999
TEX,NA,22,-6.00,0,M,34.169999999999995
TEX,NA,22,-6.00,0,M,34.169999999999995
TEX,NA,21,-5.00,0,M,32.16
TEX,NA,21,-6.00,0,M,32.16
TEX,NA,20,-3.00,0,M,30.15
TEX,NA,19,-2.00,0,M,28.139999999999997
TEX,NA,18,-3.00,0,M,26.129999999999995
TEX,NA,18,-2.00,0,M,26.129999999999995
TEX,NA,17,-2.00,0,M,24.119999999999997
TEX,NA,16,-2.00,0,M,22.11
TEX,NA,16,-2.00,0,M,22.11
TEX,NA,16,-2.00,0,M,22.11
TEX,NA,15,-2.00,0,M,20.099999999999998
TEX,NA,15,-2.00,0,M,20.099999999999998
TEX,NA,15,-3.00,0,M,20.099999999999998
TEX,NA,15,-3.00,0,M,20.099999999999998
TEX,NA,15,-3.00,0,M,20.099999999999998
TEX,NA,16,-4.00,0,M,22.11
TEX,NA,15,-4.00,0,M,20.099999999999998
TEX,NA,15,-4.00,0,M,20.099999999999998
TEX,NA,15,-4.00,0,M,20.099999999999998
TEX,NA,15,-4.00,0,M,20.099999999999998
TEX,NA,14,-4.00,0,M,18.089999999999996
TEX,NA,14,-4.00,0,M,18.089999999999996
TEX,NA,13,-2.00,0,M,16.08
TEX,NA,13,-1.00,0,M,16.08
TEX,NA,13,-2.00,0,M,16.08
TEX,NA,13,-2.00,0,M,16.08
TEX,NA,13,-2.00,0,M,16.08
TEX,NA,13,-3.00,0,M,16.08
TEX,NA,12,-3.00,0,M,14.069999999999999
TEX,NA,12,-1.00,0,M,14.069999999999999
TEX,NA,12,0.00,0,M,14.069999999999999
TEX,NA,12,0.00,0,M,14.069999999999999
TEX,NA,13,-1.00,0,M,16.08
TEX,NA,13,-1.00,0,M,16.08
TEX,NA,15,-2.00,0,M,20.099999999999998
TEX,NA,16,-2.00,0,M,22.11
TEX,NA,17,-1.00,0,M,24.119999999999997
TEX,NA,17,0.00,0,M,24.119999999999997
TEX,NA,18,0.00,0,M,26.129999999999995
TEX,NA,20,0.00,0,M,30.15
TEX,NA,21,0.00,0,M,32.16
TEX,NA,22,-5.00,0,M,34.169999999999995
TEX,NA,23,-6.00,0,M,36.17999999999999
TEX,NA,22,-5.00,0,M,34.169999999999995
TEX,NA,23,-5.00,0,M,36.17999999999999
TEX,NA,24,-5.00,0,M,38.19
TEX,NA,23,-5.00,0,M,36.17999999999999
TEX,NA,23,-5.00,0,M,36.17999999999999
TEX,NA,23,-6.00,0,M,36.17999999999999
TEX,NA,24,-5.00,0,M,38.19
TEX,NA,23,-6.00,0,M,36.17999999999999
TEX,NA,25,-8.00,0,M,40.199999999999996
TEX,NA,25,-6.00,0,M,40.199999999999996
TEX,NA,25,-6.00,0,M,40.199999999999996
TEX,NA,25,-5.00,0,M,40.199999999999996
TEX,NA,26,-4.00,0,M,42.209999999999994
TEX,NA,25,-5.00,0,M,40.199999999999996
TEX,NA,26,-7.00,0,M,42.209999999999994
TEX,NA,23,-6.00,0,M,36.17999999999999
TEX,NA,25,-6.00,0,M,40.199999999999996
TEX,NA,26,-8.00,0,M,42.209999999999994
TEX,NA,26,-7.00,0,M,42.209999999999994
TEX,NA,25,-11.00,0,M,40.199999999999996
TEX,NA,26,-10.00,0,M,42.209999999999994
TEX,NA,25,-11.00,0,M,40.199999999999996
TEX,NA,25,-11.00,0,M,40.199999999999996
TEX,NA,25,-10.00,0,M,40.199999999999996
TEX,NA,24,-8.00,0,M,38.19
TEX,NA,23,-15.00,0,M,36.17999999999999
TEX,NA,23,-13.00,0,M,36.17999999999999
TEX,NA,23,-14.00,0,M,36.17999999999999
TEX,NA,23,-12.00,0,M,36.17999999999999
TEX,NA,22,-10.00,0,M,34.169999999999995
TEX,NA,22,-10.00,0,M,34.169999999999995
TEX,NA,21,-7.00,0,M,32.16
TEX,NA,19,-6.00,0,M,28.139999999999997
TEX,NA,18,-6.00,0,M,26.129999999999995
TEX,NA,17,-6.00,0,M,24.119999999999997
TEX,NA,17,-6.00,0,M,24.119999999999997
TEX,NA,17,-6.00,0,M,24.119999999999997
TEX,NA,17,-6.00,0,M,24.119999999999997
TEX,NA,16,-4.00,0,M,22.11
TEX,NA,16,-5.00,0,M,22.11
TEX,NA,15,-5.00,0,M,20.099999999999998
TEX,NA,15,-5.00,0,M,20.099999999999998
TEX,NA,15,-4.00,0,M,20.099999999999998
TEX,NA,15,-3.00,0,M,20.099999999999998
TEX,NA,15,-3.00,0,M,20.099999999999998
TEX,NA,15,-3.00,0,M,20.099999999999998
TEX,NA,15,-3.00,0,M,20.099999999999998
TEX,NA,15,-3.00,0,M,20.099999999999998
TEX,NA,14,-2.00,0,M,18.089999999999996
TEX,NA,14,-2.00,0,M,18.089999999999996
TEX,NA,14,-2.00,0,M,18.089999999999996
TEX,NA,14,-2.00,0,M,18.089999999999996
TEX,NA,14,-2.00,0,M,18.089999999999996
TEX,NA,14,-2.00,0,M,18.089999999999996
TEX,NA,13,-2.00,0,M,16.08
TEX,NA,14,-2.00,0,M,18.089999999999996
TEX,NA,14,-2.00,0,M,18.089999999999996
TEX,NA,14,-2.00,0,M,18.089999999999996
TEX,NA,14,-1.00,0,M,18.089999999999996
TEX,NA,13,-1.00,0,M,16.08
TEX,NA,15,-1.00,0,M,20.099999999999998
TEX,NA,15,-1.00,0,M,20.099999999999998
TEX,NA,15,0.00,0,M,20.099999999999998
TEX,NA,15,-1.00,0,M,20.099999999999998
TEX,NA,17,-1.00,0,M,24.119999999999997
TEX,NA,18,0.00,0,M,26.129999999999995
TEX,NA,19,0.00,0,M,28.139999999999997
TEX,NA,20,1.00,0,M,30.15
TEX,NA,21,0.00,0,M,32.16
TEX,NA,22,0.00,0,M,34.169999999999995
TEX,NA,23,-1.00,0,M,36.17999999999999
TEX,NA,24,-6.00,0,M,38.19
TEX,NA,25,-6.00,0,M,40.199999999999996
TEX,NA,25,-4.00,0,M,40.199999999999996
TEX,NA,25,-3.00,0,M,40.199999999999996
TEX,NA,25,-3.00,0,M,40.199999999999996
TEX,NA,26,-5.00,0,M,42.209999999999994
TEX,NA,26,-6.00,0,M,42.209999999999994
TEX,NA,25,-5.00,0,M,40.199999999999996
TEX,NA,25,-5.00,0,M,40.199999999999996
TEX,NA,26,-5.00,0,M,42.209999999999994
TEX,NA,27,-7.00,0,M,44.22
TEX,NA,28,-6.00,0,M,46.23
TEX,NA,28,-7.00,0,M,46.23
TEX,NA,28,-5.00,0,M,46.23
TEX,NA,25,-5.00,0,M,40.199999999999996
TEX,NA,28,-2.00,0,M,46.23
TEX,NA,26,-5.00,0,M,42.209999999999994
TEX,NA,26,-6.00,0,M,42.209999999999994
TEX,NA,25,-8.00,0,M,40.199999999999996
TEX,NA,25,-11.00,0,M,40.199999999999996
TEX,NA,24,-7.00,0,M,38.19
TEX,NA,25,-8.00,0,M,40.199999999999996
TEX,NA,23,-3.00,0,M,36.17999999999999
TEX,NA,22,0.00,0,M,34.169999999999995
TEX,NA,22,1.00,0,M,34.169999999999995
TEX,NA,21,0.00,0,M,32.16
TEX,NA,21,-1.00,0,M,32.16
TEX,NA,21,-1.00,0,M,32.16
TEX,NA,21,-2.00,0,M,32.16
TEX,NA,20,0.00,0,M,30.15
TEX,NA,19,2.00,0,M,28.139999999999997
TEX,NA,18,0.00,0,M,26.129999999999995
TEX,NA,18,1.00,0,M,26.129999999999995
TEX,NA,17,1.00,0,M,24.119999999999997
TEX,NA,17,1.00,0,M,24.119999999999997
TEX,NA,16,1.00,0,M,22.11
TEX,NA,16,1.00,0,M,22.11
TEX,NA,15,1.00,0,M,20.099999999999998
TEX,NA,15,0.00,0,M,20.099999999999998
TEX,NA,15,0.00,0,M,20.099999999999998
TEX,NA,15,0.00,0,M,20.099999999999998
TEX,NA,14,0.00,0,M,18.089999999999996
TEX,NA,15,0.00,0,M,20.099999999999998
TEX,NA,15,-1.00,0,M,20.099999999999998
TEX,NA,14,0.00,0,M,18.089999999999996
TEX,NA,14,-1.00,0,M,18.089999999999996
TEX,NA,15,0.00,0,M,20.099999999999998
TEX,NA,13,0.00,0,M,16.08
TEX,NA,13,0.00,0,M,16.08
TEX,NA,13,0.00,0,M,16.08
TEX,NA,13,-1.00,0,M,16.08
TEX,NA,13,-1.00,0,M,16.08
TEX,NA,13,-1.00,0,M,16.08
TEX,NA,13,-1.00,0,M,16.08
TEX,NA,13,-1.00,0,M,16.08
TEX,NA,13,-1.00,0,M,16.08
TEX,NA,13,-1.00,0,M,16.08
TEX,NA,13,-1.00,0,M,16.08
TEX,NA,13,-1.00,0,M,16.08
TEX,NA,13,-2.00,0,M,16.08
TEX,NA,13,-1.00,0,M,16.08
TEX,NA,13,-1.00,0,M,16.08
TEX,NA,13,0.00,0,M,16.08
TEX,NA,15,0.00,0,M,20.099999999999998
TEX,NA,15,0.00,0,M,20.099999999999998
TEX,NA,16,0.00,0,M,22.11
TEX,NA,17,-1.00,0,M,24.119999999999997
TEX,NA,18,1.00,0,M,26.129999999999995
TEX,NA,18,2.00,0,M,26.129999999999995
TEX,NA,20,1.00,0,M,30.15
TEX,NA,21,1.00,0,M,32.16
TEX,NA,22,0.00,0,M,34.169999999999995
TEX,NA,23,-4.00,0,M,36.17999999999999
TEX,NA,24,-5.00,0,M,38.19
TEX,NA,25,-5.00,0,M,40.199999999999996
TEX,NA,25,-5.00,0,M,40.199999999999996
TEX,NA,26,-6.00,0,M,42.209999999999994
TEX,NA,26,-6.00,0,M,42.209999999999994
TEX,NA,27,-4.00,0,M,44.22
TEX,NA,26,-3.00,0,M,42.209999999999994
TEX,NA,27,-2.00,0,M,44.22
TEX,NA,27,-4.00,0,M,44.22
TEX,NA,25,-8.00,0,M,40.199999999999996
TEX,NA,23,-2.00,0,M,36.17999999999999
TEX,NA,23,-2.00,0,M,36.17999999999999
TEX,NA,20,2.00,0.25,M,30.15
TEX,NA,18,7.00,0,M,26.129999999999995
TEX,NA,19,5.00,0,M,28.139999999999997
TEX,NA,19,2.00,0,M,28.139999999999997
TEX,NA,21,0.00,0,M,32.16
TEX,NA,20,3.00,0,M,30.15
TEX,NA,20,-1.00,0,M,30.15
TEX,NA,21,-3.00,0,M,32.16
TEX,NA,20,0.00,0,M,30.15
TEX,NA,21,-1.00,0,M,32.16
TEX,NA,21,-1.00,0,M,32.16
TEX,NA,21,0.00,0,M,32.16
TEX,NA,20,1.00,0,M,30.15
TEX,NA,20,3.00,0,M,30.15
TEX,NA,20,1.00,0,M,30.15
TEX,NA,20,2.00,0,M,30.15
TEX,NA,19,3.00,0,M,28.139999999999997
TEX,NA,18,2.00,0,M,26.129999999999995
TEX,NA,18,0.00,0,M,26.129999999999995
TEX,NA,18,0.00,0,M,26.129999999999995
TEX,NA,17,1.00,0,M,24.119999999999997
TEX,NA,17,1.00,0,M,24.119999999999997
TEX,NA,17,2.00,0,M,24.119999999999997
TEX,NA,16,1.00,0,M,22.11
TEX,NA,16,0.00,0,M,22.11
TEX,NA,16,1.00,0,M,22.11
TEX,NA,17,0.00,0,M,24.119999999999997
TEX,NA,17,-1.00,0,M,24.119999999999997
TEX,NA,16,-1.00,0,M,22.11
TEX,NA,18,-3.00,0,M,26.129999999999995
TEX,NA,18,-3.00,0,M,26.129999999999995
TEX,NA,18,-3.00,0,M,26.129999999999995
TEX,NA,17,-3.00,0,M,24.119999999999997
TEX,NA,17,-3.00,0,M,24.119999999999997
TEX,NA,17,-3.00,0,M,24.119999999999997
TEX,NA,17,-2.00,0,M,24.119999999999997
TEX,NA,18,-3.00,0,M,26.129999999999995
TEX,NA,17,-2.00,0,M,24.119999999999997
TEX,NA,17,-3.00,0,M,24.119999999999997
TEX,NA,17,-2.00,0,M,24.119999999999997
TEX,NA,17,-2.00,0,M,24.119999999999997
TEX,NA,16,-2.00,0,M,22.11
TEX,NA,16,-2.00,0,M,22.11
TEX,NA,15,-1.00,0,M,20.099999999999998
TEX,NA,15,0.00,0,M,20.099999999999998
TEX,NA,15,-1.00,0,M,20.099999999999998
TEX,NA,15,-1.00,0,M,20.099999999999998
TEX,NA,15,-1.00,0,M,20.099999999999998
TEX,NA,15,0.00,0,M,20.099999999999998
TEX,NA,15,0.00,0,M,20.099999999999998
TEX,NA,15,0.00,0,M,20.099999999999998
TEX,NA,16,0.00,0,M,22.11
TEX,NA,16,0.00,0,M,22.11
TEX,NA,18,3.00,0,M,26.129999999999995
TEX,NA,19,1.00,0,M,28.139999999999997
TEX,NA,21,1.00,0,M,32.16
TEX,NA,21,2.00,0,M,32.16
TEX,NA,22,1.00,0,M,34.169999999999995
TEX,NA,23,0.00,0,M,36.17999999999999
TEX,NA,23,-1.00,0,M,36.17999999999999
TEX,NA,25,-2.00,0,M,40.199999999999996
TEX,NA,25,-2.00,0,M,40.199999999999996
TEX,NA,25,-2.00,0,M,40.199999999999996
TEX,NA,25,-2.00,0,M,40.199999999999996
TEX,NA,26,-4.00,0,M,42.209999999999994
TEX,NA,26,-3.00,0,M,42.209999999999994
TEX,NA,24,-4.00,0,M,38.19
TEX,NA,23,-2.00,0,M,36.17999999999999
TEX,NA,25,-3.00,0,M,40.199999999999996
TEX,NA,23,-2.00,0,M,36.17999999999999
TEX,NA,23,-7.00,0,M,36.17999999999999
TEX,NA,23,-3.00,0,M,36.17999999999999
TEX,NA,22,0.00,0,M,34.169999999999995
TEX,NA,22,0.00,0,M,34.169999999999995
TEX,NA,21,-1.00,0,M,32.16
TEX,NA,21,0.00,0,M,32.16
TEX,NA,20,0.00,0,M,30.15
TEX,NA,19,0.00,0,M,28.139999999999997
TEX,NA,20,1.00,0,M,30.15
TEX,NA,21,0.00,0,M,32.16
TEX,NA,20,2.00,0,M,30.15
TEX,NA,20,1.00,0,M,30.15
TEX,NA,19,1.00,0,M,28.139999999999997
TEX,NA,20,0.00,0,M,30.15
TEX,NA,18,3.00,0,M,26.129999999999995
TEX,NA,18,2.00,0,M,26.129999999999995
TEX,NA,18,4.00,0,M,26.129999999999995
TEX,NA,18,3.00,0,M,26.129999999999995
TEX,NA,18,2.00,0,M,26.129999999999995
TEX,NA,18,2.00,0,M,26.129999999999995
TEX,NA,18,2.00,0,M,26.129999999999995
TEX,NA,18,2.00,0,M,26.129999999999995
TEX,NA,17,2.00,0,M,24.119999999999997
TEX,NA,17,2.00,0,M,24.119999999999997
TEX,NA,16,2.00,0,M,22.11
TEX,NA,16,2.00,0,M,22.11
TEX,NA,16,3.00,0,M,22.11
TEX,NA,15,2.00,0,M,20.099999999999998
TEX,NA,17,2.00,0,M,24.119999999999997
TEX,NA,17,2.00,0,M,24.119999999999997
TEX,NA,17,2.00,0,M,24.119999999999997
TEX,NA,17,3.00,0,M,24.119999999999997
TEX,NA,17,3.00,0,M,24.119999999999997
TEX,NA,17,2.00,0,M,24.119999999999997
TEX,NA,17,3.00,0,M,24.119999999999997
TEX,NA,16,3.00,0,M,22.11
TEX,NA,17,2.00,0,M,24.119999999999997
TEX,NA,17,2.00,0,M,24.119999999999997
TEX,NA,16,2.00,0,M,22.11
TEX,NA,16,3.00,0,M,22.11
TEX,NA,16,3.00,0,M,22.11
TEX,NA,15,3.00,0,M,20.099999999999998
TEX,NA,16,3.00,0,M,22.11
TEX,NA,15,3.00,0,M,20.099999999999998
TEX,NA,15,3.00,0,M,20.099999999999998
TEX,NA,15,3.00,0,M,20.099999999999998
TEX,NA,15,3.00,0,M,20.099999999999998
TEX,NA,14,3.00,0,M,18.089999999999996
TEX,NA,15,3.00,0,M,20.099999999999998
TEX,NA,15,3.00,0,M,20.099999999999998
TEX,NA,15,3.00,0,M,20.099999999999998
TEX,NA,15,3.00,0,M,20.099999999999998
TEX,NA,15,4.00,0,M,20.099999999999998
TEX,NA,15,4.00,0,M,20.099999999999998
TEX,NA,16,5.00,0,M,22.11
TEX,NA,18,4.00,0,M,26.129999999999995
TEX,NA,19,4.00,0,M,28.139999999999997
TEX,NA,20,2.00,0,M,30.15
TEX,NA,21,2.00,0,M,32.16
TEX,NA,21,2.00,0,M,32.16
TEX,NA,22,2.00,0,M,34.169999999999995
TEX,NA,22,0.00,0,M,34.169999999999995
TEX,NA,23,-1.00,0,M,36.17999999999999
TEX,NA,23,-1.00,0,M,36.17999999999999
TEX,NA,25,0.00,0,M,40.199999999999996
TEX,NA,24,0.00,0,M,38.19
TEX,NA,25,0.00,0,M,40.199999999999996
TEX,NA,25,0.00,0,M,40.199999999999996
TEX,NA,25,0.00,0,M,40.199999999999996
TEX,NA,24,0.00,0,M,38.19
TEX,NA,25,0.00,0,M,40.199999999999996
TEX,NA,23,0.00,0,M,36.17999999999999
TEX,NA,22,3.00,0,M,34.169999999999995
TEX,NA,24,2.00,0,M,38.19
TEX,NA,25,1.00,0,M,40.199999999999996
TEX,NA,25,1.00,0,M,40.199999999999996
TEX,NA,25,0.00,0,M,40.199999999999996
TEX,NA,24,-1.00,0,M,38.19
TEX,NA,25,-2.00,0,M,40.199999999999996
TEX,NA,21,1.00,0,M,32.16
TEX,NA,21,2.00,0,M,32.16
TEX,NA,21,2.00,0,M,32.16
TEX,NA,21,2.00,0,M,32.16
TEX,NA,21,2.00,0,M,32.16
TEX,NA,21,1.00,0,M,32.16
TEX,NA,21,2.00,0,M,32.16
TEX,NA,21,2.00,0,M,32.16
TEX,NA,21,2.00,0,M,32.16
TEX,NA,21,2.00,0,M,32.16
TEX,NA,21,2.00,0,M,32.16
TEX,NA,20,5.00,0,M,30.15
TEX,NA,19,5.00,0,M,28.139999999999997
TEX,NA,18,4.00,0,M,26.129999999999995
TEX,NA,18,6.00,0,M,26.129999999999995
TEX,NA,18,5.00,0,M,26.129999999999995
TEX,NA,17,6.00,0,M,24.119999999999997
TEX,NA,16,6.00,0,M,22.11
TEX,NA,16,5.00,0,M,22.11
TEX,NA,15,5.00,0,M,20.099999999999998
TEX,NA,15,4.00,0,M,20.099999999999998
TEX,NA,15,4.00,0,M,20.099999999999998
TEX,NA,14,5.00,0,M,18.089999999999996
TEX,NA,14,5.00,0,M,18.089999999999996
TEX,NA,15,4.00,0,M,20.099999999999998
TEX,NA,13,5.00,0,M,16.08
TEX,NA,13,4.00,0,M,16.08
TEX,NA,13,4.00,0,M,16.08
TEX,NA,13,4.00,0,M,16.08
TEX,NA,13,3.00,0,M,16.08
TEX,NA,13,3.00,0,M,16.08
TEX,NA,13,3.00,0,M,16.08
TEX,NA,13,3.00,0,M,16.08
TEX,NA,13,3.00,0,M,16.08
TEX,NA,13,3.00,0,M,16.08
TEX,NA,13,3.00,0,M,16.08
TEX,NA,13,3.00,0,M,16.08
TEX,NA,14,3.00,0,M,18.089999999999996
TEX,NA,14,2.00,0,M,18.089999999999996
TEX,NA,13,3.00,0,M,16.08
TEX,NA,12,3.00,0,M,14.069999999999999
TEX,NA,12,3.00,0,M,14.069999999999999
TEX,NA,13,3.00,0,M,16.08
TEX,NA,13,3.00,0,M,16.08
TEX,NA,14,3.00,0,M,18.089999999999996
TEX,NA,15,3.00,0,M,20.099999999999998
TEX,NA,16,2.00,0,M,22.11
TEX,NA,16,3.00,0,M,22.11
TEX,NA,16,3.00,0,M,22.11
TEX,NA,18,3.00,0,M,26.129999999999995
TEX,NA,19,1.00,0,M,28.139999999999997
TEX,NA,20,4.00,0,M,30.15
TEX,NA,21,1.00,0,M,32.16
TEX,NA,21,0.00,0,M,32.16
TEX,NA,22,0.00,0,M,34.169999999999995
TEX,NA,23,-1.00,0,M,36.17999999999999
TEX,NA,23,-1.00,0,M,36.17999999999999
TEX,NA,23,0.00,0,M,36.17999999999999
TEX,NA,23,0.00,0,M,36.17999999999999
TEX,NA,24,0.00,0,M,38.19
TEX,NA,23,1.00,0,M,36.17999999999999
TEX,NA,24,0.00,0,M,38.19
TEX,NA,25,0.00,0,M,40.199999999999996
TEX,NA,25,0.00,0,M,40.199999999999996
TEX,NA,25,-1.00,0,M,40.199999999999996
TEX,NA,24,-1.00,0,M,38.19
TEX,NA,24,-3.00,0,M,38.19
TEX,NA,26,-3.00,0,M,42.209999999999994
TEX,NA,26,-2.00,0,M,42.209999999999994
TEX,NA,25,-3.00,0,M,40.199999999999996
TEX,NA,25,-2.00,0,M,40.199999999999996
TEX,NA,23,1.00,0,M,36.17999999999999
TEX,NA,22,2.00,0,M,34.169999999999995
TEX,NA,21,2.00,0,M,32.16
TEX,NA,15,2.00,4.57,M,20.099999999999998
TEX,NA,12,7.00,5.84,M,14.069999999999999
TEX,NA,16,6.00,5.84,M,22.11
TEX,NA,18,7.00,0,M,26.129999999999995
TEX,NA,18,7.00,0,M,26.129999999999995
TEX,NA,17,7.00,0,M,24.119999999999997
TEX,NA,17,7.00,0,M,24.119999999999997
TEX,NA,16,8.00,0,M,22.11
TEX,NA,16,9.00,0,M,22.11
TEX,NA,16,7.00,0,M,22.11
TEX,NA,15,7.00,0,M,20.099999999999998
TEX,NA,13,9.00,0.25,M,16.08
TEX,NA,12,9.00,0.51,M,14.069999999999999
TEX,NA,13,8.00,0.76,M,16.08
TEX,NA,13,7.00,0.76,M,16.08
TEX,NA,12,8.00,0,M,14.069999999999999
TEX,NA,13,6.00,0,M,16.08
TEX,NA,12,8.00,0,M,14.069999999999999
TEX,NA,12,7.00,0,M,14.069999999999999
TEX,NA,11,7.00,0,M,12.059999999999999
TEX,NA,11,7.00,0,M,12.059999999999999
TEX,NA,11,7.00,0,M,12.059999999999999
TEX,NA,11,6.00,0,M,12.059999999999999
TEX,NA,11,6.00,0,M,12.059999999999999
TEX,NA,11,6.00,0,M,12.059999999999999
TEX,NA,11,6.00,0,M,12.059999999999999
TEX,NA,11,6.00,0,M,12.059999999999999
TEX,NA,11,5.00,0,M,12.059999999999999
TEX,NA,11,6.00,0,M,12.059999999999999
TEX,NA,11,5.00,0,M,12.059999999999999
TEX,NA,12,5.00,0,M,14.069999999999999
TEX,NA,12,5.00,0,M,14.069999999999999
TEX,NA,12,5.00,0,M,14.069999999999999
TEX,NA,11,5.00,0,M,12.059999999999999
TEX,NA,11,5.00,0,M,12.059999999999999
TEX,NA,12,4.00,0,M,14.069999999999999
TEX,NA,12,5.00,0,M,14.069999999999999
TEX,NA,11,5.00,0,M,12.059999999999999
TEX,NA,11,4.00,0,M,12.059999999999999
TEX,NA,11,4.00,0,M,12.059999999999999
TEX,NA,11,4.00,0,M,12.059999999999999
TEX,NA,11,4.00,0,M,12.059999999999999
TEX,NA,12,4.00,0,M,14.069999999999999
TEX,NA,12,4.00,0,M,14.069999999999999
TEX,NA,13,5.00,0,M,16.08
TEX,NA,15,4.00,0,M,20.099999999999998
TEX,NA,15,5.00,0,M,20.099999999999998
TEX,NA,16,4.00,0,M,22.11
TEX,NA,17,3.00,0,M,24.119999999999997
TEX,NA,17,7.00,0,M,24.119999999999997
TEX,NA,18,5.00,0,M,26.129999999999995
TEX,NA,20,0.00,0,M,30.15
TEX,NA,21,0.00,0,M,32.16
TEX,NA,21,0.00,0,M,32.16
TEX,NA,22,0.00,0,M,34.169999999999995
TEX,NA,22,1.00,0,M,34.169999999999995
TEX,NA,22,0.00,0,M,34.169999999999995
TEX,NA,23,0.00,0,M,36.17999999999999
TEX,NA,23,-1.00,0,M,36.17999999999999
TEX,NA,23,0.00,0,M,36.17999999999999
TEX,NA,23,1.00,0,M,36.17999999999999
TEX,NA,22,1.00,0,M,34.169999999999995
TEX,NA,23,2.00,0,M,36.17999999999999
TEX,NA,25,2.00,0,M,40.199999999999996
TEX,NA,24,0.00,0,M,38.19
TEX,NA,23,0.00,0,M,36.17999999999999
TEX,NA,20,6.00,0.25,M,30.15
TEX,NA,23,3.00,0.25,M,36.17999999999999
TEX,NA,23,2.00,0.25,M,36.17999999999999
TEX,NA,23,1.00,0,M,36.17999999999999
TEX,NA,24,0.00,0,M,38.19
TEX,NA,23,0.00,0,M,36.17999999999999
TEX,NA,24,-2.00,0,M,38.19
TEX,NA,23,0.00,0,M,36.17999999999999
TEX,NA,23,0.00,0,M,36.17999999999999
TEX,NA,22,1.00,0,M,34.169999999999995
TEX,NA,22,2.00,0,M,34.169999999999995
TEX,NA,22,2.00,0,M,34.169999999999995
TEX,NA,22,1.00,0,M,34.169999999999995
TEX,NA,22,0.00,0,M,34.169999999999995
TEX,NA,21,2.00,0,M,32.16
TEX,NA,20,2.00,0,M,30.15
TEX,NA,20,2.00,0,M,30.15
TEX,NA,19,4.00,0,M,28.139999999999997
TEX,NA,18,5.00,0,M,26.129999999999995
TEX,NA,18,3.00,0,M,26.129999999999995
TEX,NA,17,3.00,0,M,24.119999999999997
TEX,NA,17,5.00,0,M,24.119999999999997
TEX,NA,16,4.00,0,M,22.11
TEX,NA,16,4.00,0,M,22.11
TEX,NA,16,3.00,0,M,22.11
TEX,NA,16,3.00,0,M,22.11
TEX,NA,16,3.00,0,M,22.11
TEX,NA,15,3.00,0,M,20.099999999999998
TEX,NA,15,3.00,0,M,20.099999999999998
TEX,NA,15,3.00,0,M,20.099999999999998
TEX,NA,15,3.00,0,M,20.099999999999998
TEX,NA,15,2.00,0,M,20.099999999999998
TEX,NA,16,2.00,0,M,22.11
TEX,NA,17,2.00,0,M,24.119999999999997
TEX,NA,16,2.00,0,M,22.11
TEX,NA,16,2.00,0,M,22.11
TEX,NA,16,2.00,0,M,22.11
TEX,NA,16,2.00,0,M,22.11
TEX,NA,16,3.00,0,M,22.11
TEX,NA,16,3.00,0,M,22.11
TEX,NA,15,3.00,0,M,20.099999999999998
TEX,NA,15,3.00,0,M,20.099999999999998
TEX,NA,15,3.00,0,M,20.099999999999998
TEX,NA,15,3.00,0,M,20.099999999999998
TEX,NA,13,3.00,0,M,16.08
TEX,NA,13,3.00,0,M,16.08
TEX,NA,13,3.00,0,M,16.08
TEX,NA,13,3.00,0,M,16.08
TEX,NA,13,3.00,0,M,16.08
TEX,NA,15,3.00,0,M,20.099999999999998
TEX,NA,15,5.00,0,M,20.099999999999998
TEX,NA,16,5.00,0,M,22.11
TEX,NA,17,5.00,0,M,24.119999999999997
TEX,NA,17,5.00,0,M,24.119999999999997
TEX,NA,18,4.00,0,M,26.129999999999995
TEX,NA,19,3.00,0,M,28.139999999999997
TEX,NA,20,3.00,0,M,30.15
TEX,NA,21,2.00,0,M,32.16
TEX,NA,21,0.00,0,M,32.16
TEX,NA,22,0.00,0,M,34.169999999999995
TEX,NA,22,0.00,0,M,34.169999999999995
TEX,NA,22,1.00,0,M,34.169999999999995
TEX,NA,23,1.00,0,M,36.17999999999999
TEX,NA,22,3.00,0,M,34.169999999999995
TEX,NA,23,2.00,0,M,36.17999999999999
TEX,NA,21,3.00,0,M,32.16
TEX,NA,21,2.00,0,M,32.16
TEX,NA,21,1.00,0,M,32.16
TEX,NA,22,1.00,0,M,34.169999999999995
TEX,NA,22,3.00,0,M,34.169999999999995
TEX,NA,21,4.00,0,M,32.16
TEX,NA,22,1.00,0,M,34.169999999999995
TEX,NA,20,6.00,0,M,30.15
TEX,NA,18,7.00,0,M,26.129999999999995
TEX,NA,17,8.00,0,M,24.119999999999997
TEX,NA,15,10.00,4.57,M,20.099999999999998
TEX,NA,15,8.00,5.08,M,20.099999999999998
TEX,NA,12,9.00,11.68,M,14.069999999999999
TEX,NA,12,8.00,0,M,14.069999999999999
TEX,NA,13,9.00,0,M,16.08
TEX,NA,13,9.00,0,M,16.08
TEX,NA,14,8.00,0.25,M,18.089999999999996
TEX,NA,14,9.00,1.02,M,18.089999999999996
TEX,NA,13,10.00,4.32,M,16.08
TEX,NA,13,10.00,0,M,16.08
TEX,NA,13,10.00,0,M,16.08
TEX,NA,13,10.00,0,M,16.08
TEX,NA,13,9.00,0,M,16.08
TEX,NA,13,9.00,0,M,16.08
TEX,NA,12,10.00,0,M,14.069999999999999
TEX,NA,12,9.00,0,M,14.069999999999999
TEX,NA,12,10.00,0,M,14.069999999999999
TEX,NA,12,9.00,0,M,14.069999999999999
TEX,NA,11,8.00,0,M,12.059999999999999
TEX,NA,11,8.00,0,M,12.059999999999999
TEX,NA,11,8.00,0,M,12.059999999999999
TEX,NA,11,8.00,0,M,12.059999999999999
TEX,NA,12,8.00,0,M,14.069999999999999
TEX,NA,12,8.00,0,M,14.069999999999999
TEX,NA,11,8.00,0,M,12.059999999999999
TEX,NA,11,8.00,0,M,12.059999999999999
TEX,NA,11,7.00,0,M,12.059999999999999
TEX,NA,12,7.00,0,M,14.069999999999999
TEX,NA,11,7.00,0,M,12.059999999999999
TEX,NA,11,7.00,0,M,12.059999999999999
TEX,NA,11,7.00,0,M,12.059999999999999
TEX,NA,12,7.00,0,M,14.069999999999999
TEX,NA,11,7.00,0,M,12.059999999999999
TEX,NA,11,7.00,0,M,12.059999999999999
TEX,NA,11,7.00,0,M,12.059999999999999
TEX,NA,11,7.00,0,M,12.059999999999999
TEX,NA,12,7.00,0,M,14.069999999999999
TEX,NA,11,6.00,0,M,12.059999999999999
TEX,NA,12,6.00,0,M,14.069999999999999
TEX,NA,11,7.00,0,M,12.059999999999999
TEX,NA,11,6.00,0,M,12.059999999999999
TEX,NA,11,6.00,0,M,12.059999999999999
TEX,NA,12,6.00,0,M,14.069999999999999
TEX,NA,13,5.00,0,M,16.08
TEX,NA,12,6.00,0,M,14.069999999999999
TEX,NA,12,6.00,0,M,14.069999999999999
TEX,NA,12,6.00,0,M,14.069999999999999
TEX,NA,13,6.00,0,M,16.08
TEX,NA,13,7.00,0,M,16.08
TEX,NA,15,6.00,0,M,20.099999999999998
TEX,NA,15,6.00,0,M,20.099999999999998
TEX,NA,15,7.00,0,M,20.099999999999998
TEX,NA,16,7.00,0,M,22.11
TEX,NA,17,6.00,0,M,24.119999999999997
TEX,NA,18,7.00,0,M,26.129999999999995
TEX,NA,19,6.00,0,M,28.139999999999997
TEX,NA,20,6.00,0,M,30.15
TEX,NA,20,3.00,0,M,30.15
TEX,NA,21,6.00,0,M,32.16
TEX,NA,21,4.00,0,M,32.16
TEX,NA,22,3.00,0,M,34.169999999999995
TEX,NA,22,3.00,0,M,34.169999999999995
TEX,NA,22,4.00,0,M,34.169999999999995
TEX,NA,22,3.00,0,M,34.169999999999995
TEX,NA,23,2.00,0,M,36.17999999999999
TEX,NA,23,3.00,0,M,36.17999999999999
TEX,NA,21,7.00,0,M,32.16
TEX,NA,22,6.00,0,M,34.169999999999995
TEX,NA,23,3.00,0,M,36.17999999999999
TEX,NA,22,3.00,0,M,34.169999999999995
TEX,NA,21,4.00,0.25,M,32.16
TEX,NA,21,6.00,0.25,M,32.16
TEX,NA,21,6.00,0,M,32.16
TEX,NA,22,5.00,0,M,34.169999999999995
TEX,NA,21,5.00,0,M,32.16
TEX,NA,22,4.00,0,M,34.169999999999995
TEX,NA,22,4.00,0,M,34.169999999999995
TEX,NA,22,3.00,0,M,34.169999999999995
TEX,NA,22,3.00,0,M,34.169999999999995
TEX,NA,22,3.00,0,M,34.169999999999995
TEX,NA,22,2.00,0,M,34.169999999999995
TEX,NA,22,3.00,0,M,34.169999999999995
TEX,NA,21,3.00,0,M,32.16
TEX,NA,21,3.00,0,M,32.16
TEX,NA,20,3.00,0,M,30.15
TEX,NA,20,3.00,0,M,30.15
TEX,NA,19,3.00,0,M,28.139999999999997
TEX,NA,18,6.00,0,M,26.129999999999995
TEX,NA,18,7.00,0,M,26.129999999999995
TEX,NA,17,6.00,0,M,24.119999999999997
TEX,NA,17,6.00,0,M,24.119999999999997
TEX,NA,16,6.00,0,M,22.11
TEX,NA,16,6.00,0,M,22.11
TEX,NA,16,6.00,0,M,22.11
TEX,NA,15,7.00,0,M,20.099999999999998
TEX,NA,16,6.00,0,M,22.11
TEX,NA,15,6.00,0,M,20.099999999999998
TEX,NA,15,6.00,0,M,20.099999999999998
TEX,NA,15,6.00,0,M,20.099999999999998
TEX,NA,15,6.00,0,M,20.099999999999998
TEX,NA,15,6.00,0,M,20.099999999999998
TEX,NA,16,5.00,0,M,22.11
TEX,NA,15,6.00,0,M,20.099999999999998
TEX,NA,15,6.00,0,M,20.099999999999998
TEX,NA,15,5.00,0,M,20.099999999999998
TEX,NA,14,6.00,0,M,18.089999999999996
TEX,NA,15,5.00,0,M,20.099999999999998
TEX,NA,14,6.00,0,M,18.089999999999996
TEX,NA,14,6.00,0,M,18.089999999999996
TEX,NA,14,6.00,0,M,18.089999999999996
TEX,NA,14,6.00,0,M,18.089999999999996
TEX,NA,14,6.00,0,M,18.089999999999996
TEX,NA,13,6.00,0,M,16.08
TEX,NA,15,5.00,0,M,20.099999999999998
TEX,NA,13,6.00,0,M,16.08
TEX,NA,13,6.00,0,M,16.08
TEX,NA,16,5.00,0,M,22.11
TEX,NA,16,5.00,0,M,22.11
TEX,NA,16,6.00,0,M,22.11
TEX,NA,16,5.00,0,M,22.11
TEX,NA,17,5.00,0,M,24.119999999999997
TEX,NA,17,6.00,0,M,24.119999999999997
TEX,NA,17,6.00,0,M,24.119999999999997
TEX,NA,18,5.00,0,M,26.129999999999995
TEX,NA,19,5.00,0,M,28.139999999999997
TEX,NA,19,5.00,0,M,28.139999999999997
TEX,NA,19,5.00,0,M,28.139999999999997
TEX,NA,20,5.00,0,M,30.15
TEX,NA,20,4.00,0,M,30.15
TEX,NA,20,4.00,0,M,30.15
TEX,NA,21,4.00,0,M,32.16
TEX,NA,21,5.00,0,M,32.16
TEX,NA,21,5.00,0,M,32.16
TEX,NA,20,6.00,0,M,30.15
TEX,NA,18,2.00,0,M,26.129999999999995
TEX,NA,21,4.00,0,M,32.16
TEX,NA,20,4.00,0,M,30.15
TEX,NA,20,3.00,0,M,30.15
TEX,NA,19,3.00,0,M,28.139999999999997
TEX,NA,19,4.00,0,M,28.139999999999997
TEX,NA,20,5.00,0,M,30.15
TEX,NA,20,5.00,0,M,30.15
TEX,NA,20,4.00,0,M,30.15
TEX,NA,20,3.00,0,M,30.15
TEX,NA,20,5.00,0,M,30.15
TEX,NA,20,4.00,0,M,30.15
TEX,NA,21,4.00,0,M,32.16
TEX,NA,21,6.00,0,M,32.16
TEX,NA,21,4.00,0,M,32.16
TEX,NA,21,5.00,0,M,32.16
TEX,NA,20,3.00,0,M,30.15
TEX,NA,19,3.00,0,M,28.139999999999997
TEX,NA,19,2.00,0,M,28.139999999999997
TEX,NA,18,3.00,0,M,26.129999999999995
TEX,NA,18,3.00,0,M,26.129999999999995
TEX,NA,17,3.00,0,M,24.119999999999997
TEX,NA,18,3.00,0,M,26.129999999999995
TEX,NA,16,6.00,0,M,22.11
TEX,NA,16,7.00,0,M,22.11
TEX,NA,16,6.00,0,M,22.11
TEX,NA,15,6.00,0,M,20.099999999999998
TEX,NA,15,7.00,0,M,20.099999999999998
TEX,NA,15,6.00,0,M,20.099999999999998
TEX,NA,14,7.00,0,M,18.089999999999996
TEX,NA,14,6.00,0,M,18.089999999999996
TEX,NA,14,7.00,0,M,18.089999999999996
TEX,NA,14,6.00,0,M,18.089999999999996
TEX,NA,14,6.00,0,M,18.089999999999996
TEX,NA,14,6.00,0,M,18.089999999999996
TEX,NA,14,6.00,0,M,18.089999999999996
TEX,NA,13,6.00,0,M,16.08
TEX,NA,14,5.00,0,M,18.089999999999996
TEX,NA,14,5.00,0,M,18.089999999999996
TEX,NA,13,6.00,0,M,16.08
TEX,NA,13,6.00,0,M,16.08
TEX,NA,12,6.00,0,M,14.069999999999999
TEX,NA,13,6.00,0,M,16.08
TEX,NA,13,6.00,0,M,16.08
TEX,NA,14,5.00,0,M,18.089999999999996
TEX,NA,13,6.00,0,M,16.08
TEX,NA,12,6.00,0,M,14.069999999999999
TEX,NA,12,6.00,0,M,14.069999999999999
TEX,NA,12,6.00,0,M,14.069999999999999
TEX,NA,12,6.00,0,M,14.069999999999999
TEX,NA,12,6.00,0,M,14.069999999999999
TEX,NA,12,5.00,0,M,14.069999999999999
TEX,NA,11,5.00,0,M,12.059999999999999
TEX,NA,11,5.00,0,M,12.059999999999999
TEX,NA,11,5.00,0,M,12.059999999999999
TEX,NA,12,5.00,0,M,14.069999999999999
TEX,NA,12,5.00,0,M,14.069999999999999
TEX,NA,13,5.00,0,M,16.08
TEX,NA,14,5.00,0,M,18.089999999999996
TEX,NA,15,6.00,0,M,20.099999999999998
TEX,NA,15,6.00,0,M,20.099999999999998
TEX,NA,15,6.00,0,M,20.099999999999998
TEX,NA,16,5.00,0,M,22.11
TEX,NA,18,4.00,0,M,26.129999999999995
TEX,NA,18,4.00,0,M,26.129999999999995
TEX,NA,20,3.00,0,M,30.15
TEX,NA,19,3.00,0,M,28.139999999999997
TEX,NA,18,4.00,0,M,26.129999999999995
TEX,NA,20,4.00,0,M,30.15
TEX,NA,20,5.00,0,M,30.15
TEX,NA,20,4.00,0,M,30.15
TEX,NA,20,5.00,0,M,30.15
TEX,NA,21,3.00,0,M,32.16
TEX,NA,21,3.00,0,M,32.16
TEX,NA,18,2.00,0,M,26.129999999999995
TEX,NA,13,6.00,0.25,M,16.08
TEX,NA,15,5.00,0,M,20.099999999999998
TEX,NA,18,6.00,0,M,26.129999999999995
TEX,NA,18,4.00,0,M,26.129999999999995
TEX,NA,19,3.00,0,M,28.139999999999997
TEX,NA,19,0.00,0,M,28.139999999999997
TEX,NA,20,0.00,0,M,30.15
TEX,NA,21,0.00,0,M,32.16
TEX,NA,21,0.00,0,M,32.16
TEX,NA,22,0.00,0,M,34.169999999999995
TEX,NA,22,0.00,0,M,34.169999999999995
TEX,NA,22,0.00,0,M,34.169999999999995
TEX,NA,22,1.00,0,M,34.169999999999995
TEX,NA,21,-1.00,0,M,32.16
TEX,NA,20,-2.00,0,M,30.15
TEX,NA,20,-1.00,0,M,30.15
TEX,NA,20,-1.00,0,M,30.15
TEX,NA,20,0.00,0,M,30.15
TEX,NA,19,-1.00,0,M,28.139999999999997
TEX,NA,18,-1.00,0,M,26.129999999999995
TEX,NA,18,-2.00,0,M,26.129999999999995
TEX,NA,18,-2.00,0,M,26.129999999999995
TEX,NA,17,-1.00,0,M,24.119999999999997
TEX,NA,18,-3.00,0,M,26.129999999999995
TEX,NA,17,-2.00,0,M,24.119999999999997
TEX,NA,16,-1.00,0,M,22.11
TEX,NA,16,0.00,0,M,22.11
TEX,NA,15,0.00,0,M,20.099999999999998
TEX,NA,14,0.00,0,M,18.089999999999996
TEX,NA,13,1.00,0,M,16.08
TEX,NA,13,0.00,0,M,16.08
TEX,NA,12,1.00,0,M,14.069999999999999
TEX,NA,12,0.00,0,M,14.069999999999999
TEX,NA,12,1.00,0,M,14.069999999999999
TEX,NA,12,0.00,0,M,14.069999999999999
TEX,NA,12,0.00,0,M,14.069999999999999
TEX,NA,11,1.00,0,M,12.059999999999999
TEX,NA,11,1.00,0,M,12.059999999999999
TEX,NA,11,0.00,0,M,12.059999999999999
TEX,NA,11,1.00,0,M,12.059999999999999
TEX,NA,11,0.00,0,M,12.059999999999999
TEX,NA,11,0.00,0,M,12.059999999999999
TEX,NA,11,0.00,0,M,12.059999999999999
TEX,NA,11,0.00,0,M,12.059999999999999
TEX,NA,11,0.00,0,M,12.059999999999999
TEX,NA,11,0.00,0,M,12.059999999999999
TEX,NA,11,0.00,0,M,12.059999999999999
TEX,NA,10,0.00,0,M,10.049999999999999
TEX,NA,10,1.00,0,M,10.049999999999999
TEX,NA,10,1.00,0,M,10.049999999999999
TEX,NA,10,2.00,0,M,10.049999999999999
TEX,NA,10,2.00,0,M,10.049999999999999
TEX,NA,10,3.00,0,M,10.049999999999999
TEX,NA,11,3.00,0,M,12.059999999999999
TEX,NA,12,2.00,0,M,14.069999999999999
TEX,NA,12,1.00,0,M,14.069999999999999
TEX,NA,13,2.00,0,M,16.08
TEX,NA,13,2.00,0,M,16.08
TEX,NA,15,3.00,0,M,20.099999999999998
TEX,NA,16,3.00,0,M,22.11
TEX,NA,17,2.00,0,M,24.119999999999997
TEX,NA,17,2.00,0,M,24.119999999999997
TEX,NA,18,1.00,0,M,26.129999999999995
TEX,NA,18,1.00,0,M,26.129999999999995
TEX,NA,19,1.00,0,M,28.139999999999997
TEX,NA,19,1.00,0,M,28.139999999999997
TEX,NA,20,1.00,0,M,30.15
TEX,NA,20,1.00,0,M,30.15
TEX,NA,19,0.00,0,M,28.139999999999997
TEX,NA,19,0.00,0,M,28.139999999999997
TEX,NA,20,1.00,0,M,30.15
TEX,NA,21,0.00,0,M,32.16
TEX,NA,19,1.00,0,M,28.139999999999997
TEX,NA,21,0.00,0,M,32.16
TEX,NA,20,0.00,0,M,30.15
TEX,NA,22,-1.00,0,M,34.169999999999995
TEX,NA,21,-1.00,0,M,32.16
TEX,NA,21,-2.00,0,M,32.16
TEX,NA,21,-1.00,0,M,32.16
TEX,NA,22,-1.00,0,M,34.169999999999995
TEX,NA,22,-3.00,0,M,34.169999999999995
TEX,NA,22,-4.00,0,M,34.169999999999995
TEX,NA,22,-2.00,0,M,34.169999999999995
TEX,NA,22,-3.00,0,M,34.169999999999995
TEX,NA,21,-5.00,0,M,32.16
TEX,NA,21,-7.00,0,M,32.16
TEX,NA,21,-8.00,0,M,32.16
TEX,NA,21,-7.00,0,M,32.16
TEX,NA,21,-7.00,0,M,32.16
TEX,NA,20,-3.00,0,M,30.15
TEX,NA,20,-7.00,0,M,30.15
TEX,NA,18,-5.00,0,M,26.129999999999995
TEX,NA,18,-3.00,0,M,26.129999999999995
TEX,NA,17,-3.00,0,M,24.119999999999997
TEX,NA,17,-4.00,0,M,24.119999999999997
TEX,NA,16,-2.00,0,M,22.11
TEX,NA,15,-1.00,0,M,20.099999999999998
TEX,NA,15,-1.00,0,M,20.099999999999998
TEX,NA,15,-1.00,0,M,20.099999999999998
TEX,NA,14,-1.00,0,M,18.089999999999996
TEX,NA,13,-1.00,0,M,16.08
TEX,NA,13,-1.00,0,M,16.08
TEX,NA,13,-1.00,0,M,16.08
TEX,NA,12,-1.00,0,M,14.069999999999999
TEX,NA,12,-1.00,0,M,14.069999999999999
TEX,NA,12,0.00,0,M,14.069999999999999
TEX,NA,12,0.00,0,M,14.069999999999999
TEX,NA,12,0.00,0,M,14.069999999999999
TEX,NA,12,-1.00,0,M,14.069999999999999
TEX,NA,12,0.00,0,M,14.069999999999999
TEX,NA,11,0.00,0,M,12.059999999999999
TEX,NA,11,0.00,0,M,12.059999999999999
TEX,NA,11,0.00,0,M,12.059999999999999
TEX,NA,11,0.00,0,M,12.059999999999999
TEX,NA,11,0.00,0,M,12.059999999999999
TEX,NA,11,0.00,0,M,12.059999999999999
TEX,NA,11,0.00,0,M,12.059999999999999
TEX,NA,11,0.00,0,M,12.059999999999999
TEX,NA,11,0.00,0,M,12.059999999999999
TEX,NA,11,0.00,0,M,12.059999999999999
TEX,NA,11,0.00,0,M,12.059999999999999
TEX,NA,12,0.00,0,M,14.069999999999999
TEX,NA,13,0.00,0,M,16.08
TEX,NA,12,0.00,0,M,14.069999999999999
TEX,NA,12,1.00,0,M,14.069999999999999
TEX,NA,13,2.00,0,M,16.08
TEX,NA,13,1.00,0,M,16.08
TEX,NA,13,0.00,0,M,16.08
TEX,NA,15,1.00,0,M,20.099999999999998
TEX,NA,15,3.00,0,M,20.099999999999998
TEX,NA,16,3.00,0,M,22.11
TEX,NA,17,1.00,0,M,24.119999999999997
TEX,NA,17,1.00,0,M,24.119999999999997
TEX,NA,18,0.00,0,M,26.129999999999995
TEX,NA,20,-1.00,0,M,30.15
TEX,NA,20,-1.00,0,M,30.15
TEX,NA,20,-1.00,0,M,30.15
TEX,NA,20,-2.00,0,M,30.15
TEX,NA,21,-2.00,0,M,32.16
TEX,NA,22,-2.00,0,M,34.169999999999995
TEX,NA,21,-2.00,0,M,32.16
TEX,NA,22,-3.00,0,M,34.169999999999995
TEX,NA,22,-3.00,0,M,34.169999999999995
TEX,NA,22,-2.00,0,M,34.169999999999995
TEX,NA,23,-3.00,0,M,36.17999999999999
TEX,NA,23,-5.00,0,M,36.17999999999999
TEX,NA,23,-2.00,0,M,36.17999999999999
TEX,NA,24,-1.00,0,M,38.19
TEX,NA,23,-2.00,0,M,36.17999999999999
TEX,NA,23,-5.00,0,M,36.17999999999999
TEX,NA,23,-4.00,0,M,36.17999999999999
TEX,NA,24,-5.00,0,M,38.19
TEX,NA,24,-9.00,0,M,38.19
TEX,NA,24,-13.00,0,M,38.19
TEX,NA,23,-17.00,0,M,36.17999999999999
TEX,NA,23,-12.00,0,M,36.17999999999999
TEX,NA,23,-11.00,0,M,36.17999999999999
TEX,NA,23,-11.00,0,M,36.17999999999999
TEX,NA,23,-15.00,0,M,36.17999999999999
TEX,NA,22,-12.00,0,M,34.169999999999995
TEX,NA,22,-12.00,0,M,34.169999999999995
TEX,NA,21,-13.00,0,M,32.16
TEX,NA,21,-14.00,0,M,32.16
TEX,NA,20,-15.00,0,M,30.15
TEX,NA,20,-15.00,0,M,30.15
TEX,NA,20,-15.00,0,M,30.15
TEX,NA,18,-8.00,0,M,26.129999999999995
TEX,NA,17,-7.00,0,M,24.119999999999997
TEX,NA,16,-6.00,0,M,22.11
TEX,NA,16,-6.00,0,M,22.11
TEX,NA,15,-7.00,0,M,20.099999999999998
TEX,NA,16,-7.00,0,M,22.11
TEX,NA,15,-7.00,0,M,20.099999999999998
TEX,NA,15,-6.00,0,M,20.099999999999998
TEX,NA,14,-5.00,0,M,18.089999999999996
TEX,NA,14,-5.00,0,M,18.089999999999996
TEX,NA,13,-6.00,0,M,16.08
TEX,NA,13,-5.00,0,M,16.08
TEX,NA,14,-5.00,0,M,18.089999999999996
TEX,NA,13,-4.00,0,M,16.08
TEX,NA,15,-3.00,0,M,20.099999999999998
TEX,NA,13,-3.00,0,M,16.08
TEX,NA,14,-4.00,0,M,18.089999999999996
TEX,NA,14,-3.00,0,M,18.089999999999996
TEX,NA,15,-3.00,0,M,20.099999999999998
TEX,NA,15,-2.00,0,M,20.099999999999998
TEX,NA,15,-2.00,0,M,20.099999999999998
TEX,NA,15,-2.00,0,M,20.099999999999998
TEX,NA,14,-1.00,0,M,18.089999999999996
TEX,NA,15,0.00,0,M,20.099999999999998
TEX,NA,13,0.00,0,M,16.08
TEX,NA,13,0.00,0,M,16.08
TEX,NA,13,0.00,0,M,16.08
TEX,NA,13,0.00,0,M,16.08
TEX,NA,13,0.00,0,M,16.08
TEX,NA,13,0.00,0,M,16.08
TEX,NA,14,1.00,0,M,18.089999999999996
TEX,NA,13,1.00,0,M,16.08
TEX,NA,14,1.00,0,M,18.089999999999996
TEX,NA,15,2.00,0,M,20.099999999999998
TEX,NA,16,2.00,0,M,22.11
TEX,NA,17,1.00,0,M,24.119999999999997
TEX,NA,18,0.00,0,M,26.129999999999995
TEX,NA,18,0.00,0,M,26.129999999999995
TEX,NA,20,1.00,0,M,30.15
TEX,NA,21,1.00,0,M,32.16
TEX,NA,21,0.00,0,M,32.16
TEX,NA,22,-5.00,0,M,34.169999999999995
TEX,NA,23,-4.00,0,M,36.17999999999999
TEX,NA,24,-5.00,0,M,38.19
TEX,NA,25,-5.00,0,M,40.199999999999996
TEX,NA,25,-5.00,0,M,40.199999999999996
TEX,NA,25,-4.00,0,M,40.199999999999996
TEX,NA,24,-5.00,0,M,38.19
TEX,NA,25,-5.00,0,M,40.199999999999996
TEX,NA,26,-5.00,0,M,42.209999999999994
TEX,NA,25,-7.00,0,M,40.199999999999996
TEX,NA,25,-7.00,0,M,40.199999999999996
TEX,NA,25,-1.00,0,M,40.199999999999996
TEX,NA,25,-3.00,0,M,40.199999999999996
TEX,NA,26,-3.00,0,M,42.209999999999994
TEX,NA,26,-2.00,0,M,42.209999999999994
TEX,NA,26,-4.00,0,M,42.209999999999994
TEX,NA,25,-6.00,0,M,40.199999999999996
TEX,NA,26,-7.00,0,M,42.209999999999994
TEX,NA,26,-4.00,0,M,42.209999999999994
TEX,NA,25,-8.00,0,M,40.199999999999996
TEX,NA,26,-8.00,0,M,42.209999999999994
TEX,NA,25,-8.00,0,M,40.199999999999996
TEX,NA,25,-7.00,0,M,40.199999999999996
TEX,NA,25,-5.00,0,M,40.199999999999996
TEX,NA,25,-5.00,0,M,40.199999999999996
TEX,NA,23,-3.00,0,M,36.17999999999999
TEX,NA,23,-2.00,0,M,36.17999999999999
TEX,NA,22,-2.00,0,M,34.169999999999995
TEX,NA,22,-1.00,0,M,34.169999999999995
TEX,NA,22,-2.00,0,M,34.169999999999995
TEX,NA,21,0.00,0,M,32.16
TEX,NA,21,0.00,0,M,32.16
TEX,NA,21,1.00,0,M,32.16
TEX,NA,20,2.00,0,M,30.15
TEX,NA,20,2.00,0,M,30.15
TEX,NA,20,2.00,0,M,30.15
TEX,NA,20,2.00,0,M,30.15
TEX,NA,20,2.00,0,M,30.15
TEX,NA,19,2.00,0,M,28.139999999999997
TEX,NA,18,2.00,0,M,26.129999999999995
TEX,NA,17,3.00,0,M,24.119999999999997
TEX,NA,17,2.00,0,M,24.119999999999997
TEX,NA,18,3.00,0,M,26.129999999999995
TEX,NA,17,2.00,0,M,24.119999999999997
TEX,NA,17,2.00,0,M,24.119999999999997
TEX,NA,17,2.00,0,M,24.119999999999997
TEX,NA,16,2.00,0,M,22.11
TEX,NA,16,2.00,0,M,22.11
TEX,NA,16,2.00,0,M,22.11
TEX,NA,16,2.00,0,M,22.11
TEX,NA,16,2.00,0,M,22.11
TEX,NA,16,2.00,0,M,22.11
TEX,NA,16,2.00,0,M,22.11
TEX,NA,15,2.00,0,M,20.099999999999998
TEX,NA,15,1.00,0,M,20.099999999999998
TEX,NA,15,1.00,0,M,20.099999999999998
TEX,NA,15,1.00,0,M,20.099999999999998
TEX,NA,15,1.00,0,M,20.099999999999998
TEX,NA,15,2.00,0,M,20.099999999999998
TEX,NA,15,1.00,0,M,20.099999999999998
TEX,NA,15,1.00,0,M,20.099999999999998
TEX,NA,15,2.00,0,M,20.099999999999998
TEX,NA,16,2.00,0,M,22.11
TEX,NA,16,2.00,0,M,22.11
TEX,NA,17,1.00,0,M,24.119999999999997
TEX,NA,17,3.00,0,M,24.119999999999997
TEX,NA,18,3.00,0,M,26.129999999999995
TEX,NA,19,2.00,0,M,28.139999999999997
TEX,NA,21,2.00,0,M,32.16
TEX,NA,22,4.00,0,M,34.169999999999995
TEX,NA,22,1.00,0,M,34.169999999999995
TEX,NA,23,-1.00,0,M,36.17999999999999
TEX,NA,23,-2.00,0,M,36.17999999999999
TEX,NA,24,-1.00,0,M,38.19
TEX,NA,25,-2.00,0,M,40.199999999999996
TEX,NA,25,-7.00,0,M,40.199999999999996
TEX,NA,26,-8.00,0,M,42.209999999999994
TEX,NA,26,-3.00,0,M,42.209999999999994
TEX,NA,26,-6.00,0,M,42.209999999999994
TEX,NA,26,-5.00,0,M,42.209999999999994
TEX,NA,26,-3.00,0,M,42.209999999999994
TEX,NA,26,-4.00,0,M,42.209999999999994
TEX,NA,24,0.00,0,M,38.19
TEX,NA,23,0.00,0,M,36.17999999999999
TEX,NA,23,0.00,0,M,36.17999999999999
TEX,NA,23,0.00,0,M,36.17999999999999
TEX,NA,24,1.00,0,M,38.19
TEX,NA,25,0.00,0,M,40.199999999999996
TEX,NA,25,0.00,0,M,40.199999999999996
TEX,NA,26,-2.00,0,M,42.209999999999994
TEX,NA,25,-3.00,0,M,40.199999999999996
TEX,NA,25,-3.00,0,M,40.199999999999996
TEX,NA,26,-3.00,0,M,42.209999999999994
TEX,NA,25,-3.00,0,M,40.199999999999996
TEX,NA,23,0.00,0,M,36.17999999999999
TEX,NA,21,2.00,0,M,32.16
TEX,NA,20,3.00,0,M,30.15
TEX,NA,20,2.00,0,M,30.15
TEX,NA,20,3.00,0,M,30.15
TEX,NA,20,2.00,0,M,30.15
TEX,NA,19,3.00,0,M,28.139999999999997
TEX,NA,19,3.00,0,M,28.139999999999997
TEX,NA,18,3.00,0,M,26.129999999999995
TEX,NA,18,4.00,0,M,26.129999999999995
TEX,NA,18,3.00,0,M,26.129999999999995
TEX,NA,18,3.00,0,M,26.129999999999995
TEX,NA,18,3.00,0,M,26.129999999999995
TEX,NA,17,5.00,0,M,24.119999999999997
TEX,NA,18,4.00,0,M,26.129999999999995
TEX,NA,18,3.00,0,M,26.129999999999995
TEX,NA,18,4.00,0,M,26.129999999999995
TEX,NA,17,5.00,0,M,24.119999999999997
TEX,NA,17,4.00,0,M,24.119999999999997
TEX,NA,17,5.00,0,M,24.119999999999997
TEX,NA,17,5.00,0,M,24.119999999999997
TEX,NA,16,4.00,0,M,22.11
TEX,NA,16,4.00,0,M,22.11
TEX,NA,16,6.00,0,M,22.11
TEX,NA,15,7.00,0,M,20.099999999999998
TEX,NA,16,6.00,0,M,22.11
TEX,NA,15,6.00,0,M,20.099999999999998
TEX,NA,15,6.00,0,M,20.099999999999998
TEX,NA,15,6.00,0,M,20.099999999999998
TEX,NA,16,6.00,0,M,22.11
TEX,NA,15,6.00,0,M,20.099999999999998
TEX,NA,15,6.00,0,M,20.099999999999998
TEX,NA,14,6.00,0,M,18.089999999999996
TEX,NA,13,6.00,0,M,16.08
TEX,NA,14,6.00,0,M,18.089999999999996
TEX,NA,14,6.00,0,M,18.089999999999996
TEX,NA,14,6.00,0,M,18.089999999999996
TEX,NA,14,5.00,0,M,18.089999999999996
TEX,NA,13,5.00,0,M,16.08
TEX,NA,13,6.00,0,M,16.08
TEX,NA,14,6.00,0,M,18.089999999999996
TEX,NA,15,6.00,0,M,20.099999999999998
TEX,NA,15,7.00,0,M,20.099999999999998
TEX,NA,15,7.00,0,M,20.099999999999998
TEX,NA,15,7.00,0,M,20.099999999999998
TEX,NA,15,7.00,0,M,20.099999999999998
TEX,NA,15,7.00,0,M,20.099999999999998
TEX,NA,15,8.00,0.25,M,20.099999999999998
TEX,NA,13,10.00,0.76,M,16.08
TEX,NA,13,10.00,1.02,M,16.08
TEX,NA,14,10.00,1.02,M,18.089999999999996
TEX,NA,15,8.00,0,M,20.099999999999998
TEX,NA,16,11.00,0,M,22.11
TEX,NA,20,9.00,0,M,30.15
TEX,NA,20,4.00,0,M,30.15
TEX,NA,21,3.00,0,M,32.16
TEX,NA,22,2.00,0,M,34.169999999999995
TEX,NA,22,1.00,0,M,34.169999999999995
TEX,NA,23,1.00,0,M,36.17999999999999
TEX,NA,23,1.00,0,M,36.17999999999999
TEX,NA,24,1.00,0,M,38.19
TEX,NA,23,0.00,0,M,36.17999999999999
TEX,NA,25,-1.00,0,M,40.199999999999996
TEX,NA,24,-2.00,0,M,38.19
TEX,NA,25,-2.00,0,M,40.199999999999996
TEX,NA,25,-3.00,0,M,40.199999999999996
TEX,NA,23,-2.00,0,M,36.17999999999999
TEX,NA,23,-2.00,0,M,36.17999999999999
TEX,NA,23,-2.00,0,M,36.17999999999999
TEX,NA,23,-2.00,0,M,36.17999999999999
TEX,NA,23,-1.00,0,M,36.17999999999999
TEX,NA,22,-1.00,0,M,34.169999999999995
TEX,NA,23,0.00,0,M,36.17999999999999
TEX,NA,22,0.00,0,M,34.169999999999995
TEX,NA,22,0.00,0,M,34.169999999999995
TEX,NA,21,0.00,0,M,32.16
TEX,NA,21,0.00,0,M,32.16
TEX,NA,20,0.00,0,M,30.15
TEX,NA,20,1.00,0,M,30.15
TEX,NA,18,3.00,0,M,26.129999999999995
TEX,NA,18,3.00,0,M,26.129999999999995
TEX,NA,18,4.00,0,M,26.129999999999995
TEX,NA,17,4.00,0,M,24.119999999999997
TEX,NA,17,4.00,0,M,24.119999999999997
TEX,NA,17,3.00,0,M,24.119999999999997
TEX,NA,17,3.00,0,M,24.119999999999997
TEX,NA,16,2.00,0,M,22.11
TEX,NA,16,3.00,0,M,22.11
TEX,NA,15,3.00,0,M,20.099999999999998
TEX,NA,15,3.00,0,M,20.099999999999998
TEX,NA,15,3.00,0,M,20.099999999999998
TEX,NA,15,3.00,0,M,20.099999999999998
TEX,NA,15,3.00,0,M,20.099999999999998
TEX,NA,15,3.00,0,M,20.099999999999998
TEX,NA,15,3.00,0,M,20.099999999999998
TEX,NA,15,3.00,0,M,20.099999999999998
TEX,NA,14,3.00,0,M,18.089999999999996
TEX,NA,15,3.00,0,M,20.099999999999998
TEX,NA,15,3.00,0,M,20.099999999999998
TEX,NA,14,5.00,0,M,18.089999999999996
TEX,NA,13,6.00,0,M,16.08
TEX,NA,13,6.00,0,M,16.08
TEX,NA,15,6.00,0,M,20.099999999999998
TEX,NA,16,5.00,0,M,22.11
TEX,NA,16,5.00,0,M,22.11
TEX,NA,15,5.00,0,M,20.099999999999998
TEX,NA,15,5.00,0,M,20.099999999999998
TEX,NA,15,4.00,0,M,20.099999999999998
TEX,NA,15,4.00,0,M,20.099999999999998
TEX,NA,16,5.00,0,M,22.11
TEX,NA,14,6.00,0.25,M,18.089999999999996
TEX,NA,13,7.00,0.25,M,16.08
TEX,NA,14,8.00,0,M,18.089999999999996
TEX,NA,15,7.00,0,M,20.099999999999998
TEX,NA,15,9.00,0,M,20.099999999999998
TEX,NA,15,8.00,0,M,20.099999999999998
TEX,NA,17,8.00,0,M,24.119999999999997
TEX,NA,18,7.00,0,M,26.129999999999995
TEX,NA,20,7.00,0,M,30.15
TEX,NA,20,2.00,0,M,30.15
TEX,NA,21,3.00,0,M,32.16
TEX,NA,21,2.00,0,M,32.16
TEX,NA,22,2.00,0,M,34.169999999999995
TEX,NA,21,1.00,0,M,32.16
TEX,NA,22,0.00,0,M,34.169999999999995
TEX,NA,23,1.00,0,M,36.17999999999999
TEX,NA,22,1.00,0,M,34.169999999999995
TEX,NA,23,1.00,0,M,36.17999999999999
TEX,NA,23,0.00,0,M,36.17999999999999
TEX,NA,24,0.00,0,M,38.19
TEX,NA,23,0.00,0,M,36.17999999999999
TEX,NA,23,0.00,0,M,36.17999999999999
TEX,NA,23,0.00,0,M,36.17999999999999
TEX,NA,23,-1.00,0,M,36.17999999999999
TEX,NA,25,-1.00,0,M,40.199999999999996
TEX,NA,25,-2.00,0,M,40.199999999999996
TEX,NA,25,-6.00,0,M,40.199999999999996
TEX,NA,25,-2.00,0,M,40.199999999999996
TEX,NA,25,-2.00,0,M,40.199999999999996
TEX,NA,25,-2.00,0,M,40.199999999999996
TEX,NA,24,-1.00,0,M,38.19
TEX,NA,24,-1.00,0,M,38.19
TEX,NA,23,0.00,0,M,36.17999999999999
TEX,NA,23,0.00,0,M,36.17999999999999
TEX,NA,23,0.00,0,M,36.17999999999999
TEX,NA,23,-1.00,0,M,36.17999999999999
TEX,NA,23,-1.00,0,M,36.17999999999999
TEX,NA,23,0.00,0,M,36.17999999999999
TEX,NA,22,0.00,0,M,34.169999999999995
TEX,NA,22,-1.00,0,M,34.169999999999995
TEX,NA,22,-1.00,0,M,34.169999999999995
TEX,NA,22,-1.00,0,M,34.169999999999995
TEX,NA,21,-2.00,0,M,32.16
TEX,NA,20,-1.00,0,M,30.15
TEX,NA,20,-1.00,0,M,30.15
TEX,NA,18,0.00,0,M,26.129999999999995
TEX,NA,18,0.00,0,M,26.129999999999995
TEX,NA,17,0.00,0,M,24.119999999999997
TEX,NA,17,0.00,0,M,24.119999999999997
TEX,NA,17,0.00,0,M,24.119999999999997
TEX,NA,17,0.00,0,M,24.119999999999997
TEX,NA,16,0.00,0,M,22.11
TEX,NA,17,-1.00,0,M,24.119999999999997
TEX,NA,16,-1.00,0,M,22.11
TEX,NA,16,-1.00,0,M,22.11
TEX,NA,17,-2.00,0,M,24.119999999999997
TEX,NA,16,-2.00,0,M,22.11
TEX,NA,15,-1.00,0,M,20.099999999999998
TEX,NA,15,0.00,0,M,20.099999999999998
TEX,NA,13,0.00,0,M,16.08
TEX,NA,13,0.00,0,M,16.08
TEX,NA,13,0.00,0,M,16.08
TEX,NA,13,-1.00,0,M,16.08
TEX,NA,12,-1.00,0,M,14.069999999999999
TEX,NA,12,-1.00,0,M,14.069999999999999
TEX,NA,12,-1.00,0,M,14.069999999999999
TEX,NA,12,-3.00,0,M,14.069999999999999
TEX,NA,12,-2.00,0,M,14.069999999999999
TEX,NA,11,-2.00,0,M,12.059999999999999
TEX,NA,11,-3.00,0,M,12.059999999999999
TEX,NA,11,-4.00,0,M,12.059999999999999
TEX,NA,12,-5.00,0,M,14.069999999999999
TEX,NA,12,-4.00,0,M,14.069999999999999
TEX,NA,13,-5.00,0,M,16.08
TEX,NA,13,-5.00,0,M,16.08
TEX,NA,15,-3.00,0,M,20.099999999999998
TEX,NA,16,-5.00,0,M,22.11
TEX,NA,17,-3.00,0,M,24.119999999999997
TEX,NA,19,-10.00,0,M,28.139999999999997
TEX,NA,20,-12.00,0,M,30.15
TEX,NA,20,-12.00,0,M,30.15
TEX,NA,20,-12.00,0,M,30.15
TEX,NA,21,-11.00,0,M,32.16
TEX,NA,21,-11.00,0,M,32.16
TEX,NA,21,-11.00,0,M,32.16
TEX,NA,22,-11.00,0,M,34.169999999999995
TEX,NA,22,-11.00,0,M,34.169999999999995
TEX,NA,22,-12.00,0,M,34.169999999999995
TEX,NA,22,-11.00,0,M,34.169999999999995
TEX,NA,23,-13.00,0,M,36.17999999999999
TEX,NA,23,-13.00,0,M,36.17999999999999
TEX,NA,23,-13.00,0,M,36.17999999999999
TEX,NA,23,-12.00,0,M,36.17999999999999
TEX,NA,23,-11.00,0,M,36.17999999999999
TEX,NA,23,-12.00,0,M,36.17999999999999
TEX,NA,23,-11.00,0,M,36.17999999999999
TEX,NA,23,-11.00,0,M,36.17999999999999
TEX,NA,24,-10.00,0,M,38.19
TEX,NA,24,-11.00,0,M,38.19
TEX,NA,23,-9.00,0,M,36.17999999999999
TEX,NA,23,-8.00,0,M,36.17999999999999
TEX,NA,23,-10.00,0,M,36.17999999999999
TEX,NA,23,-8.00,0,M,36.17999999999999
TEX,NA,23,-8.00,0,M,36.17999999999999
TEX,NA,23,-12.00,0,M,36.17999999999999
TEX,NA,23,-14.00,0,M,36.17999999999999
TEX,NA,23,-13.00,0,M,36.17999999999999
TEX,NA,23,-14.00,0,M,36.17999999999999
TEX,NA,22,-15.00,0,M,34.169999999999995
TEX,NA,22,-13.00,0,M,34.169999999999995
TEX,NA,22,-13.00,0,M,34.169999999999995
TEX,NA,21,-13.00,0,M,32.16
TEX,NA,20,-12.00,0,M,30.15
TEX,NA,20,-12.00,0,M,30.15
TEX,NA,18,-8.00,0,M,26.129999999999995
TEX,NA,18,-8.00,0,M,26.129999999999995
TEX,NA,17,-8.00,0,M,24.119999999999997
TEX,NA,16,-7.00,0,M,22.11
TEX,NA,17,-6.00,0,M,24.119999999999997
TEX,NA,16,-6.00,0,M,22.11
TEX,NA,15,-5.00,0,M,20.099999999999998
TEX,NA,15,-5.00,0,M,20.099999999999998
TEX,NA,15,-5.00,0,M,20.099999999999998
TEX,NA,14,-5.00,0,M,18.089999999999996
TEX,NA,15,-5.00,0,M,20.099999999999998
TEX,NA,14,-5.00,0,M,18.089999999999996
TEX,NA,14,-5.00,0,M,18.089999999999996
TEX,NA,13,-4.00,0,M,16.08
TEX,NA,13,-4.00,0,M,16.08
TEX,NA,13,-4.00,0,M,16.08
TEX,NA,13,-3.00,0,M,16.08
TEX,NA,13,-4.00,0,M,16.08
TEX,NA,12,-3.00,0,M,14.069999999999999
TEX,NA,13,-3.00,0,M,16.08
TEX,NA,13,-3.00,0,M,16.08
TEX,NA,12,-3.00,0,M,14.069999999999999
TEX,NA,12,-3.00,0,M,14.069999999999999
TEX,NA,12,-3.00,0,M,14.069999999999999
TEX,NA,12,-3.00,0,M,14.069999999999999
TEX,NA,12,-3.00,0,M,14.069999999999999
TEX,NA,12,-3.00,0,M,14.069999999999999
TEX,NA,12,-3.00,0,M,14.069999999999999
TEX,NA,12,-3.00,0,M,14.069999999999999
TEX,NA,12,-3.00,0,M,14.069999999999999
TEX,NA,13,-3.00,0,M,16.08
TEX,NA,14,-3.00,0,M,18.089999999999996
TEX,NA,14,-4.00,0,M,18.089999999999996
TEX,NA,15,-3.00,0,M,20.099999999999998
TEX,NA,17,-3.00,0,M,24.119999999999997
TEX,NA,18,-4.00,0,M,26.129999999999995
TEX,NA,19,-3.00,0,M,28.139999999999997
TEX,NA,20,-7.00,0,M,30.15
TEX,NA,21,-21.00,0,M,32.16
TEX,NA,22,-16.00,0,M,34.169999999999995
TEX,NA,22,-15.00,0,M,34.169999999999995
TEX,NA,22,-15.00,0,M,34.169999999999995
TEX,NA,23,-15.00,0,M,36.17999999999999
TEX,NA,22,-14.00,0,M,34.169999999999995
TEX,NA,22,-12.00,0,M,34.169999999999995
TEX,NA,22,-8.00,0,M,34.169999999999995
TEX,NA,22,-8.00,0,M,34.169999999999995
TEX,NA,22,-7.00,0,M,34.169999999999995
TEX,NA,22,-6.00,0,M,34.169999999999995
TEX,NA,22,-5.00,0,M,34.169999999999995
TEX,NA,21,-5.00,0,M,32.16
TEX,NA,23,-8.00,0,M,36.17999999999999
TEX,NA,23,-10.00,0,M,36.17999999999999
TEX,NA,25,-10.00,0,M,40.199999999999996
TEX,NA,23,-10.00,0,M,36.17999999999999
TEX,NA,24,-11.00,0,M,38.19
TEX,NA,24,-12.00,0,M,38.19
TEX,NA,24,-12.00,0,M,38.19
TEX,NA,25,-13.00,0,M,40.199999999999996
TEX,NA,25,-12.00,0,M,40.199999999999996
TEX,NA,25,-12.00,0,M,40.199999999999996
TEX,NA,25,-13.00,0,M,40.199999999999996
TEX,NA,23,-12.00,0,M,36.17999999999999
TEX,NA,24,-12.00,0,M,38.19
TEX,NA,23,-13.00,0,M,36.17999999999999
TEX,NA,23,-13.00,0,M,36.17999999999999
TEX,NA,23,-13.00,0,M,36.17999999999999
TEX,NA,22,-13.00,0,M,34.169999999999995
TEX,NA,22,-14.00,0,M,34.169999999999995
TEX,NA,21,-13.00,0,M,32.16
TEX,NA,20,-11.00,0,M,30.15
TEX,NA,19,-11.00,0,M,28.139999999999997
TEX,NA,18,-10.00,0,M,26.129999999999995
TEX,NA,18,-9.00,0,M,26.129999999999995
TEX,NA,17,-8.00,0,M,24.119999999999997
TEX,NA,16,-7.00,0,M,22.11
TEX,NA,15,-6.00,0,M,20.099999999999998
TEX,NA,15,-6.00,0,M,20.099999999999998
TEX,NA,15,-6.00,0,M,20.099999999999998
TEX,NA,15,-6.00,0,M,20.099999999999998
TEX,NA,15,-6.00,0,M,20.099999999999998
TEX,NA,14,-6.00,0,M,18.089999999999996
TEX,NA,14,-6.00,0,M,18.089999999999996
TEX,NA,14,-6.00,0,M,18.089999999999996
TEX,NA,14,-6.00,0,M,18.089999999999996
TEX,NA,13,-5.00,0,M,16.08
TEX,NA,13,-5.00,0,M,16.08
TEX,NA,13,-5.00,0,M,16.08
TEX,NA,13,-5.00,0,M,16.08
TEX,NA,13,-5.00,0,M,16.08
TEX,NA,12,-5.00,0,M,14.069999999999999
TEX,NA,13,-5.00,0,M,16.08
TEX,NA,12,-5.00,0,M,14.069999999999999
TEX,NA,12,-5.00,0,M,14.069999999999999
TEX,NA,12,-5.00,0,M,14.069999999999999
TEX,NA,12,-5.00,0,M,14.069999999999999
TEX,NA,12,-5.00,0,M,14.069999999999999
TEX,NA,12,-4.00,0,M,14.069999999999999
TEX,NA,12,-4.00,0,M,14.069999999999999
TEX,NA,12,-3.00,0,M,14.069999999999999
TEX,NA,12,-3.00,0,M,14.069999999999999
TEX,NA,12,-3.00,0,M,14.069999999999999
TEX,NA,13,-2.00,0,M,16.08
TEX,NA,15,-3.00,0,M,20.099999999999998
TEX,NA,14,-2.00,0,M,18.089999999999996
TEX,NA,16,-1.00,0,M,22.11
TEX,NA,17,-2.00,0,M,24.119999999999997
TEX,NA,18,-1.00,0,M,26.129999999999995
TEX,NA,19,-1.00,0,M,28.139999999999997
TEX,NA,21,-8.00,0,M,32.16
TEX,NA,22,-10.00,0,M,34.169999999999995
TEX,NA,22,-8.00,0,M,34.169999999999995
TEX,NA,23,-8.00,0,M,36.17999999999999
TEX,NA,23,-10.00,0,M,36.17999999999999
TEX,NA,22,-9.00,0,M,34.169999999999995
TEX,NA,23,-10.00,0,M,36.17999999999999
TEX,NA,23,-8.00,0,M,36.17999999999999
TEX,NA,25,-8.00,0,M,40.199999999999996
TEX,NA,24,-9.00,0,M,38.19
TEX,NA,25,-8.00,0,M,40.199999999999996
TEX,NA,25,-10.00,0,M,40.199999999999996
TEX,NA,25,-10.00,0,M,40.199999999999996
TEX,NA,25,-11.00,0,M,40.199999999999996
TEX,NA,25,-10.00,0,M,40.199999999999996
TEX,NA,25,-8.00,0,M,40.199999999999996
TEX,NA,25,-8.00,0,M,40.199999999999996
TEX,NA,26,-7.00,0,M,42.209999999999994
TEX,NA,25,-7.00,0,M,40.199999999999996
TEX,NA,25,-6.00,0,M,40.199999999999996
TEX,NA,24,-5.00,0,M,38.19
TEX,NA,25,-5.00,0,M,40.199999999999996
TEX,NA,23,-4.00,0,M,36.17999999999999
TEX,NA,25,-5.00,0,M,40.199999999999996
TEX,NA,25,-6.00,0,M,40.199999999999996
TEX,NA,25,-8.00,0,M,40.199999999999996
TEX,NA,25,-12.00,0,M,40.199999999999996
TEX,NA,24,-11.00,0,M,38.19
TEX,NA,23,-12.00,0,M,36.17999999999999
TEX,NA,23,-12.00,0,M,36.17999999999999
TEX,NA,23,-10.00,0,M,36.17999999999999
TEX,NA,22,-10.00,0,M,34.169999999999995
TEX,NA,21,-10.00,0,M,32.16
TEX,NA,20,-9.00,0,M,30.15
TEX,NA,20,-8.00,0,M,30.15
TEX,NA,20,-9.00,0,M,30.15
TEX,NA,19,-7.00,0,M,28.139999999999997
TEX,NA,17,-6.00,0,M,24.119999999999997
TEX,NA,17,-6.00,0,M,24.119999999999997
TEX,NA,17,-6.00,0,M,24.119999999999997
TEX,NA,16,-6.00,0,M,22.11
TEX,NA,16,-6.00,0,M,22.11
TEX,NA,16,-6.00,0,M,22.11
TEX,NA,15,-6.00,0,M,20.099999999999998
TEX,NA,15,-5.00,0,M,20.099999999999998
TEX,NA,14,-6.00,0,M,18.089999999999996
TEX,NA,15,-6.00,0,M,20.099999999999998
TEX,NA,13,-5.00,0,M,16.08
TEX,NA,13,-5.00,0,M,16.08
TEX,NA,13,-5.00,0,M,16.08
TEX,NA,13,-5.00,0,M,16.08
TEX,NA,13,-5.00,0,M,16.08
TEX,NA,13,-5.00,0,M,16.08
TEX,NA,13,-5.00,0,M,16.08
TEX,NA,13,-5.00,0,M,16.08
TEX,NA,12,-4.00,0,M,14.069999999999999
TEX,NA,12,-4.00,0,M,14.069999999999999
TEX,NA,12,-3.00,0,M,14.069999999999999
TEX,NA,12,-4.00,0,M,14.069999999999999
TEX,NA,11,-4.00,0,M,12.059999999999999
TEX,NA,11,-4.00,0,M,12.059999999999999
TEX,NA,11,-5.00,0,M,12.059999999999999
TEX,NA,11,-5.00,0,M,12.059999999999999
TEX,NA,11,-5.00,0,M,12.059999999999999
TEX,NA,11,-5.00,0,M,12.059999999999999
TEX,NA,13,-6.00,0,M,16.08
TEX,NA,13,-5.00,0,M,16.08
TEX,NA,15,-5.00,0,M,20.099999999999998
TEX,NA,16,-5.00,0,M,22.11
TEX,NA,16,-5.00,0,M,22.11
TEX,NA,18,-6.00,0,M,26.129999999999995
TEX,NA,19,-4.00,0,M,28.139999999999997
TEX,NA,20,-5.00,0,M,30.15
TEX,NA,22,-16.00,0,M,34.169999999999995
TEX,NA,22,-13.00,0,M,34.169999999999995
TEX,NA,23,-13.00,0,M,36.17999999999999
TEX,NA,25,-12.00,0,M,40.199999999999996
TEX,NA,24,-13.00,0,M,38.19
TEX,NA,24,-12.00,0,M,38.19
TEX,NA,24,-12.00,0,M,38.19
TEX,NA,24,-11.00,0,M,38.19
TEX,NA,25,-11.00,0,M,40.199999999999996
TEX,NA,25,-12.00,0,M,40.199999999999996
TEX,NA,26,-11.00,0,M,42.209999999999994
TEX,NA,26,-11.00,0,M,42.209999999999994
TEX,NA,26,-11.00,0,M,42.209999999999994
TEX,NA,26,-11.00,0,M,42.209999999999994
TEX,NA,26,-11.00,0,M,42.209999999999994
TEX,NA,26,-11.00,0,M,42.209999999999994
TEX,NA,26,-12.00,0,M,42.209999999999994
TEX,NA,26,-12.00,0,M,42.209999999999994
TEX,NA,26,-12.00,0,M,42.209999999999994
TEX,NA,26,-12.00,0,M,42.209999999999994
TEX,NA,26,-12.00,0,M,42.209999999999994
TEX,NA,27,-14.00,0,M,44.22
TEX,NA,26,-15.00,0,M,42.209999999999994
TEX,NA,26,-15.00,0,M,42.209999999999994
TEX,NA,26,-15.00,0,M,42.209999999999994
TEX,NA,26,-16.00,0,M,42.209999999999994
TEX,NA,26,-15.00,0,M,42.209999999999994
TEX,NA,25,-15.00,0,M,40.199999999999996
TEX,NA,25,-15.00,0,M,40.199999999999996
TEX,NA,25,-15.00,0,M,40.199999999999996
TEX,NA,24,-15.00,0,M,38.19
TEX,NA,22,-13.00,0,M,34.169999999999995
TEX,NA,21,-12.00,0,M,32.16
TEX,NA,21,-11.00,0,M,32.16
TEX,NA,20,-7.00,0,M,30.15
TEX,NA,19,-6.00,0,M,28.139999999999997
TEX,NA,18,-6.00,0,M,26.129999999999995
TEX,NA,17,-6.00,0,M,24.119999999999997
TEX,NA,17,-6.00,0,M,24.119999999999997
TEX,NA,16,-6.00,0,M,22.11
TEX,NA,17,-6.00,0,M,24.119999999999997
TEX,NA,16,-6.00,0,M,22.11
TEX,NA,15,-6.00,0,M,20.099999999999998
TEX,NA,15,-6.00,0,M,20.099999999999998
TEX,NA,15,-5.00,0,M,20.099999999999998
TEX,NA,15,-6.00,0,M,20.099999999999998
TEX,NA,14,-6.00,0,M,18.089999999999996
TEX,NA,14,-6.00,0,M,18.089999999999996
TEX,NA,14,-6.00,0,M,18.089999999999996
TEX,NA,13,-6.00,0,M,16.08
TEX,NA,13,-6.00,0,M,16.08
TEX,NA,13,-6.00,0,M,16.08
TEX,NA,13,-6.00,0,M,16.08
TEX,NA,13,-6.00,0,M,16.08
TEX,NA,13,-6.00,0,M,16.08
TEX,NA,13,-6.00,0,M,16.08
TEX,NA,13,-6.00,0,M,16.08
TEX,NA,13,-6.00,0,M,16.08
TEX,NA,13,-7.00,0,M,16.08
TEX,NA,13,-6.00,0,M,16.08
TEX,NA,13,-6.00,0,M,16.08
TEX,NA,12,-6.00,0,M,14.069999999999999
TEX,NA,14,-7.00,0,M,18.089999999999996
TEX,NA,13,-6.00,0,M,16.08
TEX,NA,14,-6.00,0,M,18.089999999999996
TEX,NA,14,-5.00,0,M,18.089999999999996
TEX,NA,15,-6.00,0,M,20.099999999999998
TEX,NA,16,-2.00,0,M,22.11
TEX,NA,18,-6.00,0,M,26.129999999999995
TEX,NA,18,-5.00,0,M,26.129999999999995
TEX,NA,20,-6.00,0,M,30.15
TEX,NA,21,-2.00,0,M,32.16
TEX,NA,21,-5.00,0,M,32.16
TEX,NA,23,-6.00,0,M,36.17999999999999
TEX,NA,24,-12.00,0,M,38.19
TEX,NA,25,-15.00,0,M,40.199999999999996
TEX,NA,25,-15.00,0,M,40.199999999999996
TEX,NA,26,-16.00,0,M,42.209999999999994
TEX,NA,26,-15.00,0,M,42.209999999999994
TEX,NA,27,-15.00,0,M,44.22
TEX,NA,28,-17.00,0,M,46.23
TEX,NA,29,-15.00,0,M,48.239999999999995
TEX,NA,27,-17.00,0,M,44.22
TEX,NA,26,-17.00,0,M,42.209999999999994
TEX,NA,28,-16.00,0,M,46.23
TEX,NA,27,-14.00,0,M,44.22
TEX,NA,27,-15.00,0,M,44.22
TEX,NA,28,-18.00,0,M,46.23
TEX,NA,27,-18.00,0,M,44.22
TEX,NA,28,-18.00,0,M,46.23
TEX,NA,27,-18.00,0,M,44.22
TEX,NA,27,-16.00,0,M,44.22
TEX,NA,28,-17.00,0,M,46.23
TEX,NA,28,-17.00,0,M,46.23
TEX,NA,28,-16.00,0,M,46.23
TEX,NA,26,-15.00,0,M,42.209999999999994
TEX,NA,26,-13.00,0,M,42.209999999999994
TEX,NA,27,-16.00,0,M,44.22
TEX,NA,27,-17.00,0,M,44.22
TEX,NA,26,-14.00,0,M,42.209999999999994
TEX,NA,25,-14.00,0,M,40.199999999999996
TEX,NA,23,-14.00,0,M,36.17999999999999
TEX,NA,23,-15.00,0,M,36.17999999999999
TEX,NA,23,-17.00,0,M,36.17999999999999
TEX,NA,24,-16.00,0,M,38.19
TEX,NA,23,-12.00,0,M,36.17999999999999
TEX,NA,22,-11.00,0,M,34.169999999999995
TEX,NA,22,-8.00,0,M,34.169999999999995
TEX,NA,21,-8.00,0,M,32.16
TEX,NA,21,-12.00,0,M,32.16
TEX,NA,22,-11.00,0,M,34.169999999999995
TEX,NA,21,-9.00,0,M,32.16
TEX,NA,21,-7.00,0,M,32.16
TEX,NA,19,-7.00,0,M,28.139999999999997
TEX,NA,20,-3.00,0,M,30.15
TEX,NA,20,-1.00,0,M,30.15
TEX,NA,19,0.00,0,M,28.139999999999997
TEX,NA,18,0.00,0,M,26.129999999999995
TEX,NA,19,0.00,0,M,28.139999999999997
TEX,NA,18,0.00,0,M,26.129999999999995
TEX,NA,19,0.00,0,M,28.139999999999997
TEX,NA,19,0.00,0,M,28.139999999999997
TEX,NA,17,0.00,0,M,24.119999999999997
TEX,NA,18,-1.00,0,M,26.129999999999995
TEX,NA,17,0.00,0,M,24.119999999999997
TEX,NA,17,0.00,0,M,24.119999999999997
TEX,NA,18,0.00,0,M,26.129999999999995
TEX,NA,18,0.00,0,M,26.129999999999995
TEX,NA,18,0.00,0,M,26.129999999999995
TEX,NA,17,0.00,0,M,24.119999999999997
TEX,NA,17,0.00,0,M,24.119999999999997
TEX,NA,16,1.00,0,M,22.11
TEX,NA,16,1.00,0,M,22.11
TEX,NA,17,0.00,0,M,24.119999999999997
TEX,NA,16,1.00,0,M,22.11
TEX,NA,16,1.00,0,M,22.11
TEX,NA,17,2.00,0,M,24.119999999999997
TEX,NA,17,2.00,0,M,24.119999999999997
TEX,NA,17,1.00,0,M,24.119999999999997
TEX,NA,18,0.00,0,M,26.129999999999995
TEX,NA,18,3.00,0,M,26.129999999999995
TEX,NA,19,3.00,0,M,28.139999999999997
TEX,NA,20,2.00,0,M,30.15
TEX,NA,21,2.00,0,M,32.16
TEX,NA,22,0.00,0,M,34.169999999999995
TEX,NA,23,0.00,0,M,36.17999999999999
TEX,NA,23,0.00,0,M,36.17999999999999
TEX,NA,24,0.00,0,M,38.19
TEX,NA,25,0.00,0,M,40.199999999999996
TEX,NA,25,-1.00,0,M,40.199999999999996
TEX,NA,25,-1.00,0,M,40.199999999999996
TEX,NA,26,-1.00,0,M,42.209999999999994
TEX,NA,26,-1.00,0,M,42.209999999999994
TEX,NA,26,-1.00,0,M,42.209999999999994
TEX,NA,27,-2.00,0,M,44.22
TEX,NA,26,-3.00,0,M,42.209999999999994
TEX,NA,26,-4.00,0,M,42.209999999999994
TEX,NA,25,-2.00,0,M,40.199999999999996
TEX,NA,24,-1.00,0,M,38.19
TEX,NA,23,0.00,0,M,36.17999999999999
TEX,NA,22,0.00,0,M,34.169999999999995
TEX,NA,22,0.00,0,M,34.169999999999995
TEX,NA,22,1.00,0,M,34.169999999999995
TEX,NA,22,0.00,0,M,34.169999999999995
TEX,NA,21,1.00,0,M,32.16
TEX,NA,21,1.00,0,M,32.16
TEX,NA,21,2.00,0,M,32.16
TEX,NA,20,3.00,0,M,30.15
TEX,NA,21,2.00,0,M,32.16
TEX,NA,21,2.00,0,M,32.16
TEX,NA,21,2.00,0,M,32.16
TEX,NA,20,2.00,0,M,30.15
TEX,NA,20,3.00,0,M,30.15
TEX,NA,20,2.00,0,M,30.15
TEX,NA,19,3.00,0,M,28.139999999999997
TEX,NA,18,4.00,0,M,26.129999999999995
TEX,NA,18,3.00,0,M,26.129999999999995
TEX,NA,17,4.00,0,M,24.119999999999997
TEX,NA,17,4.00,0,M,24.119999999999997
TEX,NA,17,3.00,0,M,24.119999999999997
TEX,NA,16,3.00,0,M,22.11
TEX,NA,16,3.00,0,M,22.11
TEX,NA,16,3.00,0,M,22.11
TEX,NA,15,3.00,0,M,20.099999999999998
TEX,NA,15,3.00,0,M,20.099999999999998
TEX,NA,15,2.00,0,M,20.099999999999998
TEX,NA,15,2.00,0,M,20.099999999999998
TEX,NA,15,2.00,0,M,20.099999999999998
TEX,NA,16,1.00,0,M,22.11
TEX,NA,16,1.00,0,M,22.11
TEX,NA,15,1.00,0,M,20.099999999999998
TEX,NA,15,1.00,0,M,20.099999999999998
TEX,NA,15,1.00,0,M,20.099999999999998
TEX,NA,15,1.00,0,M,20.099999999999998
TEX,NA,15,2.00,0,M,20.099999999999998
TEX,NA,15,1.00,0,M,20.099999999999998
TEX,NA,15,0.00,0,M,20.099999999999998
TEX,NA,15,0.00,0,M,20.099999999999998
TEX,NA,14,2.00,0,M,18.089999999999996
TEX,NA,14,2.00,0,M,18.089999999999996
TEX,NA,13,1.00,0,M,16.08
TEX,NA,14,2.00,0,M,18.089999999999996
TEX,NA,13,3.00,0,M,16.08
TEX,NA,13,2.00,0,M,16.08
TEX,NA,13,3.00,0,M,16.08
TEX,NA,13,3.00,0,M,16.08
TEX,NA,12,3.00,0,M,14.069999999999999
TEX,NA,13,3.00,0,M,16.08
TEX,NA,13,3.00,0,M,16.08
TEX,NA,14,4.00,0,M,18.089999999999996
TEX,NA,15,3.00,0,M,20.099999999999998
TEX,NA,16,3.00,0,M,22.11
TEX,NA,17,2.00,0,M,24.119999999999997
TEX,NA,18,2.00,0,M,26.129999999999995
TEX,NA,19,3.00,0,M,28.139999999999997
TEX,NA,20,2.00,0,M,30.15
TEX,NA,21,2.00,0,M,32.16
TEX,NA,22,2.00,0,M,34.169999999999995
TEX,NA,23,2.00,0,M,36.17999999999999
TEX,NA,23,1.00,0,M,36.17999999999999
TEX,NA,24,0.00,0,M,38.19
TEX,NA,26,0.00,0,M,42.209999999999994
TEX,NA,26,-1.00,0,M,42.209999999999994
TEX,NA,26,-5.00,0,M,42.209999999999994
TEX,NA,26,-8.00,0,M,42.209999999999994
TEX,NA,26,-7.00,0,M,42.209999999999994
TEX,NA,27,-6.00,0,M,44.22
TEX,NA,28,-5.00,0,M,46.23
TEX,NA,27,-8.00,0,M,44.22
TEX,NA,27,-11.00,0,M,44.22
TEX,NA,27,-11.00,0,M,44.22
TEX,NA,28,-11.00,0,M,46.23
TEX,NA,28,-10.00,0,M,46.23
TEX,NA,27,-6.00,0,M,44.22
TEX,NA,26,-5.00,0,M,42.209999999999994
TEX,NA,27,-8.00,0,M,44.22
TEX,NA,26,-2.00,0,M,42.209999999999994
TEX,NA,24,-1.00,0,M,38.19
TEX,NA,21,1.00,1.02,M,32.16
TEX,NA,20,6.00,1.02,M,30.15
TEX,NA,22,2.00,0,M,34.169999999999995
TEX,NA,21,6.00,0,M,32.16
TEX,NA,21,4.00,0,M,32.16
TEX,NA,21,4.00,0,M,32.16
TEX,NA,21,2.00,0,M,32.16
TEX,NA,21,5.00,0,M,32.16
TEX,NA,20,5.00,0,M,30.15
TEX,NA,20,5.00,0,M,30.15
TEX,NA,20,3.00,0,M,30.15
TEX,NA,20,3.00,0,M,30.15
TEX,NA,20,4.00,0,M,30.15
TEX,NA,20,2.00,0,M,30.15
TEX,NA,19,2.00,0,M,28.139999999999997
TEX,NA,20,5.00,0,M,30.15
TEX,NA,19,3.00,0,M,28.139999999999997
TEX,NA,18,3.00,0,M,26.129999999999995
TEX,NA,20,1.00,0,M,30.15
TEX,NA,20,2.00,0,M,30.15
TEX,NA,20,2.00,0,M,30.15
TEX,NA,20,2.00,0,M,30.15
TEX,NA,20,2.00,0,M,30.15
TEX,NA,19,3.00,0,M,28.139999999999997
TEX,NA,18,3.00,0,M,26.129999999999995
TEX,NA,18,2.00,0,M,26.129999999999995
TEX,NA,18,2.00,0,M,26.129999999999995
TEX,NA,17,3.00,0,M,24.119999999999997
TEX,NA,17,2.00,0,M,24.119999999999997
TEX,NA,17,2.00,0,M,24.119999999999997
TEX,NA,17,3.00,0,M,24.119999999999997
TEX,NA,16,3.00,0,M,22.11
TEX,NA,16,3.00,0,M,22.11
TEX,NA,17,2.00,0,M,24.119999999999997
TEX,NA,16,3.00,0,M,22.11
TEX,NA,15,3.00,0,M,20.099999999999998
TEX,NA,15,3.00,0,M,20.099999999999998
TEX,NA,15,3.00,0,M,20.099999999999998
TEX,NA,15,3.00,0,M,20.099999999999998
TEX,NA,15,3.00,0,M,20.099999999999998
TEX,NA,14,3.00,0,M,18.089999999999996
TEX,NA,14,3.00,0,M,18.089999999999996
TEX,NA,15,3.00,0,M,20.099999999999998
TEX,NA,15,3.00,0,M,20.099999999999998
TEX,NA,16,4.00,0,M,22.11
TEX,NA,17,3.00,0,M,24.119999999999997
TEX,NA,18,2.00,0,M,26.129999999999995
TEX,NA,18,5.00,0,M,26.129999999999995
TEX,NA,19,3.00,0,M,28.139999999999997
TEX,NA,20,1.00,0,M,30.15
TEX,NA,21,1.00,0,M,32.16
TEX,NA,22,1.00,0,M,34.169999999999995
TEX,NA,23,0.00,0,M,36.17999999999999
TEX,NA,23,1.00,0,M,36.17999999999999
TEX,NA,24,0.00,0,M,38.19
TEX,NA,25,0.00,0,M,40.199999999999996
TEX,NA,24,1.00,0,M,38.19
TEX,NA,24,1.00,0,M,38.19
TEX,NA,24,1.00,0,M,38.19
TEX,NA,24,0.00,0,M,38.19
TEX,NA,23,0.00,0,M,36.17999999999999
TEX,NA,24,0.00,0,M,38.19
TEX,NA,23,-3.00,0,M,36.17999999999999
TEX,NA,22,0.00,0,M,34.169999999999995
TEX,NA,23,0.00,0,M,36.17999999999999
TEX,NA,22,0.00,0,M,34.169999999999995
TEX,NA,22,2.00,0,M,34.169999999999995
TEX,NA,20,4.00,0,M,30.15
TEX,NA,20,5.00,0,M,30.15
TEX,NA,20,6.00,0,M,30.15
TEX,NA,20,6.00,0,M,30.15
TEX,NA,21,5.00,0,M,32.16
TEX,NA,22,5.00,0,M,34.169999999999995
TEX,NA,22,3.00,0,M,34.169999999999995
TEX,NA,22,4.00,0,M,34.169999999999995
TEX,NA,22,4.00,0,M,34.169999999999995
TEX,NA,22,5.00,0,M,34.169999999999995
TEX,NA,22,5.00,0,M,34.169999999999995
TEX,NA,22,5.00,0,M,34.169999999999995
TEX,NA,21,6.00,0,M,32.16
TEX,NA,21,6.00,0,M,32.16
TEX,NA,21,5.00,0,M,32.16
TEX,NA,19,5.00,0,M,28.139999999999997
TEX,NA,18,7.00,0,M,26.129999999999995
TEX,NA,18,6.00,0,M,26.129999999999995
TEX,NA,17,7.00,0,M,24.119999999999997
TEX,NA,16,7.00,0,M,22.11
TEX,NA,17,7.00,0,M,24.119999999999997
TEX,NA,17,7.00,0,M,24.119999999999997
TEX,NA,16,8.00,0,M,22.11
TEX,NA,15,8.00,0,M,20.099999999999998
TEX,NA,16,7.00,0,M,22.11
TEX,NA,15,7.00,0,M,20.099999999999998
TEX,NA,15,7.00,0,M,20.099999999999998
TEX,NA,15,7.00,0,M,20.099999999999998
TEX,NA,15,7.00,0,M,20.099999999999998
TEX,NA,14,7.00,0,M,18.089999999999996
TEX,NA,15,7.00,0,M,20.099999999999998
TEX,NA,14,6.00,0,M,18.089999999999996
TEX,NA,14,6.00,0,M,18.089999999999996
TEX,NA,14,6.00,0,M,18.089999999999996
TEX,NA,14,6.00,0,M,18.089999999999996
TEX,NA,13,6.00,0,M,16.08
TEX,NA,13,5.00,0,M,16.08
TEX,NA,13,6.00,0,M,16.08
TEX,NA,13,6.00,0,M,16.08
TEX,NA,13,6.00,0,M,16.08
TEX,NA,13,5.00,0,M,16.08
TEX,NA,13,5.00,0,M,16.08
TEX,NA,12,5.00,0,M,14.069999999999999
TEX,NA,13,5.00,0,M,16.08
TEX,NA,13,5.00,0,M,16.08
TEX,NA,13,5.00,0,M,16.08
TEX,NA,13,5.00,0,M,16.08
TEX,NA,14,5.00,0,M,18.089999999999996
TEX,NA,15,5.00,0,M,20.099999999999998
TEX,NA,16,5.00,0,M,22.11
TEX,NA,17,4.00,0,M,24.119999999999997
TEX,NA,18,5.00,0,M,26.129999999999995
TEX,NA,18,5.00,0,M,26.129999999999995
TEX,NA,20,5.00,0,M,30.15
TEX,NA,21,4.00,0,M,32.16
TEX,NA,22,3.00,0,M,34.169999999999995
TEX,NA,23,2.00,0,M,36.17999999999999
TEX,NA,24,2.00,0,M,38.19
TEX,NA,25,1.00,0,M,40.199999999999996
TEX,NA,25,0.00,0,M,40.199999999999996
TEX,NA,25,1.00,0,M,40.199999999999996
TEX,NA,26,0.00,0,M,42.209999999999994
TEX,NA,24,0.00,0,M,38.19
TEX,NA,25,0.00,0,M,40.199999999999996
TEX,NA,22,2.00,0,M,34.169999999999995
TEX,NA,21,5.00,0,M,32.16
TEX,NA,21,6.00,0,M,32.16
TEX,NA,22,3.00,0,M,34.169999999999995
TEX,NA,23,3.00,0,M,36.17999999999999
TEX,NA,24,3.00,0,M,38.19
TEX,NA,24,3.00,0,M,38.19
TEX,NA,23,3.00,0,M,36.17999999999999
TEX,NA,23,3.00,0,M,36.17999999999999
TEX,NA,23,3.00,0,M,36.17999999999999
TEX,NA,22,5.00,0,M,34.169999999999995
TEX,NA,21,6.00,0,M,32.16
TEX,NA,21,5.00,0,M,32.16
TEX,NA,21,5.00,0,M,32.16
TEX,NA,21,5.00,0,M,32.16
TEX,NA,21,4.00,0,M,32.16
TEX,NA,20,6.00,0,M,30.15
TEX,NA,19,5.00,0,M,28.139999999999997
TEX,NA,18,6.00,0,M,26.129999999999995
TEX,NA,18,6.00,0,M,26.129999999999995
TEX,NA,17,7.00,0,M,24.119999999999997
TEX,NA,17,7.00,0,M,24.119999999999997
TEX,NA,18,6.00,0,M,26.129999999999995
TEX,NA,17,6.00,0,M,24.119999999999997
TEX,NA,16,6.00,0,M,22.11
TEX,NA,17,6.00,0,M,24.119999999999997
TEX,NA,17,6.00,0,M,24.119999999999997
TEX,NA,15,7.00,0,M,20.099999999999998
TEX,NA,15,7.00,0,M,20.099999999999998
TEX,NA,15,7.00,0,M,20.099999999999998
TEX,NA,15,7.00,0,M,20.099999999999998
TEX,NA,15,6.00,0,M,20.099999999999998
TEX,NA,15,7.00,0,M,20.099999999999998
TEX,NA,15,7.00,0,M,20.099999999999998
TEX,NA,15,7.00,0,M,20.099999999999998
TEX,NA,15,7.00,0,M,20.099999999999998
TEX,NA,15,7.00,0,M,20.099999999999998
TEX,NA,15,7.00,0,M,20.099999999999998
TEX,NA,15,6.00,0,M,20.099999999999998
TEX,NA,15,7.00,0,M,20.099999999999998
TEX,NA,15,6.00,0,M,20.099999999999998
TEX,NA,15,6.00,0,M,20.099999999999998
TEX,NA,15,6.00,0,M,20.099999999999998
TEX,NA,16,6.00,0,M,22.11
TEX,NA,16,5.00,0,M,22.11
TEX,NA,16,5.00,0,M,22.11
TEX,NA,17,3.00,0,M,24.119999999999997
TEX,NA,17,4.00,0,M,24.119999999999997
TEX,NA,17,3.00,0,M,24.119999999999997
TEX,NA,17,3.00,0,M,24.119999999999997
TEX,NA,16,4.00,0,M,22.11
TEX,NA,17,3.00,0,M,24.119999999999997
TEX,NA,16,5.00,0,M,22.11
TEX,NA,15,5.00,0,M,20.099999999999998
TEX,NA,15,5.00,0,M,20.099999999999998
TEX,NA,15,5.00,0,M,20.099999999999998
TEX,NA,16,5.00,0,M,22.11
TEX,NA,17,5.00,0,M,24.119999999999997
TEX,NA,17,5.00,0,M,24.119999999999997
TEX,NA,18,5.00,0,M,26.129999999999995
TEX,NA,19,5.00,0,M,28.139999999999997
TEX,NA,20,5.00,0,M,30.15
TEX,NA,22,2.00,0,M,34.169999999999995
TEX,NA,22,2.00,0,M,34.169999999999995
TEX,NA,23,1.00,0,M,36.17999999999999
TEX,NA,23,1.00,0,M,36.17999999999999
TEX,NA,25,1.00,0,M,40.199999999999996
TEX,NA,24,1.00,0,M,38.19
TEX,NA,24,1.00,0,M,38.19
TEX,NA,24,1.00,0,M,38.19
TEX,NA,23,1.00,0,M,36.17999999999999
TEX,NA,22,2.00,0,M,34.169999999999995
TEX,NA,23,2.00,0,M,36.17999999999999
TEX,NA,23,2.00,0,M,36.17999999999999
TEX,NA,21,7.00,0,M,32.16
TEX,NA,22,7.00,0,M,34.169999999999995
TEX,NA,21,7.00,0,M,32.16
TEX,NA,20,6.00,0,M,30.15
TEX,NA,19,8.00,0,M,28.139999999999997
TEX,NA,18,7.00,0,M,26.129999999999995
TEX,NA,20,4.00,0,M,30.15
TEX,NA,19,6.00,0,M,28.139999999999997
TEX,NA,20,5.00,0,M,30.15
TEX,NA,20,3.00,0,M,30.15
TEX,NA,20,3.00,0,M,30.15
TEX,NA,21,2.00,0,M,32.16
TEX,NA,20,5.00,0,M,30.15
TEX,NA,20,6.00,0,M,30.15
TEX,NA,20,6.00,0,M,30.15
TEX,NA,20,4.00,0,M,30.15
TEX,NA,20,3.00,0,M,30.15
TEX,NA,20,4.00,0,M,30.15
TEX,NA,20,5.00,0,M,30.15
TEX,NA,19,5.00,0,M,28.139999999999997
TEX,NA,18,5.00,0,M,26.129999999999995
TEX,NA,18,4.00,0,M,26.129999999999995
TEX,NA,18,3.00,0,M,26.129999999999995
TEX,NA,18,4.00,0,M,26.129999999999995
TEX,NA,17,4.00,0,M,24.119999999999997
TEX,NA,17,4.00,0,M,24.119999999999997
TEX,NA,17,5.00,0,M,24.119999999999997
TEX,NA,17,4.00,0,M,24.119999999999997
TEX,NA,16,5.00,0,M,22.11
TEX,NA,17,5.00,0,M,24.119999999999997
TEX,NA,16,5.00,0,M,22.11
TEX,NA,16,5.00,0,M,22.11
TEX,NA,16,5.00,0,M,22.11
TEX,NA,16,5.00,0,M,22.11
TEX,NA,16,5.00,0,M,22.11
TEX,NA,16,5.00,0,M,22.11
TEX,NA,16,5.00,0,M,22.11
TEX,NA,15,5.00,0,M,20.099999999999998
TEX,NA,15,5.00,0,M,20.099999999999998
TEX,NA,15,6.00,0,M,20.099999999999998
TEX,NA,15,5.00,0,M,20.099999999999998
TEX,NA,15,5.00,0,M,20.099999999999998
TEX,NA,14,6.00,0,M,18.089999999999996
TEX,NA,13,6.00,0,M,16.08
TEX,NA,13,6.00,0,M,16.08
TEX,NA,13,6.00,0,M,16.08
TEX,NA,13,6.00,0,M,16.08
TEX,NA,12,6.00,0,M,14.069999999999999
TEX,NA,12,5.00,0,M,14.069999999999999
TEX,NA,12,5.00,0,M,14.069999999999999
TEX,NA,12,5.00,0,M,14.069999999999999
TEX,NA,12,5.00,0,M,14.069999999999999
TEX,NA,13,5.00,0,M,16.08
TEX,NA,13,5.00,0,M,16.08
TEX,NA,15,5.00,0,M,20.099999999999998
TEX,NA,16,5.00,0,M,22.11
TEX,NA,16,6.00,0,M,22.11
TEX,NA,16,6.00,0,M,22.11
TEX,NA,17,7.00,0,M,24.119999999999997
TEX,NA,18,7.00,0,M,26.129999999999995
TEX,NA,18,5.00,0,M,26.129999999999995
TEX,NA,19,6.00,0,M,28.139999999999997
TEX,NA,20,4.00,0,M,30.15
TEX,NA,21,5.00,0,M,32.16
TEX,NA,22,3.00,0,M,34.169999999999995
TEX,NA,22,2.00,0,M,34.169999999999995
TEX,NA,23,2.00,0,M,36.17999999999999
TEX,NA,24,2.00,0,M,38.19
TEX,NA,22,6.00,0,M,34.169999999999995
TEX,NA,21,6.00,0,M,32.16
TEX,NA,23,4.00,0,M,36.17999999999999
TEX,NA,23,2.00,0,M,36.17999999999999
TEX,NA,24,1.00,0,M,38.19
TEX,NA,24,2.00,0,M,38.19
TEX,NA,24,2.00,0,M,38.19
TEX,NA,24,2.00,0,M,38.19
TEX,NA,25,1.00,0,M,40.199999999999996
TEX,NA,25,1.00,0,M,40.199999999999996
TEX,NA,26,1.00,0,M,42.209999999999994
TEX,NA,24,2.00,0,M,38.19
TEX,NA,23,2.00,0,M,36.17999999999999
TEX,NA,23,2.00,0,M,36.17999999999999
TEX,NA,23,2.00,0,M,36.17999999999999
TEX,NA,21,6.00,0,M,32.16
TEX,NA,20,6.00,0,M,30.15
TEX,NA,20,6.00,0,M,30.15
TEX,NA,20,6.00,0,M,30.15
TEX,NA,19,7.00,0,M,28.139999999999997
TEX,NA,18,7.00,0,M,26.129999999999995
TEX,NA,18,8.00,0,M,26.129999999999995
TEX,NA,18,8.00,0,M,26.129999999999995
TEX,NA,20,4.00,0,M,30.15
TEX,NA,18,5.00,0,M,26.129999999999995
TEX,NA,20,2.00,0,M,30.15
TEX,NA,18,3.00,0,M,26.129999999999995
TEX,NA,19,2.00,0,M,28.139999999999997
TEX,NA,18,3.00,0,M,26.129999999999995
TEX,NA,18,4.00,0,M,26.129999999999995
TEX,NA,17,4.00,0,M,24.119999999999997
TEX,NA,17,4.00,0,M,24.119999999999997
TEX,NA,17,4.00,0,M,24.119999999999997
TEX,NA,16,5.00,0,M,22.11
TEX,NA,16,5.00,0,M,22.11
TEX,NA,16,5.00,0,M,22.11
TEX,NA,15,5.00,0,M,20.099999999999998
TEX,NA,15,5.00,0,M,20.099999999999998
TEX,NA,15,5.00,0,M,20.099999999999998
TEX,NA,15,5.00,0,M,20.099999999999998
TEX,NA,14,5.00,0,M,18.089999999999996
TEX,NA,15,5.00,0,M,20.099999999999998
TEX,NA,14,5.00,0,M,18.089999999999996
TEX,NA,13,5.00,0,M,16.08
TEX,NA,13,5.00,0,M,16.08
TEX,NA,13,5.00,0,M,16.08
TEX,NA,12,5.00,0,M,14.069999999999999
TEX,NA,12,4.00,0,M,14.069999999999999
TEX,NA,12,4.00,0,M,14.069999999999999
TEX,NA,12,3.00,0,M,14.069999999999999
TEX,NA,12,3.00,0,M,14.069999999999999
TEX,NA,13,3.00,0,M,16.08
TEX,NA,12,3.00,0,M,14.069999999999999
TEX,NA,12,3.00,0,M,14.069999999999999
TEX,NA,12,3.00,0,M,14.069999999999999
TEX,NA,12,3.00,0,M,14.069999999999999
TEX,NA,12,3.00,0,M,14.069999999999999
TEX,NA,13,3.00,0,M,16.08
TEX,NA,14,3.00,0,M,18.089999999999996
TEX,NA,16,2.00,0,M,22.11
TEX,NA,17,2.00,0,M,24.119999999999997
TEX,NA,18,2.00,0,M,26.129999999999995
TEX,NA,18,3.00,0,M,26.129999999999995
TEX,NA,20,2.00,0,M,30.15
TEX,NA,21,1.00,0,M,32.16
TEX,NA,21,0.00,0,M,32.16
TEX,NA,22,0.00,0,M,34.169999999999995
TEX,NA,23,-1.00,0,M,36.17999999999999
TEX,NA,23,-2.00,0,M,36.17999999999999
TEX,NA,25,-4.00,0,M,40.199999999999996
TEX,NA,25,-6.00,0,M,40.199999999999996
TEX,NA,25,-5.00,0,M,40.199999999999996
TEX,NA,25,-2.00,0,M,40.199999999999996
TEX,NA,25,-3.00,0,M,40.199999999999996
TEX,NA,25,-3.00,0,M,40.199999999999996
TEX,NA,26,-5.00,0,M,42.209999999999994
TEX,NA,25,-5.00,0,M,40.199999999999996
TEX,NA,24,-4.00,0,M,38.19
TEX,NA,23,0.00,0,M,36.17999999999999
TEX,NA,21,1.00,0,M,32.16
TEX,NA,20,3.00,0,M,30.15
TEX,NA,16,6.00,0,M,22.11
TEX,NA,17,6.00,0,M,24.119999999999997
TEX,NA,16,6.00,0.25,M,22.11
TEX,NA,15,7.00,0.25,M,20.099999999999998
TEX,NA,16,7.00,0.25,M,22.11
TEX,NA,17,7.00,0.25,M,24.119999999999997
TEX,NA,16,7.00,0,M,22.11
TEX,NA,16,8.00,0,M,22.11
TEX,NA,17,7.00,0,M,24.119999999999997
TEX,NA,17,8.00,0,M,24.119999999999997
TEX,NA,17,8.00,0,M,24.119999999999997
TEX,NA,16,8.00,0,M,22.11
TEX,NA,16,8.00,0,M,22.11
TEX,NA,16,8.00,0,M,22.11
TEX,NA,16,7.00,0,M,22.11
TEX,NA,16,7.00,0,M,22.11
TEX,NA,16,7.00,0,M,22.11
TEX,NA,15,8.00,0,M,20.099999999999998
TEX,NA,15,6.00,0,M,20.099999999999998
TEX,NA,15,7.00,0,M,20.099999999999998
TEX,NA,15,6.00,0,M,20.099999999999998
TEX,NA,15,7.00,0,M,20.099999999999998
TEX,NA,15,7.00,0,M,20.099999999999998
TEX,NA,15,7.00,0,M,20.099999999999998
TEX,NA,15,7.00,0,M,20.099999999999998
TEX,NA,14,8.00,0,M,18.089999999999996
TEX,NA,14,7.00,0,M,18.089999999999996
TEX,NA,15,6.00,0,M,20.099999999999998
TEX,NA,15,6.00,0,M,20.099999999999998
TEX,NA,15,7.00,0,M,20.099999999999998
TEX,NA,15,6.00,0,M,20.099999999999998
TEX,NA,13,7.00,0,M,16.08
TEX,NA,14,7.00,0,M,18.089999999999996
TEX,NA,14,7.00,0,M,18.089999999999996
TEX,NA,14,7.00,0,M,18.089999999999996
TEX,NA,13,7.00,0,M,16.08
TEX,NA,13,7.00,0,M,16.08
TEX,NA,13,7.00,0,M,16.08
TEX,NA,13,7.00,0,M,16.08
TEX,NA,13,6.00,0,M,16.08
TEX,NA,13,6.00,0,M,16.08
TEX,NA,14,6.00,0,M,18.089999999999996
TEX,NA,14,6.00,0,M,18.089999999999996
TEX,NA,13,6.00,0,M,16.08
TEX,NA,14,6.00,0,M,18.089999999999996
TEX,NA,14,6.00,0,M,18.089999999999996
TEX,NA,14,6.00,0,M,18.089999999999996
TEX,NA,13,6.00,0,M,16.08
TEX,NA,14,6.00,0,M,18.089999999999996
TEX,NA,15,5.00,0,M,20.099999999999998
TEX,NA,15,6.00,0,M,20.099999999999998
TEX,NA,15,6.00,0,M,20.099999999999998
TEX,NA,15,6.00,0,M,20.099999999999998
TEX,NA,16,6.00,0,M,22.11
TEX,NA,16,6.00,0,M,22.11
TEX,NA,16,5.00,0,M,22.11
TEX,NA,18,5.00,0,M,26.129999999999995
TEX,NA,18,5.00,0,M,26.129999999999995
TEX,NA,18,3.00,0,M,26.129999999999995
TEX,NA,20,3.00,0,M,30.15
TEX,NA,21,3.00,0,M,32.16
TEX,NA,20,3.00,0,M,30.15
TEX,NA,18,6.00,0,M,26.129999999999995
TEX,NA,18,7.00,0,M,26.129999999999995
TEX,NA,19,6.00,0,M,28.139999999999997
TEX,NA,19,7.00,0,M,28.139999999999997
TEX,NA,17,7.00,0,M,24.119999999999997
TEX,NA,16,9.00,0,M,22.11
TEX,NA,16,8.00,0,M,22.11
TEX,NA,17,8.00,0,M,24.119999999999997
TEX,NA,17,7.00,0,M,24.119999999999997
TEX,NA,17,7.00,0,M,24.119999999999997
TEX,NA,16,10.00,0,M,22.11
TEX,NA,16,10.00,0,M,22.11
TEX,NA,16,10.00,0,M,22.11
TEX,NA,16,10.00,0,M,22.11
TEX,NA,16,11.00,0,M,22.11
TEX,NA,16,8.00,0,M,22.11
TEX,NA,17,8.00,0,M,24.119999999999997
TEX,NA,17,10.00,0,M,24.119999999999997
TEX,NA,17,9.00,0,M,24.119999999999997
TEX,NA,17,8.00,0,M,24.119999999999997
TEX,NA,16,10.00,0,M,22.11
TEX,NA,16,10.00,0,M,22.11
TEX,NA,16,9.00,0,M,22.11
TEX,NA,15,10.00,0.25,M,20.099999999999998
TEX,NA,13,9.00,0.51,M,16.08
TEX,NA,13,9.00,0,M,16.08
TEX,NA,14,8.00,0,M,18.089999999999996
TEX,NA,13,10.00,0,M,16.08
TEX,NA,12,9.00,0,M,14.069999999999999
TEX,NA,11,10.00,2.03,M,12.059999999999999
TEX,NA,11,10.00,3.81,M,12.059999999999999
TEX,NA,11,10.00,0.25,M,12.059999999999999
TEX,NA,11,10.00,0.25,M,12.059999999999999
TEX,NA,11,10.00,0.25,M,12.059999999999999
TEX,NA,12,8.00,0,M,14.069999999999999
TEX,NA,12,9.00,0,M,14.069999999999999
TEX,NA,12,10.00,0,M,14.069999999999999
TEX,NA,12,10.00,0,M,14.069999999999999
TEX,NA,12,9.00,0,M,14.069999999999999
TEX,NA,12,10.00,0,M,14.069999999999999
TEX,NA,11,10.00,1.27,M,12.059999999999999
TEX,NA,11,10.00,4.06,M,12.059999999999999
TEX,NA,11,10.00,4.32,M,12.059999999999999
TEX,NA,11,9.00,0.51,M,12.059999999999999
TEX,NA,11,9.00,0.51,M,12.059999999999999
TEX,NA,11,9.00,0.51,M,12.059999999999999
TEX,NA,11,9.00,0.25,M,12.059999999999999
TEX,NA,11,9.00,0.51,M,12.059999999999999
TEX,NA,11,10.00,0.76,M,12.059999999999999
TEX,NA,11,9.00,0,M,12.059999999999999
TEX,NA,11,10.00,0,M,12.059999999999999
TEX,NA,11,10.00,0,M,12.059999999999999
TEX,NA,11,9.00,0,M,12.059999999999999
TEX,NA,11,9.00,0,M,12.059999999999999
TEX,NA,11,10.00,0,M,12.059999999999999
TEX,NA,11,9.00,0,M,12.059999999999999
TEX,NA,12,9.00,0,M,14.069999999999999
TEX,NA,12,9.00,0,M,14.069999999999999
TEX,NA,11,9.00,0,M,12.059999999999999
TEX,NA,13,9.00,0,M,16.08
TEX,NA,15,9.00,0,M,20.099999999999998
TEX,NA,16,9.00,0,M,22.11
TEX,NA,16,8.00,0,M,22.11
TEX,NA,17,8.00,0,M,24.119999999999997
TEX,NA,17,8.00,0,M,24.119999999999997
TEX,NA,17,8.00,0,M,24.119999999999997
TEX,NA,18,8.00,0,M,26.129999999999995
TEX,NA,18,8.00,0,M,26.129999999999995
TEX,NA,17,7.00,0,M,24.119999999999997
TEX,NA,17,9.00,0,M,24.119999999999997
TEX,NA,15,10.00,1.52,M,20.099999999999998
TEX,NA,15,8.00,2.03,M,20.099999999999998
TEX,NA,15,8.00,2.03,M,20.099999999999998
TEX,NA,15,7.00,0,M,20.099999999999998
TEX,NA,16,7.00,0,M,22.11
TEX,NA,17,8.00,0,M,24.119999999999997
TEX,NA,18,7.00,0,M,26.129999999999995
TEX,NA,19,7.00,0,M,28.139999999999997
TEX,NA,20,7.00,0,M,30.15
TEX,NA,19,6.00,0,M,28.139999999999997
TEX,NA,20,6.00,0,M,30.15
TEX,NA,20,6.00,0,M,30.15
TEX,NA,20,6.00,0,M,30.15
TEX,NA,21,6.00,0,M,32.16
TEX,NA,21,6.00,0,M,32.16
TEX,NA,20,6.00,0,M,30.15
TEX,NA,20,6.00,0,M,30.15
TEX,NA,21,6.00,0,M,32.16
TEX,NA,21,5.00,0,M,32.16
TEX,NA,20,5.00,0,M,30.15
TEX,NA,20,7.00,0,M,30.15
TEX,NA,20,7.00,0,M,30.15
TEX,NA,19,7.00,0,M,28.139999999999997
TEX,NA,19,7.00,0,M,28.139999999999997
TEX,NA,18,8.00,0,M,26.129999999999995
TEX,NA,17,8.00,0,M,24.119999999999997
TEX,NA,18,7.00,0,M,26.129999999999995
TEX,NA,17,8.00,0,M,24.119999999999997
TEX,NA,17,8.00,0,M,24.119999999999997
TEX,NA,17,8.00,0,M,24.119999999999997
TEX,NA,13,10.00,1.02,M,16.08
TEX,NA,13,10.00,2.03,M,16.08
TEX,NA,12,11.00,2.54,M,14.069999999999999
TEX,NA,12,10.00,0,M,14.069999999999999
TEX,NA,12,10.00,0,M,14.069999999999999
TEX,NA,12,10.00,0,M,14.069999999999999
TEX,NA,13,10.00,0,M,16.08
TEX,NA,13,10.00,0,M,16.08
TEX,NA,12,10.00,0,M,14.069999999999999
TEX,NA,12,9.00,0,M,14.069999999999999
TEX,NA,12,9.00,0,M,14.069999999999999
TEX,NA,12,10.00,0,M,14.069999999999999
TEX,NA,12,9.00,0,M,14.069999999999999
TEX,NA,12,9.00,0,M,14.069999999999999
TEX,NA,12,9.00,0,M,14.069999999999999
TEX,NA,12,9.00,0,M,14.069999999999999
TEX,NA,12,9.00,0,M,14.069999999999999
TEX,NA,12,9.00,0,M,14.069999999999999
TEX,NA,12,8.00,0,M,14.069999999999999
TEX,NA,12,9.00,0,M,14.069999999999999
TEX,NA,12,8.00,0,M,14.069999999999999
TEX,NA,12,9.00,0,M,14.069999999999999
TEX,NA,12,8.00,0,M,14.069999999999999
TEX,NA,12,8.00,0,M,14.069999999999999
TEX,NA,12,8.00,0,M,14.069999999999999
TEX,NA,11,9.00,0,M,12.059999999999999
TEX,NA,12,8.00,0,M,14.069999999999999
TEX,NA,12,8.00,0,M,14.069999999999999
TEX,NA,13,9.00,0,M,16.08
TEX,NA,13,10.00,0,M,16.08
TEX,NA,12,9.00,0,M,14.069999999999999
TEX,NA,13,8.00,0,M,16.08
TEX,NA,14,8.00,0,M,18.089999999999996
TEX,NA,14,8.00,0,M,18.089999999999996
TEX,NA,13,10.00,0,M,16.08
TEX,NA,13,10.00,0,M,16.08
TEX,NA,13,10.00,0,M,16.08
TEX,NA,14,10.00,0,M,18.089999999999996
TEX,NA,13,11.00,0,M,16.08
TEX,NA,14,11.00,0,M,18.089999999999996
TEX,NA,14,10.00,0,M,18.089999999999996
TEX,NA,15,10.00,0,M,20.099999999999998
TEX,NA,16,9.00,0,M,22.11
TEX,NA,17,7.00,0,M,24.119999999999997
TEX,NA,18,7.00,0,M,26.129999999999995
TEX,NA,19,7.00,0,M,28.139999999999997
TEX,NA,20,3.00,0,M,30.15
TEX,NA,20,6.00,0,M,30.15
TEX,NA,20,5.00,0,M,30.15
TEX,NA,21,6.00,0,M,32.16
TEX,NA,21,6.00,0,M,32.16
TEX,NA,21,5.00,0,M,32.16
TEX,NA,22,3.00,0,M,34.169999999999995
TEX,NA,22,4.00,0,M,34.169999999999995
TEX,NA,22,3.00,0,M,34.169999999999995
TEX,NA,22,4.00,0,M,34.169999999999995
TEX,NA,22,5.00,0,M,34.169999999999995
TEX,NA,22,5.00,0,M,34.169999999999995
TEX,NA,22,5.00,0,M,34.169999999999995
TEX,NA,22,4.00,0,M,34.169999999999995
TEX,NA,22,3.00,0,M,34.169999999999995
TEX,NA,21,5.00,0,M,32.16
TEX,NA,21,5.00,0,M,32.16
TEX,NA,20,5.00,0,M,30.15
TEX,NA,20,6.00,0,M,30.15
TEX,NA,19,7.00,0,M,28.139999999999997
TEX,NA,18,7.00,0,M,26.129999999999995
TEX,NA,19,7.00,0,M,28.139999999999997
TEX,NA,18,7.00,0,M,26.129999999999995
TEX,NA,18,8.00,0,M,26.129999999999995
TEX,NA,18,8.00,0,M,26.129999999999995
TEX,NA,16,8.00,0,M,22.11
TEX,NA,12,8.00,0.51,M,14.069999999999999
TEX,NA,13,7.00,0.76,M,16.08
TEX,NA,12,8.00,1.27,M,14.069999999999999
TEX,NA,11,9.00,0,M,12.059999999999999
TEX,NA,11,8.00,0.25,M,12.059999999999999
TEX,NA,10,8.00,0.25,M,10.049999999999999
TEX,NA,11,8.00,0,M,12.059999999999999
TEX,NA,11,8.00,0.25,M,12.059999999999999
TEX,NA,11,9.00,0.76,M,12.059999999999999
TEX,NA,11,8.00,0,M,12.059999999999999
TEX,NA,10,9.00,0,M,10.049999999999999
TEX,NA,11,8.00,0,M,12.059999999999999
TEX,NA,11,8.00,0,M,12.059999999999999
TEX,NA,11,9.00,0,M,12.059999999999999
TEX,NA,10,9.00,0,M,10.049999999999999
TEX,NA,10,9.00,0,M,10.049999999999999
TEX,NA,11,8.00,0,M,12.059999999999999
TEX,NA,11,8.00,0,M,12.059999999999999
TEX,NA,11,8.00,0,M,12.059999999999999
TEX,NA,11,7.00,0,M,12.059999999999999
TEX,NA,12,6.00,0,M,14.069999999999999
TEX,NA,12,6.00,0,M,14.069999999999999
TEX,NA,13,5.00,0,M,16.08
TEX,NA,13,5.00,0,M,16.08
TEX,NA,12,6.00,0,M,14.069999999999999
TEX,NA,12,6.00,0,M,14.069999999999999
TEX,NA,12,5.00,0,M,14.069999999999999
TEX,NA,12,6.00,0,M,14.069999999999999
TEX,NA,11,7.00,0,M,12.059999999999999
TEX,NA,12,7.00,0,M,14.069999999999999
TEX,NA,13,7.00,0,M,16.08
TEX,NA,13,6.00,0,M,16.08
TEX,NA,14,7.00,0,M,18.089999999999996
TEX,NA,15,7.00,0,M,20.099999999999998
TEX,NA,16,8.00,0,M,22.11
TEX,NA,15,8.00,0,M,20.099999999999998
TEX,NA,17,7.00,0,M,24.119999999999997
TEX,NA,17,6.00,0,M,24.119999999999997
TEX,NA,18,6.00,0,M,26.129999999999995
TEX,NA,18,5.00,0,M,26.129999999999995
TEX,NA,18,5.00,0,M,26.129999999999995
TEX,NA,19,6.00,0,M,28.139999999999997
TEX,NA,20,6.00,0,M,30.15
TEX,NA,19,7.00,0,M,28.139999999999997
TEX,NA,18,7.00,0,M,26.129999999999995
TEX,NA,17,9.00,0,M,24.119999999999997
TEX,NA,16,9.00,0,M,22.11
TEX,NA,16,10.00,0,M,22.11
TEX,NA,17,8.00,0,M,24.119999999999997
TEX,NA,17,8.00,0,M,24.119999999999997
TEX,NA,16,9.00,0,M,22.11
TEX,NA,17,7.00,0,M,24.119999999999997
TEX,NA,18,8.00,0,M,26.129999999999995
TEX,NA,18,8.00,0,M,26.129999999999995
TEX,NA,19,7.00,0,M,28.139999999999997
TEX,NA,20,7.00,0,M,30.15
TEX,NA,20,6.00,0,M,30.15
TEX,NA,20,7.00,0,M,30.15
TEX,NA,20,7.00,0,M,30.15
TEX,NA,19,7.00,0,M,28.139999999999997
TEX,NA,20,7.00,0,M,30.15
TEX,NA,19,7.00,0,M,28.139999999999997
TEX,NA,20,6.00,0,M,30.15
TEX,NA,17,8.00,0,M,24.119999999999997
TEX,NA,17,8.00,0,M,24.119999999999997
TEX,NA,16,8.00,0,M,22.11
TEX,NA,16,10.00,0,M,22.11
TEX,NA,15,10.00,0,M,20.099999999999998
TEX,NA,15,9.00,0,M,20.099999999999998
TEX,NA,15,9.00,0,M,20.099999999999998
TEX,NA,16,9.00,0,M,22.11
TEX,NA,15,9.00,0,M,20.099999999999998
TEX,NA,15,10.00,0,M,20.099999999999998
TEX,NA,15,9.00,0,M,20.099999999999998
TEX,NA,15,8.00,0,M,20.099999999999998
TEX,NA,15,9.00,0,M,20.099999999999998
TEX,NA,15,9.00,0,M,20.099999999999998
TEX,NA,15,7.00,0,M,20.099999999999998
TEX,NA,13,8.00,0,M,16.08
TEX,NA,13,7.00,0,M,16.08
TEX,NA,13,7.00,0,M,16.08
TEX,NA,13,7.00,0,M,16.08
TEX,NA,13,8.00,0,M,16.08
TEX,NA,13,7.00,0,M,16.08
TEX,NA,12,8.00,0,M,14.069999999999999
TEX,NA,12,8.00,0,M,14.069999999999999
TEX,NA,11,8.00,0,M,12.059999999999999
TEX,NA,11,8.00,0,M,12.059999999999999
TEX,NA,11,8.00,0,M,12.059999999999999
TEX,NA,11,7.00,0,M,12.059999999999999
TEX,NA,11,7.00,0,M,12.059999999999999
TEX,NA,11,7.00,0,M,12.059999999999999
TEX,NA,12,6.00,0,M,14.069999999999999
TEX,NA,12,6.00,0,M,14.069999999999999
TEX,NA,12,7.00,0,M,14.069999999999999
TEX,NA,12,7.00,0,M,14.069999999999999
TEX,NA,12,7.00,0,M,14.069999999999999
TEX,NA,11,7.00,0,M,12.059999999999999
TEX,NA,12,6.00,0,M,14.069999999999999
TEX,NA,13,6.00,0,M,16.08
TEX,NA,14,6.00,0,M,18.089999999999996
TEX,NA,13,7.00,0,M,16.08
TEX,NA,15,6.00,0,M,20.099999999999998
TEX,NA,17,6.00,0,M,24.119999999999997
TEX,NA,18,7.00,0,M,26.129999999999995
TEX,NA,18,7.00,0,M,26.129999999999995
TEX,NA,18,6.00,0,M,26.129999999999995
TEX,NA,18,6.00,0,M,26.129999999999995
TEX,NA,18,6.00,0,M,26.129999999999995
TEX,NA,19,6.00,0,M,28.139999999999997
TEX,NA,18,6.00,0,M,26.129999999999995
TEX,NA,18,7.00,0,M,26.129999999999995
TEX,NA,20,7.00,0,M,30.15
TEX,NA,18,7.00,0,M,26.129999999999995
TEX,NA,16,10.00,0,M,22.11
TEX,NA,14,11.00,0,M,18.089999999999996
TEX,NA,12,8.00,1.78,M,14.069999999999999
TEX,NA,13,8.00,3.05,M,16.08
TEX,NA,12,10.00,1.27,M,14.069999999999999
TEX,NA,12,10.00,1.27,M,14.069999999999999
TEX,NA,12,10.00,1.27,M,14.069999999999999
TEX,NA,12,10.00,0.25,M,14.069999999999999
TEX,NA,12,10.00,0.51,M,14.069999999999999
TEX,NA,12,10.00,0.76,M,14.069999999999999
TEX,NA,12,10.00,0,M,14.069999999999999
TEX,NA,13,11.00,0,M,16.08
TEX,NA,13,10.00,0,M,16.08
TEX,NA,13,10.00,0,M,16.08
TEX,NA,13,10.00,0,M,16.08
TEX,NA,13,9.00,0,M,16.08
TEX,NA,14,9.00,0,M,18.089999999999996
TEX,NA,14,9.00,0,M,18.089999999999996
TEX,NA,14,9.00,0,M,18.089999999999996
TEX,NA,14,8.00,0,M,18.089999999999996
TEX,NA,14,8.00,0,M,18.089999999999996
TEX,NA,13,8.00,0,M,16.08
TEX,NA,13,10.00,0,M,16.08
TEX,NA,13,9.00,0,M,16.08
TEX,NA,10,8.00,4.06,M,10.049999999999999
TEX,NA,10,8.00,0.51,M,10.049999999999999
TEX,NA,10,7.00,3.3,M,10.049999999999999
TEX,NA,10,8.00,4.83,M,10.049999999999999
TEX,NA,10,8.00,0.51,M,10.049999999999999
TEX,NA,10,8.00,0.51,M,10.049999999999999
TEX,NA,10,7.00,0.51,M,10.049999999999999
TEX,NA,10,8.00,0,M,10.049999999999999
TEX,NA,10,7.00,0,M,10.049999999999999
TEX,NA,10,7.00,0,M,10.049999999999999
TEX,NA,11,7.00,0,M,12.059999999999999
TEX,NA,10,7.00,0,M,10.049999999999999
TEX,NA,10,8.00,0,M,10.049999999999999
TEX,NA,10,8.00,0,M,10.049999999999999
TEX,NA,10,8.00,0,M,10.049999999999999
TEX,NA,10,7.00,0,M,10.049999999999999
TEX,NA,10,7.00,0,M,10.049999999999999
TEX,NA,10,7.00,0,M,10.049999999999999
TEX,NA,10,6.00,0,M,10.049999999999999
TEX,NA,10,7.00,0,M,10.049999999999999
TEX,NA,9,7.00,0,M,8.04
TEX,NA,10,7.00,0,M,10.049999999999999
TEX,NA,10,7.00,0,M,10.049999999999999
TEX,NA,9,7.00,0,M,8.04
TEX,NA,9,7.00,0,M,8.04
TEX,NA,9,6.00,0,M,8.04
TEX,NA,9,6.00,0,M,8.04
TEX,NA,9,6.00,0,M,8.04
TEX,NA,9,6.00,0,M,8.04
TEX,NA,9,6.00,0,M,8.04
TEX,NA,9,6.00,0,M,8.04
TEX,NA,9,6.00,0,M,8.04
TEX,NA,9,6.00,0,M,8.04
TEX,NA,11,6.00,0,M,12.059999999999999
TEX,NA,11,6.00,0,M,12.059999999999999
TEX,NA,11,6.00,0,M,12.059999999999999
TEX,NA,12,7.00,0,M,14.069999999999999
TEX,NA,12,7.00,0,M,14.069999999999999
TEX,NA,13,8.00,0,M,16.08
TEX,NA,15,8.00,0,M,20.099999999999998
TEX,NA,16,8.00,0,M,22.11
TEX,NA,17,6.00,0,M,24.119999999999997
TEX,NA,18,5.00,0,M,26.129999999999995
TEX,NA,17,6.00,0,M,24.119999999999997
TEX,NA,17,6.00,0,M,24.119999999999997
TEX,NA,18,5.00,0,M,26.129999999999995
TEX,NA,19,5.00,0,M,28.139999999999997
TEX,NA,19,3.00,0,M,28.139999999999997
TEX,NA,20,2.00,0,M,30.15
TEX,NA,20,3.00,0,M,30.15
TEX,NA,20,4.00,0,M,30.15
TEX,NA,18,3.00,0,M,26.129999999999995
TEX,NA,19,2.00,0,M,28.139999999999997
TEX,NA,19,3.00,0,M,28.139999999999997
TEX,NA,19,3.00,0,M,28.139999999999997
TEX,NA,20,3.00,0,M,30.15
TEX,NA,20,2.00,0,M,30.15
TEX,NA,20,2.00,0,M,30.15
TEX,NA,20,2.00,0,M,30.15
TEX,NA,21,2.00,0,M,32.16
TEX,NA,20,2.00,0,M,30.15
TEX,NA,20,2.00,0,M,30.15
TEX,NA,20,1.00,0,M,30.15
TEX,NA,20,2.00,0,M,30.15
TEX,NA,20,1.00,0,M,30.15
TEX,NA,20,1.00,0,M,30.15
TEX,NA,20,0.00,0,M,30.15
TEX,NA,19,0.00,0,M,28.139999999999997
TEX,NA,19,0.00,0,M,28.139999999999997
TEX,NA,18,-1.00,0,M,26.129999999999995
TEX,NA,18,0.00,0,M,26.129999999999995
TEX,NA,17,0.00,0,M,24.119999999999997
TEX,NA,17,0.00,0,M,24.119999999999997
TEX,NA,17,0.00,0,M,24.119999999999997
TEX,NA,15,3.00,0,M,20.099999999999998
TEX,NA,14,3.00,0,M,18.089999999999996
TEX,NA,13,3.00,0,M,16.08
TEX,NA,13,3.00,0,M,16.08
TEX,NA,12,3.00,0,M,14.069999999999999
TEX,NA,12,3.00,0,M,14.069999999999999
TEX,NA,12,3.00,0,M,14.069999999999999
TEX,NA,11,3.00,0,M,12.059999999999999
TEX,NA,12,3.00,0,M,14.069999999999999
TEX,NA,11,3.00,0,M,12.059999999999999
TEX,NA,11,3.00,0,M,12.059999999999999
TEX,NA,11,3.00,0,M,12.059999999999999
TEX,NA,11,3.00,0,M,12.059999999999999
TEX,NA,11,3.00,0,M,12.059999999999999
TEX,NA,10,3.00,0,M,10.049999999999999
TEX,NA,10,3.00,0,M,10.049999999999999
TEX,NA,10,3.00,0,M,10.049999999999999
TEX,NA,10,3.00,0,M,10.049999999999999
TEX,NA,10,3.00,0,M,10.049999999999999
TEX,NA,10,3.00,0,M,10.049999999999999
TEX,NA,10,3.00,0,M,10.049999999999999
TEX,NA,10,3.00,0,M,10.049999999999999
TEX,NA,9,3.00,0,M,8.04
TEX,NA,10,3.00,0,M,10.049999999999999
TEX,NA,9,3.00,0,M,8.04
TEX,NA,9,3.00,0,M,8.04
TEX,NA,9,3.00,0,M,8.04
TEX,NA,10,3.00,0,M,10.049999999999999
TEX,NA,10,3.00,0,M,10.049999999999999
TEX,NA,10,3.00,0,M,10.049999999999999
TEX,NA,11,3.00,0,M,12.059999999999999
TEX,NA,12,3.00,0,M,14.069999999999999
TEX,NA,12,3.00,0,M,14.069999999999999
TEX,NA,13,4.00,0,M,16.08
TEX,NA,15,3.00,0,M,20.099999999999998
TEX,NA,15,3.00,0,M,20.099999999999998
TEX,NA,15,4.00,0,M,20.099999999999998
TEX,NA,15,5.00,0,M,20.099999999999998
TEX,NA,17,5.00,0,M,24.119999999999997
TEX,NA,20,2.00,0,M,30.15
TEX,NA,20,-2.00,0,M,30.15
TEX,NA,20,-2.00,0,M,30.15
TEX,NA,19,-1.00,0,M,28.139999999999997
TEX,NA,20,-3.00,0,M,30.15
TEX,NA,20,-3.00,0,M,30.15
TEX,NA,21,-3.00,0,M,32.16
TEX,NA,21,-4.00,0,M,32.16
TEX,NA,22,-2.00,0,M,34.169999999999995
TEX,NA,22,-2.00,0,M,34.169999999999995
TEX,NA,22,-1.00,0,M,34.169999999999995
TEX,NA,21,-1.00,0,M,32.16
TEX,NA,22,-2.00,0,M,34.169999999999995
TEX,NA,22,-2.00,0,M,34.169999999999995
TEX,NA,22,-1.00,0,M,34.169999999999995
TEX,NA,23,-1.00,0,M,36.17999999999999
TEX,NA,23,-1.00,0,M,36.17999999999999
TEX,NA,23,-2.00,0,M,36.17999999999999
TEX,NA,23,-2.00,0,M,36.17999999999999
TEX,NA,23,-2.00,0,M,36.17999999999999
TEX,NA,23,-1.00,0,M,36.17999999999999
TEX,NA,23,-2.00,0,M,36.17999999999999
TEX,NA,23,-3.00,0,M,36.17999999999999
TEX,NA,23,-2.00,0,M,36.17999999999999
TEX,NA,22,-2.00,0,M,34.169999999999995
TEX,NA,22,-1.00,0,M,34.169999999999995
TEX,NA,22,-1.00,0,M,34.169999999999995
TEX,NA,21,0.00,0,M,32.16
TEX,NA,21,0.00,0,M,32.16
TEX,NA,20,0.00,0,M,30.15
TEX,NA,20,1.00,0,M,30.15
TEX,NA,19,0.00,0,M,28.139999999999997
TEX,NA,19,0.00,0,M,28.139999999999997
TEX,NA,18,2.00,0,M,26.129999999999995
TEX,NA,16,3.00,0,M,22.11
TEX,NA,17,2.00,0,M,24.119999999999997
TEX,NA,16,3.00,0,M,22.11
TEX,NA,16,2.00,0,M,22.11
TEX,NA,15,3.00,0,M,20.099999999999998
TEX,NA,15,3.00,0,M,20.099999999999998
TEX,NA,15,3.00,0,M,20.099999999999998
TEX,NA,14,3.00,0,M,18.089999999999996
TEX,NA,14,2.00,0,M,18.089999999999996
TEX,NA,14,2.00,0,M,18.089999999999996
TEX,NA,15,2.00,0,M,20.099999999999998
TEX,NA,13,2.00,0,M,16.08
TEX,NA,13,2.00,0,M,16.08
TEX,NA,13,2.00,0,M,16.08
TEX,NA,13,2.00,0,M,16.08
TEX,NA,13,2.00,0,M,16.08
TEX,NA,13,2.00,0,M,16.08
TEX,NA,13,2.00,0,M,16.08
TEX,NA,12,2.00,0,M,14.069999999999999
TEX,NA,13,2.00,0,M,16.08
TEX,NA,12,2.00,0,M,14.069999999999999
TEX,NA,12,2.00,0,M,14.069999999999999
TEX,NA,12,2.00,0,M,14.069999999999999
TEX,NA,12,2.00,0,M,14.069999999999999
TEX,NA,12,2.00,0,M,14.069999999999999
TEX,NA,12,2.00,0,M,14.069999999999999
TEX,NA,12,2.00,0,M,14.069999999999999
TEX,NA,12,2.00,0,M,14.069999999999999
TEX,NA,13,2.00,0,M,16.08
TEX,NA,14,2.00,0,M,18.089999999999996
TEX,NA,14,3.00,0,M,18.089999999999996
TEX,NA,15,3.00,0,M,20.099999999999998
TEX,NA,16,3.00,0,M,22.11
TEX,NA,17,3.00,0,M,24.119999999999997
TEX,NA,18,4.00,0,M,26.129999999999995
TEX,NA,20,4.00,0,M,30.15
TEX,NA,21,0.00,0,M,32.16
TEX,NA,21,0.00,0,M,32.16
TEX,NA,21,-1.00,0,M,32.16
TEX,NA,22,-1.00,0,M,34.169999999999995
TEX,NA,22,-1.00,0,M,34.169999999999995
TEX,NA,23,-1.00,0,M,36.17999999999999
TEX,NA,23,-2.00,0,M,36.17999999999999
TEX,NA,23,-2.00,0,M,36.17999999999999
TEX,NA,23,-1.00,0,M,36.17999999999999
TEX,NA,23,-2.00,0,M,36.17999999999999
TEX,NA,24,-3.00,0,M,38.19
TEX,NA,24,-2.00,0,M,38.19
TEX,NA,24,-3.00,0,M,38.19
TEX,NA,24,-5.00,0,M,38.19
TEX,NA,25,-6.00,0,M,40.199999999999996
TEX,NA,25,-10.00,0,M,40.199999999999996
TEX,NA,25,-8.00,0,M,40.199999999999996
TEX,NA,25,-9.00,0,M,40.199999999999996
TEX,NA,25,-8.00,0,M,40.199999999999996
TEX,NA,25,-12.00,0,M,40.199999999999996
TEX,NA,25,-9.00,0,M,40.199999999999996
TEX,NA,25,-10.00,0,M,40.199999999999996
TEX,NA,25,-8.00,0,M,40.199999999999996
TEX,NA,24,-8.00,0,M,38.19
TEX,NA,24,-10.00,0,M,38.19
TEX,NA,23,-7.00,0,M,36.17999999999999
TEX,NA,23,-7.00,0,M,36.17999999999999
TEX,NA,23,-7.00,0,M,36.17999999999999
TEX,NA,22,-6.00,0,M,34.169999999999995
TEX,NA,22,-6.00,0,M,34.169999999999995
TEX,NA,21,-5.00,0,M,32.16
TEX,NA,20,-5.00,0,M,30.15
TEX,NA,19,-3.00,0,M,28.139999999999997
TEX,NA,18,-3.00,0,M,26.129999999999995
TEX,NA,18,-3.00,0,M,26.129999999999995
TEX,NA,17,-2.00,0,M,24.119999999999997
TEX,NA,16,-1.00,0,M,22.11
TEX,NA,16,-1.00,0,M,22.11
TEX,NA,15,-1.00,0,M,20.099999999999998
TEX,NA,15,0.00,0,M,20.099999999999998
TEX,NA,15,0.00,0,M,20.099999999999998
TEX,NA,14,-1.00,0,M,18.089999999999996
TEX,NA,14,-1.00,0,M,18.089999999999996
TEX,NA,13,0.00,0,M,16.08
TEX,NA,14,-1.00,0,M,18.089999999999996
TEX,NA,13,0.00,0,M,16.08
TEX,NA,13,0.00,0,M,16.08
TEX,NA,12,0.00,0,M,14.069999999999999
TEX,NA,12,0.00,0,M,14.069999999999999
TEX,NA,12,0.00,0,M,14.069999999999999
TEX,NA,12,0.00,0,M,14.069999999999999
TEX,NA,12,0.00,0,M,14.069999999999999
TEX,NA,12,0.00,0,M,14.069999999999999
TEX,NA,12,0.00,0,M,14.069999999999999
TEX,NA,12,0.00,0,M,14.069999999999999
TEX,NA,12,0.00,0,M,14.069999999999999
TEX,NA,12,0.00,0,M,14.069999999999999
TEX,NA,12,0.00,0,M,14.069999999999999
TEX,NA,13,-1.00,0,M,16.08
TEX,NA,12,0.00,0,M,14.069999999999999
TEX,NA,12,0.00,0,M,14.069999999999999
TEX,NA,13,0.00,0,M,16.08
TEX,NA,12,0.00,0,M,14.069999999999999
TEX,NA,12,0.00,0,M,14.069999999999999
TEX,NA,14,1.00,0,M,18.089999999999996
TEX,NA,13,1.00,0,M,16.08
TEX,NA,15,1.00,0,M,20.099999999999998
TEX,NA,16,2.00,0,M,22.11
TEX,NA,17,2.00,0,M,24.119999999999997
TEX,NA,18,3.00,0,M,26.129999999999995
TEX,NA,20,1.00,0,M,30.15
TEX,NA,21,2.00,0,M,32.16
TEX,NA,22,0.00,0,M,34.169999999999995
TEX,NA,22,0.00,0,M,34.169999999999995
TEX,NA,23,0.00,0,M,36.17999999999999
TEX,NA,24,-1.00,0,M,38.19
TEX,NA,23,-1.00,0,M,36.17999999999999
TEX,NA,23,1.00,0,M,36.17999999999999
TEX,NA,22,2.00,0,M,34.169999999999995
TEX,NA,22,3.00,0,M,34.169999999999995
TEX,NA,23,2.00,0,M,36.17999999999999
TEX,NA,23,3.00,0,M,36.17999999999999
TEX,NA,22,4.00,0,M,34.169999999999995
TEX,NA,22,5.00,0,M,34.169999999999995
TEX,NA,22,5.00,0,M,34.169999999999995
TEX,NA,22,3.00,0,M,34.169999999999995
TEX,NA,20,6.00,0,M,30.15
TEX,NA,20,6.00,0,M,30.15
TEX,NA,17,8.00,0,M,24.119999999999997
TEX,NA,17,9.00,0,M,24.119999999999997
TEX,NA,15,9.00,0.51,M,20.099999999999998
TEX,NA,16,7.00,0.76,M,22.11
TEX,NA,15,10.00,1.02,M,20.099999999999998
TEX,NA,15,10.00,0.25,M,20.099999999999998
TEX,NA,16,10.00,0.25,M,22.11
TEX,NA,17,10.00,0.25,M,24.119999999999997
TEX,NA,17,8.00,0,M,24.119999999999997
TEX,NA,17,9.00,0,M,24.119999999999997
TEX,NA,18,8.00,0,M,26.129999999999995
TEX,NA,18,10.00,0,M,26.129999999999995
TEX,NA,16,9.00,0,M,22.11
TEX,NA,16,10.00,0,M,22.11
TEX,NA,16,10.00,0,M,22.11
TEX,NA,15,10.00,0,M,20.099999999999998
TEX,NA,15,10.00,0,M,20.099999999999998
TEX,NA,16,9.00,0,M,22.11
TEX,NA,17,6.00,0,M,24.119999999999997
TEX,NA,17,6.00,0,M,24.119999999999997
TEX,NA,17,5.00,0,M,24.119999999999997
TEX,NA,13,8.00,0,M,16.08
TEX,NA,12,9.00,0.25,M,14.069999999999999
TEX,NA,12,9.00,0,M,14.069999999999999
TEX,NA,12,10.00,0,M,14.069999999999999
TEX,NA,12,10.00,0.25,M,14.069999999999999
TEX,NA,12,10.00,0,M,14.069999999999999
TEX,NA,12,10.00,0,M,14.069999999999999
TEX,NA,11,10.00,0,M,12.059999999999999
TEX,NA,11,10.00,0,M,12.059999999999999
TEX,NA,11,10.00,0,M,12.059999999999999
TEX,NA,11,10.00,0,M,12.059999999999999
TEX,NA,11,10.00,0,M,12.059999999999999
TEX,NA,11,10.00,0,M,12.059999999999999
TEX,NA,11,9.00,0,M,12.059999999999999
TEX,NA,11,10.00,0,M,12.059999999999999
TEX,NA,11,10.00,0,M,12.059999999999999
TEX,NA,11,10.00,0,M,12.059999999999999
TEX,NA,11,9.00,0,M,12.059999999999999
TEX,NA,11,9.00,0,M,12.059999999999999
TEX,NA,11,9.00,0,M,12.059999999999999
TEX,NA,11,9.00,0,M,12.059999999999999
TEX,NA,11,9.00,0,M,12.059999999999999
TEX,NA,11,9.00,0,M,12.059999999999999
TEX,NA,12,8.00,0,M,14.069999999999999
TEX,NA,12,8.00,0,M,14.069999999999999
TEX,NA,12,8.00,0,M,14.069999999999999
TEX,NA,12,8.00,0,M,14.069999999999999
TEX,NA,12,8.00,0,M,14.069999999999999
TEX,NA,12,8.00,0,M,14.069999999999999
TEX,NA,13,8.00,0,M,16.08
TEX,NA,13,8.00,0,M,16.08
TEX,NA,16,9.00,0,M,22.11
TEX,NA,15,9.00,0,M,20.099999999999998
TEX,NA,15,9.00,0,M,20.099999999999998
TEX,NA,16,10.00,0,M,22.11
TEX,NA,17,8.00,0,M,24.119999999999997
TEX,NA,18,8.00,0,M,26.129999999999995
TEX,NA,18,9.00,0,M,26.129999999999995
TEX,NA,20,7.00,0,M,30.15
TEX,NA,20,6.00,0,M,30.15
TEX,NA,20,5.00,0,M,30.15
TEX,NA,21,6.00,0,M,32.16
TEX,NA,20,6.00,0,M,30.15
TEX,NA,18,8.00,0,M,26.129999999999995
TEX,NA,15,10.00,1.02,M,20.099999999999998
TEX,NA,13,11.00,4.06,M,16.08
TEX,NA,13,11.00,0,M,16.08
TEX,NA,14,11.00,0,M,18.089999999999996
TEX,NA,15,11.00,0.25,M,20.099999999999998
TEX,NA,16,11.00,0,M,22.11
TEX,NA,17,10.00,0,M,24.119999999999997
TEX,NA,16,11.00,0,M,22.11
TEX,NA,16,11.00,0,M,22.11
TEX,NA,16,9.00,0,M,22.11
TEX,NA,16,10.00,0,M,22.11
TEX,NA,16,8.00,0,M,22.11
TEX,NA,16,9.00,0,M,22.11
TEX,NA,16,10.00,0,M,22.11
TEX,NA,16,9.00,0,M,22.11
TEX,NA,16,10.00,0,M,22.11
TEX,NA,17,10.00,0,M,24.119999999999997
TEX,NA,17,9.00,0,M,24.119999999999997
TEX,NA,17,10.00,0,M,24.119999999999997
TEX,NA,16,11.00,0,M,22.11
TEX,NA,15,11.00,0,M,20.099999999999998
TEX,NA,15,11.00,0,M,20.099999999999998
TEX,NA,15,11.00,0,M,20.099999999999998
TEX,NA,15,10.00,0,M,20.099999999999998
TEX,NA,14,10.00,0,M,18.089999999999996
TEX,NA,13,10.00,0,M,16.08
TEX,NA,13,10.00,0,M,16.08
TEX,NA,13,10.00,0,M,16.08
TEX,NA,13,10.00,0,M,16.08
TEX,NA,13,9.00,0,M,16.08
TEX,NA,13,9.00,0,M,16.08
TEX,NA,13,9.00,0,M,16.08
TEX,NA,13,9.00,0,M,16.08
TEX,NA,13,9.00,0,M,16.08
TEX,NA,13,9.00,0,M,16.08
TEX,NA,13,8.00,0,M,16.08
TEX,NA,13,9.00,0,M,16.08
TEX,NA,13,8.00,0,M,16.08
TEX,NA,14,8.00,0,M,18.089999999999996
TEX,NA,13,8.00,0,M,16.08
TEX,NA,14,7.00,0,M,18.089999999999996
TEX,NA,15,7.00,0,M,20.099999999999998
TEX,NA,14,7.00,0,M,18.089999999999996
TEX,NA,14,7.00,0,M,18.089999999999996
TEX,NA,15,6.00,0,M,20.099999999999998
TEX,NA,15,7.00,0,M,20.099999999999998
TEX,NA,15,6.00,0,M,20.099999999999998
TEX,NA,14,7.00,0,M,18.089999999999996
TEX,NA,15,7.00,0,M,20.099999999999998
TEX,NA,15,6.00,0,M,20.099999999999998
TEX,NA,15,7.00,0,M,20.099999999999998
TEX,NA,14,7.00,0,M,18.089999999999996
TEX,NA,15,6.00,0,M,20.099999999999998
TEX,NA,15,6.00,0,M,20.099999999999998
TEX,NA,15,7.00,0,M,20.099999999999998
TEX,NA,15,7.00,0,M,20.099999999999998
TEX,NA,17,7.00,0,M,24.119999999999997
TEX,NA,17,7.00,0,M,24.119999999999997
TEX,NA,17,8.00,0,M,24.119999999999997
TEX,NA,18,7.00,0,M,26.129999999999995
TEX,NA,18,7.00,0,M,26.129999999999995
TEX,NA,20,7.00,0,M,30.15
TEX,NA,20,6.00,0,M,30.15
TEX,NA,21,4.00,0,M,32.16
TEX,NA,20,4.00,0,M,30.15
TEX,NA,21,4.00,0,M,32.16
TEX,NA,21,4.00,0,M,32.16
TEX,NA,22,3.00,0,M,34.169999999999995
TEX,NA,21,5.00,0,M,32.16
TEX,NA,21,5.00,0,M,32.16
TEX,NA,22,6.00,0,M,34.169999999999995
TEX,NA,22,6.00,0,M,34.169999999999995
TEX,NA,22,5.00,0,M,34.169999999999995
TEX,NA,23,6.00,0,M,36.17999999999999
TEX,NA,21,6.00,0,M,32.16
TEX,NA,18,11.00,1.02,M,26.129999999999995
TEX,NA,18,10.00,1.02,M,26.129999999999995
TEX,NA,18,8.00,0.25,M,26.129999999999995
TEX,NA,19,10.00,0.25,M,28.139999999999997
TEX,NA,19,8.00,0.25,M,28.139999999999997
TEX,NA,19,7.00,0,M,28.139999999999997
TEX,NA,18,9.00,0,M,26.129999999999995
TEX,NA,17,11.00,0,M,24.119999999999997
TEX,NA,17,10.00,0,M,24.119999999999997
TEX,NA,16,9.00,0,M,22.11
TEX,NA,14,9.00,0,M,18.089999999999996
TEX,NA,14,8.00,0,M,18.089999999999996
TEX,NA,13,9.00,0,M,16.08
TEX,NA,15,8.00,0,M,20.099999999999998
TEX,NA,14,10.00,0,M,18.089999999999996
TEX,NA,14,10.00,0,M,18.089999999999996
TEX,NA,14,8.00,0,M,18.089999999999996
TEX,NA,14,9.00,0,M,18.089999999999996
TEX,NA,14,9.00,0,M,18.089999999999996
TEX,NA,13,9.00,0,M,16.08
TEX,NA,13,8.00,0,M,16.08
TEX,NA,13,8.00,0,M,16.08
TEX,NA,12,8.00,0,M,14.069999999999999
TEX,NA,13,7.00,0,M,16.08
TEX,NA,13,8.00,0,M,16.08
TEX,NA,13,7.00,0,M,16.08
TEX,NA,12,8.00,0,M,14.069999999999999
TEX,NA,12,8.00,0,M,14.069999999999999
TEX,NA,12,8.00,0,M,14.069999999999999
TEX,NA,12,7.00,0,M,14.069999999999999
TEX,NA,12,8.00,0,M,14.069999999999999
TEX,NA,12,7.00,0,M,14.069999999999999
TEX,NA,12,7.00,0,M,14.069999999999999
TEX,NA,12,8.00,0,M,14.069999999999999
TEX,NA,12,7.00,0,M,14.069999999999999
TEX,NA,12,7.00,0,M,14.069999999999999
TEX,NA,12,7.00,0,M,14.069999999999999
TEX,NA,12,7.00,0,M,14.069999999999999
TEX,NA,11,7.00,0,M,12.059999999999999
TEX,NA,12,7.00,0,M,14.069999999999999
TEX,NA,11,7.00,0,M,12.059999999999999
TEX,NA,11,7.00,0,M,12.059999999999999
TEX,NA,11,6.00,0,M,12.059999999999999
TEX,NA,11,7.00,0,M,12.059999999999999
TEX,NA,12,6.00,0,M,14.069999999999999
TEX,NA,12,6.00,0,M,14.069999999999999
TEX,NA,11,6.00,0,M,12.059999999999999
TEX,NA,11,6.00,0,M,12.059999999999999
TEX,NA,12,6.00,0,M,14.069999999999999
TEX,NA,11,6.00,0,M,12.059999999999999
TEX,NA,11,6.00,0,M,12.059999999999999
TEX,NA,12,6.00,0,M,14.069999999999999
TEX,NA,13,6.00,0,M,16.08
TEX,NA,14,6.00,0,M,18.089999999999996
TEX,NA,15,6.00,0,M,20.099999999999998
TEX,NA,16,7.00,0,M,22.11
TEX,NA,17,7.00,0,M,24.119999999999997
TEX,NA,18,7.00,0,M,26.129999999999995
TEX,NA,18,7.00,0,M,26.129999999999995
TEX,NA,20,6.00,0,M,30.15
TEX,NA,21,5.00,0,M,32.16
TEX,NA,22,3.00,0,M,34.169999999999995
TEX,NA,22,2.00,0,M,34.169999999999995
TEX,NA,22,2.00,0,M,34.169999999999995
TEX,NA,23,2.00,0,M,36.17999999999999
TEX,NA,22,2.00,0,M,34.169999999999995
TEX,NA,22,3.00,0,M,34.169999999999995
TEX,NA,22,2.00,0,M,34.169999999999995
TEX,NA,22,2.00,0,M,34.169999999999995
TEX,NA,24,1.00,0,M,38.19
TEX,NA,23,1.00,0,M,36.17999999999999
TEX,NA,22,4.00,0,M,34.169999999999995
TEX,NA,23,3.00,0,M,36.17999999999999
TEX,NA,23,4.00,0,M,36.17999999999999
TEX,NA,23,4.00,0,M,36.17999999999999
TEX,NA,22,2.00,0,M,34.169999999999995
TEX,NA,24,3.00,0,M,38.19
TEX,NA,23,2.00,0,M,36.17999999999999
TEX,NA,25,2.00,0,M,40.199999999999996
TEX,NA,24,2.00,0,M,38.19
TEX,NA,23,5.00,0,M,36.17999999999999
TEX,NA,23,4.00,0,M,36.17999999999999
TEX,NA,22,6.00,0,M,34.169999999999995
TEX,NA,22,5.00,0,M,34.169999999999995
TEX,NA,22,6.00,0,M,34.169999999999995
TEX,NA,22,6.00,0,M,34.169999999999995
TEX,NA,22,5.00,0,M,34.169999999999995
TEX,NA,21,6.00,0,M,32.16
TEX,NA,20,6.00,0,M,30.15
TEX,NA,20,6.00,0,M,30.15
TEX,NA,18,7.00,0,M,26.129999999999995
TEX,NA,18,7.00,0,M,26.129999999999995
TEX,NA,18,7.00,0,M,26.129999999999995
TEX,NA,17,7.00,0,M,24.119999999999997
TEX,NA,17,8.00,0,M,24.119999999999997
TEX,NA,17,7.00,0,M,24.119999999999997
TEX,NA,17,7.00,0,M,24.119999999999997
TEX,NA,16,7.00,0,M,22.11
TEX,NA,16,7.00,0,M,22.11
TEX,NA,16,7.00,0,M,22.11
TEX,NA,16,6.00,0,M,22.11
TEX,NA,15,7.00,0,M,20.099999999999998
TEX,NA,15,6.00,0,M,20.099999999999998
TEX,NA,16,6.00,0,M,22.11
TEX,NA,16,6.00,0,M,22.11
TEX,NA,16,6.00,0,M,22.11
TEX,NA,17,4.00,0,M,24.119999999999997
TEX,NA,17,4.00,0,M,24.119999999999997
TEX,NA,17,6.00,0,M,24.119999999999997
TEX,NA,16,7.00,0,M,22.11
TEX,NA,15,8.00,0,M,20.099999999999998
TEX,NA,13,9.00,0,M,16.08
TEX,NA,14,7.00,0,M,18.089999999999996
TEX,NA,15,8.00,0,M,20.099999999999998
TEX,NA,15,7.00,0,M,20.099999999999998
TEX,NA,15,6.00,0,M,20.099999999999998
TEX,NA,15,5.00,0,M,20.099999999999998
TEX,NA,16,6.00,0,M,22.11
TEX,NA,15,6.00,0,M,20.099999999999998
TEX,NA,15,5.00,0,M,20.099999999999998
TEX,NA,15,6.00,0,M,20.099999999999998
TEX,NA,14,6.00,0,M,18.089999999999996
TEX,NA,15,5.00,0,M,20.099999999999998
TEX,NA,15,5.00,0,M,20.099999999999998
TEX,NA,15,6.00,0,M,20.099999999999998
TEX,NA,15,6.00,0,M,20.099999999999998
TEX,NA,15,6.00,0,M,20.099999999999998
TEX,NA,15,7.00,0,M,20.099999999999998
TEX,NA,16,7.00,0,M,22.11
TEX,NA,16,7.00,0,M,22.11
TEX,NA,16,7.00,0,M,22.11
TEX,NA,17,6.00,0,M,24.119999999999997
TEX,NA,18,7.00,0,M,26.129999999999995
TEX,NA,17,6.00,0.25,M,24.119999999999997
TEX,NA,16,9.00,0,M,22.11
TEX,NA,17,8.00,0,M,24.119999999999997
TEX,NA,18,8.00,0,M,26.129999999999995
TEX,NA,20,6.00,0,M,30.15
TEX,NA,20,6.00,0,M,30.15
TEX,NA,20,7.00,0,M,30.15
TEX,NA,21,5.00,0,M,32.16
TEX,NA,21,5.00,0,M,32.16
TEX,NA,21,7.00,0,M,32.16
TEX,NA,20,7.00,0,M,30.15
TEX,NA,21,7.00,0,M,32.16
TEX,NA,21,7.00,0,M,32.16
TEX,NA,20,6.00,0,M,30.15
TEX,NA,20,5.00,0,M,30.15
TEX,NA,21,5.00,0,M,32.16
TEX,NA,21,3.00,0,M,32.16
TEX,NA,21,5.00,0,M,32.16
TEX,NA,22,5.00,0,M,34.169999999999995
TEX,NA,21,6.00,0,M,32.16
TEX,NA,21,6.00,0,M,32.16
TEX,NA,21,5.00,0,M,32.16
TEX,NA,21,5.00,0,M,32.16
TEX,NA,20,6.00,0,M,30.15
TEX,NA,21,6.00,0,M,32.16
TEX,NA,18,7.00,0,M,26.129999999999995
TEX,NA,18,7.00,0,M,26.129999999999995
TEX,NA,17,8.00,0,M,24.119999999999997
TEX,NA,16,6.00,0,M,22.11
TEX,NA,16,7.00,0,M,22.11
TEX,NA,15,8.00,0,M,20.099999999999998
TEX,NA,14,6.00,0.51,M,18.089999999999996
TEX,NA,12,8.00,2.03,M,14.069999999999999
TEX,NA,11,7.00,2.54,M,12.059999999999999
TEX,NA,11,8.00,0,M,12.059999999999999
TEX,NA,12,7.00,0,M,14.069999999999999
TEX,NA,11,8.00,0,M,12.059999999999999
TEX,NA,11,8.00,0,M,12.059999999999999
TEX,NA,12,8.00,0,M,14.069999999999999
TEX,NA,11,8.00,0.51,M,12.059999999999999
TEX,NA,12,7.00,0,M,14.069999999999999
TEX,NA,11,8.00,0,M,12.059999999999999
TEX,NA,11,8.00,0,M,12.059999999999999
TEX,NA,11,8.00,0,M,12.059999999999999
TEX,NA,11,7.00,0,M,12.059999999999999
TEX,NA,11,7.00,0,M,12.059999999999999
TEX,NA,11,8.00,0,M,12.059999999999999
TEX,NA,11,8.00,0,M,12.059999999999999
TEX,NA,11,8.00,0,M,12.059999999999999
TEX,NA,11,8.00,0,M,12.059999999999999
TEX,NA,12,8.00,0,M,14.069999999999999
TEX,NA,11,8.00,0,M,12.059999999999999
TEX,NA,12,8.00,0,M,14.069999999999999
TEX,NA,12,8.00,0,M,14.069999999999999
TEX,NA,11,8.00,0,M,12.059999999999999
TEX,NA,11,7.00,0,M,12.059999999999999
TEX,NA,11,8.00,0,M,12.059999999999999
TEX,NA,11,8.00,0,M,12.059999999999999
TEX,NA,12,8.00,0,M,14.069999999999999
TEX,NA,12,8.00,0,M,14.069999999999999
TEX,NA,12,8.00,0,M,14.069999999999999
TEX,NA,12,7.00,0,M,14.069999999999999
TEX,NA,12,7.00,0,M,14.069999999999999
TEX,NA,12,7.00,0,M,14.069999999999999
TEX,NA,12,7.00,0,M,14.069999999999999
TEX,NA,13,7.00,0,M,16.08
TEX,NA,13,7.00,0,M,16.08
TEX,NA,15,7.00,0,M,20.099999999999998
TEX,NA,16,8.00,0,M,22.11
TEX,NA,16,7.00,0,M,22.11
TEX,NA,16,8.00,0,M,22.11
TEX,NA,17,7.00,0,M,24.119999999999997
TEX,NA,16,6.00,0,M,22.11
TEX,NA,16,8.00,0,M,22.11
TEX,NA,17,7.00,0,M,24.119999999999997
TEX,NA,17,8.00,0,M,24.119999999999997
TEX,NA,17,8.00,0,M,24.119999999999997
TEX,NA,16,8.00,0,M,22.11
TEX,NA,16,8.00,0,M,22.11
TEX,NA,15,9.00,0.76,M,20.099999999999998
TEX,NA,15,11.00,1.02,M,20.099999999999998
TEX,NA,13,11.00,1.02,M,16.08
TEX,NA,13,11.00,1.27,M,16.08
TEX,NA,14,10.00,1.27,M,18.089999999999996
TEX,NA,14,10.00,0,M,18.089999999999996
TEX,NA,15,10.00,0.25,M,20.099999999999998
TEX,NA,14,11.00,0.25,M,18.089999999999996
TEX,NA,15,10.00,0,M,20.099999999999998
TEX,NA,16,10.00,0,M,22.11
TEX,NA,17,8.00,0,M,24.119999999999997
TEX,NA,17,8.00,0,M,24.119999999999997
TEX,NA,17,8.00,0,M,24.119999999999997
TEX,NA,17,7.00,0,M,24.119999999999997
TEX,NA,17,7.00,0,M,24.119999999999997
TEX,NA,17,7.00,0,M,24.119999999999997
TEX,NA,16,8.00,0,M,22.11
TEX,NA,16,8.00,0,M,22.11
TEX,NA,16,8.00,0,M,22.11
TEX,NA,15,8.00,0,M,20.099999999999998
TEX,NA,15,8.00,0,M,20.099999999999998
TEX,NA,15,8.00,0,M,20.099999999999998
TEX,NA,14,10.00,0,M,18.089999999999996
TEX,NA,14,9.00,0,M,18.089999999999996
TEX,NA,13,10.00,0,M,16.08
TEX,NA,13,10.00,0,M,16.08
TEX,NA,13,9.00,0,M,16.08
TEX,NA,13,8.00,0,M,16.08
TEX,NA,13,8.00,0,M,16.08
TEX,NA,13,9.00,0,M,16.08
TEX,NA,15,7.00,0,M,20.099999999999998
TEX,NA,15,7.00,0,M,20.099999999999998
TEX,NA,15,7.00,0,M,20.099999999999998
TEX,NA,15,7.00,0,M,20.099999999999998
TEX,NA,14,7.00,0,M,18.089999999999996
TEX,NA,14,7.00,0,M,18.089999999999996
TEX,NA,13,8.00,0,M,16.08
TEX,NA,14,7.00,0,M,18.089999999999996
TEX,NA,14,7.00,0,M,18.089999999999996
TEX,NA,14,6.00,0,M,18.089999999999996
TEX,NA,14,6.00,0,M,18.089999999999996
TEX,NA,15,5.00,0,M,20.099999999999998
TEX,NA,14,6.00,0,M,18.089999999999996
TEX,NA,14,6.00,0,M,18.089999999999996
TEX,NA,14,6.00,0,M,18.089999999999996
TEX,NA,13,6.00,0,M,16.08
TEX,NA,13,7.00,0,M,16.08
TEX,NA,13,6.00,0,M,16.08
TEX,NA,14,5.00,0,M,18.089999999999996
TEX,NA,14,5.00,0,M,18.089999999999996
TEX,NA,15,5.00,0,M,20.099999999999998
TEX,NA,14,6.00,0,M,18.089999999999996
TEX,NA,14,6.00,0,M,18.089999999999996
TEX,NA,14,6.00,0,M,18.089999999999996
TEX,NA,14,6.00,0,M,18.089999999999996
TEX,NA,14,6.00,0,M,18.089999999999996
TEX,NA,14,6.00,0,M,18.089999999999996
TEX,NA,14,6.00,0,M,18.089999999999996
TEX,NA,14,7.00,0,M,18.089999999999996
TEX,NA,14,6.00,0,M,18.089999999999996
TEX,NA,15,7.00,0,M,20.099999999999998
TEX,NA,15,7.00,0,M,20.099999999999998
TEX,NA,16,6.00,0,M,22.11
TEX,NA,16,6.00,0,M,22.11
TEX,NA,16,6.00,0,M,22.11
TEX,NA,16,7.00,0,M,22.11
TEX,NA,17,6.00,0,M,24.119999999999997
TEX,NA,18,5.00,0,M,26.129999999999995
TEX,NA,18,5.00,0,M,26.129999999999995
TEX,NA,19,4.00,0,M,28.139999999999997
TEX,NA,19,5.00,0,M,28.139999999999997
TEX,NA,19,3.00,0,M,28.139999999999997
TEX,NA,18,4.00,0,M,26.129999999999995
TEX,NA,17,5.00,0,M,24.119999999999997
TEX,NA,18,5.00,0,M,26.129999999999995
TEX,NA,19,5.00,0,M,28.139999999999997
TEX,NA,19,4.00,0,M,28.139999999999997
TEX,NA,20,4.00,0,M,30.15
TEX,NA,20,3.00,0,M,30.15
TEX,NA,19,3.00,0,M,28.139999999999997
TEX,NA,19,5.00,0,M,28.139999999999997
TEX,NA,19,5.00,0,M,28.139999999999997
TEX,NA,18,5.00,0,M,26.129999999999995
TEX,NA,12,6.00,1.52,M,14.069999999999999
TEX,NA,12,7.00,1.78,M,14.069999999999999
TEX,NA,11,7.00,0,M,12.059999999999999
TEX,NA,12,8.00,0,M,14.069999999999999
TEX,NA,12,8.00,0,M,14.069999999999999
TEX,NA,12,7.00,0.25,M,14.069999999999999
TEX,NA,12,7.00,0.51,M,14.069999999999999
TEX,NA,12,7.00,0.51,M,14.069999999999999
TEX,NA,11,7.00,0,M,12.059999999999999
TEX,NA,12,7.00,0,M,14.069999999999999
TEX,NA,12,7.00,0,M,14.069999999999999
TEX,NA,12,7.00,0,M,14.069999999999999
TEX,NA,12,6.00,0,M,14.069999999999999
TEX,NA,13,6.00,0,M,16.08
TEX,NA,12,6.00,0,M,14.069999999999999
TEX,NA,13,7.00,0,M,16.08
TEX,NA,11,7.00,0,M,12.059999999999999
TEX,NA,11,7.00,0.25,M,12.059999999999999
TEX,NA,11,7.00,0.25,M,12.059999999999999
TEX,NA,11,7.00,0.25,M,12.059999999999999
TEX,NA,11,7.00,0,M,12.059999999999999
TEX,NA,11,7.00,0,M,12.059999999999999
TEX,NA,12,6.00,0,M,14.069999999999999
TEX,NA,12,6.00,0,M,14.069999999999999
TEX,NA,12,6.00,0,M,14.069999999999999
TEX,NA,12,6.00,0,M,14.069999999999999
TEX,NA,12,6.00,0,M,14.069999999999999
TEX,NA,12,5.00,0,M,14.069999999999999
TEX,NA,12,6.00,0,M,14.069999999999999
TEX,NA,12,6.00,0,M,14.069999999999999
TEX,NA,13,6.00,0,M,16.08
TEX,NA,13,6.00,0,M,16.08
TEX,NA,13,6.00,0,M,16.08
TEX,NA,12,6.00,0,M,14.069999999999999
TEX,NA,12,6.00,0,M,14.069999999999999
TEX,NA,11,6.00,0,M,12.059999999999999
TEX,NA,12,5.00,0,M,14.069999999999999
TEX,NA,12,6.00,0,M,14.069999999999999
TEX,NA,12,6.00,0,M,14.069999999999999
TEX,NA,11,6.00,0,M,12.059999999999999
TEX,NA,12,6.00,0,M,14.069999999999999
TEX,NA,12,6.00,0,M,14.069999999999999
TEX,NA,12,6.00,0,M,14.069999999999999
TEX,NA,13,6.00,0,M,16.08
TEX,NA,13,6.00,0,M,16.08
TEX,NA,15,6.00,0,M,20.099999999999998
TEX,NA,14,6.00,0,M,18.089999999999996
TEX,NA,15,6.00,0,M,20.099999999999998
TEX,NA,14,6.00,0,M,18.089999999999996
TEX,NA,15,6.00,0,M,20.099999999999998
TEX,NA,15,6.00,0,M,20.099999999999998
TEX,NA,16,5.00,0,M,22.11
TEX,NA,16,5.00,0,M,22.11
TEX,NA,16,4.00,0,M,22.11
TEX,NA,15,5.00,0,M,20.099999999999998
TEX,NA,14,5.00,0,M,18.089999999999996
TEX,NA,15,5.00,0,M,20.099999999999998
TEX,NA,15,5.00,0,M,20.099999999999998
TEX,NA,15,4.00,0,M,20.099999999999998
TEX,NA,16,2.00,0,M,22.11
TEX,NA,16,2.00,0,M,22.11
TEX,NA,16,4.00,0,M,22.11
TEX,NA,16,4.00,0,M,22.11
TEX,NA,16,3.00,0,M,22.11
TEX,NA,16,3.00,0,M,22.11
TEX,NA,16,2.00,0,M,22.11
TEX,NA,16,2.00,0,M,22.11
TEX,NA,16,1.00,0,M,22.11
TEX,NA,16,2.00,0,M,22.11
TEX,NA,16,2.00,0,M,22.11
TEX,NA,16,1.00,0,M,22.11
TEX,NA,17,1.00,0,M,24.119999999999997
TEX,NA,16,2.00,0,M,22.11
TEX,NA,16,2.00,0,M,22.11
TEX,NA,16,4.00,0,M,22.11
TEX,NA,15,5.00,0,M,20.099999999999998
TEX,NA,16,2.00,0,M,22.11
TEX,NA,16,3.00,0,M,22.11
TEX,NA,13,6.00,0,M,16.08
TEX,NA,12,6.00,0,M,14.069999999999999
TEX,NA,12,6.00,0,M,14.069999999999999
TEX,NA,12,6.00,0.25,M,14.069999999999999
TEX,NA,11,7.00,0.51,M,12.059999999999999
TEX,NA,11,8.00,1.02,M,12.059999999999999
TEX,NA,10,8.00,0.25,M,10.049999999999999
TEX,NA,10,7.00,0.25,M,10.049999999999999
TEX,NA,10,7.00,0.25,M,10.049999999999999
TEX,NA,10,8.00,0,M,10.049999999999999
TEX,NA,11,7.00,0,M,12.059999999999999
TEX,NA,11,6.00,0,M,12.059999999999999
TEX,NA,11,6.00,0,M,12.059999999999999
TEX,NA,12,6.00,0,M,14.069999999999999
TEX,NA,12,6.00,0,M,14.069999999999999
TEX,NA,12,6.00,0,M,14.069999999999999
TEX,NA,11,7.00,0,M,12.059999999999999
TEX,NA,11,6.00,0,M,12.059999999999999
TEX,NA,12,6.00,0,M,14.069999999999999
TEX,NA,11,6.00,0,M,12.059999999999999
TEX,NA,11,6.00,0,M,12.059999999999999
TEX,NA,12,6.00,0,M,14.069999999999999
TEX,NA,11,6.00,0,M,12.059999999999999
TEX,NA,11,6.00,0,M,12.059999999999999
TEX,NA,11,6.00,0,M,12.059999999999999
TEX,NA,11,5.00,0,M,12.059999999999999
TEX,NA,11,5.00,0,M,12.059999999999999
TEX,NA,12,5.00,0,M,14.069999999999999
TEX,NA,12,5.00,0,M,14.069999999999999
TEX,NA,11,5.00,0,M,12.059999999999999
TEX,NA,11,5.00,0,M,12.059999999999999
TEX,NA,11,5.00,0,M,12.059999999999999
TEX,NA,10,6.00,0,M,10.049999999999999
TEX,NA,10,5.00,0,M,10.049999999999999
TEX,NA,11,5.00,0,M,12.059999999999999
TEX,NA,11,6.00,0,M,12.059999999999999
TEX,NA,11,5.00,0,M,12.059999999999999
TEX,NA,13,5.00,0,M,16.08
TEX,NA,15,5.00,0,M,20.099999999999998
TEX,NA,16,5.00,0,M,22.11
TEX,NA,16,5.00,0,M,22.11
TEX,NA,15,3.00,0,M,20.099999999999998
TEX,NA,15,4.00,0,M,20.099999999999998
TEX,NA,15,5.00,0,M,20.099999999999998
TEX,NA,15,5.00,0,M,20.099999999999998
TEX,NA,15,5.00,0,M,20.099999999999998
TEX,NA,16,4.00,0,M,22.11
TEX,NA,16,4.00,0,M,22.11
TEX,NA,17,3.00,0,M,24.119999999999997
TEX,NA,16,2.00,0,M,22.11
TEX,NA,16,5.00,0,M,22.11
TEX,NA,16,3.00,0,M,22.11
TEX,NA,17,2.00,0,M,24.119999999999997
TEX,NA,16,3.00,0,M,22.11
TEX,NA,16,5.00,0,M,22.11
TEX,NA,15,6.00,0,M,20.099999999999998
TEX,NA,12,5.00,0.25,M,14.069999999999999
TEX,NA,11,6.00,0.25,M,12.059999999999999
TEX,NA,11,6.00,0.25,M,12.059999999999999
TEX,NA,11,5.00,0.51,M,12.059999999999999
TEX,NA,11,5.00,0,M,12.059999999999999
TEX,NA,10,6.00,0.25,M,10.049999999999999
TEX,NA,10,6.00,0.25,M,10.049999999999999
TEX,NA,10,6.00,0,M,10.049999999999999
TEX,NA,10,6.00,0,M,10.049999999999999
TEX,NA,11,6.00,0.25,M,12.059999999999999
TEX,NA,11,5.00,0.51,M,12.059999999999999
TEX,NA,10,5.00,1.27,M,10.049999999999999
TEX,NA,10,7.00,2.03,M,10.049999999999999
TEX,NA,9,6.00,0.51,M,8.04
TEX,NA,9,5.00,1.27,M,8.04
TEX,NA,8,5.00,1.52,M,6.029999999999999
TEX,NA,8,5.00,0,M,6.029999999999999
TEX,NA,8,4.00,0,M,6.029999999999999
TEX,NA,8,5.00,0,M,6.029999999999999
TEX,NA,8,5.00,0,M,6.029999999999999
TEX,NA,10,4.00,0,M,10.049999999999999
TEX,NA,10,5.00,0,M,10.049999999999999
TEX,NA,11,5.00,0,M,12.059999999999999
TEX,NA,10,5.00,0,M,10.049999999999999
TEX,NA,11,5.00,0,M,12.059999999999999
TEX,NA,10,6.00,0,M,10.049999999999999
TEX,NA,10,5.00,0,M,10.049999999999999
TEX,NA,11,5.00,0,M,12.059999999999999
TEX,NA,11,5.00,0,M,12.059999999999999
TEX,NA,11,5.00,0,M,12.059999999999999
TEX,NA,11,5.00,0,M,12.059999999999999
TEX,NA,10,5.00,1.02,M,10.049999999999999
TEX,NA,9,6.00,1.27,M,8.04
TEX,NA,10,6.00,1.27,M,10.049999999999999
TEX,NA,10,6.00,0,M,10.049999999999999
TEX,NA,10,7.00,0,M,10.049999999999999
TEX,NA,10,6.00,0,M,10.049999999999999
TEX,NA,10,6.00,0,M,10.049999999999999
TEX,NA,9,6.00,0,M,8.04
TEX,NA,9,6.00,0,M,8.04
TEX,NA,9,7.00,0,M,8.04
TEX,NA,9,6.00,0,M,8.04
TEX,NA,10,6.00,0,M,10.049999999999999
TEX,NA,10,6.00,0,M,10.049999999999999
TEX,NA,11,5.00,0,M,12.059999999999999
TEX,NA,11,5.00,0,M,12.059999999999999
TEX,NA,11,5.00,0,M,12.059999999999999
TEX,NA,11,5.00,0,M,12.059999999999999
TEX,NA,10,6.00,0,M,10.049999999999999
TEX,NA,11,5.00,0,M,12.059999999999999
TEX,NA,11,5.00,0,M,12.059999999999999
TEX,NA,10,6.00,0,M,10.049999999999999
TEX,NA,11,6.00,0,M,12.059999999999999
TEX,NA,12,6.00,0,M,14.069999999999999
TEX,NA,12,6.00,0,M,14.069999999999999
TEX,NA,12,6.00,0,M,14.069999999999999
TEX,NA,13,6.00,0,M,16.08
TEX,NA,14,6.00,0,M,18.089999999999996
TEX,NA,16,5.00,0,M,22.11
TEX,NA,16,5.00,0,M,22.11
TEX,NA,16,4.00,0,M,22.11
TEX,NA,17,4.00,0,M,24.119999999999997
TEX,NA,16,3.00,0,M,22.11
TEX,NA,17,3.00,0,M,24.119999999999997
TEX,NA,17,2.00,0,M,24.119999999999997
TEX,NA,17,3.00,0,M,24.119999999999997
TEX,NA,18,2.00,0,M,26.129999999999995
TEX,NA,18,2.00,0,M,26.129999999999995
TEX,NA,19,-1.00,0,M,28.139999999999997
TEX,NA,19,0.00,0,M,28.139999999999997
TEX,NA,20,-2.00,0,M,30.15
TEX,NA,20,0.00,0,M,30.15
TEX,NA,20,-2.00,0,M,30.15
TEX,NA,20,-1.00,0,M,30.15
TEX,NA,20,0.00,0,M,30.15
TEX,NA,20,0.00,0,M,30.15
TEX,NA,18,2.00,0,M,26.129999999999995
TEX,NA,18,0.00,0,M,26.129999999999995
TEX,NA,20,0.00,0,M,30.15
TEX,NA,19,0.00,0,M,28.139999999999997
TEX,NA,20,1.00,0,M,30.15
TEX,NA,20,1.00,0,M,30.15
TEX,NA,20,0.00,0,M,30.15
TEX,NA,19,0.00,0,M,28.139999999999997
TEX,NA,18,0.00,0,M,26.129999999999995
TEX,NA,18,0.00,0,M,26.129999999999995
TEX,NA,18,0.00,0,M,26.129999999999995
TEX,NA,16,1.00,0,M,22.11
TEX,NA,16,1.00,0,M,22.11
TEX,NA,15,4.00,0,M,20.099999999999998
TEX,NA,14,4.00,0,M,18.089999999999996
TEX,NA,13,4.00,0,M,16.08
TEX,NA,13,4.00,0,M,16.08
TEX,NA,12,5.00,0,M,14.069999999999999
TEX,NA,12,4.00,0,M,14.069999999999999
TEX,NA,12,4.00,0,M,14.069999999999999
TEX,NA,12,3.00,0,M,14.069999999999999
TEX,NA,20,0.00,0,M,30.15
TEX,NA,20,0.00,0,M,30.15
TEX,NA,19,0.00,0,M,28.139999999999997
TEX,NA,20,0.00,0,M,30.15
TEX,NA,20,0.00,0,M,30.15
TEX,NA,21,0.00,0,M,32.16
TEX,NA,21,-1.00,0,M,32.16
TEX,NA,21,-1.00,0,M,32.16
TEX,NA,21,0.00,0,M,32.16
TEX,NA,20,-1.00,0,M,30.15
TEX,NA,20,0.00,0,M,30.15
TEX,NA,21,0.00,0,M,32.16
TEX,NA,21,-1.00,0,M,32.16
TEX,NA,21,-1.00,0,M,32.16
TEX,NA,21,-1.00,0,M,32.16
TEX,NA,21,-1.00,0,M,32.16
TEX,NA,21,-1.00,0,M,32.16
TEX,NA,21,-1.00,0,M,32.16
TEX,NA,20,-1.00,0,M,30.15
TEX,NA,20,-1.00,0,M,30.15
TEX,NA,20,-1.00,0,M,30.15
TEX,NA,19,0.00,0,M,28.139999999999997
TEX,NA,18,2.00,0,M,26.129999999999995
TEX,NA,16,3.00,0,M,22.11
TEX,NA,15,5.00,0,M,20.099999999999998
TEX,NA,14,5.00,0,M,18.089999999999996
TEX,NA,14,4.00,0,M,18.089999999999996
TEX,NA,14,3.00,0,M,18.089999999999996
TEX,NA,13,3.00,0,M,16.08
TEX,NA,13,3.00,0,M,16.08
TEX,NA,12,3.00,0,M,14.069999999999999
TEX,NA,13,3.00,0,M,16.08
TEX,NA,12,3.00,0,M,14.069999999999999
TEX,NA,12,3.00,0,M,14.069999999999999
TEX,NA,12,3.00,0,M,14.069999999999999
TEX,NA,11,3.00,0,M,12.059999999999999
TEX,NA,11,3.00,0,M,12.059999999999999
TEX,NA,11,3.00,0,M,12.059999999999999
TEX,NA,11,3.00,0,M,12.059999999999999
TEX,NA,11,2.00,0,M,12.059999999999999
TEX,NA,11,2.00,0,M,12.059999999999999
TEX,NA,11,2.00,0,M,12.059999999999999
TEX,NA,10,2.00,0,M,10.049999999999999
TEX,NA,10,2.00,0,M,10.049999999999999
TEX,NA,10,2.00,0,M,10.049999999999999
TEX,NA,10,2.00,0,M,10.049999999999999
TEX,NA,10,2.00,0,M,10.049999999999999
TEX,NA,10,2.00,0,M,10.049999999999999
TEX,NA,10,2.00,0,M,10.049999999999999
TEX,NA,10,2.00,0,M,10.049999999999999
TEX,NA,10,1.00,0,M,10.049999999999999
TEX,NA,10,1.00,0,M,10.049999999999999
TEX,NA,10,2.00,0,M,10.049999999999999
TEX,NA,10,2.00,0,M,10.049999999999999
TEX,NA,10,2.00,0,M,10.049999999999999
TEX,NA,9,2.00,0,M,8.04
TEX,NA,9,2.00,0,M,8.04
TEX,NA,10,2.00,0,M,10.049999999999999
TEX,NA,10,2.00,0,M,10.049999999999999
TEX,NA,12,2.00,0,M,14.069999999999999
TEX,NA,12,2.00,0,M,14.069999999999999
TEX,NA,12,3.00,0,M,14.069999999999999
TEX,NA,13,3.00,0,M,16.08
TEX,NA,13,3.00,0,M,16.08
TEX,NA,15,3.00,0,M,20.099999999999998
TEX,NA,16,3.00,0,M,22.11
TEX,NA,17,4.00,0,M,24.119999999999997
TEX,NA,18,1.00,0,M,26.129999999999995
TEX,NA,18,-1.00,0,M,26.129999999999995
TEX,NA,20,-2.00,0,M,30.15
TEX,NA,20,-2.00,0,M,30.15
TEX,NA,20,-2.00,0,M,30.15
TEX,NA,20,-1.00,0,M,30.15
TEX,NA,20,-1.00,0,M,30.15
TEX,NA,20,-2.00,0,M,30.15
TEX,NA,21,-2.00,0,M,32.16
TEX,NA,21,-1.00,0,M,32.16
TEX,NA,21,-1.00,0,M,32.16
TEX,NA,21,0.00,0,M,32.16
TEX,NA,21,0.00,0,M,32.16
TEX,NA,20,0.00,0,M,30.15
TEX,NA,20,0.00,0,M,30.15
TEX,NA,20,-1.00,0,M,30.15
TEX,NA,20,-1.00,0,M,30.15
TEX,NA,20,0.00,0,M,30.15
TEX,NA,20,-1.00,0,M,30.15
TEX,NA,20,-1.00,0,M,30.15
TEX,NA,20,-1.00,0,M,30.15
TEX,NA,20,-2.00,0,M,30.15
TEX,NA,20,-1.00,0,M,30.15
TEX,NA,20,-1.00,0,M,30.15
TEX,NA,19,1.00,0,M,28.139999999999997
TEX,NA,18,1.00,0,M,26.129999999999995
TEX,NA,18,4.00,0,M,26.129999999999995
TEX,NA,17,3.00,0,M,24.119999999999997
TEX,NA,16,3.00,0,M,22.11
TEX,NA,16,3.00,0,M,22.11
TEX,NA,15,4.00,0,M,20.099999999999998
TEX,NA,15,4.00,0,M,20.099999999999998
TEX,NA,15,3.00,0,M,20.099999999999998
TEX,NA,15,3.00,0,M,20.099999999999998
TEX,NA,14,3.00,0,M,18.089999999999996
TEX,NA,14,3.00,0,M,18.089999999999996
TEX,NA,14,4.00,0,M,18.089999999999996
TEX,NA,14,3.00,0,M,18.089999999999996
TEX,NA,14,3.00,0,M,18.089999999999996
TEX,NA,15,3.00,0,M,20.099999999999998
TEX,NA,15,5.00,0,M,20.099999999999998
TEX,NA,13,5.00,0,M,16.08
TEX,NA,13,5.00,0,M,16.08
TEX,NA,12,4.00,0,M,14.069999999999999
TEX,NA,13,4.00,0,M,16.08
TEX,NA,12,4.00,0,M,14.069999999999999
TEX,NA,11,5.00,0,M,12.059999999999999
TEX,NA,11,5.00,0,M,12.059999999999999
TEX,NA,11,5.00,0,M,12.059999999999999
TEX,NA,11,5.00,0,M,12.059999999999999
TEX,NA,11,5.00,0,M,12.059999999999999
TEX,NA,10,5.00,0,M,10.049999999999999
TEX,NA,10,5.00,0,M,10.049999999999999
TEX,NA,10,5.00,0,M,10.049999999999999
TEX,NA,10,4.00,0,M,10.049999999999999
TEX,NA,10,4.00,0,M,10.049999999999999
TEX,NA,9,4.00,0,M,8.04
TEX,NA,9,4.00,0,M,8.04
TEX,NA,9,4.00,0,M,8.04
TEX,NA,9,4.00,0,M,8.04
TEX,NA,9,4.00,0,M,8.04
TEX,NA,8,4.00,0,M,6.029999999999999
TEX,NA,10,4.00,0,M,10.049999999999999
TEX,NA,10,4.00,0,M,10.049999999999999
TEX,NA,11,5.00,0,M,12.059999999999999
TEX,NA,12,4.00,0,M,14.069999999999999
TEX,NA,12,5.00,0,M,14.069999999999999
TEX,NA,13,5.00,0,M,16.08
TEX,NA,15,4.00,0,M,20.099999999999998
TEX,NA,16,4.00,0,M,22.11
TEX,NA,16,3.00,0,M,22.11
TEX,NA,17,3.00,0,M,24.119999999999997
TEX,NA,18,2.00,0,M,26.129999999999995
TEX,NA,17,2.00,0,M,24.119999999999997
TEX,NA,18,2.00,0,M,26.129999999999995
TEX,NA,20,0.00,0,M,30.15
TEX,NA,20,-1.00,0,M,30.15
TEX,NA,20,-3.00,0,M,30.15
TEX,NA,20,-3.00,0,M,30.15
TEX,NA,21,-3.00,0,M,32.16
TEX,NA,21,-4.00,0,M,32.16
TEX,NA,21,-5.00,0,M,32.16
TEX,NA,21,-8.00,0,M,32.16
TEX,NA,21,-3.00,0,M,32.16
TEX,NA,21,-2.00,0,M,32.16
TEX,NA,21,-6.00,0,M,32.16
TEX,NA,19,-3.00,0,M,28.139999999999997
TEX,NA,19,-4.00,0,M,28.139999999999997
TEX,NA,20,-3.00,0,M,30.15
TEX,NA,20,-6.00,0,M,30.15
TEX,NA,20,-4.00,0,M,30.15
TEX,NA,19,-3.00,0,M,28.139999999999997
TEX,NA,19,-5.00,0,M,28.139999999999997
TEX,NA,19,-6.00,0,M,28.139999999999997
TEX,NA,18,-4.00,0,M,26.129999999999995
TEX,NA,18,-5.00,0,M,26.129999999999995
TEX,NA,18,-5.00,0,M,26.129999999999995
TEX,NA,17,-4.00,0,M,24.119999999999997
TEX,NA,16,-3.00,0,M,22.11
TEX,NA,16,-1.00,0,M,22.11
TEX,NA,14,0.00,0,M,18.089999999999996
TEX,NA,14,-1.00,0,M,18.089999999999996
TEX,NA,13,-1.00,0,M,16.08
TEX,NA,13,0.00,0,M,16.08
TEX,NA,12,0.00,0,M,14.069999999999999
TEX,NA,12,-1.00,0,M,14.069999999999999
TEX,NA,12,0.00,0,M,14.069999999999999
TEX,NA,12,-1.00,0,M,14.069999999999999
TEX,NA,11,-1.00,0,M,12.059999999999999
TEX,NA,11,0.00,0,M,12.059999999999999
TEX,NA,11,-1.00,0,M,12.059999999999999
TEX,NA,11,-1.00,0,M,12.059999999999999
TEX,NA,11,-1.00,0,M,12.059999999999999
TEX,NA,11,-1.00,0,M,12.059999999999999
TEX,NA,10,-1.00,0,M,10.049999999999999
TEX,NA,10,0.00,0,M,10.049999999999999
TEX,NA,10,-1.00,0,M,10.049999999999999
TEX,NA,10,0.00,0,M,10.049999999999999
TEX,NA,10,-1.00,0,M,10.049999999999999
TEX,NA,10,-1.00,0,M,10.049999999999999
TEX,NA,9,-1.00,0,M,8.04
TEX,NA,10,-1.00,0,M,10.049999999999999
TEX,NA,8,-1.00,0,M,6.029999999999999
TEX,NA,9,-1.00,0,M,8.04
TEX,NA,8,-1.00,0,M,6.029999999999999
TEX,NA,9,-1.00,0,M,8.04
TEX,NA,8,-1.00,0,M,6.029999999999999
TEX,NA,8,-1.00,0,M,6.029999999999999
TEX,NA,8,-1.00,0,M,6.029999999999999
TEX,NA,8,-1.00,0,M,6.029999999999999
TEX,NA,8,-1.00,0,M,6.029999999999999
TEX,NA,8,-1.00,0,M,6.029999999999999
TEX,NA,9,0.00,0,M,8.04
TEX,NA,10,-1.00,0,M,10.049999999999999
TEX,NA,11,0.00,0,M,12.059999999999999
TEX,NA,12,0.00,0,M,14.069999999999999
TEX,NA,13,-1.00,0,M,16.08
TEX,NA,14,-1.00,0,M,18.089999999999996
TEX,NA,15,-1.00,0,M,20.099999999999998
TEX,NA,16,0.00,0,M,22.11
TEX,NA,17,0.00,0,M,24.119999999999997
TEX,NA,18,-2.00,0,M,26.129999999999995
TEX,NA,19,-4.00,0,M,28.139999999999997
TEX,NA,20,-8.00,0,M,30.15
TEX,NA,20,-11.00,0,M,30.15
TEX,NA,20,-10.00,0,M,30.15
TEX,NA,22,-10.00,0,M,34.169999999999995
TEX,NA,20,-11.00,0,M,30.15
TEX,NA,19,-7.00,0,M,28.139999999999997
TEX,NA,20,-10.00,0,M,30.15
TEX,NA,20,-5.00,0,M,30.15
TEX,NA,20,-3.00,0,M,30.15
TEX,NA,20,-6.00,0,M,30.15
TEX,NA,21,-6.00,0,M,32.16
TEX,NA,20,-3.00,0,M,30.15
TEX,NA,20,-5.00,0,M,30.15
TEX,NA,21,-7.00,0,M,32.16
TEX,NA,21,-7.00,0,M,32.16
TEX,NA,21,-12.00,0,M,32.16
TEX,NA,22,-10.00,0,M,34.169999999999995
TEX,NA,22,-5.00,0,M,34.169999999999995
TEX,NA,22,-8.00,0,M,34.169999999999995
TEX,NA,22,-9.00,0,M,34.169999999999995
TEX,NA,22,-13.00,0,M,34.169999999999995
TEX,NA,22,-12.00,0,M,34.169999999999995
TEX,NA,21,-12.00,0,M,32.16
TEX,NA,20,-7.00,0,M,30.15
TEX,NA,18,-5.00,0,M,26.129999999999995
TEX,NA,18,-4.00,0,M,26.129999999999995
TEX,NA,17,-3.00,0,M,24.119999999999997
TEX,NA,17,-3.00,0,M,24.119999999999997
TEX,NA,17,-5.00,0,M,24.119999999999997
TEX,NA,17,-5.00,0,M,24.119999999999997
TEX,NA,16,-3.00,0,M,22.11
TEX,NA,15,-3.00,0,M,20.099999999999998
TEX,NA,14,-2.00,0,M,18.089999999999996
TEX,NA,13,-2.00,0,M,16.08
TEX,NA,13,-1.00,0,M,16.08
TEX,NA,13,-2.00,0,M,16.08
TEX,NA,12,-1.00,0,M,14.069999999999999
TEX,NA,12,-1.00,0,M,14.069999999999999
TEX,NA,12,-1.00,0,M,14.069999999999999
TEX,NA,11,-1.00,0,M,12.059999999999999
TEX,NA,11,-1.00,0,M,12.059999999999999
TEX,NA,11,-1.00,0,M,12.059999999999999
TEX,NA,11,-1.00,0,M,12.059999999999999
TEX,NA,11,-1.00,0,M,12.059999999999999
TEX,NA,11,-1.00,0,M,12.059999999999999
TEX,NA,11,-1.00,0,M,12.059999999999999
TEX,NA,11,-2.00,0,M,12.059999999999999
TEX,NA,11,-2.00,0,M,12.059999999999999
TEX,NA,11,-5.00,0,M,12.059999999999999
TEX,NA,11,-3.00,0,M,12.059999999999999
TEX,NA,11,-3.00,0,M,12.059999999999999
TEX,NA,11,-1.00,0,M,12.059999999999999
TEX,NA,11,-1.00,0,M,12.059999999999999
TEX,NA,11,-1.00,0,M,12.059999999999999
TEX,NA,10,-2.00,0,M,10.049999999999999
TEX,NA,11,-2.00,0,M,12.059999999999999
TEX,NA,10,-1.00,0,M,10.049999999999999
TEX,NA,10,0.00,0,M,10.049999999999999
TEX,NA,10,-1.00,0,M,10.049999999999999
TEX,NA,8,0.00,0,M,6.029999999999999
TEX,NA,9,0.00,0,M,8.04
TEX,NA,9,0.00,0,M,8.04
TEX,NA,10,-1.00,0,M,10.049999999999999
TEX,NA,11,0.00,0,M,12.059999999999999
TEX,NA,11,-1.00,0,M,12.059999999999999
TEX,NA,13,-1.00,0,M,16.08
TEX,NA,13,0.00,0,M,16.08
TEX,NA,15,-1.00,0,M,20.099999999999998
TEX,NA,15,-1.00,0,M,20.099999999999998
TEX,NA,17,-1.00,0,M,24.119999999999997
TEX,NA,18,-2.00,0,M,26.129999999999995
TEX,NA,18,-3.00,0,M,26.129999999999995
TEX,NA,19,-5.00,0,M,28.139999999999997
TEX,NA,20,-7.00,0,M,30.15
TEX,NA,20,-6.00,0,M,30.15
TEX,NA,21,-6.00,0,M,32.16
TEX,NA,21,-7.00,0,M,32.16
TEX,NA,22,-10.00,0,M,34.169999999999995
TEX,NA,21,-10.00,0,M,32.16
TEX,NA,21,-8.00,0,M,32.16
TEX,NA,22,-7.00,0,M,34.169999999999995
TEX,NA,23,-7.00,0,M,36.17999999999999
TEX,NA,21,-6.00,0,M,32.16
TEX,NA,21,-6.00,0,M,32.16
TEX,NA,20,-3.00,0,M,30.15
TEX,NA,22,-7.00,0,M,34.169999999999995
TEX,NA,22,-7.00,0,M,34.169999999999995
TEX,NA,21,-5.00,0,M,32.16
TEX,NA,20,-6.00,0,M,30.15
TEX,NA,21,-6.00,0,M,32.16
TEX,NA,21,-6.00,0,M,32.16
TEX,NA,21,-6.00,0,M,32.16
TEX,NA,21,-7.00,0,M,32.16
TEX,NA,20,-7.00,0,M,30.15
TEX,NA,20,-6.00,0,M,30.15
TEX,NA,19,-7.00,0,M,28.139999999999997
TEX,NA,19,-7.00,0,M,28.139999999999997
TEX,NA,18,-5.00,0,M,26.129999999999995
TEX,NA,18,-3.00,0,M,26.129999999999995
TEX,NA,17,-2.00,0,M,24.119999999999997
TEX,NA,17,-2.00,0,M,24.119999999999997
TEX,NA,16,-1.00,0,M,22.11
TEX,NA,15,0.00,0,M,20.099999999999998
TEX,NA,15,0.00,0,M,20.099999999999998
TEX,NA,15,0.00,0,M,20.099999999999998
TEX,NA,16,-2.00,0,M,22.11
TEX,NA,16,-1.00,0,M,22.11
TEX,NA,15,-1.00,0,M,20.099999999999998
TEX,NA,16,-1.00,0,M,22.11
TEX,NA,15,-2.00,0,M,20.099999999999998
TEX,NA,15,-1.00,0,M,20.099999999999998
TEX,NA,15,-1.00,0,M,20.099999999999998
TEX,NA,15,-1.00,0,M,20.099999999999998
TEX,NA,16,-2.00,0,M,22.11
TEX,NA,15,-1.00,0,M,20.099999999999998
TEX,NA,15,-1.00,0,M,20.099999999999998
TEX,NA,15,-1.00,0,M,20.099999999999998
TEX,NA,15,-1.00,0,M,20.099999999999998
TEX,NA,16,-2.00,0,M,22.11
TEX,NA,15,0.00,0,M,20.099999999999998
TEX,NA,13,0.00,0,M,16.08
TEX,NA,13,0.00,0,M,16.08
TEX,NA,13,0.00,0,M,16.08
TEX,NA,12,0.00,0,M,14.069999999999999
TEX,NA,13,0.00,0,M,16.08
TEX,NA,12,0.00,0,M,14.069999999999999
TEX,NA,12,0.00,0,M,14.069999999999999
TEX,NA,11,0.00,0,M,12.059999999999999
TEX,NA,11,0.00,0,M,12.059999999999999
TEX,NA,11,1.00,0,M,12.059999999999999
TEX,NA,11,0.00,0,M,12.059999999999999
TEX,NA,11,0.00,0,M,12.059999999999999
TEX,NA,11,1.00,0,M,12.059999999999999
TEX,NA,12,1.00,0,M,14.069999999999999
TEX,NA,13,1.00,0,M,16.08
TEX,NA,13,1.00,0,M,16.08
TEX,NA,15,0.00,0,M,20.099999999999998
TEX,NA,15,1.00,0,M,20.099999999999998
TEX,NA,16,2.00,0,M,22.11
TEX,NA,17,0.00,0,M,24.119999999999997
TEX,NA,18,-3.00,0,M,26.129999999999995
TEX,NA,20,-2.00,0,M,30.15
TEX,NA,20,-4.00,0,M,30.15
TEX,NA,20,-5.00,0,M,30.15
TEX,NA,21,-3.00,0,M,32.16
TEX,NA,20,-2.00,0,M,30.15
TEX,NA,21,-2.00,0,M,32.16
TEX,NA,21,-2.00,0,M,32.16
TEX,NA,22,-2.00,0,M,34.169999999999995
TEX,NA,22,-5.00,0,M,34.169999999999995
TEX,NA,22,-6.00,0,M,34.169999999999995
TEX,NA,21,-5.00,0,M,32.16
TEX,NA,22,-5.00,0,M,34.169999999999995
TEX,NA,21,-6.00,0,M,32.16
TEX,NA,20,-4.00,0,M,30.15
TEX,NA,20,-5.00,0,M,30.15
TEX,NA,19,-1.00,0,M,28.139999999999997
TEX,NA,20,-1.00,0,M,30.15
TEX,NA,18,1.00,0,M,26.129999999999995
TEX,NA,17,0.00,0.25,M,24.119999999999997
TEX,NA,16,3.00,0.25,M,22.11
TEX,NA,17,1.00,0,M,24.119999999999997
TEX,NA,16,3.00,0,M,22.11
TEX,NA,16,1.00,0,M,22.11
TEX,NA,17,0.00,0,M,24.119999999999997
TEX,NA,17,0.00,0,M,24.119999999999997
TEX,NA,17,1.00,0,M,24.119999999999997
TEX,NA,16,0.00,0,M,22.11
TEX,NA,16,-1.00,0,M,22.11
TEX,NA,15,-1.00,0,M,20.099999999999998
TEX,NA,15,-1.00,0,M,20.099999999999998
TEX,NA,15,-2.00,0,M,20.099999999999998
TEX,NA,13,0.00,0,M,16.08
TEX,NA,13,0.00,0,M,16.08
TEX,NA,13,0.00,0,M,16.08
TEX,NA,13,0.00,0,M,16.08
TEX,NA,13,0.00,0,M,16.08
TEX,NA,13,1.00,0,M,16.08
TEX,NA,12,1.00,0,M,14.069999999999999
TEX,NA,12,1.00,0,M,14.069999999999999
TEX,NA,12,0.00,0,M,14.069999999999999
TEX,NA,13,0.00,0,M,16.08
TEX,NA,12,1.00,0,M,14.069999999999999
TEX,NA,12,1.00,0,M,14.069999999999999
TEX,NA,12,1.00,0,M,14.069999999999999
TEX,NA,12,-1.00,0,M,14.069999999999999
TEX,NA,13,-2.00,0,M,16.08
TEX,NA,14,-2.00,0,M,18.089999999999996
TEX,NA,14,-2.00,0,M,18.089999999999996
TEX,NA,13,-1.00,0,M,16.08
TEX,NA,12,0.00,0,M,14.069999999999999
TEX,NA,12,0.00,0,M,14.069999999999999
TEX,NA,12,-1.00,0,M,14.069999999999999
TEX,NA,12,-1.00,0,M,14.069999999999999
TEX,NA,12,-1.00,0,M,14.069999999999999
TEX,NA,12,0.00,0,M,14.069999999999999
TEX,NA,12,0.00,0,M,14.069999999999999
TEX,NA,13,-1.00,0,M,16.08
TEX,NA,13,0.00,0,M,16.08
TEX,NA,12,0.00,0,M,14.069999999999999
TEX,NA,12,0.00,0,M,14.069999999999999
TEX,NA,12,0.00,0,M,14.069999999999999
TEX,NA,12,0.00,0,M,14.069999999999999
TEX,NA,11,0.00,0,M,12.059999999999999
TEX,NA,11,0.00,0,M,12.059999999999999
TEX,NA,12,0.00,0,M,14.069999999999999
TEX,NA,12,0.00,0,M,14.069999999999999
TEX,NA,13,1.00,0,M,16.08
TEX,NA,13,1.00,0,M,16.08
TEX,NA,13,2.00,0,M,16.08
TEX,NA,15,0.00,0,M,20.099999999999998
TEX,NA,15,0.00,0,M,20.099999999999998
TEX,NA,16,0.00,0,M,22.11
TEX,NA,17,0.00,0,M,24.119999999999997
TEX,NA,18,-2.00,0,M,26.129999999999995
TEX,NA,18,-2.00,0,M,26.129999999999995
TEX,NA,18,-1.00,0,M,26.129999999999995
TEX,NA,19,-1.00,0,M,28.139999999999997
TEX,NA,20,-1.00,0,M,30.15
TEX,NA,18,0.00,0,M,26.129999999999995
TEX,NA,20,-1.00,0,M,30.15
TEX,NA,19,-1.00,0,M,28.139999999999997
TEX,NA,20,-1.00,0,M,30.15
TEX,NA,20,-1.00,0,M,30.15
TEX,NA,21,-1.00,0,M,32.16
TEX,NA,21,-1.00,0,M,32.16
TEX,NA,21,-1.00,0,M,32.16
TEX,NA,21,-2.00,0,M,32.16
TEX,NA,21,-2.00,0,M,32.16
TEX,NA,22,-2.00,0,M,34.169999999999995
TEX,NA,21,-1.00,0,M,32.16
TEX,NA,22,-2.00,0,M,34.169999999999995
TEX,NA,20,-1.00,0,M,30.15
TEX,NA,18,1.00,0,M,26.129999999999995
TEX,NA,18,1.00,0,M,26.129999999999995
TEX,NA,17,1.00,0,M,24.119999999999997
TEX,NA,18,1.00,0,M,26.129999999999995
TEX,NA,17,1.00,0,M,24.119999999999997
TEX,NA,17,1.00,0,M,24.119999999999997
TEX,NA,16,5.00,0,M,22.11
TEX,NA,16,4.00,0,M,22.11
TEX,NA,15,4.00,0,M,20.099999999999998
TEX,NA,16,0.00,0,M,22.11
TEX,NA,15,1.00,0,M,20.099999999999998
TEX,NA,15,2.00,0,M,20.099999999999998
TEX,NA,14,4.00,0,M,18.089999999999996
TEX,NA,13,3.00,0,M,16.08
TEX,NA,13,3.00,0,M,16.08
TEX,NA,12,3.00,0,M,14.069999999999999
TEX,NA,12,3.00,0,M,14.069999999999999
TEX,NA,12,3.00,0,M,14.069999999999999
TEX,NA,11,3.00,0,M,12.059999999999999
TEX,NA,12,2.00,0,M,14.069999999999999
TEX,NA,11,2.00,0,M,12.059999999999999
TEX,NA,11,2.00,0,M,12.059999999999999
TEX,NA,11,2.00,0,M,12.059999999999999
TEX,NA,11,2.00,0,M,12.059999999999999
TEX,NA,11,2.00,0,M,12.059999999999999
TEX,NA,10,2.00,0,M,10.049999999999999
TEX,NA,10,2.00,0,M,10.049999999999999
TEX,NA,10,2.00,0,M,10.049999999999999
TEX,NA,9,2.00,0,M,8.04
TEX,NA,10,2.00,0,M,10.049999999999999
TEX,NA,10,2.00,0,M,10.049999999999999
TEX,NA,10,2.00,0,M,10.049999999999999
TEX,NA,10,2.00,0,M,10.049999999999999
TEX,NA,10,2.00,0,M,10.049999999999999
TEX,NA,9,2.00,0,M,8.04
TEX,NA,9,2.00,0,M,8.04
TEX,NA,8,2.00,0,M,6.029999999999999
TEX,NA,9,2.00,0,M,8.04
TEX,NA,10,2.00,0,M,10.049999999999999
TEX,NA,9,2.00,0,M,8.04
TEX,NA,8,2.00,0,M,6.029999999999999
TEX,NA,8,2.00,0,M,6.029999999999999
TEX,NA,8,2.00,0,M,6.029999999999999
TEX,NA,8,2.00,0,M,6.029999999999999
TEX,NA,10,2.00,0,M,10.049999999999999
TEX,NA,11,2.00,0,M,12.059999999999999
TEX,NA,12,2.00,0,M,14.069999999999999
TEX,NA,13,2.00,0,M,16.08
TEX,NA,13,3.00,0,M,16.08
TEX,NA,15,2.00,0,M,20.099999999999998
TEX,NA,16,2.00,0,M,22.11
TEX,NA,17,1.00,0,M,24.119999999999997
TEX,NA,18,0.00,0,M,26.129999999999995
TEX,NA,19,-1.00,0,M,28.139999999999997
TEX,NA,20,-1.00,0,M,30.15
TEX,NA,20,-1.00,0,M,30.15
TEX,NA,20,-1.00,0,M,30.15
TEX,NA,21,-2.00,0,M,32.16
TEX,NA,21,-2.00,0,M,32.16
TEX,NA,21,-2.00,0,M,32.16
TEX,NA,22,-2.00,0,M,34.169999999999995
TEX,NA,22,-2.00,0,M,34.169999999999995
TEX,NA,22,-3.00,0,M,34.169999999999995
TEX,NA,21,-2.00,0,M,32.16
TEX,NA,23,-3.00,0,M,36.17999999999999
TEX,NA,22,-5.00,0,M,34.169999999999995
TEX,NA,23,-6.00,0,M,36.17999999999999
TEX,NA,22,-5.00,0,M,34.169999999999995
TEX,NA,22,-4.00,0,M,34.169999999999995
TEX,NA,21,-5.00,0,M,32.16
TEX,NA,22,-3.00,0,M,34.169999999999995
TEX,NA,22,-1.00,0,M,34.169999999999995
TEX,NA,23,-3.00,0,M,36.17999999999999
TEX,NA,22,-4.00,0,M,34.169999999999995
TEX,NA,22,-6.00,0,M,34.169999999999995
TEX,NA,22,-6.00,0,M,34.169999999999995
TEX,NA,22,-6.00,0,M,34.169999999999995
TEX,NA,22,-5.00,0,M,34.169999999999995
TEX,NA,21,-6.00,0,M,32.16
TEX,NA,21,-5.00,0,M,32.16
TEX,NA,20,-6.00,0,M,30.15
TEX,NA,20,-5.00,0,M,30.15
TEX,NA,19,-3.00,0,M,28.139999999999997
TEX,NA,18,-1.00,0,M,26.129999999999995
TEX,NA,18,0.00,0,M,26.129999999999995
TEX,NA,17,0.00,0,M,24.119999999999997
TEX,NA,17,0.00,0,M,24.119999999999997
TEX,NA,16,0.00,0,M,22.11
TEX,NA,16,0.00,0,M,22.11
TEX,NA,15,2.00,0,M,20.099999999999998
TEX,NA,15,1.00,0,M,20.099999999999998
TEX,NA,14,0.00,0,M,18.089999999999996
TEX,NA,13,1.00,0,M,16.08
TEX,NA,13,0.00,0,M,16.08
TEX,NA,12,1.00,0,M,14.069999999999999
TEX,NA,12,0.00,0,M,14.069999999999999
TEX,NA,12,0.00,0,M,14.069999999999999
TEX,NA,12,0.00,0,M,14.069999999999999
TEX,NA,12,0.00,0,M,14.069999999999999
TEX,NA,11,0.00,0,M,12.059999999999999
TEX,NA,11,0.00,0,M,12.059999999999999
TEX,NA,11,0.00,0,M,12.059999999999999
TEX,NA,11,0.00,0,M,12.059999999999999
TEX,NA,11,0.00,0,M,12.059999999999999
TEX,NA,10,0.00,0,M,10.049999999999999
TEX,NA,10,0.00,0,M,10.049999999999999
TEX,NA,10,0.00,0,M,10.049999999999999
TEX,NA,10,0.00,0,M,10.049999999999999
TEX,NA,10,0.00,0,M,10.049999999999999
TEX,NA,10,0.00,0,M,10.049999999999999
TEX,NA,10,0.00,0,M,10.049999999999999
TEX,NA,10,0.00,0,M,10.049999999999999
TEX,NA,10,0.00,0,M,10.049999999999999
TEX,NA,10,0.00,0,M,10.049999999999999
TEX,NA,10,0.00,0,M,10.049999999999999
TEX,NA,10,0.00,0,M,10.049999999999999
TEX,NA,11,1.00,0,M,12.059999999999999
TEX,NA,12,0.00,0,M,14.069999999999999
TEX,NA,12,0.00,0,M,14.069999999999999
TEX,NA,12,0.00,0,M,14.069999999999999
TEX,NA,15,0.00,0,M,20.099999999999998
TEX,NA,17,0.00,0,M,24.119999999999997
TEX,NA,18,-1.00,0,M,26.129999999999995
TEX,NA,19,-2.00,0,M,28.139999999999997
TEX,NA,20,-2.00,0,M,30.15
TEX,NA,21,-5.00,0,M,32.16
TEX,NA,21,-5.00,0,M,32.16
TEX,NA,21,-3.00,0,M,32.16
TEX,NA,20,0.00,0,M,30.15
TEX,NA,21,-1.00,0,M,32.16
TEX,NA,22,-1.00,0,M,34.169999999999995
TEX,NA,22,-1.00,0,M,34.169999999999995
TEX,NA,22,0.00,0,M,34.169999999999995
TEX,NA,22,-1.00,0,M,34.169999999999995
TEX,NA,21,0.00,0,M,32.16
TEX,NA,22,0.00,0,M,34.169999999999995
TEX,NA,22,0.00,0,M,34.169999999999995
TEX,NA,23,-3.00,0,M,36.17999999999999
TEX,NA,23,-3.00,0,M,36.17999999999999
TEX,NA,23,-3.00,0,M,36.17999999999999
TEX,NA,23,-2.00,0,M,36.17999999999999
TEX,NA,23,-3.00,0,M,36.17999999999999
TEX,NA,23,-3.00,0,M,36.17999999999999
TEX,NA,22,-3.00,0,M,34.169999999999995
TEX,NA,21,-3.00,0,M,32.16
TEX,NA,22,-3.00,0,M,34.169999999999995
TEX,NA,22,-3.00,0,M,34.169999999999995
TEX,NA,21,-3.00,0,M,32.16
TEX,NA,21,-3.00,0,M,32.16
TEX,NA,21,-3.00,0,M,32.16
TEX,NA,20,-2.00,0,M,30.15
TEX,NA,20,-3.00,0,M,30.15
TEX,NA,19,-3.00,0,M,28.139999999999997
TEX,NA,18,-2.00,0,M,26.129999999999995
TEX,NA,17,-2.00,0,M,24.119999999999997
TEX,NA,16,0.00,0,M,22.11
TEX,NA,16,0.00,0,M,22.11
TEX,NA,15,0.00,0,M,20.099999999999998
TEX,NA,14,0.00,0,M,18.089999999999996
TEX,NA,13,0.00,0,M,16.08
TEX,NA,13,0.00,0,M,16.08
TEX,NA,13,0.00,0,M,16.08
TEX,NA,12,0.00,0,M,14.069999999999999
TEX,NA,12,0.00,0,M,14.069999999999999
TEX,NA,12,0.00,0,M,14.069999999999999
TEX,NA,12,0.00,0,M,14.069999999999999
TEX,NA,12,0.00,0,M,14.069999999999999
TEX,NA,11,0.00,0,M,12.059999999999999
TEX,NA,11,0.00,0,M,12.059999999999999
TEX,NA,11,0.00,0,M,12.059999999999999
TEX,NA,11,0.00,0,M,12.059999999999999
TEX,NA,10,0.00,0,M,10.049999999999999
TEX,NA,11,0.00,0,M,12.059999999999999
TEX,NA,11,0.00,0,M,12.059999999999999
TEX,NA,10,0.00,0,M,10.049999999999999
TEX,NA,10,0.00,0,M,10.049999999999999
TEX,NA,10,0.00,0,M,10.049999999999999
TEX,NA,11,0.00,0,M,12.059999999999999
TEX,NA,11,0.00,0,M,12.059999999999999
TEX,NA,11,0.00,0,M,12.059999999999999
TEX,NA,10,0.00,0,M,10.049999999999999
TEX,NA,11,0.00,0,M,12.059999999999999
TEX,NA,11,0.00,0,M,12.059999999999999
TEX,NA,10,0.00,0,M,10.049999999999999
TEX,NA,10,0.00,0,M,10.049999999999999
TEX,NA,10,0.00,0,M,10.049999999999999
TEX,NA,11,0.00,0,M,12.059999999999999
TEX,NA,11,1.00,0,M,12.059999999999999
TEX,NA,11,1.00,0,M,12.059999999999999
TEX,NA,11,1.00,0,M,12.059999999999999
TEX,NA,13,1.00,0,M,16.08
TEX,NA,14,1.00,0,M,18.089999999999996
TEX,NA,15,0.00,0,M,20.099999999999998
TEX,NA,15,0.00,0,M,20.099999999999998
TEX,NA,16,0.00,0,M,22.11
TEX,NA,17,1.00,0,M,24.119999999999997
TEX,NA,17,0.00,0,M,24.119999999999997
TEX,NA,18,0.00,0,M,26.129999999999995
TEX,NA,18,-2.00,0,M,26.129999999999995
TEX,NA,18,-3.00,0,M,26.129999999999995
TEX,NA,19,-1.00,0,M,28.139999999999997
TEX,NA,19,-1.00,0,M,28.139999999999997
TEX,NA,19,-2.00,0,M,28.139999999999997
TEX,NA,20,-2.00,0,M,30.15
TEX,NA,20,-1.00,0,M,30.15
TEX,NA,20,-1.00,0,M,30.15
TEX,NA,20,-1.00,0,M,30.15
TEX,NA,20,0.00,0,M,30.15
TEX,NA,20,0.00,0,M,30.15
TEX,NA,20,1.00,0,M,30.15
TEX,NA,20,0.00,0,M,30.15
TEX,NA,20,0.00,0,M,30.15
TEX,NA,20,0.00,0,M,30.15
TEX,NA,19,0.00,0,M,28.139999999999997
TEX,NA,19,-1.00,0,M,28.139999999999997
TEX,NA,19,-1.00,0,M,28.139999999999997
TEX,NA,18,-1.00,0,M,26.129999999999995
TEX,NA,18,-1.00,0,M,26.129999999999995
TEX,NA,17,-2.00,0,M,24.119999999999997
TEX,NA,17,-1.00,0,M,24.119999999999997
TEX,NA,16,-1.00,0,M,22.11
TEX,NA,16,-1.00,0,M,22.11
TEX,NA,16,0.00,0,M,22.11
TEX,NA,16,0.00,0,M,22.11
TEX,NA,15,0.00,0,M,20.099999999999998
TEX,NA,15,0.00,0,M,20.099999999999998
TEX,NA,15,0.00,0,M,20.099999999999998
TEX,NA,14,0.00,0,M,18.089999999999996
TEX,NA,12,0.00,0,M,14.069999999999999
TEX,NA,12,0.00,0,M,14.069999999999999
TEX,NA,12,0.00,0,M,14.069999999999999
TEX,NA,12,0.00,0,M,14.069999999999999
TEX,NA,12,0.00,0,M,14.069999999999999
TEX,NA,12,0.00,0,M,14.069999999999999
TEX,NA,11,1.00,0,M,12.059999999999999
TEX,NA,11,1.00,0,M,12.059999999999999
TEX,NA,11,1.00,0,M,12.059999999999999
TEX,NA,10,1.00,0,M,10.049999999999999
TEX,NA,11,0.00,0,M,12.059999999999999
TEX,NA,11,1.00,0,M,12.059999999999999
TEX,NA,10,0.00,0,M,10.049999999999999
TEX,NA,10,0.00,0,M,10.049999999999999
TEX,NA,10,1.00,0,M,10.049999999999999
TEX,NA,10,0.00,0,M,10.049999999999999
TEX,NA,10,0.00,0,M,10.049999999999999
TEX,NA,10,0.00,0,M,10.049999999999999
TEX,NA,9,0.00,0,M,8.04
TEX,NA,9,0.00,0,M,8.04
TEX,NA,9,1.00,0,M,8.04
TEX,NA,8,0.00,0,M,6.029999999999999
TEX,NA,8,0.00,0,M,6.029999999999999
TEX,NA,8,0.00,0,M,6.029999999999999
TEX,NA,8,1.00,0,M,6.029999999999999
TEX,NA,8,1.00,0,M,6.029999999999999
TEX,NA,8,1.00,0,M,6.029999999999999
TEX,NA,7,1.00,0,M,4.02
TEX,NA,8,1.00,0,M,6.029999999999999
TEX,NA,8,1.00,0,M,6.029999999999999
TEX,NA,8,1.00,0,M,6.029999999999999
TEX,NA,10,1.00,0,M,10.049999999999999
TEX,NA,10,1.00,0,M,10.049999999999999
TEX,NA,12,1.00,0,M,14.069999999999999
TEX,NA,12,1.00,0,M,14.069999999999999
TEX,NA,13,1.00,0,M,16.08
TEX,NA,15,0.00,0,M,20.099999999999998
TEX,NA,15,0.00,0,M,20.099999999999998
TEX,NA,16,0.00,0,M,22.11
TEX,NA,17,-1.00,0,M,24.119999999999997
TEX,NA,18,0.00,0,M,26.129999999999995
TEX,NA,18,-1.00,0,M,26.129999999999995
TEX,NA,18,0.00,0,M,26.129999999999995
TEX,NA,19,0.00,0,M,28.139999999999997
TEX,NA,19,0.00,0,M,28.139999999999997
TEX,NA,20,0.00,0,M,30.15
TEX,NA,20,0.00,0,M,30.15
TEX,NA,21,-1.00,0,M,32.16
TEX,NA,21,-1.00,0,M,32.16
TEX,NA,21,-2.00,0,M,32.16
TEX,NA,22,-2.00,0,M,34.169999999999995
TEX,NA,22,-2.00,0,M,34.169999999999995
TEX,NA,22,-2.00,0,M,34.169999999999995
TEX,NA,22,-3.00,0,M,34.169999999999995
TEX,NA,23,-3.00,0,M,36.17999999999999
TEX,NA,23,-3.00,0,M,36.17999999999999
TEX,NA,22,-2.00,0,M,34.169999999999995
TEX,NA,22,-2.00,0,M,34.169999999999995
TEX,NA,22,-2.00,0,M,34.169999999999995
TEX,NA,22,-2.00,0,M,34.169999999999995
TEX,NA,22,-2.00,0,M,34.169999999999995
TEX,NA,21,-2.00,0,M,32.16
TEX,NA,21,-1.00,0,M,32.16
TEX,NA,20,-1.00,0,M,30.15
TEX,NA,20,-1.00,0,M,30.15
TEX,NA,19,0.00,0,M,28.139999999999997
TEX,NA,18,0.00,0,M,26.129999999999995
TEX,NA,17,0.00,0,M,24.119999999999997
TEX,NA,17,1.00,0,M,24.119999999999997
TEX,NA,16,1.00,0,M,22.11
TEX,NA,15,1.00,0,M,20.099999999999998
TEX,NA,14,2.00,0,M,18.089999999999996
TEX,NA,15,2.00,0,M,20.099999999999998
TEX,NA,15,2.00,0,M,20.099999999999998
TEX,NA,13,2.00,0,M,16.08
TEX,NA,13,2.00,0,M,16.08
TEX,NA,13,2.00,0,M,16.08
TEX,NA,12,2.00,0,M,14.069999999999999
TEX,NA,12,2.00,0,M,14.069999999999999
TEX,NA,12,2.00,0,M,14.069999999999999
TEX,NA,12,2.00,0,M,14.069999999999999
TEX,NA,12,2.00,0,M,14.069999999999999
TEX,NA,12,2.00,0,M,14.069999999999999
TEX,NA,12,2.00,0,M,14.069999999999999
TEX,NA,11,2.00,0,M,12.059999999999999
TEX,NA,11,2.00,0,M,12.059999999999999
TEX,NA,11,2.00,0,M,12.059999999999999
TEX,NA,10,2.00,0,M,10.049999999999999
TEX,NA,11,2.00,0,M,12.059999999999999
TEX,NA,10,2.00,0,M,10.049999999999999
TEX,NA,10,2.00,0,M,10.049999999999999
TEX,NA,11,2.00,0,M,12.059999999999999
TEX,NA,10,2.00,0,M,10.049999999999999
TEX,NA,10,2.00,0,M,10.049999999999999
TEX,NA,10,2.00,0,M,10.049999999999999
TEX,NA,10,2.00,0,M,10.049999999999999
TEX,NA,11,2.00,0,M,12.059999999999999
TEX,NA,10,2.00,0,M,10.049999999999999
TEX,NA,10,2.00,0,M,10.049999999999999
TEX,NA,10,2.00,0,M,10.049999999999999
TEX,NA,10,2.00,0,M,10.049999999999999
TEX,NA,10,2.00,0,M,10.049999999999999
TEX,NA,11,2.00,0,M,12.059999999999999
TEX,NA,11,3.00,0,M,12.059999999999999
TEX,NA,12,2.00,0,M,14.069999999999999
TEX,NA,13,2.00,0,M,16.08
TEX,NA,14,2.00,0,M,18.089999999999996
TEX,NA,16,2.00,0,M,22.11
TEX,NA,16,2.00,0,M,22.11
TEX,NA,17,1.00,0,M,24.119999999999997
TEX,NA,18,0.00,0,M,26.129999999999995
TEX,NA,18,-1.00,0,M,26.129999999999995
TEX,NA,19,-1.00,0,M,28.139999999999997
TEX,NA,19,-1.00,0,M,28.139999999999997
TEX,NA,20,-2.00,0,M,30.15
TEX,NA,20,-1.00,0,M,30.15
TEX,NA,20,-1.00,0,M,30.15
TEX,NA,20,-2.00,0,M,30.15
TEX,NA,20,-2.00,0,M,30.15
TEX,NA,21,-3.00,0,M,32.16
TEX,NA,21,-5.00,0,M,32.16
TEX,NA,22,-3.00,0,M,34.169999999999995
TEX,NA,20,-3.00,0,M,30.15
TEX,NA,21,-3.00,0,M,32.16
TEX,NA,22,-3.00,0,M,34.169999999999995
TEX,NA,22,-3.00,0,M,34.169999999999995
TEX,NA,21,-1.00,0,M,32.16
TEX,NA,22,-1.00,0,M,34.169999999999995
TEX,NA,21,-1.00,0,M,32.16
TEX,NA,21,-1.00,0,M,32.16
TEX,NA,21,-1.00,0,M,32.16
TEX,NA,21,-2.00,0,M,32.16
TEX,NA,21,-2.00,0,M,32.16
TEX,NA,21,-2.00,0,M,32.16
TEX,NA,20,-1.00,0,M,30.15
TEX,NA,20,-2.00,0,M,30.15
TEX,NA,20,-3.00,0,M,30.15
TEX,NA,19,-2.00,0,M,28.139999999999997
TEX,NA,18,-3.00,0,M,26.129999999999995
TEX,NA,18,-2.00,0,M,26.129999999999995
TEX,NA,17,-1.00,0,M,24.119999999999997
TEX,NA,16,1.00,0,M,22.11
TEX,NA,15,1.00,0,M,20.099999999999998
TEX,NA,14,1.00,0,M,18.089999999999996
TEX,NA,15,1.00,0,M,20.099999999999998
TEX,NA,15,1.00,0,M,20.099999999999998
TEX,NA,14,1.00,0,M,18.089999999999996
TEX,NA,15,0.00,0,M,20.099999999999998
TEX,NA,15,0.00,0,M,20.099999999999998
TEX,NA,14,0.00,0,M,18.089999999999996
TEX,NA,13,0.00,0,M,16.08
TEX,NA,13,1.00,0,M,16.08
TEX,NA,13,0.00,0,M,16.08
TEX,NA,12,1.00,0,M,14.069999999999999
TEX,NA,12,1.00,0,M,14.069999999999999
TEX,NA,12,1.00,0,M,14.069999999999999
TEX,NA,11,1.00,0,M,12.059999999999999
TEX,NA,11,1.00,0,M,12.059999999999999
TEX,NA,11,1.00,0,M,12.059999999999999
TEX,NA,11,1.00,0,M,12.059999999999999
TEX,NA,11,1.00,0,M,12.059999999999999
TEX,NA,10,1.00,0,M,10.049999999999999
TEX,NA,10,1.00,0,M,10.049999999999999
TEX,NA,11,1.00,0,M,12.059999999999999
TEX,NA,10,1.00,0,M,10.049999999999999
TEX,NA,10,1.00,0,M,10.049999999999999
TEX,NA,10,1.00,0,M,10.049999999999999
TEX,NA,10,1.00,0,M,10.049999999999999
TEX,NA,10,1.00,0,M,10.049999999999999
TEX,NA,11,0.00,0,M,12.059999999999999
TEX,NA,10,1.00,0,M,10.049999999999999
TEX,NA,10,1.00,0,M,10.049999999999999
TEX,NA,10,1.00,0,M,10.049999999999999
TEX,NA,10,1.00,0,M,10.049999999999999
TEX,NA,10,1.00,0,M,10.049999999999999
TEX,NA,12,1.00,0,M,14.069999999999999
TEX,NA,13,0.00,0,M,16.08
TEX,NA,13,1.00,0,M,16.08
TEX,NA,14,0.00,0,M,18.089999999999996
TEX,NA,16,0.00,0,M,22.11
TEX,NA,17,0.00,0,M,24.119999999999997
TEX,NA,18,-1.00,0,M,26.129999999999995
TEX,NA,19,0.00,0,M,28.139999999999997
TEX,NA,20,-3.00,0,M,30.15
TEX,NA,20,-6.00,0,M,30.15
TEX,NA,20,-4.00,0,M,30.15
TEX,NA,20,-5.00,0,M,30.15
TEX,NA,20,-5.00,0,M,30.15
TEX,NA,20,-5.00,0,M,30.15
TEX,NA,20,-7.00,0,M,30.15
TEX,NA,21,-5.00,0,M,32.16
TEX,NA,19,-4.00,0,M,28.139999999999997
TEX,NA,20,0.00,0,M,30.15
TEX,NA,18,-1.00,0,M,26.129999999999995
TEX,NA,20,0.00,0,M,30.15
TEX,NA,18,-1.00,0,M,26.129999999999995
TEX,NA,19,-1.00,0,M,28.139999999999997
TEX,NA,20,-2.00,0,M,30.15
TEX,NA,20,-3.00,0,M,30.15
TEX,NA,19,-3.00,0,M,28.139999999999997
TEX,NA,19,-3.00,0,M,28.139999999999997
TEX,NA,18,-2.00,0,M,26.129999999999995
TEX,NA,17,-2.00,0,M,24.119999999999997
TEX,NA,17,-2.00,0,M,24.119999999999997
TEX,NA,18,-1.00,0,M,26.129999999999995
TEX,NA,18,-1.00,0,M,26.129999999999995
TEX,NA,17,-1.00,0,M,24.119999999999997
TEX,NA,17,-1.00,0,M,24.119999999999997
TEX,NA,16,0.00,0,M,22.11
TEX,NA,16,1.00,0,M,22.11
TEX,NA,15,0.00,0,M,20.099999999999998
TEX,NA,15,1.00,0,M,20.099999999999998
TEX,NA,14,1.00,0,M,18.089999999999996
TEX,NA,14,1.00,0,M,18.089999999999996
TEX,NA,13,1.00,0,M,16.08
TEX,NA,13,1.00,0,M,16.08
TEX,NA,13,1.00,0,M,16.08
TEX,NA,12,1.00,0,M,14.069999999999999
TEX,NA,12,1.00,0,M,14.069999999999999
TEX,NA,12,1.00,0,M,14.069999999999999
TEX,NA,12,1.00,0,M,14.069999999999999
TEX,NA,12,1.00,0,M,14.069999999999999
TEX,NA,12,0.00,0,M,14.069999999999999
TEX,NA,11,0.00,0,M,12.059999999999999
TEX,NA,11,0.00,0,M,12.059999999999999
TEX,NA,11,0.00,0,M,12.059999999999999
TEX,NA,11,0.00,0,M,12.059999999999999
TEX,NA,11,0.00,0,M,12.059999999999999
TEX,NA,11,0.00,0,M,12.059999999999999
TEX,NA,10,0.00,0,M,10.049999999999999
TEX,NA,10,0.00,0,M,10.049999999999999
TEX,NA,10,0.00,0,M,10.049999999999999
TEX,NA,10,0.00,0,M,10.049999999999999
TEX,NA,9,0.00,0,M,8.04
TEX,NA,9,0.00,0,M,8.04
TEX,NA,10,0.00,0,M,10.049999999999999
TEX,NA,9,0.00,0,M,8.04
TEX,NA,9,0.00,0,M,8.04
TEX,NA,8,0.00,0,M,6.029999999999999
TEX,NA,8,0.00,0,M,6.029999999999999
TEX,NA,8,0.00,0,M,6.029999999999999
TEX,NA,8,0.00,0,M,6.029999999999999
TEX,NA,8,0.00,0,M,6.029999999999999
TEX,NA,8,0.00,0,M,6.029999999999999
TEX,NA,8,0.00,0,M,6.029999999999999
TEX,NA,8,0.00,0,M,6.029999999999999
TEX,NA,9,0.00,0,M,8.04
TEX,NA,11,0.00,0,M,12.059999999999999
TEX,NA,11,0.00,0,M,12.059999999999999
TEX,NA,12,0.00,0,M,14.069999999999999
TEX,NA,13,0.00,0,M,16.08
TEX,NA,15,0.00,0,M,20.099999999999998
TEX,NA,15,0.00,0,M,20.099999999999998
TEX,NA,17,0.00,0,M,24.119999999999997
TEX,NA,18,-1.00,0,M,26.129999999999995
TEX,NA,19,-2.00,0,M,28.139999999999997
TEX,NA,20,-3.00,0,M,30.15
TEX,NA,20,-4.00,0,M,30.15
TEX,NA,21,-2.00,0,M,32.16
TEX,NA,21,-3.00,0,M,32.16
TEX,NA,21,-5.00,0,M,32.16
TEX,NA,21,-6.00,0,M,32.16
TEX,NA,21,-6.00,0,M,32.16
TEX,NA,21,-5.00,0,M,32.16
TEX,NA,18,-1.00,0,M,26.129999999999995
TEX,NA,18,-3.00,0,M,26.129999999999995
TEX,NA,19,-4.00,0,M,28.139999999999997
TEX,NA,18,-1.00,0,M,26.129999999999995
TEX,NA,18,-1.00,0,M,26.129999999999995
TEX,NA,18,-2.00,0,M,26.129999999999995
TEX,NA,20,-2.00,0,M,30.15
TEX,NA,20,-3.00,0,M,30.15
TEX,NA,20,-3.00,0,M,30.15
TEX,NA,19,-2.00,0,M,28.139999999999997
TEX,NA,17,0.00,0,M,24.119999999999997
TEX,NA,17,0.00,0,M,24.119999999999997
TEX,NA,17,0.00,0,M,24.119999999999997
TEX,NA,16,0.00,0,M,22.11
TEX,NA,16,1.00,0,M,22.11
TEX,NA,16,2.00,0,M,22.11
TEX,NA,15,2.00,0,M,20.099999999999998
TEX,NA,15,3.00,0,M,20.099999999999998
TEX,NA,15,3.00,0,M,20.099999999999998
TEX,NA,14,3.00,0,M,18.089999999999996
TEX,NA,14,2.00,0,M,18.089999999999996
TEX,NA,13,2.00,0,M,16.08
TEX,NA,13,2.00,0,M,16.08
TEX,NA,13,2.00,0,M,16.08
TEX,NA,12,2.00,0,M,14.069999999999999
TEX,NA,12,2.00,0,M,14.069999999999999
TEX,NA,12,2.00,0,M,14.069999999999999
TEX,NA,11,2.00,0,M,12.059999999999999
TEX,NA,11,2.00,0,M,12.059999999999999
TEX,NA,11,2.00,0,M,12.059999999999999
TEX,NA,11,2.00,0,M,12.059999999999999
TEX,NA,10,1.00,0,M,10.049999999999999
TEX,NA,10,2.00,0,M,10.049999999999999
TEX,NA,10,1.00,0,M,10.049999999999999
TEX,NA,10,1.00,0,M,10.049999999999999
TEX,NA,10,1.00,0,M,10.049999999999999
TEX,NA,9,1.00,0,M,8.04
TEX,NA,9,0.00,0,M,8.04
TEX,NA,10,0.00,0,M,10.049999999999999
TEX,NA,10,0.00,0,M,10.049999999999999
TEX,NA,8,0.00,0,M,6.029999999999999
TEX,NA,9,0.00,0,M,8.04
TEX,NA,8,0.00,0,M,6.029999999999999
TEX,NA,8,0.00,0,M,6.029999999999999
TEX,NA,9,0.00,0,M,8.04
TEX,NA,8,0.00,0,M,6.029999999999999
TEX,NA,8,0.00,0,M,6.029999999999999
TEX,NA,8,0.00,0,M,6.029999999999999
TEX,NA,8,0.00,0,M,6.029999999999999
TEX,NA,8,0.00,0,M,6.029999999999999
TEX,NA,7,0.00,0,M,4.02
TEX,NA,8,0.00,0,M,6.029999999999999
TEX,NA,8,0.00,0,M,6.029999999999999
TEX,NA,10,0.00,0,M,10.049999999999999
TEX,NA,11,0.00,0,M,12.059999999999999
TEX,NA,12,0.00,0,M,14.069999999999999
TEX,NA,13,0.00,0,M,16.08
TEX,NA,13,0.00,0,M,16.08
TEX,NA,15,0.00,0,M,20.099999999999998
TEX,NA,16,-1.00,0,M,22.11
TEX,NA,17,0.00,0,M,24.119999999999997
TEX,NA,18,-2.00,0,M,26.129999999999995
TEX,NA,20,-4.00,0,M,30.15
TEX,NA,20,-5.00,0,M,30.15
TEX,NA,17,-3.00,0,M,24.119999999999997
TEX,NA,18,-3.00,0,M,26.129999999999995
TEX,NA,16,-1.00,0,M,22.11
TEX,NA,17,-2.00,0,M,24.119999999999997
TEX,NA,18,-4.00,0,M,26.129999999999995
TEX,NA,20,-5.00,0,M,30.15
TEX,NA,20,-4.00,0,M,30.15
TEX,NA,20,-3.00,0,M,30.15
TEX,NA,18,-2.00,0,M,26.129999999999995
TEX,NA,17,-1.00,0,M,24.119999999999997
TEX,NA,15,2.00,0,M,20.099999999999998
TEX,NA,15,2.00,0,M,20.099999999999998
TEX,NA,16,1.00,0,M,22.11
TEX,NA,17,0.00,0,M,24.119999999999997
TEX,NA,18,0.00,0,M,26.129999999999995
TEX,NA,17,-1.00,0,M,24.119999999999997
TEX,NA,17,0.00,0,M,24.119999999999997
TEX,NA,17,0.00,0,M,24.119999999999997
TEX,NA,17,0.00,0,M,24.119999999999997
TEX,NA,16,0.00,0,M,22.11
TEX,NA,16,-1.00,0,M,22.11
TEX,NA,16,0.00,0,M,22.11
TEX,NA,15,0.00,0,M,20.099999999999998
TEX,NA,15,1.00,0,M,20.099999999999998
TEX,NA,13,2.00,0,M,16.08
TEX,NA,13,2.00,0,M,16.08
TEX,NA,13,2.00,0,M,16.08
TEX,NA,13,2.00,0,M,16.08
TEX,NA,12,2.00,0,M,14.069999999999999
TEX,NA,12,3.00,0,M,14.069999999999999
TEX,NA,12,2.00,0,M,14.069999999999999
TEX,NA,11,2.00,0,M,12.059999999999999
TEX,NA,11,2.00,0,M,12.059999999999999
TEX,NA,11,2.00,0,M,12.059999999999999
TEX,NA,11,2.00,0,M,12.059999999999999
TEX,NA,11,2.00,0,M,12.059999999999999
TEX,NA,10,2.00,0,M,10.049999999999999
TEX,NA,10,2.00,0,M,10.049999999999999
TEX,NA,10,1.00,0,M,10.049999999999999
TEX,NA,10,2.00,0,M,10.049999999999999
TEX,NA,10,1.00,0,M,10.049999999999999
TEX,NA,10,1.00,0,M,10.049999999999999
TEX,NA,10,1.00,0,M,10.049999999999999
TEX,NA,10,1.00,0,M,10.049999999999999
TEX,NA,10,1.00,0,M,10.049999999999999
TEX,NA,10,1.00,0,M,10.049999999999999
TEX,NA,10,1.00,0,M,10.049999999999999
TEX,NA,10,0.00,0,M,10.049999999999999
TEX,NA,10,1.00,0,M,10.049999999999999
TEX,NA,10,1.00,0,M,10.049999999999999
TEX,NA,10,0.00,0,M,10.049999999999999
TEX,NA,10,1.00,0,M,10.049999999999999
TEX,NA,10,0.00,0,M,10.049999999999999
TEX,NA,10,1.00,0,M,10.049999999999999
TEX,NA,10,0.00,0,M,10.049999999999999
TEX,NA,10,0.00,0,M,10.049999999999999
TEX,NA,10,0.00,0,M,10.049999999999999
TEX,NA,10,1.00,0,M,10.049999999999999
TEX,NA,10,1.00,0,M,10.049999999999999
TEX,NA,10,1.00,0,M,10.049999999999999
TEX,NA,11,1.00,0,M,12.059999999999999
TEX,NA,11,1.00,0,M,12.059999999999999
TEX,NA,11,1.00,0,M,12.059999999999999
TEX,NA,12,1.00,0,M,14.069999999999999
TEX,NA,12,1.00,0,M,14.069999999999999
TEX,NA,13,0.00,0,M,16.08
TEX,NA,15,0.00,0,M,20.099999999999998
TEX,NA,16,0.00,0,M,22.11
TEX,NA,15,0.00,0,M,20.099999999999998
TEX,NA,14,2.00,0,M,18.089999999999996
TEX,NA,15,2.00,0,M,20.099999999999998
TEX,NA,17,0.00,0,M,24.119999999999997
TEX,NA,18,0.00,0,M,26.129999999999995
TEX,NA,19,-1.00,0,M,28.139999999999997
TEX,NA,18,-1.00,0,M,26.129999999999995
TEX,NA,19,-1.00,0,M,28.139999999999997
TEX,NA,17,-1.00,0,M,24.119999999999997
TEX,NA,16,-2.00,0,M,22.11
TEX,NA,15,0.00,0,M,20.099999999999998
TEX,NA,15,0.00,0,M,20.099999999999998
TEX,NA,15,1.00,0,M,20.099999999999998
TEX,NA,16,3.00,0,M,22.11
TEX,NA,16,1.00,0,M,22.11
TEX,NA,17,0.00,0,M,24.119999999999997
TEX,NA,18,0.00,0,M,26.129999999999995
TEX,NA,19,-1.00,0,M,28.139999999999997
TEX,NA,19,-2.00,0,M,28.139999999999997
TEX,NA,20,-2.00,0,M,30.15
TEX,NA,20,-6.00,0,M,30.15
TEX,NA,20,-3.00,0,M,30.15
TEX,NA,20,-5.00,0,M,30.15
TEX,NA,19,-5.00,0,M,28.139999999999997
TEX,NA,19,-6.00,0,M,28.139999999999997
TEX,NA,19,-7.00,0,M,28.139999999999997
TEX,NA,18,-7.00,0,M,26.129999999999995
TEX,NA,18,-7.00,0,M,26.129999999999995
TEX,NA,17,-8.00,0,M,24.119999999999997
TEX,NA,17,-7.00,0,M,24.119999999999997
TEX,NA,16,-6.00,0,M,22.11
TEX,NA,16,-7.00,0,M,22.11
TEX,NA,16,-8.00,0,M,22.11
TEX,NA,16,-8.00,0,M,22.11
TEX,NA,16,-8.00,0,M,22.11
TEX,NA,16,-8.00,0,M,22.11
TEX,NA,16,-8.00,0,M,22.11
TEX,NA,15,-7.00,0,M,20.099999999999998
TEX,NA,14,-6.00,0,M,18.089999999999996
TEX,NA,15,-7.00,0,M,20.099999999999998
TEX,NA,15,-7.00,0,M,20.099999999999998
TEX,NA,15,-7.00,0,M,20.099999999999998
TEX,NA,14,-7.00,0,M,18.089999999999996
TEX,NA,14,-6.00,0,M,18.089999999999996
TEX,NA,15,-6.00,0,M,20.099999999999998
TEX,NA,15,-6.00,0,M,20.099999999999998
TEX,NA,14,-6.00,0,M,18.089999999999996
TEX,NA,13,-6.00,0,M,16.08
TEX,NA,16,-6.00,0,M,22.11
TEX,NA,15,-5.00,0,M,20.099999999999998
TEX,NA,14,-4.00,0,M,18.089999999999996
TEX,NA,15,-5.00,0,M,20.099999999999998
TEX,NA,14,-4.00,0,M,18.089999999999996
TEX,NA,14,-4.00,0,M,18.089999999999996
TEX,NA,14,-4.00,0,M,18.089999999999996
TEX,NA,14,-4.00,0,M,18.089999999999996
TEX,NA,15,-5.00,0,M,20.099999999999998
TEX,NA,14,-4.00,0,M,18.089999999999996
TEX,NA,14,-3.00,0,M,18.089999999999996
TEX,NA,14,-4.00,0,M,18.089999999999996
TEX,NA,13,-4.00,0,M,16.08
TEX,NA,14,-4.00,0,M,18.089999999999996
TEX,NA,13,-3.00,0,M,16.08
TEX,NA,13,-3.00,0,M,16.08
TEX,NA,14,-4.00,0,M,18.089999999999996
TEX,NA,14,-4.00,0,M,18.089999999999996
TEX,NA,15,-5.00,0,M,20.099999999999998
TEX,NA,15,-5.00,0,M,20.099999999999998
TEX,NA,16,-6.00,0,M,22.11
TEX,NA,16,-7.00,0,M,22.11
TEX,NA,17,-7.00,0,M,24.119999999999997
TEX,NA,17,-7.00,0,M,24.119999999999997
TEX,NA,18,-7.00,0,M,26.129999999999995
TEX,NA,17,-7.00,0,M,24.119999999999997
TEX,NA,18,-9.00,0,M,26.129999999999995
TEX,NA,18,-10.00,0,M,26.129999999999995
TEX,NA,18,-8.00,0,M,26.129999999999995
TEX,NA,19,-8.00,0,M,28.139999999999997
TEX,NA,19,-8.00,0,M,28.139999999999997
TEX,NA,19,-7.00,0,M,28.139999999999997
TEX,NA,19,-7.00,0,M,28.139999999999997
TEX,NA,19,-8.00,0,M,28.139999999999997
TEX,NA,19,-7.00,0,M,28.139999999999997
TEX,NA,19,-7.00,0,M,28.139999999999997
TEX,NA,20,-7.00,0,M,30.15
TEX,NA,20,-6.00,0,M,30.15
TEX,NA,20,-6.00,0,M,30.15
TEX,NA,20,-6.00,0,M,30.15
TEX,NA,20,-9.00,0,M,30.15
TEX,NA,20,-10.00,0,M,30.15
TEX,NA,21,-11.00,0,M,32.16
TEX,NA,21,-11.00,0,M,32.16
TEX,NA,21,-11.00,0,M,32.16
TEX,NA,20,-12.00,0,M,30.15
TEX,NA,20,-11.00,0,M,30.15
TEX,NA,20,-10.00,0,M,30.15
TEX,NA,19,-10.00,0,M,28.139999999999997
TEX,NA,18,-8.00,0,M,26.129999999999995
TEX,NA,18,-7.00,0,M,26.129999999999995
TEX,NA,18,-7.00,0,M,26.129999999999995
TEX,NA,18,-7.00,0,M,26.129999999999995
TEX,NA,17,-8.00,0,M,24.119999999999997
TEX,NA,17,-7.00,0,M,24.119999999999997
TEX,NA,17,-7.00,0,M,24.119999999999997
TEX,NA,16,-6.00,0,M,22.11
TEX,NA,16,-6.00,0,M,22.11
TEX,NA,16,-6.00,0,M,22.11
TEX,NA,15,-6.00,0,M,20.099999999999998
TEX,NA,16,-6.00,0,M,22.11
TEX,NA,15,-5.00,0,M,20.099999999999998
TEX,NA,15,-5.00,0,M,20.099999999999998
TEX,NA,15,-5.00,0,M,20.099999999999998
TEX,NA,16,-6.00,0,M,22.11
TEX,NA,15,-5.00,0,M,20.099999999999998
TEX,NA,15,-5.00,0,M,20.099999999999998
TEX,NA,15,-5.00,0,M,20.099999999999998
TEX,NA,15,-6.00,0,M,20.099999999999998
TEX,NA,14,-6.00,0,M,18.089999999999996
TEX,NA,15,-7.00,0,M,20.099999999999998
TEX,NA,13,-6.00,0,M,16.08
TEX,NA,13,-6.00,0,M,16.08
TEX,NA,12,-6.00,0,M,14.069999999999999
TEX,NA,12,-6.00,0,M,14.069999999999999
TEX,NA,11,-5.00,0,M,12.059999999999999
TEX,NA,11,-5.00,0,M,12.059999999999999
TEX,NA,11,-5.00,0,M,12.059999999999999
TEX,NA,11,-5.00,0,M,12.059999999999999
TEX,NA,10,-5.00,0,M,10.049999999999999
TEX,NA,10,-5.00,0,M,10.049999999999999
TEX,NA,9,-4.00,0,M,8.04
TEX,NA,8,-5.00,0,M,6.029999999999999
TEX,NA,8,-4.00,0,M,6.029999999999999
TEX,NA,8,-4.00,0,M,6.029999999999999
TEX,NA,8,-4.00,0,M,6.029999999999999
TEX,NA,10,-4.00,0,M,10.049999999999999
TEX,NA,11,-5.00,0,M,12.059999999999999
TEX,NA,12,-6.00,0,M,14.069999999999999
TEX,NA,13,-7.00,0,M,16.08
TEX,NA,14,-6.00,0,M,18.089999999999996
TEX,NA,16,-9.00,0,M,22.11
TEX,NA,16,-12.00,0,M,22.11
TEX,NA,17,-12.00,0,M,24.119999999999997
TEX,NA,17,-12.00,0,M,24.119999999999997
TEX,NA,17,-14.00,0,M,24.119999999999997
TEX,NA,17,-13.00,0,M,24.119999999999997
TEX,NA,18,-14.00,0,M,26.129999999999995
TEX,NA,19,-14.00,0,M,28.139999999999997
TEX,NA,19,-14.00,0,M,28.139999999999997
TEX,NA,20,-15.00,0,M,30.15
TEX,NA,20,-15.00,0,M,30.15
TEX,NA,20,-14.00,0,M,30.15
TEX,NA,20,-15.00,0,M,30.15
TEX,NA,21,-15.00,0,M,32.16
TEX,NA,21,-15.00,0,M,32.16
TEX,NA,21,-14.00,0,M,32.16
TEX,NA,21,-13.00,0,M,32.16
TEX,NA,21,-13.00,0,M,32.16
TEX,NA,21,-14.00,0,M,32.16
TEX,NA,21,-13.00,0,M,32.16
TEX,NA,20,-12.00,0,M,30.15
TEX,NA,20,-14.00,0,M,30.15
TEX,NA,20,-12.00,0,M,30.15
TEX,NA,20,-12.00,0,M,30.15
TEX,NA,20,-12.00,0,M,30.15
TEX,NA,20,-12.00,0,M,30.15
TEX,NA,18,-11.00,0,M,26.129999999999995
TEX,NA,18,-11.00,0,M,26.129999999999995
TEX,NA,17,-11.00,0,M,24.119999999999997
TEX,NA,16,-11.00,0,M,22.11
TEX,NA,16,-11.00,0,M,22.11
TEX,NA,15,-11.00,0,M,20.099999999999998
TEX,NA,16,-11.00,0,M,22.11
TEX,NA,14,-9.00,0,M,18.089999999999996
TEX,NA,13,-7.00,0,M,16.08
TEX,NA,12,-6.00,0,M,14.069999999999999
TEX,NA,12,-6.00,0,M,14.069999999999999
TEX,NA,12,-6.00,0,M,14.069999999999999
TEX,NA,11,-6.00,0,M,12.059999999999999
TEX,NA,11,-6.00,0,M,12.059999999999999
TEX,NA,10,-5.00,0,M,10.049999999999999
TEX,NA,10,-5.00,0,M,10.049999999999999
TEX,NA,10,-5.00,0,M,10.049999999999999
TEX,NA,9,-5.00,0,M,8.04
TEX,NA,9,-5.00,0,M,8.04
TEX,NA,9,-5.00,0,M,8.04
TEX,NA,8,-5.00,0,M,6.029999999999999
TEX,NA,10,-5.00,0,M,10.049999999999999
TEX,NA,8,-5.00,0,M,6.029999999999999
TEX,NA,8,-5.00,0,M,6.029999999999999
TEX,NA,8,-5.00,0,M,6.029999999999999
TEX,NA,8,-5.00,0,M,6.029999999999999
TEX,NA,8,-5.00,0,M,6.029999999999999
TEX,NA,8,-5.00,0,M,6.029999999999999
TEX,NA,8,-6.00,0,M,6.029999999999999
TEX,NA,8,-6.00,0,M,6.029999999999999
TEX,NA,8,-6.00,0,M,6.029999999999999
TEX,NA,8,-6.00,0,M,6.029999999999999
TEX,NA,9,-7.00,0,M,8.04
TEX,NA,8,-6.00,0,M,6.029999999999999
TEX,NA,7,-6.00,0,M,4.02
TEX,NA,7,-6.00,0,M,4.02
TEX,NA,8,-6.00,0,M,6.029999999999999
TEX,NA,7,-6.00,0,M,4.02
TEX,NA,7,-6.00,0,M,4.02
TEX,NA,9,-6.00,0,M,8.04
TEX,NA,10,-6.00,0,M,10.049999999999999
TEX,NA,11,-6.00,0,M,12.059999999999999
TEX,NA,12,-5.00,0,M,14.069999999999999
TEX,NA,13,-6.00,0,M,16.08
TEX,NA,14,-7.00,0,M,18.089999999999996
TEX,NA,15,-6.00,0,M,20.099999999999998
TEX,NA,17,-5.00,0,M,24.119999999999997
TEX,NA,18,-9.00,0,M,26.129999999999995
TEX,NA,18,-10.00,0,M,26.129999999999995
TEX,NA,19,-10.00,0,M,28.139999999999997
TEX,NA,19,-11.00,0,M,28.139999999999997
TEX,NA,20,-10.00,0,M,30.15
TEX,NA,20,-11.00,0,M,30.15
TEX,NA,21,-13.00,0,M,32.16
TEX,NA,21,-14.00,0,M,32.16
TEX,NA,21,-14.00,0,M,32.16
TEX,NA,21,-14.00,0,M,32.16
TEX,NA,22,-15.00,0,M,34.169999999999995
TEX,NA,21,-14.00,0,M,32.16
TEX,NA,22,-14.00,0,M,34.169999999999995
TEX,NA,22,-14.00,0,M,34.169999999999995
TEX,NA,22,-15.00,0,M,34.169999999999995
TEX,NA,22,-14.00,0,M,34.169999999999995
TEX,NA,22,-14.00,0,M,34.169999999999995
TEX,NA,22,-14.00,0,M,34.169999999999995
TEX,NA,23,-14.00,0,M,36.17999999999999
TEX,NA,23,-15.00,0,M,36.17999999999999
TEX,NA,23,-16.00,0,M,36.17999999999999
TEX,NA,22,-15.00,0,M,34.169999999999995
TEX,NA,22,-15.00,0,M,34.169999999999995
TEX,NA,22,-13.00,0,M,34.169999999999995
TEX,NA,21,-13.00,0,M,32.16
TEX,NA,21,-12.00,0,M,32.16
TEX,NA,20,-12.00,0,M,30.15
TEX,NA,19,-11.00,0,M,28.139999999999997
TEX,NA,18,-11.00,0,M,26.129999999999995
TEX,NA,18,-11.00,0,M,26.129999999999995
TEX,NA,17,-9.00,0,M,24.119999999999997
TEX,NA,17,-9.00,0,M,24.119999999999997
TEX,NA,16,-8.00,0,M,22.11
TEX,NA,15,-8.00,0,M,20.099999999999998
TEX,NA,14,-7.00,0,M,18.089999999999996
TEX,NA,14,-7.00,0,M,18.089999999999996
TEX,NA,13,-7.00,0,M,16.08
TEX,NA,12,-6.00,0,M,14.069999999999999
TEX,NA,12,-7.00,0,M,14.069999999999999
TEX,NA,12,-6.00,0,M,14.069999999999999
TEX,NA,11,-6.00,0,M,12.059999999999999
TEX,NA,11,-6.00,0,M,12.059999999999999
TEX,NA,11,-6.00,0,M,12.059999999999999
TEX,NA,11,-6.00,0,M,12.059999999999999
TEX,NA,10,-6.00,0,M,10.049999999999999
TEX,NA,10,-6.00,0,M,10.049999999999999
TEX,NA,10,-6.00,0,M,10.049999999999999
TEX,NA,10,-6.00,0,M,10.049999999999999
TEX,NA,10,-7.00,0,M,10.049999999999999
TEX,NA,10,-6.00,0,M,10.049999999999999
TEX,NA,10,-6.00,0,M,10.049999999999999
TEX,NA,10,-6.00,0,M,10.049999999999999
TEX,NA,10,-6.00,0,M,10.049999999999999
TEX,NA,10,-6.00,0,M,10.049999999999999
TEX,NA,10,-6.00,0,M,10.049999999999999
TEX,NA,10,-6.00,0,M,10.049999999999999
TEX,NA,10,-5.00,0,M,10.049999999999999
TEX,NA,10,-6.00,0,M,10.049999999999999
TEX,NA,12,-7.00,0,M,14.069999999999999
TEX,NA,11,-6.00,0,M,12.059999999999999
TEX,NA,11,-6.00,0,M,12.059999999999999
TEX,NA,11,-5.00,0,M,12.059999999999999
TEX,NA,11,-5.00,0,M,12.059999999999999
TEX,NA,11,-4.00,0,M,12.059999999999999
TEX,NA,11,-4.00,0,M,12.059999999999999
TEX,NA,13,-5.00,0,M,16.08
TEX,NA,14,-4.00,0,M,18.089999999999996
TEX,NA,14,-2.00,0,M,18.089999999999996
TEX,NA,15,-2.00,0,M,20.099999999999998
TEX,NA,15,-2.00,0,M,20.099999999999998
TEX,NA,13,0.00,0,M,16.08
TEX,NA,13,1.00,0,M,16.08
TEX,NA,13,0.00,0,M,16.08
TEX,NA,12,2.00,0,M,14.069999999999999
TEX,NA,13,0.00,0,M,16.08
TEX,NA,15,0.00,0,M,20.099999999999998
TEX,NA,16,0.00,0,M,22.11
TEX,NA,16,-1.00,0,M,22.11
TEX,NA,17,-2.00,0,M,24.119999999999997
TEX,NA,18,-3.00,0,M,26.129999999999995
TEX,NA,18,-3.00,0,M,26.129999999999995
TEX,NA,18,-3.00,0,M,26.129999999999995
TEX,NA,20,-4.00,0,M,30.15
TEX,NA,18,-3.00,0,M,26.129999999999995
TEX,NA,19,-5.00,0,M,28.139999999999997
TEX,NA,20,-3.00,0,M,30.15
TEX,NA,20,-5.00,0,M,30.15
TEX,NA,19,-5.00,0,M,28.139999999999997
TEX,NA,20,-5.00,0,M,30.15
TEX,NA,19,-5.00,0,M,28.139999999999997
TEX,NA,18,-6.00,0,M,26.129999999999995
TEX,NA,19,-5.00,0,M,28.139999999999997
TEX,NA,18,-5.00,0,M,26.129999999999995
TEX,NA,17,-3.00,0,M,24.119999999999997
TEX,NA,17,-6.00,0,M,24.119999999999997
TEX,NA,17,-4.00,0,M,24.119999999999997
TEX,NA,17,-3.00,0,M,24.119999999999997
TEX,NA,16,-3.00,0,M,22.11
TEX,NA,16,-3.00,0,M,22.11
TEX,NA,16,-3.00,0,M,22.11
TEX,NA,14,-2.00,0,M,18.089999999999996
TEX,NA,14,-2.00,0,M,18.089999999999996
TEX,NA,13,-2.00,0,M,16.08
TEX,NA,14,-3.00,0,M,18.089999999999996
TEX,NA,13,-3.00,0,M,16.08
TEX,NA,14,-3.00,0,M,18.089999999999996
TEX,NA,13,-3.00,0,M,16.08
TEX,NA,12,-2.00,0,M,14.069999999999999
TEX,NA,12,-3.00,0,M,14.069999999999999
TEX,NA,13,-3.00,0,M,16.08
TEX,NA,13,-3.00,0,M,16.08
TEX,NA,14,-3.00,0,M,18.089999999999996
TEX,NA,13,-2.00,0,M,16.08
TEX,NA,13,-2.00,0,M,16.08
TEX,NA,14,-1.00,0,M,18.089999999999996
TEX,NA,14,0.00,0,M,18.089999999999996
TEX,NA,15,0.00,0,M,20.099999999999998
TEX,NA,15,0.00,0,M,20.099999999999998
TEX,NA,15,1.00,0,M,20.099999999999998
TEX,NA,15,1.00,0,M,20.099999999999998
TEX,NA,15,1.00,0,M,20.099999999999998
TEX,NA,13,2.00,0,M,16.08
TEX,NA,13,2.00,0,M,16.08
TEX,NA,12,3.00,0,M,14.069999999999999
TEX,NA,12,3.00,0,M,14.069999999999999
TEX,NA,11,3.00,0,M,12.059999999999999
TEX,NA,12,3.00,0,M,14.069999999999999
TEX,NA,11,3.00,0,M,12.059999999999999
TEX,NA,11,3.00,0,M,12.059999999999999
TEX,NA,10,3.00,0,M,10.049999999999999
TEX,NA,10,4.00,0,M,10.049999999999999
TEX,NA,10,4.00,0,M,10.049999999999999
TEX,NA,10,4.00,0,M,10.049999999999999
TEX,NA,9,5.00,0,M,8.04
TEX,NA,10,5.00,0,M,10.049999999999999
TEX,NA,10,4.00,0,M,10.049999999999999
TEX,NA,10,5.00,0,M,10.049999999999999
TEX,NA,10,5.00,0,M,10.049999999999999
TEX,NA,10,6.00,0,M,10.049999999999999
TEX,NA,10,5.00,0,M,10.049999999999999
TEX,NA,10,6.00,0,M,10.049999999999999
TEX,NA,10,6.00,0,M,10.049999999999999
TEX,NA,10,6.00,0,M,10.049999999999999
TEX,NA,9,7.00,0.51,M,8.04
TEX,NA,10,7.00,0.51,M,10.049999999999999
TEX,NA,10,7.00,0.51,M,10.049999999999999
TEX,NA,11,6.00,0.51,M,12.059999999999999
TEX,NA,12,5.00,0,M,14.069999999999999
TEX,NA,13,5.00,0,M,16.08
TEX,NA,13,5.00,0,M,16.08
TEX,NA,13,5.00,0,M,16.08
TEX,NA,14,3.00,0,M,18.089999999999996
TEX,NA,13,5.00,0.25,M,16.08
TEX,NA,12,6.00,0.76,M,14.069999999999999
TEX,NA,14,6.00,0.76,M,18.089999999999996
TEX,NA,15,2.00,0.76,M,20.099999999999998
TEX,NA,15,2.00,0,M,20.099999999999998
TEX,NA,15,2.00,0,M,20.099999999999998
TEX,NA,15,2.00,0,M,20.099999999999998
TEX,NA,14,3.00,0.25,M,18.089999999999996
TEX,NA,14,3.00,0.25,M,18.089999999999996
TEX,NA,15,3.00,0.25,M,20.099999999999998
TEX,NA,14,3.00,0,M,18.089999999999996
TEX,NA,14,3.00,0,M,18.089999999999996
TEX,NA,13,3.00,0,M,16.08
TEX,NA,12,5.00,0,M,14.069999999999999
TEX,NA,12,5.00,0,M,14.069999999999999
TEX,NA,11,6.00,0,M,12.059999999999999
TEX,NA,11,6.00,0,M,12.059999999999999
TEX,NA,10,7.00,0,M,10.049999999999999
TEX,NA,11,6.00,0,M,12.059999999999999
TEX,NA,11,6.00,0,M,12.059999999999999
TEX,NA,11,6.00,0,M,12.059999999999999
TEX,NA,11,5.00,0,M,12.059999999999999
TEX,NA,11,5.00,0,M,12.059999999999999
TEX,NA,11,5.00,0,M,12.059999999999999
TEX,NA,11,5.00,0,M,12.059999999999999
TEX,NA,12,3.00,0,M,14.069999999999999
TEX,NA,13,5.00,0,M,16.08
TEX,NA,13,5.00,0,M,16.08
TEX,NA,13,5.00,0,M,16.08
TEX,NA,13,3.00,0,M,16.08
TEX,NA,13,4.00,0,M,16.08
TEX,NA,13,3.00,0,M,16.08
TEX,NA,13,4.00,0,M,16.08
TEX,NA,13,5.00,0,M,16.08
TEX,NA,13,4.00,0,M,16.08
TEX,NA,13,4.00,0,M,16.08
TEX,NA,13,4.00,0,M,16.08
TEX,NA,13,3.00,0,M,16.08
TEX,NA,13,3.00,0,M,16.08
TEX,NA,13,4.00,0,M,16.08
TEX,NA,13,4.00,0,M,16.08
TEX,NA,13,3.00,0,M,16.08
TEX,NA,13,4.00,0,M,16.08
TEX,NA,13,4.00,0,M,16.08
TEX,NA,13,3.00,0,M,16.08
TEX,NA,13,2.00,0,M,16.08
TEX,NA,13,3.00,0,M,16.08
TEX,NA,13,2.00,0,M,16.08
TEX,NA,13,2.00,0,M,16.08
TEX,NA,13,2.00,0,M,16.08
TEX,NA,13,2.00,0,M,16.08
TEX,NA,13,2.00,0,M,16.08
TEX,NA,13,2.00,0,M,16.08
TEX,NA,13,2.00,0,M,16.08
TEX,NA,13,2.00,0,M,16.08
TEX,NA,13,1.00,0,M,16.08
TEX,NA,14,0.00,0,M,18.089999999999996
TEX,NA,15,1.00,0,M,20.099999999999998
TEX,NA,14,1.00,0,M,18.089999999999996
TEX,NA,11,3.00,0.25,M,12.059999999999999
TEX,NA,12,5.00,0,M,14.069999999999999
TEX,NA,14,3.00,0,M,18.089999999999996
TEX,NA,15,2.00,0,M,20.099999999999998
TEX,NA,15,2.00,0,M,20.099999999999998
TEX,NA,13,2.00,0,M,16.08
TEX,NA,12,2.00,0,M,14.069999999999999
TEX,NA,10,5.00,0.25,M,10.049999999999999
TEX,NA,10,4.00,1.02,M,10.049999999999999
TEX,NA,10,3.00,1.27,M,10.049999999999999
TEX,NA,10,3.00,0,M,10.049999999999999
TEX,NA,9,4.00,0,M,8.04
TEX,NA,10,3.00,0,M,10.049999999999999
TEX,NA,12,3.00,0,M,14.069999999999999
TEX,NA,15,0.00,0,M,20.099999999999998
TEX,NA,14,-2.00,0,M,18.089999999999996
TEX,NA,15,-2.00,0,M,20.099999999999998
TEX,NA,14,-1.00,0,M,18.089999999999996
TEX,NA,15,-1.00,0,M,20.099999999999998
TEX,NA,15,-3.00,0,M,20.099999999999998
TEX,NA,15,-4.00,0,M,20.099999999999998
TEX,NA,15,-8.00,0,M,20.099999999999998
TEX,NA,15,-7.00,0,M,20.099999999999998
TEX,NA,15,-7.00,0,M,20.099999999999998
TEX,NA,15,-7.00,0,M,20.099999999999998
TEX,NA,14,-7.00,0,M,18.089999999999996
TEX,NA,14,-7.00,0,M,18.089999999999996
TEX,NA,13,-8.00,0,M,16.08
TEX,NA,13,-7.00,0,M,16.08
TEX,NA,12,-7.00,0,M,14.069999999999999
TEX,NA,12,-6.00,0,M,14.069999999999999
TEX,NA,12,-6.00,0,M,14.069999999999999
TEX,NA,11,-6.00,0,M,12.059999999999999
TEX,NA,11,-6.00,0,M,12.059999999999999
TEX,NA,11,-5.00,0,M,12.059999999999999
TEX,NA,10,-5.00,0,M,10.049999999999999
TEX,NA,11,-5.00,0,M,12.059999999999999
TEX,NA,10,-5.00,0,M,10.049999999999999
TEX,NA,10,-5.00,0,M,10.049999999999999
TEX,NA,9,-5.00,0,M,8.04
TEX,NA,9,-5.00,0,M,8.04
TEX,NA,9,-5.00,0,M,8.04
TEX,NA,8,-3.00,0,M,6.029999999999999
TEX,NA,9,-5.00,0,M,8.04
TEX,NA,8,-3.00,0,M,6.029999999999999
TEX,NA,7,-3.00,0,M,4.02
TEX,NA,8,-3.00,0,M,6.029999999999999
TEX,NA,8,-4.00,0,M,6.029999999999999
TEX,NA,7,-4.00,0,M,4.02
TEX,NA,7,-5.00,0,M,4.02
TEX,NA,7,-5.00,0,M,4.02
TEX,NA,7,-5.00,0,M,4.02
TEX,NA,7,-5.00,0,M,4.02
TEX,NA,7,-6.00,0,M,4.02
TEX,NA,7,-6.00,0,M,4.02
TEX,NA,7,-6.00,0,M,4.02
TEX,NA,7,-6.00,0,M,4.02
TEX,NA,7,-6.00,0,M,4.02
TEX,NA,6,-6.00,0,M,2.01
TEX,NA,7,-6.00,0,M,4.02
TEX,NA,6,-6.00,0,M,2.01
TEX,NA,6,-5.00,0,M,2.01
TEX,NA,5,-5.00,0,M,0
TEX,NA,5,-5.00,0,M,0
TEX,NA,4,-4.00,0,M,0
TEX,NA,5,-4.00,0,M,0
TEX,NA,6,-4.00,0,M,2.01
TEX,NA,7,-6.00,0,M,4.02
TEX,NA,8,-5.00,0,M,6.029999999999999
TEX,NA,9,-5.00,0,M,8.04
TEX,NA,11,-5.00,0,M,12.059999999999999
TEX,NA,11,-6.00,0,M,12.059999999999999
TEX,NA,12,-6.00,0,M,14.069999999999999
TEX,NA,12,-7.00,0,M,14.069999999999999
TEX,NA,13,-9.00,0,M,16.08
TEX,NA,14,-12.00,0,M,18.089999999999996
TEX,NA,15,-11.00,0,M,20.099999999999998
TEX,NA,15,-10.00,0,M,20.099999999999998
TEX,NA,15,-11.00,0,M,20.099999999999998
TEX,NA,16,-13.00,0,M,22.11
TEX,NA,16,-12.00,0,M,22.11
TEX,NA,17,-13.00,0,M,24.119999999999997
TEX,NA,17,-10.00,0,M,24.119999999999997
TEX,NA,17,-12.00,0,M,24.119999999999997
TEX,NA,17,-13.00,0,M,24.119999999999997
TEX,NA,17,-14.00,0,M,24.119999999999997
TEX,NA,18,-15.00,0,M,26.129999999999995
TEX,NA,18,-17.00,0,M,26.129999999999995
TEX,NA,18,-16.00,0,M,26.129999999999995
TEX,NA,18,-15.00,0,M,26.129999999999995
TEX,NA,18,-17.00,0,M,26.129999999999995
TEX,NA,18,-18.00,0,M,26.129999999999995
TEX,NA,18,-18.00,0,M,26.129999999999995
TEX,NA,18,-20.00,0,M,26.129999999999995
TEX,NA,17,-17.00,0,M,24.119999999999997
TEX,NA,17,-18.00,0,M,24.119999999999997
TEX,NA,17,-16.00,0,M,24.119999999999997
TEX,NA,16,-12.00,0,M,22.11
TEX,NA,16,-11.00,0,M,22.11
TEX,NA,15,-10.00,0,M,20.099999999999998
TEX,NA,14,-10.00,0,M,18.089999999999996
TEX,NA,13,-11.00,0,M,16.08
TEX,NA,13,-11.00,0,M,16.08
TEX,NA,12,-10.00,0,M,14.069999999999999
TEX,NA,12,-8.00,0,M,14.069999999999999
TEX,NA,11,-8.00,0,M,12.059999999999999
TEX,NA,11,-7.00,0,M,12.059999999999999
TEX,NA,11,-8.00,0,M,12.059999999999999
TEX,NA,10,-7.00,0,M,10.049999999999999
TEX,NA,10,-7.00,0,M,10.049999999999999
TEX,NA,10,-7.00,0,M,10.049999999999999
TEX,NA,9,-6.00,0,M,8.04
TEX,NA,9,-6.00,0,M,8.04
TEX,NA,10,-6.00,0,M,10.049999999999999
TEX,NA,10,-6.00,0,M,10.049999999999999
TEX,NA,9,-5.00,0,M,8.04
TEX,NA,8,-3.00,0,M,6.029999999999999
TEX,NA,8,-3.00,0,M,6.029999999999999
TEX,NA,8,-3.00,0,M,6.029999999999999
TEX,NA,8,-3.00,0,M,6.029999999999999
TEX,NA,8,-3.00,0,M,6.029999999999999
TEX,NA,8,-2.00,0,M,6.029999999999999
TEX,NA,7,-2.00,0,M,4.02
TEX,NA,7,-2.00,0,M,4.02
TEX,NA,7,-2.00,0,M,4.02
TEX,NA,7,-1.00,0,M,4.02
TEX,NA,7,-1.00,0,M,4.02
TEX,NA,7,-1.00,0,M,4.02
TEX,NA,7,-1.00,0,M,4.02
TEX,NA,7,-1.00,0,M,4.02
TEX,NA,7,-1.00,0,M,4.02
TEX,NA,7,-1.00,0,M,4.02
TEX,NA,6,-1.00,0,M,2.01
TEX,NA,6,-1.00,0,M,2.01
TEX,NA,7,-1.00,0,M,4.02
TEX,NA,6,-1.00,0,M,2.01
TEX,NA,6,-1.00,0,M,2.01
TEX,NA,6,-1.00,0,M,2.01
TEX,NA,7,-1.00,0,M,4.02
TEX,NA,8,-1.00,0,M,6.029999999999999
TEX,NA,8,-1.00,0,M,6.029999999999999
TEX,NA,10,0.00,0,M,10.049999999999999
TEX,NA,11,-1.00,0,M,12.059999999999999
TEX,NA,12,-1.00,0,M,14.069999999999999
TEX,NA,13,-3.00,0,M,16.08
TEX,NA,15,-6.00,0,M,20.099999999999998
TEX,NA,15,-6.00,0,M,20.099999999999998
TEX,NA,16,-6.00,0,M,22.11
TEX,NA,16,-7.00,0,M,22.11
TEX,NA,16,-8.00,0,M,22.11
TEX,NA,16,-8.00,0,M,22.11
TEX,NA,18,-8.00,0,M,26.129999999999995
TEX,NA,17,-8.00,0,M,24.119999999999997
TEX,NA,18,-8.00,0,M,26.129999999999995
TEX,NA,18,-8.00,0,M,26.129999999999995
TEX,NA,18,-7.00,0,M,26.129999999999995
TEX,NA,19,-7.00,0,M,28.139999999999997
TEX,NA,20,-7.00,0,M,30.15
TEX,NA,20,-6.00,0,M,30.15
TEX,NA,21,-8.00,0,M,32.16
TEX,NA,20,-7.00,0,M,30.15
TEX,NA,20,-6.00,0,M,30.15
TEX,NA,19,-6.00,0,M,28.139999999999997
TEX,NA,18,-5.00,0,M,26.129999999999995
TEX,NA,19,-5.00,0,M,28.139999999999997
TEX,NA,20,-5.00,0,M,30.15
TEX,NA,18,-6.00,0,M,26.129999999999995
TEX,NA,18,-6.00,0,M,26.129999999999995
TEX,NA,17,-6.00,0,M,24.119999999999997
TEX,NA,17,-6.00,0,M,24.119999999999997
TEX,NA,17,-6.00,0,M,24.119999999999997
TEX,NA,16,-7.00,0,M,22.11
TEX,NA,16,-9.00,0,M,22.11
TEX,NA,16,-12.00,0,M,22.11
TEX,NA,15,-12.00,0,M,20.099999999999998
TEX,NA,15,-11.00,0,M,20.099999999999998
TEX,NA,13,-10.00,0,M,16.08
TEX,NA,14,-10.00,0,M,18.089999999999996
TEX,NA,14,-9.00,0,M,18.089999999999996
TEX,NA,13,-7.00,0,M,16.08
TEX,NA,13,-7.00,0,M,16.08
TEX,NA,13,-7.00,0,M,16.08
TEX,NA,12,-6.00,0,M,14.069999999999999
TEX,NA,12,-6.00,0,M,14.069999999999999
TEX,NA,12,-6.00,0,M,14.069999999999999
TEX,NA,12,-6.00,0,M,14.069999999999999
TEX,NA,13,-6.00,0,M,16.08
TEX,NA,13,-5.00,0,M,16.08
TEX,NA,13,-5.00,0,M,16.08
TEX,NA,13,-5.00,0,M,16.08
TEX,NA,13,-5.00,0,M,16.08
TEX,NA,13,-4.00,0,M,16.08
TEX,NA,13,-3.00,0,M,16.08
TEX,NA,13,-3.00,0,M,16.08
TEX,NA,13,-3.00,0,M,16.08
TEX,NA,13,-3.00,0,M,16.08
TEX,NA,12,-2.00,0,M,14.069999999999999
TEX,NA,13,-2.00,0,M,16.08
TEX,NA,14,-4.00,0,M,18.089999999999996
TEX,NA,13,-3.00,0,M,16.08
TEX,NA,13,-4.00,0,M,16.08
TEX,NA,15,-6.00,0,M,20.099999999999998
TEX,NA,15,-6.00,0,M,20.099999999999998
TEX,NA,14,-5.00,0,M,18.089999999999996
TEX,NA,14,-5.00,0,M,18.089999999999996
TEX,NA,13,-5.00,0,M,16.08
TEX,NA,14,-6.00,0,M,18.089999999999996
TEX,NA,14,-7.00,0,M,18.089999999999996
TEX,NA,13,-7.00,0,M,16.08
TEX,NA,13,-7.00,0,M,16.08
TEX,NA,13,-7.00,0,M,16.08
TEX,NA,14,-6.00,0,M,18.089999999999996
TEX,NA,13,-7.00,0,M,16.08
TEX,NA,13,-6.00,0,M,16.08
TEX,NA,13,-5.00,0,M,16.08
TEX,NA,15,-6.00,0,M,20.099999999999998
TEX,NA,16,-10.00,0,M,22.11
TEX,NA,16,-10.00,0,M,22.11
TEX,NA,16,-10.00,0,M,22.11
TEX,NA,17,-13.00,0,M,24.119999999999997
TEX,NA,17,-12.00,0,M,24.119999999999997
TEX,NA,17,-12.00,0,M,24.119999999999997
TEX,NA,17,-12.00,0,M,24.119999999999997
TEX,NA,18,-16.00,0,M,26.129999999999995
TEX,NA,18,-17.00,0,M,26.129999999999995
TEX,NA,18,-18.00,0,M,26.129999999999995
TEX,NA,20,-17.00,0,M,30.15
TEX,NA,20,-17.00,0,M,30.15
TEX,NA,20,-15.00,0,M,30.15
TEX,NA,20,-14.00,0,M,30.15
TEX,NA,19,-12.00,0,M,28.139999999999997
TEX,NA,20,-12.00,0,M,30.15
TEX,NA,20,-11.00,0,M,30.15
TEX,NA,20,-10.00,0,M,30.15
TEX,NA,20,-10.00,0,M,30.15
TEX,NA,20,-10.00,0,M,30.15
TEX,NA,20,-14.00,0,M,30.15
TEX,NA,20,-13.00,0,M,30.15
TEX,NA,20,-13.00,0,M,30.15
TEX,NA,20,-13.00,0,M,30.15
TEX,NA,19,-12.00,0,M,28.139999999999997
TEX,NA,19,-14.00,0,M,28.139999999999997
TEX,NA,18,-15.00,0,M,26.129999999999995
TEX,NA,18,-15.00,0,M,26.129999999999995
TEX,NA,17,-16.00,0,M,24.119999999999997
TEX,NA,17,-17.00,0,M,24.119999999999997
TEX,NA,15,-13.00,0,M,20.099999999999998
TEX,NA,15,-13.00,0,M,20.099999999999998
TEX,NA,13,-12.00,0,M,16.08
TEX,NA,13,-12.00,0,M,16.08
TEX,NA,12,-11.00,0,M,14.069999999999999
TEX,NA,12,-10.00,0,M,14.069999999999999
TEX,NA,11,-9.00,0,M,12.059999999999999
TEX,NA,10,-8.00,0,M,10.049999999999999
TEX,NA,9,-8.00,0,M,8.04
TEX,NA,10,-10.00,0,M,10.049999999999999
TEX,NA,10,-9.00,0,M,10.049999999999999
TEX,NA,9,-8.00,0,M,8.04
TEX,NA,9,-9.00,0,M,8.04
TEX,NA,8,-9.00,0,M,6.029999999999999
TEX,NA,8,-8.00,0,M,6.029999999999999
TEX,NA,8,-9.00,0,M,6.029999999999999
TEX,NA,8,-8.00,0,M,6.029999999999999
TEX,NA,8,-9.00,0,M,6.029999999999999
TEX,NA,8,-9.00,0,M,6.029999999999999
TEX,NA,8,-9.00,0,M,6.029999999999999
TEX,NA,8,-8.00,0,M,6.029999999999999
TEX,NA,8,-8.00,0,M,6.029999999999999
TEX,NA,7,-8.00,0,M,4.02
TEX,NA,7,-7.00,0,M,4.02
TEX,NA,7,-7.00,0,M,4.02
TEX,NA,8,-8.00,0,M,6.029999999999999
TEX,NA,7,-7.00,0,M,4.02
TEX,NA,6,-7.00,0,M,2.01
TEX,NA,7,-7.00,0,M,4.02
TEX,NA,6,-6.00,0,M,2.01
TEX,NA,6,-6.00,0,M,2.01
TEX,NA,6,-6.00,0,M,2.01
TEX,NA,6,-7.00,0,M,2.01
TEX,NA,6,-7.00,0,M,2.01
TEX,NA,7,-6.00,0,M,4.02
TEX,NA,8,-5.00,0,M,6.029999999999999
TEX,NA,10,-6.00,0,M,10.049999999999999
TEX,NA,11,-7.00,0,M,12.059999999999999
TEX,NA,12,-6.00,0,M,14.069999999999999
TEX,NA,15,-6.00,0,M,20.099999999999998
TEX,NA,16,-8.00,0,M,22.11
TEX,NA,18,-10.00,0,M,26.129999999999995
TEX,NA,17,-9.00,0,M,24.119999999999997
TEX,NA,17,-8.00,0,M,24.119999999999997
TEX,NA,17,-8.00,0,M,24.119999999999997
TEX,NA,17,-6.00,0,M,24.119999999999997
TEX,NA,16,-8.00,0,M,22.11
TEX,NA,15,-2.00,0,M,20.099999999999998
TEX,NA,16,-1.00,0,M,22.11
TEX,NA,16,-2.00,0,M,22.11
TEX,NA,13,-1.00,0,M,16.08
TEX,NA,11,-1.00,0,M,12.059999999999999
TEX,NA,10,1.00,0,M,10.049999999999999
TEX,NA,8,3.00,0.51,M,6.029999999999999
TEX,NA,7,5.00,1.02,M,4.02
TEX,NA,7,3.00,1.02,M,4.02
TEX,NA,7,4.00,0,M,4.02
TEX,NA,7,3.00,0,M,4.02
TEX,NA,8,3.00,0,M,6.029999999999999
TEX,NA,8,3.00,0,M,6.029999999999999
TEX,NA,8,2.00,0,M,6.029999999999999
TEX,NA,8,2.00,0,M,6.029999999999999
TEX,NA,9,3.00,0,M,8.04
TEX,NA,8,3.00,0,M,6.029999999999999
TEX,NA,8,4.00,0,M,6.029999999999999
TEX,NA,9,4.00,0,M,8.04
TEX,NA,8,4.00,0,M,6.029999999999999
TEX,NA,8,2.00,0,M,6.029999999999999
TEX,NA,8,1.00,0,M,6.029999999999999
TEX,NA,8,0.00,0,M,6.029999999999999
TEX,NA,7,1.00,0,M,4.02
TEX,NA,7,2.00,0,M,4.02
TEX,NA,7,1.00,0.25,M,4.02
TEX,NA,6,1.00,0.25,M,2.01
TEX,NA,6,2.00,0,M,2.01
TEX,NA,6,2.00,0,M,2.01
TEX,NA,6,2.00,0,M,2.01
TEX,NA,5,1.00,0,M,0
TEX,NA,5,2.00,0,M,0
TEX,NA,5,1.00,0,M,0
TEX,NA,4,1.00,0,M,0
TEX,NA,3,1.00,0,M,0
TEX,NA,3,1.00,0,M,0
TEX,NA,3,1.00,0,M,0
TEX,NA,3,1.00,0,M,0
TEX,NA,3,1.00,0,M,0
TEX,NA,3,1.00,0,M,0
TEX,NA,3,1.00,0,M,0
TEX,NA,3,1.00,0,M,0
TEX,NA,3,1.00,0,M,0
TEX,NA,3,1.00,0,M,0
TEX,NA,3,1.00,0,M,0
TEX,NA,3,1.00,0,M,0
TEX,NA,3,1.00,0,M,0
TEX,NA,3,1.00,0,M,0
TEX,NA,3,1.00,0,M,0
TEX,NA,3,1.00,0,M,0
TEX,NA,3,1.00,0.25,M,0
TEX,NA,4,2.00,0,M,0
TEX,NA,4,2.00,0,M,0
TEX,NA,4,2.00,0,M,0
TEX,NA,3,2.00,0.25,M,0
TEX,NA,4,3.00,0.25,M,0
TEX,NA,4,3.00,0.25,M,0
TEX,NA,4,3.00,0,M,0
TEX,NA,4,3.00,0,M,0
TEX,NA,5,3.00,0,M,0
TEX,NA,5,3.00,0,M,0
TEX,NA,5,3.00,0,M,0
TEX,NA,5,3.00,0,M,0
TEX,NA,5,3.00,0,M,0
TEX,NA,5,3.00,0,M,0
TEX,NA,5,3.00,0,M,0
TEX,NA,6,3.00,0,M,2.01
TEX,NA,6,4.00,0,M,2.01
TEX,NA,6,4.00,0,M,2.01
TEX,NA,7,4.00,0,M,4.02
TEX,NA,7,3.00,0,M,4.02
TEX,NA,7,3.00,0,M,4.02
TEX,NA,8,3.00,0,M,6.029999999999999
TEX,NA,10,3.00,0,M,10.049999999999999
TEX,NA,11,2.00,0,M,12.059999999999999
TEX,NA,11,2.00,0,M,12.059999999999999
TEX,NA,11,1.00,0,M,12.059999999999999
TEX,NA,12,2.00,0,M,14.069999999999999
TEX,NA,13,1.00,0,M,16.08
TEX,NA,12,1.00,0,M,14.069999999999999
TEX,NA,13,1.00,0,M,16.08
TEX,NA,13,1.00,0,M,16.08
TEX,NA,13,1.00,0,M,16.08
TEX,NA,12,1.00,0,M,14.069999999999999
TEX,NA,13,1.00,0,M,16.08
TEX,NA,13,1.00,0,M,16.08
TEX,NA,13,1.00,0,M,16.08
TEX,NA,12,1.00,0,M,14.069999999999999
TEX,NA,12,1.00,0,M,14.069999999999999
TEX,NA,12,1.00,0,M,14.069999999999999
TEX,NA,12,1.00,0,M,14.069999999999999
TEX,NA,11,2.00,0,M,12.059999999999999
TEX,NA,11,2.00,0,M,12.059999999999999
TEX,NA,11,2.00,0,M,12.059999999999999
TEX,NA,10,2.00,0,M,10.049999999999999
TEX,NA,10,2.00,0,M,10.049999999999999
TEX,NA,10,3.00,0,M,10.049999999999999
TEX,NA,9,3.00,0,M,8.04
TEX,NA,8,2.00,0,M,6.029999999999999
TEX,NA,8,2.00,0,M,6.029999999999999
TEX,NA,8,3.00,0,M,6.029999999999999
TEX,NA,7,3.00,0,M,4.02
TEX,NA,7,3.00,0,M,4.02
TEX,NA,7,3.00,0,M,4.02
TEX,NA,6,2.00,0,M,2.01
TEX,NA,6,2.00,0,M,2.01
TEX,NA,6,2.00,0,M,2.01
TEX,NA,6,2.00,0,M,2.01
TEX,NA,6,2.00,0,M,2.01
TEX,NA,5,2.00,0,M,0
TEX,NA,5,2.00,0,M,0
TEX,NA,5,2.00,0,M,0
TEX,NA,5,1.00,0,M,0
TEX,NA,5,2.00,0,M,0
TEX,NA,5,1.00,0,M,0
TEX,NA,5,1.00,0,M,0
TEX,NA,5,1.00,0,M,0
TEX,NA,5,1.00,0,M,0
TEX,NA,4,1.00,0,M,0
TEX,NA,4,1.00,0,M,0
TEX,NA,4,1.00,0,M,0
TEX,NA,4,1.00,0,M,0
TEX,NA,3,1.00,0,M,0
TEX,NA,3,1.00,0,M,0
TEX,NA,3,1.00,0,M,0
TEX,NA,3,1.00,0,M,0
TEX,NA,4,1.00,0,M,0
TEX,NA,3,0.00,0,M,0
TEX,NA,3,1.00,0,M,0
TEX,NA,3,0.00,0,M,0
TEX,NA,3,0.00,0,M,0
TEX,NA,5,1.00,0,M,0
TEX,NA,5,0.00,0,M,0
TEX,NA,6,0.00,0,M,2.01
TEX,NA,7,0.00,0,M,4.02
TEX,NA,8,0.00,0,M,6.029999999999999
TEX,NA,9,1.00,0,M,8.04
TEX,NA,10,0.00,0,M,10.049999999999999
TEX,NA,11,0.00,0,M,12.059999999999999
TEX,NA,12,0.00,0,M,14.069999999999999
TEX,NA,13,-1.00,0,M,16.08
TEX,NA,15,-1.00,0,M,20.099999999999998
TEX,NA,14,-1.00,0,M,18.089999999999996
TEX,NA,15,-2.00,0,M,20.099999999999998
TEX,NA,15,-3.00,0,M,20.099999999999998
TEX,NA,15,-6.00,0,M,20.099999999999998
TEX,NA,16,-6.00,0,M,22.11
TEX,NA,16,-7.00,0,M,22.11
TEX,NA,17,-5.00,0,M,24.119999999999997
TEX,NA,15,-7.00,0,M,20.099999999999998
TEX,NA,16,-5.00,0,M,22.11
TEX,NA,15,-6.00,0,M,20.099999999999998
TEX,NA,16,-7.00,0,M,22.11
TEX,NA,17,-5.00,0,M,24.119999999999997
TEX,NA,16,-4.00,0,M,22.11
TEX,NA,17,-5.00,0,M,24.119999999999997
TEX,NA,17,-4.00,0,M,24.119999999999997
TEX,NA,17,-4.00,0,M,24.119999999999997
TEX,NA,16,-4.00,0,M,22.11
TEX,NA,16,-4.00,0,M,22.11
TEX,NA,16,-4.00,0,M,22.11
TEX,NA,15,-4.00,0,M,20.099999999999998
TEX,NA,15,-3.00,0,M,20.099999999999998
TEX,NA,14,-3.00,0,M,18.089999999999996
TEX,NA,13,-3.00,0,M,16.08
TEX,NA,13,-3.00,0,M,16.08
TEX,NA,13,-3.00,0,M,16.08
TEX,NA,13,-3.00,0,M,16.08
TEX,NA,12,-2.00,0,M,14.069999999999999
TEX,NA,11,-1.00,0,M,12.059999999999999
TEX,NA,10,-1.00,0,M,10.049999999999999
TEX,NA,10,-1.00,0,M,10.049999999999999
TEX,NA,9,0.00,0,M,8.04
TEX,NA,9,0.00,0,M,8.04
TEX,NA,8,-1.00,0,M,6.029999999999999
TEX,NA,8,0.00,0,M,6.029999999999999
TEX,NA,7,0.00,0,M,4.02
TEX,NA,7,0.00,0,M,4.02
TEX,NA,8,0.00,0,M,6.029999999999999
TEX,NA,7,0.00,0,M,4.02
TEX,NA,7,0.00,0,M,4.02
TEX,NA,6,0.00,0,M,2.01
TEX,NA,6,0.00,0,M,2.01
TEX,NA,6,0.00,0,M,2.01
TEX,NA,6,0.00,0,M,2.01
TEX,NA,6,0.00,0,M,2.01
TEX,NA,6,0.00,0,M,2.01
TEX,NA,6,0.00,0,M,2.01
TEX,NA,6,0.00,0,M,2.01
TEX,NA,6,0.00,0,M,2.01
TEX,NA,5,0.00,0,M,0
TEX,NA,5,0.00,0,M,0
TEX,NA,6,0.00,0,M,2.01
TEX,NA,5,0.00,0,M,0
TEX,NA,5,0.00,0,M,0
TEX,NA,5,-1.00,0,M,0
TEX,NA,5,-1.00,0,M,0
TEX,NA,5,-1.00,0,M,0
TEX,NA,5,-1.00,0,M,0
TEX,NA,5,-1.00,0,M,0
TEX,NA,6,-1.00,0,M,2.01
TEX,NA,5,-1.00,0,M,0
TEX,NA,6,-1.00,0,M,2.01
TEX,NA,6,-1.00,0,M,2.01
TEX,NA,8,-1.00,0,M,6.029999999999999
TEX,NA,9,-2.00,0,M,8.04
TEX,NA,10,-1.00,0,M,10.049999999999999
TEX,NA,11,-2.00,0,M,12.059999999999999
TEX,NA,12,-2.00,0,M,14.069999999999999
TEX,NA,13,-3.00,0,M,16.08
TEX,NA,15,-3.00,0,M,20.099999999999998
TEX,NA,16,-4.00,0,M,22.11
TEX,NA,16,-6.00,0,M,22.11
TEX,NA,17,-6.00,0,M,24.119999999999997
TEX,NA,18,-6.00,0,M,26.129999999999995
TEX,NA,18,-7.00,0,M,26.129999999999995
TEX,NA,18,-7.00,0,M,26.129999999999995
TEX,NA,19,-7.00,0,M,28.139999999999997
TEX,NA,20,-8.00,0,M,30.15
TEX,NA,20,-7.00,0,M,30.15
TEX,NA,20,-7.00,0,M,30.15
TEX,NA,20,-7.00,0,M,30.15
TEX,NA,20,-7.00,0,M,30.15
TEX,NA,21,-6.00,0,M,32.16
TEX,NA,21,-6.00,0,M,32.16
TEX,NA,21,-6.00,0,M,32.16
TEX,NA,21,-5.00,0,M,32.16
TEX,NA,21,-5.00,0,M,32.16
TEX,NA,20,-5.00,0,M,30.15
TEX,NA,20,-5.00,0,M,30.15
TEX,NA,20,-5.00,0,M,30.15
TEX,NA,20,-5.00,0,M,30.15
TEX,NA,20,-5.00,0,M,30.15
TEX,NA,19,-4.00,0,M,28.139999999999997
TEX,NA,18,-3.00,0,M,26.129999999999995
TEX,NA,17,-3.00,0,M,24.119999999999997
TEX,NA,16,-3.00,0,M,22.11
TEX,NA,16,-3.00,0,M,22.11
TEX,NA,15,-3.00,0,M,20.099999999999998
TEX,NA,15,-2.00,0,M,20.099999999999998
TEX,NA,14,-1.00,0,M,18.089999999999996
TEX,NA,13,-1.00,0,M,16.08
TEX,NA,12,0.00,0,M,14.069999999999999
TEX,NA,11,0.00,0,M,12.059999999999999
TEX,NA,12,0.00,0,M,14.069999999999999
TEX,NA,10,0.00,0,M,10.049999999999999
TEX,NA,11,0.00,0,M,12.059999999999999
TEX,NA,10,0.00,0,M,10.049999999999999
TEX,NA,11,0.00,0,M,12.059999999999999
TEX,NA,10,0.00,0,M,10.049999999999999
TEX,NA,10,0.00,0,M,10.049999999999999
TEX,NA,10,0.00,0,M,10.049999999999999
TEX,NA,10,0.00,0,M,10.049999999999999
TEX,NA,10,0.00,0,M,10.049999999999999
TEX,NA,10,0.00,0,M,10.049999999999999
TEX,NA,10,0.00,0,M,10.049999999999999
TEX,NA,10,0.00,0,M,10.049999999999999
TEX,NA,10,0.00,0,M,10.049999999999999
TEX,NA,9,0.00,0,M,8.04
TEX,NA,10,0.00,0,M,10.049999999999999
TEX,NA,9,0.00,0,M,8.04
TEX,NA,10,0.00,0,M,10.049999999999999
TEX,NA,10,0.00,0,M,10.049999999999999
TEX,NA,10,0.00,0,M,10.049999999999999
TEX,NA,9,0.00,0,M,8.04
TEX,NA,10,0.00,0,M,10.049999999999999
TEX,NA,9,0.00,0,M,8.04
TEX,NA,10,0.00,0,M,10.049999999999999
TEX,NA,9,0.00,0,M,8.04
TEX,NA,8,0.00,0,M,6.029999999999999
TEX,NA,8,0.00,0,M,6.029999999999999
TEX,NA,9,0.00,0,M,8.04
TEX,NA,10,0.00,0,M,10.049999999999999
TEX,NA,11,0.00,0,M,12.059999999999999
TEX,NA,12,0.00,0,M,14.069999999999999
TEX,NA,13,0.00,0,M,16.08
TEX,NA,14,0.00,0,M,18.089999999999996
TEX,NA,16,0.00,0,M,22.11
TEX,NA,17,-1.00,0,M,24.119999999999997
TEX,NA,18,-3.00,0,M,26.129999999999995
TEX,NA,19,-5.00,0,M,28.139999999999997
TEX,NA,20,-7.00,0,M,30.15
TEX,NA,21,-7.00,0,M,32.16
TEX,NA,21,-8.00,0,M,32.16
TEX,NA,21,-8.00,0,M,32.16
TEX,NA,22,-7.00,0,M,34.169999999999995
TEX,NA,22,-8.00,0,M,34.169999999999995
TEX,NA,22,-8.00,0,M,34.169999999999995
TEX,NA,23,-9.00,0,M,36.17999999999999
TEX,NA,23,-9.00,0,M,36.17999999999999
TEX,NA,23,-8.00,0,M,36.17999999999999
TEX,NA,23,-8.00,0,M,36.17999999999999
TEX,NA,23,-8.00,0,M,36.17999999999999
TEX,NA,23,-7.00,0,M,36.17999999999999
TEX,NA,23,-7.00,0,M,36.17999999999999
TEX,NA,23,-7.00,0,M,36.17999999999999
TEX,NA,23,-7.00,0,M,36.17999999999999
TEX,NA,23,-7.00,0,M,36.17999999999999
TEX,NA,23,-7.00,0,M,36.17999999999999
TEX,NA,23,-7.00,0,M,36.17999999999999
TEX,NA,23,-7.00,0,M,36.17999999999999
TEX,NA,22,-7.00,0,M,34.169999999999995
TEX,NA,22,-7.00,0,M,34.169999999999995
TEX,NA,21,-6.00,0,M,32.16
TEX,NA,20,-6.00,0,M,30.15
TEX,NA,20,-6.00,0,M,30.15
TEX,NA,19,-6.00,0,M,28.139999999999997
TEX,NA,19,-6.00,0,M,28.139999999999997
TEX,NA,18,-6.00,0,M,26.129999999999995
TEX,NA,16,-3.00,0,M,22.11
TEX,NA,16,-3.00,0,M,22.11
TEX,NA,15,-2.00,0,M,20.099999999999998
TEX,NA,15,-2.00,0,M,20.099999999999998
TEX,NA,13,-2.00,0,M,16.08
TEX,NA,13,-1.00,0,M,16.08
TEX,NA,13,-1.00,0,M,16.08
TEX,NA,12,-1.00,0,M,14.069999999999999
TEX,NA,12,-1.00,0,M,14.069999999999999
TEX,NA,12,-1.00,0,M,14.069999999999999
TEX,NA,12,-1.00,0,M,14.069999999999999
TEX,NA,12,-1.00,0,M,14.069999999999999
TEX,NA,11,0.00,0,M,12.059999999999999
TEX,NA,11,-1.00,0,M,12.059999999999999
TEX,NA,11,0.00,0,M,12.059999999999999
TEX,NA,11,-1.00,0,M,12.059999999999999
TEX,NA,11,-1.00,0,M,12.059999999999999
TEX,NA,11,-1.00,0,M,12.059999999999999
TEX,NA,10,-1.00,0,M,10.049999999999999
TEX,NA,11,-1.00,0,M,12.059999999999999
TEX,NA,10,-1.00,0,M,10.049999999999999
TEX,NA,10,-1.00,0,M,10.049999999999999
TEX,NA,10,-1.00,0,M,10.049999999999999
TEX,NA,10,-1.00,0,M,10.049999999999999
TEX,NA,10,-1.00,0,M,10.049999999999999
TEX,NA,10,-1.00,0,M,10.049999999999999
TEX,NA,10,-1.00,0,M,10.049999999999999
TEX,NA,10,-1.00,0,M,10.049999999999999
TEX,NA,10,-1.00,0,M,10.049999999999999
TEX,NA,10,-1.00,0,M,10.049999999999999
TEX,NA,10,-1.00,0,M,10.049999999999999
TEX,NA,10,-1.00,0,M,10.049999999999999
TEX,NA,10,-1.00,0,M,10.049999999999999
TEX,NA,10,-1.00,0,M,10.049999999999999
TEX,NA,10,-1.00,0,M,10.049999999999999
TEX,NA,11,-1.00,0,M,12.059999999999999
TEX,NA,11,-1.00,0,M,12.059999999999999
TEX,NA,12,-1.00,0,M,14.069999999999999
TEX,NA,13,-1.00,0,M,16.08
TEX,NA,15,-2.00,0,M,20.099999999999998
TEX,NA,16,-1.00,0,M,22.11
TEX,NA,17,-3.00,0,M,24.119999999999997
TEX,NA,19,-2.00,0,M,28.139999999999997
TEX,NA,20,-4.00,0,M,30.15
TEX,NA,21,-5.00,0,M,32.16
TEX,NA,21,-6.00,0,M,32.16
TEX,NA,20,-6.00,0,M,30.15
TEX,NA,22,-7.00,0,M,34.169999999999995
TEX,NA,21,-7.00,0,M,32.16
TEX,NA,22,-7.00,0,M,34.169999999999995
TEX,NA,22,-8.00,0,M,34.169999999999995
TEX,NA,21,-7.00,0,M,32.16
TEX,NA,22,-8.00,0,M,34.169999999999995
TEX,NA,22,-7.00,0,M,34.169999999999995
TEX,NA,22,-7.00,0,M,34.169999999999995
TEX,NA,22,-8.00,0,M,34.169999999999995
TEX,NA,23,-6.00,0,M,36.17999999999999
TEX,NA,21,-6.00,0,M,32.16
TEX,NA,22,-6.00,0,M,34.169999999999995
TEX,NA,23,-7.00,0,M,36.17999999999999
TEX,NA,22,-7.00,0,M,34.169999999999995
TEX,NA,22,-8.00,0,M,34.169999999999995
TEX,NA,22,-7.00,0,M,34.169999999999995
TEX,NA,22,-7.00,0,M,34.169999999999995
TEX,NA,21,-7.00,0,M,32.16
TEX,NA,21,-7.00,0,M,32.16
TEX,NA,21,-8.00,0,M,32.16
TEX,NA,20,-8.00,0,M,30.15
TEX,NA,20,-8.00,0,M,30.15
TEX,NA,19,-8.00,0,M,28.139999999999997
TEX,NA,18,-7.00,0,M,26.129999999999995
TEX,NA,18,-7.00,0,M,26.129999999999995
TEX,NA,16,-5.00,0,M,22.11
TEX,NA,16,-5.00,0,M,22.11
TEX,NA,15,-3.00,0,M,20.099999999999998
TEX,NA,14,-3.00,0,M,18.089999999999996
TEX,NA,13,-3.00,0,M,16.08
TEX,NA,13,-3.00,0,M,16.08
TEX,NA,13,-3.00,0,M,16.08
TEX,NA,12,-2.00,0,M,14.069999999999999
TEX,NA,12,-3.00,0,M,14.069999999999999
TEX,NA,12,-2.00,0,M,14.069999999999999
TEX,NA,11,-2.00,0,M,12.059999999999999
TEX,NA,11,-2.00,0,M,12.059999999999999
TEX,NA,11,-2.00,0,M,12.059999999999999
TEX,NA,11,-2.00,0,M,12.059999999999999
TEX,NA,11,-2.00,0,M,12.059999999999999
TEX,NA,10,-2.00,0,M,10.049999999999999
TEX,NA,10,-1.00,0,M,10.049999999999999
TEX,NA,10,-1.00,0,M,10.049999999999999
TEX,NA,10,-1.00,0,M,10.049999999999999
TEX,NA,10,-1.00,0,M,10.049999999999999
TEX,NA,10,-1.00,0,M,10.049999999999999
TEX,NA,10,-1.00,0,M,10.049999999999999
TEX,NA,10,-1.00,0,M,10.049999999999999
TEX,NA,9,-1.00,0,M,8.04
TEX,NA,10,-1.00,0,M,10.049999999999999
TEX,NA,9,-1.00,0,M,8.04
TEX,NA,8,-1.00,0,M,6.029999999999999
TEX,NA,9,-1.00,0,M,8.04
TEX,NA,9,-1.00,0,M,8.04
TEX,NA,8,-1.00,0,M,6.029999999999999
TEX,NA,10,-1.00,0,M,10.049999999999999
TEX,NA,9,-1.00,0,M,8.04
TEX,NA,8,-1.00,0,M,6.029999999999999
TEX,NA,10,-1.00,0,M,10.049999999999999
TEX,NA,10,-1.00,0,M,10.049999999999999
TEX,NA,10,-1.00,0,M,10.049999999999999
TEX,NA,12,-1.00,0,M,14.069999999999999
TEX,NA,12,-1.00,0,M,14.069999999999999
TEX,NA,14,-2.00,0,M,18.089999999999996
TEX,NA,15,-2.00,0,M,20.099999999999998
TEX,NA,17,-2.00,0,M,24.119999999999997
TEX,NA,18,-3.00,0,M,26.129999999999995
TEX,NA,18,-3.00,0,M,26.129999999999995
TEX,NA,20,-4.00,0,M,30.15
TEX,NA,21,-5.00,0,M,32.16
TEX,NA,21,-6.00,0,M,32.16
TEX,NA,22,-6.00,0,M,34.169999999999995
TEX,NA,22,-7.00,0,M,34.169999999999995
TEX,NA,22,-8.00,0,M,34.169999999999995
TEX,NA,21,-7.00,0,M,32.16
TEX,NA,23,-7.00,0,M,36.17999999999999
TEX,NA,23,-8.00,0,M,36.17999999999999
TEX,NA,22,-7.00,0,M,34.169999999999995
TEX,NA,23,-7.00,0,M,36.17999999999999
TEX,NA,21,-6.00,0,M,32.16
TEX,NA,21,-6.00,0,M,32.16
TEX,NA,20,-4.00,0,M,30.15
TEX,NA,18,-3.00,0,M,26.129999999999995
TEX,NA,18,-2.00,0,M,26.129999999999995
TEX,NA,19,-3.00,0,M,28.139999999999997
TEX,NA,18,-1.00,0,M,26.129999999999995
TEX,NA,18,-1.00,0,M,26.129999999999995
TEX,NA,18,-1.00,0,M,26.129999999999995
TEX,NA,18,-1.00,0,M,26.129999999999995
TEX,NA,17,-1.00,0,M,24.119999999999997
TEX,NA,17,-1.00,0,M,24.119999999999997
TEX,NA,17,0.00,0,M,24.119999999999997
TEX,NA,17,-1.00,0,M,24.119999999999997
TEX,NA,17,0.00,0,M,24.119999999999997
TEX,NA,16,0.00,0,M,22.11
TEX,NA,16,0.00,0,M,22.11
TEX,NA,16,0.00,0,M,22.11
TEX,NA,15,0.00,0,M,20.099999999999998
TEX,NA,17,-1.00,0,M,24.119999999999997
TEX,NA,16,0.00,0,M,22.11
TEX,NA,16,0.00,0,M,22.11
TEX,NA,15,0.00,0,M,20.099999999999998
TEX,NA,15,0.00,0,M,20.099999999999998
TEX,NA,15,0.00,0,M,20.099999999999998
TEX,NA,15,0.00,0,M,20.099999999999998
TEX,NA,13,0.00,0,M,16.08
TEX,NA,13,0.00,0,M,16.08
TEX,NA,13,0.00,0,M,16.08
TEX,NA,13,0.00,0,M,16.08
TEX,NA,13,0.00,0,M,16.08
TEX,NA,12,0.00,0,M,14.069999999999999
TEX,NA,12,0.00,0,M,14.069999999999999
TEX,NA,12,0.00,0,M,14.069999999999999
TEX,NA,12,0.00,0,M,14.069999999999999
TEX,NA,12,0.00,0,M,14.069999999999999
TEX,NA,12,0.00,0,M,14.069999999999999
TEX,NA,11,0.00,0,M,12.059999999999999
TEX,NA,12,-1.00,0,M,14.069999999999999
TEX,NA,13,-1.00,0,M,16.08
TEX,NA,13,-1.00,0,M,16.08
TEX,NA,12,-1.00,0,M,14.069999999999999
TEX,NA,14,-1.00,0,M,18.089999999999996
TEX,NA,13,-1.00,0,M,16.08
TEX,NA,12,0.00,0,M,14.069999999999999
TEX,NA,12,0.00,0,M,14.069999999999999
TEX,NA,12,0.00,0,M,14.069999999999999
TEX,NA,11,0.00,0,M,12.059999999999999
TEX,NA,11,0.00,0,M,12.059999999999999
TEX,NA,11,0.00,0,M,12.059999999999999
TEX,NA,12,0.00,0,M,14.069999999999999
TEX,NA,12,0.00,0,M,14.069999999999999
TEX,NA,11,0.00,0,M,12.059999999999999
TEX,NA,13,0.00,0,M,16.08
TEX,NA,13,0.00,0,M,16.08
TEX,NA,15,0.00,0,M,20.099999999999998
TEX,NA,15,0.00,0,M,20.099999999999998
TEX,NA,17,0.00,0,M,24.119999999999997
TEX,NA,17,-1.00,0,M,24.119999999999997
TEX,NA,18,-2.00,0,M,26.129999999999995
TEX,NA,19,-2.00,0,M,28.139999999999997
TEX,NA,20,-2.00,0,M,30.15
TEX,NA,20,-2.00,0,M,30.15
TEX,NA,21,-4.00,0,M,32.16
TEX,NA,21,-10.00,0,M,32.16
TEX,NA,22,-10.00,0,M,34.169999999999995
TEX,NA,22,-9.00,0,M,34.169999999999995
TEX,NA,22,-8.00,0,M,34.169999999999995
TEX,NA,22,-7.00,0,M,34.169999999999995
TEX,NA,21,-6.00,0,M,32.16
TEX,NA,23,-8.00,0,M,36.17999999999999
TEX,NA,23,-8.00,0,M,36.17999999999999
TEX,NA,22,-7.00,0,M,34.169999999999995
TEX,NA,22,-6.00,0,M,34.169999999999995
TEX,NA,21,-5.00,0,M,32.16
TEX,NA,21,-5.00,0,M,32.16
TEX,NA,21,-5.00,0,M,32.16
TEX,NA,21,-5.00,0,M,32.16
TEX,NA,21,-5.00,0,M,32.16
TEX,NA,22,-5.00,0,M,34.169999999999995
TEX,NA,21,-5.00,0,M,32.16
TEX,NA,21,-5.00,0,M,32.16
TEX,NA,21,-5.00,0,M,32.16
TEX,NA,21,-4.00,0,M,32.16
TEX,NA,20,-3.00,0,M,30.15
TEX,NA,19,-3.00,0,M,28.139999999999997
TEX,NA,18,-2.00,0,M,26.129999999999995
TEX,NA,16,-1.00,0,M,22.11
TEX,NA,16,-1.00,0,M,22.11
TEX,NA,15,-1.00,0,M,20.099999999999998
TEX,NA,15,-1.00,0,M,20.099999999999998
TEX,NA,15,-1.00,0,M,20.099999999999998
TEX,NA,15,-1.00,0,M,20.099999999999998
TEX,NA,14,-1.00,0,M,18.089999999999996
TEX,NA,13,-1.00,0,M,16.08
TEX,NA,13,-1.00,0,M,16.08
TEX,NA,13,-1.00,0,M,16.08
TEX,NA,13,-1.00,0,M,16.08
TEX,NA,13,-1.00,0,M,16.08
TEX,NA,12,-1.00,0,M,14.069999999999999
TEX,NA,12,0.00,0,M,14.069999999999999
TEX,NA,12,0.00,0,M,14.069999999999999
TEX,NA,13,-1.00,0,M,16.08
TEX,NA,12,0.00,0,M,14.069999999999999
TEX,NA,13,0.00,0,M,16.08
TEX,NA,12,0.00,0,M,14.069999999999999
TEX,NA,12,0.00,0,M,14.069999999999999
TEX,NA,12,0.00,0,M,14.069999999999999
TEX,NA,12,0.00,0,M,14.069999999999999
TEX,NA,12,0.00,0,M,14.069999999999999
TEX,NA,14,-1.00,0,M,18.089999999999996
TEX,NA,15,-2.00,0,M,20.099999999999998
TEX,NA,14,-1.00,0,M,18.089999999999996
TEX,NA,14,-1.00,0,M,18.089999999999996
TEX,NA,13,-1.00,0,M,16.08
TEX,NA,13,-1.00,0,M,16.08
TEX,NA,14,-1.00,0,M,18.089999999999996
TEX,NA,12,-1.00,0,M,14.069999999999999
TEX,NA,12,-1.00,0,M,14.069999999999999
TEX,NA,13,-1.00,0,M,16.08
TEX,NA,12,-1.00,0,M,14.069999999999999
TEX,NA,11,-1.00,0,M,12.059999999999999
TEX,NA,11,0.00,0,M,12.059999999999999
TEX,NA,11,0.00,0,M,12.059999999999999
TEX,NA,12,0.00,0,M,14.069999999999999
TEX,NA,12,-1.00,0,M,14.069999999999999
TEX,NA,13,-1.00,0,M,16.08
TEX,NA,15,-1.00,0,M,20.099999999999998
TEX,NA,16,-1.00,0,M,22.11
TEX,NA,17,-1.00,0,M,24.119999999999997
TEX,NA,18,-2.00,0,M,26.129999999999995
TEX,NA,18,-3.00,0,M,26.129999999999995
TEX,NA,21,-4.00,0,M,32.16
TEX,NA,21,-4.00,0,M,32.16
TEX,NA,20,-3.00,0,M,30.15
TEX,NA,21,-3.00,0,M,32.16
TEX,NA,22,-10.00,0,M,34.169999999999995
TEX,NA,21,-6.00,0,M,32.16
TEX,NA,22,-7.00,0,M,34.169999999999995
TEX,NA,22,-7.00,0,M,34.169999999999995
TEX,NA,22,-6.00,0,M,34.169999999999995
TEX,NA,21,-5.00,0,M,32.16
TEX,NA,22,-7.00,0,M,34.169999999999995
TEX,NA,23,-8.00,0,M,36.17999999999999
TEX,NA,23,-7.00,0,M,36.17999999999999
TEX,NA,20,-4.00,0,M,30.15
TEX,NA,18,-2.00,0,M,26.129999999999995
TEX,NA,19,-2.00,0,M,28.139999999999997
TEX,NA,18,-1.00,0,M,26.129999999999995
TEX,NA,16,0.00,0,M,22.11
TEX,NA,17,0.00,0,M,24.119999999999997
TEX,NA,16,0.00,0,M,22.11
TEX,NA,16,1.00,0,M,22.11
TEX,NA,16,0.00,0,M,22.11
