"date","hour","albedo"
2023-10-01,0,0.204931244666667
2023-10-01,1,0.219321917666667
2023-10-01,2,0.233010749333333
2023-10-01,3,0.246031968666667
2023-10-01,4,0.258418135666667
2023-10-01,5,0.270200222
2023-10-01,6,0.281407689666667
2023-10-01,7,0.292068562333333
2023-10-01,8,0.302209498333333
2023-10-01,9,0.311855855
2023-10-01,10,0.321031753
2023-10-01,11,0.329760137333333
2023-10-01,12,0.338062833666667
2023-10-01,13,0.345960602333333
2023-10-01,14,0.353473192666667
2023-10-01,15,0.360619389
2023-10-01,16,0.367417061666667
2023-10-02,0,0.411126998666667
2023-10-02,1,0.415461386
2023-10-02,2,0.419584383
2023-10-02,3,0.423506299
2023-10-02,4,0.427236941
2023-10-02,5,0.430785637
2023-10-02,6,0.434161261333333
2023-10-02,7,0.437372254666667
2023-10-02,8,0.440426645666667
2023-10-02,9,0.443332072333333
2023-10-02,10,0.4460958
2023-10-02,11,0.448724738666667
2023-10-02,12,0.451225463
2023-10-02,13,0.453604225
2023-10-02,14,0.455866973666667
2023-10-02,15,0.458019367
2023-10-02,16,0.460066786666667
2023-10-02,17,0.373883208
2023-10-02,18,0.380033996666667
2023-10-02,19,0.385884807666667
2023-10-02,20,0.391450271
2023-10-02,21,0.396744303666667
2023-10-02,22,0.401780143666667
2023-10-02,23,0.406570382666667
2023-10-03,0,0.473231966333333
2023-10-03,1,0.474537458666667
2023-10-03,2,0.475779281333333
2023-10-03,3,0.47696054
2023-10-03,4,0.478084188
2023-10-03,5,0.479153034666667
2023-10-03,6,0.480169753
2023-10-03,7,0.481136885666667
2023-10-03,8,0.482056850666667
2023-10-03,9,0.482931948
2023-10-03,10,0.483764367
2023-10-03,11,0.484556188
2023-10-03,12,0.485309391666667
2023-10-03,13,0.486025861333333
2023-10-03,14,0.486707388
2023-10-03,15,0.487355676333333
2023-10-03,16,0.487972347333333
2023-10-03,17,0.462014352333333
2023-10-03,18,0.463866934333333
2023-10-03,19,0.465629164666667
2023-10-03,20,0.467305449666667
2023-10-03,21,0.468899982
2023-10-03,22,0.470416748
2023-10-03,23,0.471859539666667
2023-10-04,0,0.491937623333333
2023-10-04,1,0.49233083
2023-10-04,2,0.492704859666667
2023-10-04,3,0.493060647666667
2023-10-04,4,0.493399084
2023-10-04,5,0.493721014666667
2023-10-04,6,0.494027244333333
2023-10-04,7,0.494318539
2023-10-04,8,0.494595627333333
2023-10-04,9,0.494859202
2023-10-04,10,0.495109921
2023-10-04,11,0.495348413333333
2023-10-04,12,0.495575273666667
2023-10-04,13,0.495791070333333
2023-10-04,14,0.495996342
2023-10-04,15,0.496191602666667
2023-10-04,16,0.496301419
2023-10-04,17,0.488558943
2023-10-04,18,0.489116929666667
2023-10-04,19,0.489647703333333
2023-10-04,20,0.490152591
2023-10-04,21,0.490632854666667
2023-10-04,22,0.491089695666667
2023-10-04,23,0.491524256333333
2023-10-05,0,0.497571659
2023-10-05,1,0.497690090333333
2023-10-05,2,0.497802745666667
2023-10-05,3,0.497909907333333
2023-10-05,4,0.498011842333333
2023-10-05,5,0.4980930905
2023-10-05,6,0.498159473
2023-10-05,16,0.49892701
2023-10-05,18,0.496722082333333
2023-10-05,19,0.496881948333333
2023-10-05,20,0.49703388
2023-10-05,21,0.497178669666667
2023-10-05,22,0.497316267666667
2023-10-05,23,0.497447154666667
2023-10-06,0,0.499268597333333
2023-10-06,1,0.499304268333333
2023-10-06,2,0.4993382
2023-10-06,3,0.499370476
2023-10-06,4,0.499401178666667
2023-10-06,5,0.499430383333333
2023-10-06,6,0.499458164
2023-10-06,7,0.499484589333333
2023-10-06,8,0.499509726666667
2023-10-06,9,0.499533637
2023-10-06,17,0.498962090666667
2023-10-06,18,0.499012710333333
2023-10-06,19,0.499060861
2023-10-06,20,0.499106663333333
2023-10-06,21,0.499150231666667
2023-10-06,22,0.499191675333333
2023-10-06,23,0.499231098
2023-10-08,0,0.499933648666667
2023-10-08,1,0.499936885
2023-10-08,2,0.499939962666667
2023-10-08,3,0.499942890666667
2023-10-08,4,0.499945676
2023-10-08,5,0.499948325333333
2023-10-08,6,0.499950845666667
2023-10-08,7,0.499953243
2023-10-08,8,0.499955523333333
2023-10-08,9,0.499957692333333
2023-10-08,10,0.499959756
2023-10-08,11,0.499961718666667
2023-10-08,12,0.499963585666667
2023-10-08,13,0.499965361666667
2023-10-08,14,0.499967051
2023-10-08,15,0.499968658
2023-10-08,16,0.499970186333333
2023-10-08,23,0.4999308295
2023-10-09,0,0.499980015333333
2023-10-09,1,0.49998099
2023-10-09,2,0.499981917333333
2023-10-09,3,0.499982799333333
2023-10-09,4,0.499983638
2023-10-09,5,0.499984436
2023-10-09,6,0.499985195
2023-10-09,7,0.499985917
2023-10-09,8,0.499986604
2023-10-09,9,0.499987257
2023-10-09,10,0.499987878666667
2023-10-09,11,0.499988469666667
2023-10-09,12,0.499989032
2023-10-09,13,0.499989567
2023-10-09,14,0.499990076
2023-10-09,15,0.49999056
2023-10-09,16,0.499991020333333
2023-10-09,17,0.499971640666667
2023-10-09,18,0.499973023666667
2023-10-09,19,0.499974339333333
2023-10-09,20,0.499975590666667
2023-10-09,21,0.499976781
2023-10-09,22,0.499977913666667
2023-10-09,23,0.499978991
2023-10-10,0,0.499993980666667
2023-10-10,1,0.499994274333333
2023-10-10,2,0.499994553666667
2023-10-10,3,0.499994819333333
2023-10-10,4,0.499995071666667
2023-10-10,5,0.499995312333333
2023-10-10,6,0.499995540666667
2023-10-10,7,0.499995758333333
2023-10-10,8,0.499995965333333
2023-10-10,9,0.499996162
2023-10-10,10,0.499996349
2023-10-10,11,0.499996527333333
2023-10-10,12,0.499996696333333
2023-10-10,13,0.499996857666667
2023-10-10,14,0.499997011
2023-10-10,15,0.499997156666667
2023-10-10,16,0.499997295333333
2023-10-10,17,0.499991458333333
2023-10-10,18,0.499991875
2023-10-10,19,0.499992271333333
2023-10-10,20,0.499992648
2023-10-10,21,0.499993006666667
2023-10-10,22,0.499993347666667
2023-10-10,23,0.499993672
2023-10-11,0,0.499998187
2023-10-11,1,0.499998275666667
2023-10-11,2,0.499998359666667
2023-10-11,3,0.499998439666667
2023-10-11,4,0.499998515666667
2023-10-11,5,0.499998588
2023-10-11,6,0.499998656666667
2023-10-11,7,0.499998722666667
2023-10-11,8,0.499998784666667
2023-10-11,9,0.499998844
2023-10-11,10,0.499998900333333
2023-10-11,11,0.499998954
2023-10-11,12,0.499999005
2023-10-11,13,0.499999053666667
2023-10-11,14,0.4999991
2023-10-11,15,0.499999143666667
2023-10-11,16,0.499999185333333
2023-10-11,17,0.499997427333333
2023-10-11,18,0.499997552666667
2023-10-11,19,0.499997672
2023-10-11,20,0.499997785666667
2023-10-11,21,0.499997893666667
2023-10-11,22,0.499997996666667
2023-10-11,23,0.499998094
2023-10-12,0,0.499999454
2023-10-12,1,0.499999480666667
2023-10-12,2,0.499999506
2023-10-12,3,0.49999953
2023-10-12,4,0.499999552666667
2023-10-12,5,0.499999575
2023-10-12,6,0.499999595666667
2023-10-12,7,0.499999615333333
2023-10-12,8,0.499999634
2023-10-12,9,0.499999652
2023-10-12,10,0.500664482666667
2023-10-12,11,0.501956994333333
2023-10-12,12,0.501861550333333
2023-10-12,13,0.502226512333333
2023-10-12,14,0.502800969
2023-10-12,15,0.503582465
2023-10-12,16,0.503407746
2023-10-12,17,0.499999225
2023-10-12,18,0.499999263
2023-10-12,19,0.499999299
2023-10-12,20,0.499999333
2023-10-12,21,0.499999365666667
2023-10-12,22,0.499999396666667
2023-10-12,23,0.499999425666667
2023-10-13,0,0.735655629666667
2023-10-13,1,0.724162568666667
2023-10-13,2,0.713230031333333
2023-10-13,3,0.702830679666667
2023-10-13,4,0.692938511
2023-10-13,5,0.683528788333333
2023-10-13,6,0.674577983666667
2023-10-13,7,0.666063715
2023-10-13,8,0.657964692333333
2023-10-13,9,0.650260663333333
2023-10-13,10,0.642932364333333
2023-10-13,11,0.635961470333333
2023-10-13,12,0.629330551333333
2023-10-13,13,0.627664706
2023-10-13,14,0.623723897
2023-10-13,15,0.617689811333333
2023-10-13,16,0.611950011333333
2023-10-13,17,0.834411256
2023-10-13,18,0.818101826666667
2023-10-13,19,0.802587817333333
2023-10-13,20,0.787830435333333
2023-10-13,21,0.773792779666667
2023-10-13,22,0.760439748
2023-10-13,23,0.747737952
2023-10-14,0,0.575042336666667
2023-10-14,1,0.571382478666667
2023-10-14,2,0.567901114333333
2023-10-14,3,0.564589537666667
2023-10-14,4,0.561439468666667
2023-10-14,5,0.558443031
2023-10-14,6,0.555592730333333
2023-10-14,7,0.552881441
2023-10-14,8,0.550302382666667
2023-10-14,9,0.547849106333333
2023-10-14,10,0.545515478
2023-10-14,11,0.543295661666667
2023-10-14,12,0.541184107666667
2023-10-14,13,0.539175535
2023-10-14,14,0.537264921333333
2023-10-14,15,0.53544749
2023-10-14,16,0.533718695666667
2023-10-14,17,0.606490144666667
2023-10-14,18,0.601296559333333
2023-10-14,19,0.596356268
2023-10-14,20,0.591656917333333
2023-10-14,21,0.587186756333333
2023-10-14,22,0.582934608333333
2023-10-14,23,0.57888984
2023-10-15,0,0.522602317666667
2023-10-15,1,0.521499989333333
2023-10-15,2,0.520451422666667
2023-10-15,3,0.519453995
2023-10-15,4,0.518505212333333
2023-10-15,5,0.517602702666667
2023-10-15,6,0.516744208666667
2023-10-15,7,0.515927584
2023-10-15,8,0.515150786333333
2023-10-15,9,0.514411874
2023-10-15,10,0.513708998333333
2023-10-15,11,0.513040402333333
2023-10-15,12,0.512404414666667
2023-10-15,13,0.511799444333333
2023-10-15,14,0.511223979
2023-10-15,15,0.510676578666667
2023-10-15,16,0.510155876
2023-10-15,17,0.532074215666667
2023-10-15,18,0.530509937333333
2023-10-15,19,0.52902195
2023-10-15,20,0.527606533
2023-10-15,21,0.526260146333333
2023-10-15,22,0.524979424
2023-10-15,23,0.523761163
2023-10-16,0,0.506807687333333
2023-10-16,1,0.506475672333333
2023-10-16,2,0.506159850333333
2023-10-16,3,0.505859430666667
2023-10-16,4,0.505573663
2023-10-16,5,0.505301832
2023-10-16,6,0.505043259
2023-10-16,7,0.504797296
2023-10-16,8,0.504563329
2023-10-16,9,0.504340773
2023-10-16,10,0.504129071
2023-10-16,11,0.503927693666667
2023-10-16,12,0.503736138
2023-10-16,13,0.503553924333333
2023-10-16,14,0.503380597333333
2023-10-16,15,0.503215724
2023-10-16,16,0.503058891
2023-10-16,17,0.509660568
2023-10-16,18,0.509189416666667
2023-10-16,19,0.508741243333333
2023-10-16,20,0.508314928
2023-10-16,21,0.507909404333333
2023-10-16,22,0.507523658
2023-10-16,23,0.507156724666667
2023-10-17,0,0.502050436
2023-10-17,1,0.501950435
2023-10-17,2,0.501855311333333
2023-10-17,3,0.501764826666667
2023-10-17,4,0.501678755333333
2023-10-17,5,0.501596881333333
2023-10-17,6,0.501519000333333
2023-10-17,7,0.501444918
2023-10-17,8,0.501374448333333
2023-10-17,9,0.501307415666667
2023-10-17,10,0.501243652
2023-10-17,11,0.501182998666667
2023-10-17,12,0.501125303
2023-10-17,13,0.501070421333333
2023-10-17,14,0.501018216333333
2023-10-17,15,0.500968557333333
2023-10-17,16,0.500921320333333
2023-10-17,17,0.502909707333333
2023-10-17,18,0.502767799
2023-10-17,19,0.502632812
2023-10-17,20,0.502504408
2023-10-17,21,0.502382266666667
2023-10-17,22,0.502266082
2023-10-17,23,0.502155564
2023-10-18,0,0.500617579666667
2023-10-18,1,0.500587459333333
2023-10-18,2,0.500558809
2023-10-18,3,0.500531555333333
2023-10-18,4,0.500505631
2023-10-18,5,0.500480971333333
2023-10-18,6,0.500457514
2023-10-18,7,0.500435201
2023-10-18,8,0.500413976
2023-10-18,9,0.500393786
2023-10-18,10,0.500374580666667
2023-10-18,11,0.500356312333333
2023-10-18,12,0.500338934666667
2023-10-18,13,0.500322405
2023-10-18,14,0.500306680666667
2023-10-18,15,0.500291724
2023-10-18,16,0.500277496333333
2023-10-18,17,0.500876387
2023-10-18,18,0.500833645
2023-10-18,19,0.500792987666667
2023-10-18,20,0.500754313
2023-10-18,21,0.500717525
2023-10-18,22,0.500682530666667
2023-10-18,23,0.500649243333333
2023-10-19,0,0.500186011333333
2023-10-19,1,0.500176939666667
2023-10-19,2,0.50016831
2023-10-19,3,0.500160101666667
2023-10-19,4,0.500152293
2023-10-19,5,0.500144865666667
2023-10-19,6,0.500137800666667
2023-10-19,7,0.50013108
2023-10-19,8,0.500124687333333
2023-10-19,9,0.500118606
2023-10-19,10,0.500112821666667
2023-10-19,11,0.500107319333333
2023-10-19,12,0.500102085333333
2023-10-19,13,0.500097106333333
2023-10-19,14,0.500092370333333
2023-10-19,15,0.500087865333333
2023-10-19,16,0.500083580333333
2023-10-19,17,0.500263962666667
2023-10-19,18,0.500251089
2023-10-19,19,0.500238843333333
2023-10-19,20,0.500227195
2023-10-19,21,0.500216114333333
2023-10-19,22,0.500205574333333
2023-10-19,23,0.500195548
2023-10-20,0,0.500056025333333
2023-10-20,1,0.500053293
2023-10-20,2,0.500050693666667
2023-10-20,3,0.500048221666667
2023-10-20,4,0.500045869666667
2023-10-20,5,0.500043633
2023-10-20,6,0.500041504666667
2023-10-20,7,0.500039480333333
2023-10-20,8,0.500037555333333
2023-10-20,9,0.500035723333333
2023-10-20,10,0.500033981
2023-10-20,11,0.500032324
2023-10-20,12,0.500030747333333
2023-10-20,13,0.500029248
2023-10-20,14,0.500027821333333
2023-10-20,15,0.500026464666667
2023-10-20,16,0.500025174333333
2023-10-20,17,0.500079504333333
2023-10-20,18,0.500075626666667
2023-10-20,19,0.500071938333333
2023-10-20,20,0.500068429333333
2023-10-20,21,0.500065092333333
2023-10-20,22,0.500061918
2023-10-20,23,0.500058898
2023-10-21,0,0.500016874666667
2023-10-21,1,0.500016051666667
2023-10-21,2,0.500015268666667
2023-10-21,3,0.500014524333333
2023-10-21,4,0.500013815666667
2023-10-21,5,0.500013142333333
2023-10-21,6,0.500012501
2023-10-21,7,0.500011891333333
2023-10-21,8,0.500011311
2023-10-21,9,0.50001076
2023-10-21,10,0.500010235
2023-10-21,11,0.500009735666667
2023-10-21,12,0.500009261
2023-10-21,13,0.500008809333333
2023-10-21,14,0.500008379666667
2023-10-21,15,0.500007971
2023-10-21,16,0.500007582333333
2023-10-21,17,0.500023946
2023-10-21,18,0.500022778333333
2023-10-21,19,0.500021667
2023-10-21,20,0.500020610666667
2023-10-21,21,0.500019605666667
2023-10-21,22,0.500018649333333
2023-10-21,23,0.500017739666667
2023-10-22,0,0.500005082333333
2023-10-22,1,0.500004834333333
2023-10-22,2,0.500004598666667
2023-10-22,3,0.500004374666667
2023-10-22,4,0.500004161333333
2023-10-22,5,0.500003958
2023-10-22,6,0.500003765333333
2023-10-22,7,0.500003581333333
2023-10-22,8,0.500003407
2023-10-22,9,0.500003240666667
2023-10-22,10,0.500003082333333
2023-10-22,11,0.500002932333333
2023-10-22,12,0.500002789333333
2023-10-22,13,0.500002653333333
2023-10-22,14,0.500002524
2023-10-22,15,0.500002401
2023-10-22,16,0.500002284
2023-10-22,17,0.500007212666667
2023-10-22,18,0.500006860666667
2023-10-22,19,0.500006526
2023-10-22,20,0.500006208
2023-10-22,21,0.500005905333333
2023-10-22,22,0.500005617333333
2023-10-22,23,0.500005343
2023-10-23,0,0.500001530666667
2023-10-23,1,0.500001456333333
2023-10-23,2,0.500001385
2023-10-23,3,0.500001317666667
2023-10-23,4,0.500001253333333
2023-10-23,5,0.500001192
2023-10-23,6,0.500001134
2023-10-23,7,0.500001079
2023-10-23,8,0.500001026
2023-10-23,9,0.500000976
2023-10-23,10,0.500000928333333
2023-10-23,11,0.500000883333333
2023-10-23,12,0.50000084
2023-10-23,13,0.500000799333333
2023-10-23,14,0.500000760333333
2023-10-23,15,0.500000723
2023-10-23,16,0.500000687666667
2023-10-23,17,0.500002172333333
2023-10-23,18,0.500002066333333
2023-10-23,19,0.500001965333333
2023-10-23,20,0.50000187
2023-10-23,21,0.500001778333333
2023-10-23,22,0.500001692
2023-10-23,23,0.500001609333333
2023-10-24,0,0.500000461
2023-10-24,1,0.500000438666667
2023-10-24,2,0.500000417
2023-10-24,3,0.500000396666667
2023-10-24,4,0.500000377333333
2023-10-24,5,0.500000359
2023-10-24,6,0.500000341666667
2023-10-24,7,0.500000325
2023-10-24,8,0.500000309
2023-10-24,9,0.500000294
2023-10-24,10,0.500000279666667
2023-10-24,11,0.500000266
2023-10-24,12,0.500000253
2023-10-24,13,0.500000241
2023-10-24,14,0.500000229
2023-10-24,15,0.500000217666667
2023-10-24,16,0.500000207333333
2023-10-24,17,0.500000654
2023-10-24,18,0.500000622333333
2023-10-24,19,0.500000592
2023-10-24,20,0.500000563333333
2023-10-24,21,0.500000536
2023-10-24,22,0.500000509666667
2023-10-24,23,0.500000485
2023-10-25,0,0.500000139
2023-10-25,1,0.500000132
2023-10-25,2,0.500000126
2023-10-25,3,0.50000012
2023-10-25,4,0.500000114
2023-10-25,5,0.500000108
2023-10-25,6,0.500000103
2023-10-25,7,0.500000097666667
2023-10-25,8,0.500000093333333
2023-10-25,9,0.500000088666667
2023-10-25,10,0.500000084333333
2023-10-25,11,0.50000008
2023-10-25,12,0.500000076
2023-10-25,13,0.500000072333333
2023-10-25,14,0.500000069
2023-10-25,15,0.500000066
2023-10-25,16,0.500000062
2023-10-25,17,0.500000197
2023-10-25,18,0.500000187333333
2023-10-25,19,0.500000178
2023-10-25,20,0.500000169666667
2023-10-25,21,0.500000161333333
2023-10-25,22,0.500000153333333
2023-10-25,23,0.500000146
2023-10-26,0,0.500000042
2023-10-26,1,0.500000039666667
2023-10-26,2,0.500000037666667
2023-10-26,3,0.500000036
2023-10-26,4,0.500000034333333
2023-10-26,5,0.500000032666667
2023-10-26,6,0.500000031
2023-10-26,7,0.500000029333333
2023-10-26,8,0.500000028333333
2023-10-26,9,0.500000026666667
2023-10-26,10,0.500000025333333
2023-10-26,11,0.500000024333333
2023-10-26,12,0.500000023
2023-10-26,13,0.500000021666667
2023-10-26,14,0.500000020666667
2023-10-26,15,0.500000019666667
2023-10-26,16,0.500000018666667
2023-10-26,17,0.500000059
2023-10-26,18,0.500000056333333
2023-10-26,19,0.500000054
2023-10-26,20,0.500000051
2023-10-26,21,0.500000048666667
2023-10-26,22,0.500000046
2023-10-26,23,0.500000044
2023-10-27,0,0.500000012666667
2023-10-27,1,0.500000012
2023-10-27,2,0.500000011333333
2023-10-27,3,0.500000011
2023-10-27,4,0.50000001
2023-10-27,5,0.50000001
2023-10-27,6,0.500000009
2023-10-27,7,0.500000009
2023-10-27,8,0.500000008333333
2023-10-27,9,0.500000008
2023-10-27,10,0.500000008
2023-10-27,11,0.500000007
2023-10-27,12,0.500000007
2023-10-27,13,0.500000006666667
2023-10-27,14,0.500000006
2023-10-27,15,0.500000006
2023-10-27,16,0.500000006
2023-10-27,17,0.500000018
2023-10-27,18,0.500000017
2023-10-27,19,0.500000016
2023-10-27,20,0.500000015333333
2023-10-27,21,0.500000014666667
2023-10-27,22,0.500000014
2023-10-27,23,0.500000013
2023-10-28,0,0.500000004
2023-10-28,1,0.500000004
2023-10-28,2,0.500000003
2023-10-28,3,0.500000003
2023-10-28,4,0.500000003
2023-10-28,5,0.500000003
2023-10-28,6,0.500000003
2023-10-28,7,0.500000003
2023-10-28,8,0.500000003
2023-10-28,9,0.500000002
2023-10-28,10,0.726666667333333
2023-10-28,11,0.836253529333333
2023-10-28,12,0.823447951
2023-10-28,13,0.807673208333333
2023-10-28,14,0.792667808666667
2023-10-28,15,0.778394231333333
2023-10-28,16,0.764816784666667
2023-10-28,17,0.500000005
2023-10-28,18,0.500000005
2023-10-28,19,0.500000005
2023-10-28,20,0.500000005
2023-10-28,21,0.500000004
2023-10-28,22,0.500000004
2023-10-28,23,0.500000004
2023-10-29,0,0.677511999
2023-10-29,1,0.668854636666667
2023-10-29,2,0.660619499
2023-10-29,3,0.652785993666667
2023-10-29,4,0.645334533
2023-10-29,5,0.638246483666667
2023-10-29,6,0.631504123333333
2023-10-29,7,0.625090591666667
2023-10-29,8,0.618989851666667
2023-10-29,9,0.613186648
2023-10-29,10,0.611894534666667
2023-10-29,11,0.612771198666667
2023-10-29,12,0.613639139666667
2023-10-29,13,0.614498444333333
2023-10-29,14,0.615349199333333
2023-10-29,15,0.616191488666667
2023-10-29,16,0.617025397333333
2023-10-29,17,0.751901517666667
2023-10-29,18,0.739616136
2023-10-29,19,0.727929919
2023-10-29,20,0.716813645666667
2023-10-29,21,0.706239519
2023-10-29,22,0.696181099333333
2023-10-29,23,0.686613234
2023-10-30,0,0.623404788
2023-10-30,1,0.624166923
2023-10-30,2,0.624921474666667
2023-10-30,3,0.625668518666667
2023-10-30,4,0.626408129333333
2023-10-30,5,0.627140380666667
2023-10-30,6,0.627865346
2023-10-30,7,0.628583097333333
2023-10-30,8,0.629293708
2023-10-30,9,0.629997247
2023-10-30,10,0.630693786
2023-10-30,11,0.631383394666667
2023-10-30,12,0.632066141
2023-10-30,13,0.632742094
2023-10-30,14,0.633411321333333
2023-10-30,15,0.63407389
2023-10-30,16,0.633915167
2023-10-30,17,0.617851008666667
2023-10-30,18,0.618668404666667
2023-10-30,19,0.619477667666667
2023-10-30,20,0.620278878
2023-10-30,21,0.621072116666667
2023-10-30,22,0.621857462
2023-10-30,23,0.622634993333333
2023-10-31,0,0.751901517666667
2023-10-31,1,0.743475646666667
2023-10-31,2,0.743043056666667
2023-10-31,3,0.742614771
2023-10-31,4,0.742190747333333
2023-10-31,5,0.741770942
2023-10-31,6,0.741355314333333
2023-10-31,7,0.740943822
2023-10-31,8,0.740536424
2023-10-31,9,0.74013308
2023-10-31,10,0.739733749
2023-10-31,11,0.739338391666667
2023-10-31,12,0.738946968
2023-10-31,13,0.738559439666667
2023-10-31,14,0.738175766666667
2023-10-31,15,0.736527697
2023-10-31,16,0.726219279666667
2023-10-31,17,0.699490790666667
2023-10-31,18,0.836253529333333
2023-10-31,19,0.823447951
2023-10-31,20,0.807673208333333
2023-10-31,21,0.792667808666667
2023-10-31,22,0.778394231333333
2023-10-31,23,0.764816784666667
2023-11-01,0,0.651639318
2023-11-01,1,0.644243781
2023-11-01,2,0.637208928666667
2023-11-01,3,0.630517170333333
2023-11-01,4,0.624151773
2023-11-01,5,0.618838279666667
2023-11-01,6,0.618900644
2023-11-01,7,0.619707596333333
2023-11-01,8,0.620506518666667
2023-11-01,9,0.621297492333333
2023-11-01,10,0.622080595333333
2023-11-01,11,0.622855906333333
2023-11-01,12,0.623623503
2023-11-01,13,0.624383461666667
2023-11-01,14,0.622833359666667
2023-11-01,15,0.616842705666667
2023-11-01,16,0.611144219666667
2023-11-01,17,0.715186435
2023-11-01,18,0.704691668666667
2023-11-01,19,0.694708738333333
2023-11-01,20,0.685212681
2023-11-01,21,0.676179752
2023-11-01,22,0.667587364333333
2023-11-01,23,0.659414031666667
2023-11-02,0,0.574502198666667
2023-11-02,1,0.570868683333333
2023-11-02,2,0.567412376666667
2023-11-02,3,0.564124636333333
2023-11-02,4,0.560997241
2023-11-02,5,0.558022370333333
2023-11-02,6,0.555192586
2023-11-02,7,0.552500811666667
2023-11-02,8,0.549940317
2023-11-02,9,0.547504699333333
2023-11-02,10,0.546449024
2023-11-02,11,0.544183678
2023-11-02,12,0.542435587
2023-11-02,13,0.542373044333333
2023-11-02,14,0.541495647
2023-11-02,15,0.539471880666667
2023-11-02,16,0.537546814333333
2023-11-02,17,0.605723652333333
2023-11-02,18,0.600567449
2023-11-02,19,0.595662716333333
2023-11-02,20,0.590997191
2023-11-02,21,0.586559205333333
2023-11-02,22,0.582337663333333
2023-11-02,23,0.578322007666667
2023-11-03,0,0.525168382333333
2023-11-03,1,0.523940905666667
2023-11-03,2,0.522773294333333
2023-11-03,3,0.521662627333333
2023-11-03,4,0.520606128666667
2023-11-03,5,0.519601155666667
2023-11-03,6,0.518645196
2023-11-03,7,0.517735859
2023-11-03,8,0.516870871
2023-11-03,9,0.516048069
2023-11-03,10,0.515265395666667
2023-11-03,11,0.514520893333333
2023-11-03,12,0.513812701
2023-11-03,13,0.513139047666667
2023-11-03,14,0.512498249
2023-11-03,15,0.511888701666667
2023-11-03,16,0.511308883
2023-11-03,17,0.535715634666667
2023-11-03,18,0.533973762333333
2023-11-03,19,0.532316842666667
2023-11-03,20,0.530740731333333
2023-11-03,21,0.529241488333333
2023-11-03,22,0.527815364333333
2023-11-03,23,0.526458792666667
2023-11-04,0,0.507580571
2023-11-04,1,0.507210862666667
2023-11-04,2,0.506859184
2023-11-04,3,0.506524658
2023-11-04,4,0.506206446666667
2023-11-04,5,0.505903754666667
2023-11-04,6,0.505615825
2023-11-04,7,0.505341938333333
2023-11-04,8,0.505081408666667
2023-11-04,9,0.504833585333333
2023-11-04,10,0.504597848666667
2023-11-04,11,0.504373609
2023-11-04,12,0.504160305333333
2023-11-04,13,0.503957405333333
2023-11-04,14,0.503764400333333
2023-11-04,15,0.503580808333333
2023-11-04,16,0.503406170333333
2023-11-04,17,0.510757342333333
2023-11-04,18,0.510232700333333
2023-11-04,19,0.509733646
2023-11-04,20,0.509258930333333
2023-11-04,21,0.508807367
2023-11-04,22,0.508377827
2023-11-04,23,0.507969235333333
2023-11-05,0,0.502283224333333
2023-11-05,1,0.50217187
2023-11-05,2,0.502065946333333
2023-11-05,3,0.501965189333333
2023-11-05,4,0.501869346
2023-11-05,5,0.501778176666667
2023-11-05,6,0.501691454
2023-11-05,7,0.501608961
2023-11-05,8,0.501530491
2023-11-05,9,0.501455847666667
2023-11-05,10,0.501384845333333
2023-11-05,11,0.501317306
2023-11-05,12,0.50125306
2023-11-05,13,0.501191947666667
2023-11-05,14,0.501133815666667
2023-11-05,15,0.501078518666667
2023-11-05,16,0.501025918666667
2023-11-05,17,0.503240049333333
2023-11-05,18,0.503082030333333
2023-11-05,19,0.502931717666667
2023-11-05,20,0.502788736333333
2023-11-05,21,0.502652728
2023-11-05,22,0.502523353
2023-11-05,23,0.502400287666667
2023-11-06,0,0.500687694
2023-11-06,1,0.500654154666667
2023-11-06,2,0.500622251333333
2023-11-06,3,0.500591903666667
2023-11-06,4,0.500563036333333
2023-11-06,5,0.500535576333333
2023-11-06,6,0.500509456
2023-11-06,7,0.50048461
2023-11-06,8,0.500460975
2023-11-06,9,0.500438492666667
2023-11-06,10,0.500417107333333
2023-11-06,11,0.500396765
2023-11-06,12,0.500377414333333
2023-11-06,13,0.500359007333333
2023-11-06,14,0.500341498666667
2023-11-06,15,0.500324843666667
2023-11-06,16,0.500309000666667
2023-11-06,17,0.500975884
2023-11-06,18,0.500928289666667
2023-11-06,19,0.500883016666667
2023-11-06,20,0.500839951333333
2023-11-06,21,0.500798986
2023-11-06,22,0.500760019333333
2023-11-06,23,0.500722953
2023-11-07,0,0.500207129333333
2023-11-07,1,0.500197027333333
2023-11-07,2,0.500187418666667
2023-11-07,3,0.500178277666667
2023-11-07,4,0.500169583333333
2023-11-07,5,0.500161312666667
2023-11-07,6,0.500153445333333
2023-11-07,7,0.500145961666667
2023-11-07,8,0.500138842666667
2023-11-07,9,0.500132071666667
2023-11-07,10,0.500125630333333
2023-11-07,11,0.500119503
2023-11-07,12,0.500113675333333
2023-11-07,13,0.500108131
2023-11-07,14,0.500102857333333
2023-11-07,15,0.500097841
2023-11-07,16,0.500093069333333
2023-11-07,17,0.500293930666667
2023-11-07,18,0.500279595666667
2023-11-07,19,0.500265959333333
2023-11-07,20,0.500252988333333
2023-11-07,21,0.500240650333333
2023-11-07,22,0.500228913333333
2023-11-07,23,0.500217749
2023-11-08,0,0.500062386
2023-11-08,1,0.500059343333333
2023-11-08,2,0.500056449333333
2023-11-08,3,0.500053696333333
2023-11-08,4,0.500051077666667
2023-11-08,5,0.500048586333333
2023-11-08,6,0.500046217
2023-11-08,7,0.500043963
2023-11-08,8,0.500041819
2023-11-08,9,0.500039779333333
2023-11-08,10,0.500037839333333
2023-11-08,11,0.500035993333333
2023-11-08,12,0.500034238
2023-11-08,13,0.500032568333333
2023-11-08,14,0.50003098
2023-11-08,15,0.500029469
2023-11-08,16,0.500028031666667
2023-11-08,17,0.500088530333333
2023-11-08,18,0.500084212666667
2023-11-08,19,0.500080105333333
2023-11-08,20,0.500076198666667
2023-11-08,21,0.500072482666667
2023-11-08,22,0.500068947666667
2023-11-08,23,0.500065585
2023-11-09,0,0.500683859333333
2023-11-09,1,0.502667088333333
2023-11-09,2,0.504630583333333
2023-11-09,3,0.506574541666667
2023-11-09,4,0.508499156666667
2023-11-09,5,0.510404622333333
2023-11-09,6,0.512291127666667
2023-11-09,7,0.514158862333333
2023-11-09,8,0.516008012333333
2023-11-09,9,0.517838763333333
2023-11-09,10,0.519651298
2023-11-09,11,0.521445797333333
2023-11-09,12,0.523222441666667
2023-11-09,13,0.524981407666667
2023-11-09,14,0.526722871333333
2023-11-09,15,0.528447008
2023-11-09,16,0.529799448666667
2023-11-09,17,0.500026664666667
2023-11-09,18,0.500025364333333
2023-11-09,19,0.500024127333333
2023-11-09,20,0.500022950333333
2023-11-09,21,0.500021831
2023-11-09,22,0.500020766666667
2023-11-09,23,0.500019753666667
2023-11-10,0,0.520215116333333
2023-11-10,1,0.519229213666667
2023-11-10,2,0.520112219333333
2023-11-10,3,0.521902132333333
2023-11-10,4,0.523674236
2023-11-10,5,0.525428706666667
2023-11-10,6,0.52716572
2023-11-10,7,0.52888545
2023-11-10,8,0.530588068333333
2023-11-10,9,0.532273745
2023-11-10,10,0.533942649
2023-11-10,11,0.535594947333333
2023-11-10,12,0.537230805
2023-11-10,13,0.538850385333333
2023-11-10,14,0.540453851
2023-11-10,15,0.541634514
2023-11-10,16,0.53999524
2023-11-10,17,0.528686616
2023-11-10,18,0.527287553333333
2023-11-10,19,0.525956723333333
2023-11-10,20,0.524690799
2023-11-10,21,0.523486614333333
2023-11-10,22,0.522341158666667
2023-11-10,23,0.521251567666667
2023-11-11,0,0.526809611
2023-11-11,1,0.525502091
2023-11-11,2,0.524258339
2023-11-11,3,0.523398626
2023-11-11,4,0.523858251666667
2023-11-11,5,0.525610891333333
2023-11-11,6,0.527346091666667
2023-11-11,7,0.529064027
2023-11-11,8,0.530764868333333
2023-11-11,9,0.532448786333333
2023-11-11,10,0.534115948666667
2023-11-11,11,0.535766522333333
2023-11-11,12,0.537400673
2023-11-11,13,0.539018563
2023-11-11,14,0.540620355666667
2023-11-11,15,0.542206209333333
2023-11-11,16,0.542544242333333
2023-11-11,17,0.538044648666667
2023-11-11,18,0.536189189666667
2023-11-11,19,0.534424222
2023-11-11,20,0.532745332666667
2023-11-11,21,0.531148324
2023-11-11,22,0.529629202333333
2023-11-11,23,0.528184169
2023-11-12,0,0.528518258333333
2023-11-12,1,0.527127406666667
2023-11-12,2,0.525804387333333
2023-11-12,3,0.524875743
2023-11-12,4,0.526288796666667
2023-11-12,5,0.528017252
2023-11-12,6,0.529728509
2023-11-12,7,0.531422738666667
2023-11-12,8,0.533100110333333
2023-11-12,9,0.534760792
2023-11-12,10,0.536404949666667
2023-11-12,11,0.538032747333333
2023-11-12,12,0.539644349
2023-11-12,13,0.541239914
2023-11-12,14,0.542409331333333
2023-11-12,15,0.540735592
2023-11-12,16,0.538748893333333
2023-11-12,17,0.540469335
2023-11-12,18,0.538495622
2023-11-12,19,0.536618168333333
2023-11-12,20,0.534832279666667
2023-11-12,21,0.533133489
2023-11-12,22,0.53151755
2023-11-12,23,0.529980420666667
2023-11-13,0,0.52597416
2023-11-13,1,0.524707385666667
2023-11-13,2,0.523502392
2023-11-13,3,0.522356166666667
2023-11-13,4,0.521265844
2023-11-13,5,0.520228696
2023-11-13,6,0.519242131333333
2023-11-13,7,0.518303681333333
2023-11-13,8,0.517411
2023-11-13,9,0.516561855666667
2023-11-13,10,0.515754124333333
2023-11-13,11,0.514985786666667
2023-11-13,12,0.514254921333333
2023-11-13,13,0.513559700666667
2023-11-13,14,0.512898386
2023-11-13,15,0.512269324666667
2023-11-13,16,0.511670942333333
2023-11-13,17,0.536859087666667
2023-11-13,18,0.535061449
2023-11-13,19,0.533351481666667
2023-11-13,20,0.531724911
2023-11-13,21,0.530177669
2023-11-13,22,0.528705886666667
2023-11-13,23,0.527305884
2023-11-14,0,0.507823266666667
2023-11-14,1,0.507441721333333
2023-11-14,2,0.507078784333333
2023-11-14,3,0.506733548
2023-11-14,4,0.506405149
2023-11-14,5,0.506092766333333
2023-11-14,6,0.505795618666667
2023-11-14,7,0.505512963
2023-11-14,8,0.505244092666667
2023-11-14,9,0.504988335
2023-11-14,10,0.504745051
2023-11-14,11,0.504513632
2023-11-14,12,0.5042935
2023-11-14,13,0.504084103333333
2023-11-14,14,0.503884919333333
2023-11-14,15,0.503695449666667
2023-11-14,16,0.503515220333333
2023-11-14,17,0.511101743666667
2023-11-14,18,0.510560305333333
2023-11-14,19,0.510045273333333
2023-11-14,20,0.509555359333333
2023-11-14,21,0.509089339333333
2023-11-14,22,0.508646046666667
2023-11-14,23,0.508224374
2023-11-15,0,0.502356322666667
2023-11-15,1,0.502241403333333
2023-11-15,2,0.502132089
2023-11-15,3,0.502028105666667
2023-11-15,4,0.501929193666667
2023-11-15,5,0.501835106
2023-11-15,6,0.501745606666667
2023-11-15,7,0.501660472666667
2023-11-15,8,0.501579490333333
2023-11-15,9,0.501502457666667
2023-11-15,10,0.501429182
2023-11-15,11,0.50135948
2023-11-15,12,0.501293177333333
2023-11-15,13,0.501230108
2023-11-15,14,0.501170115
2023-11-15,15,0.501113048
2023-11-15,16,0.501058764
2023-11-15,17,0.503343781
2023-11-15,18,0.503180702666667
2023-11-15,19,0.503025578
2023-11-15,20,0.502878019
2023-11-15,21,0.502737656666667
2023-11-15,22,0.502604139333333
2023-11-15,23,0.502477134
2023-11-16,0,0.500709711
2023-11-16,1,0.500675097666667
2023-11-16,2,0.500642172666667
2023-11-16,3,0.500610853666667
2023-11-16,4,0.500581062
2023-11-16,5,0.500552723
2023-11-16,6,0.500525766666667
2023-11-16,7,0.500500148
2023-11-16,8,0.500475733333333
2023-11-16,9,0.500452531666667
2023-11-16,10,0.500434038
2023-11-16,11,0.500409467666667
2023-11-16,12,0.500389497333333
2023-11-16,13,0.500370501333333
2023-11-16,14,0.500352432
2023-11-16,15,0.500335243666667
2023-11-16,16,0.500318893666667
2023-11-16,17,0.501007127333333
2023-11-16,18,0.500958009666667
2023-11-16,19,0.500911286333333
2023-11-16,20,0.500866842333333
2023-11-16,21,0.500824566333333
2023-11-16,22,0.500784351666667
2023-11-16,23,0.500746098333333
2023-11-17,0,0.500213760666667
2023-11-17,1,0.500203335666667
2023-11-17,2,0.500193418666667
2023-11-17,3,0.500183985666667
2023-11-17,4,0.500175012333333
2023-11-17,5,0.500166477
2023-11-17,6,0.500158357666667
2023-11-17,7,0.500150634666667
2023-11-17,8,0.500143288333333
2023-11-17,9,0.5001363
2023-11-17,10,0.500129652333333
2023-11-17,11,0.500123329333333
2023-11-17,12,0.500117314666667
2023-11-17,13,0.500111593
2023-11-17,14,0.500106150333333
2023-11-17,15,0.500100973333333
2023-11-17,16,0.500096049
2023-11-17,17,0.500303341
2023-11-17,18,0.500288546666667
2023-11-17,19,0.500274474333333
2023-11-17,20,0.500261088
2023-11-17,21,0.500248354666667
2023-11-17,22,0.500236242
2023-11-17,23,0.500224720666667
2023-11-18,0,0.500064383333333
2023-11-18,1,0.500061243666667
2023-11-18,2,0.500058256333333
2023-11-18,3,0.500055415333333
2023-11-18,4,0.500052713
2023-11-18,5,0.500050142
2023-11-18,6,0.500047696666667
2023-11-18,7,0.500045370333333
2023-11-18,8,0.500043157666667
2023-11-18,9,0.500041052666667
2023-11-18,10,0.500039050666667
2023-11-18,11,0.500037146333333
2023-11-18,12,0.500035334333333
2023-11-18,13,0.500033611333333
2023-11-18,14,0.500031972
2023-11-18,15,0.500030412666667
2023-11-18,16,0.500028929666667
2023-11-18,17,0.500091364333333
2023-11-18,18,0.500086908666667
2023-11-18,19,0.50008267
2023-11-18,20,0.500078638
2023-11-18,21,0.500074803
2023-11-18,22,0.500071154666667
2023-11-18,23,0.500067684666667
2023-11-19,0,0.500019392
2023-11-19,1,0.500018446
2023-11-19,2,0.500017546666667
2023-11-19,3,0.500016690666667
2023-11-19,4,0.500015876666667
2023-11-19,5,0.500015102333333
2023-11-19,6,0.500014366
2023-11-19,7,0.500013665333333
2023-11-19,8,0.500012999
2023-11-19,9,0.500012364666667
2023-11-19,10,0.500011761666667
2023-11-19,11,0.500011188
2023-11-19,12,0.500010642666667
2023-11-19,13,0.500010123666667
2023-11-19,14,0.50000963
2023-11-19,15,0.50000916
2023-11-19,16,0.500008713666667
2023-11-19,17,0.500027518333333
2023-11-19,18,0.500026176333333
2023-11-19,19,0.500024899666667
2023-11-19,20,0.500023685333333
2023-11-19,21,0.500022530333333
2023-11-19,22,0.500021431333333
2023-11-19,23,0.500020386
2023-11-20,0,0.500005840666667
2023-11-20,1,0.500005556
2023-11-20,2,0.500005284666667
2023-11-20,3,0.500005027333333
2023-11-20,4,0.500669664333333
2023-11-20,5,0.502653034333333
2023-11-20,6,0.504616669333333
2023-11-20,7,0.506560766
2023-11-20,8,0.508485518333333
2023-11-20,9,0.510391119666667
2023-11-20,10,0.512277759333333
2023-11-20,11,0.514145626666667
2023-11-20,12,0.515994908666667
2023-11-20,13,0.51782579
2023-11-20,14,0.519638454
2023-11-20,15,0.521433080666667
2023-11-20,16,0.522568147
2023-11-20,17,0.500008288666667
2023-11-20,18,0.500007884
2023-11-20,19,0.500007499666667
2023-11-20,20,0.500007133666667
2023-11-20,21,0.500006785666667
2023-11-20,22,0.500006455
2023-11-20,23,0.500006140333333
2023-11-21,0,0.516924668
2023-11-21,1,0.516391929
2023-11-21,2,0.517926935333333
2023-11-21,3,0.519738592666667
2023-11-21,4,0.521532224
2023-11-21,5,0.523308007666667
2023-11-21,6,0.525066122333333
2023-11-21,7,0.526806743666667
2023-11-21,8,0.528530045
2023-11-21,9,0.5302362
2023-11-21,10,0.531925377666667
2023-11-21,11,0.533597748333333
2023-11-21,12,0.535253478333333
2023-11-21,13,0.536892733666667
2023-11-21,14,0.538515678
2023-11-21,15,0.540122474
2023-11-21,16,0.541713281666667
2023-11-21,17,0.523686847333333
2023-11-21,18,0.522845912333333
2023-11-21,19,0.521731704
2023-11-21,20,0.520671836666667
2023-11-21,21,0.519663659
2023-11-21,22,0.518704651
2023-11-21,23,0.517792414666667
2023-11-22,0,0.530507955666667
2023-11-22,1,0.529020065
2023-11-22,2,0.529676412
2023-11-22,3,0.531371160333333
2023-11-22,4,0.533049045
2023-11-22,5,0.534710235
2023-11-22,6,0.536354895666667
2023-11-22,7,0.537983191333333
2023-11-22,8,0.539595285666667
2023-11-22,9,0.541191339
2023-11-22,10,0.542771512
2023-11-22,11,0.544335961333333
2023-11-22,12,0.545884844333333
2023-11-22,13,0.547418316
2023-11-22,14,0.548936528666667
2023-11-22,15,0.549995834
2023-11-22,16,0.547984635
2023-11-22,17,0.542875926666667
2023-11-22,18,0.541181432666667
2023-11-22,19,0.539172990666667
2023-11-22,20,0.537262501
2023-11-22,21,0.535445187666667
2023-11-22,22,0.533716505333333
2023-11-22,23,0.532072132
2023-11-23,0,0.532165062666667
2023-11-23,1,0.530596354
2023-11-23,2,0.529104152666667
2023-11-23,3,0.528028387
2023-11-23,4,0.529044916666667
2023-11-23,5,0.529003318666667
2023-11-23,6,0.530704764
2023-11-23,7,0.532389279666667
2023-11-23,8,0.534057034333333
2023-11-23,9,0.535708194333333
2023-11-23,10,0.537342925
2023-11-23,11,0.538961389666667
2023-11-23,12,0.540563750666667
2023-11-23,13,0.542150168333333
2023-11-23,14,0.5437208
2023-11-23,15,0.544854724
2023-11-23,16,0.54307221
2023-11-23,17,0.545644397
2023-11-23,18,0.543418293333333
2023-11-23,19,0.541300758
2023-11-23,20,0.539286496666667
2023-11-23,21,0.537370471333333
2023-11-23,22,0.535547892
2023-11-23,23,0.533814200666667
2023-11-24,0,0.528872166
2023-11-24,1,0.527464053666667
2023-11-24,2,0.526124616
2023-11-24,3,0.524850503666667
2023-11-24,4,0.52363853
2023-11-24,5,0.522485665666667
2023-11-24,6,0.521389026333333
2023-11-24,7,0.520345871333333
2023-11-24,8,0.519353591666667
2023-11-24,9,0.518409705666667
2023-11-24,10,0.517511853666667
2023-11-24,11,0.516657790666667
2023-11-24,12,0.516721458333333
2023-11-24,13,0.518545110333333
2023-11-24,14,0.520350616666667
2023-11-24,15,0.520264196666667
2023-11-24,16,0.5192759
2023-11-24,17,0.540971553666667
2023-11-24,18,0.538973347333333
2023-11-24,19,0.537072594666667
2023-11-24,20,0.535264543
2023-11-24,21,0.533544671
2023-11-24,22,0.531908678333333
2023-11-24,23,0.530352473333333
2023-11-25,0,0.521970649666667
2023-11-25,1,0.523742071
2023-11-25,2,0.525495866666667
2023-11-25,3,0.527232212333333
2023-11-25,4,0.528951280333333
2023-11-25,5,0.530653243666667
2023-11-25,6,0.532338272
2023-11-25,7,0.534006534
2023-11-25,8,0.535658196333333
2023-11-25,9,0.537293424666667
2023-11-25,10,0.538912382333333
2023-11-25,11,0.540515230666667
2023-11-25,12,0.542102131
2023-11-25,13,0.543673241
2023-11-25,14,0.545228718
2023-11-25,15,0.546768718
2023-11-25,16,0.548293395
2023-11-25,17,0.518335803666667
2023-11-25,18,0.517441555666667
2023-11-25,19,0.516590921
2023-11-25,20,0.517535003333333
2023-11-25,21,0.51935056
2023-11-25,22,0.519300059
2023-11-25,23,0.520181425
2023-11-26,0,0.559957153
2023-11-26,1,0.561350602666667
2023-11-26,2,0.562730187
2023-11-26,3,0.564096044333333
2023-11-26,4,0.565448311333333
2023-11-26,5,0.566787123
2023-11-26,12,0.5484256815
2023-11-26,13,0.549683204333333
2023-11-26,14,0.551178882
2023-11-26,15,0.552659676333333
2023-11-26,16,0.554125737666667
2023-11-26,17,0.549802901
2023-11-26,18,0.551297387
2023-11-26,19,0.552777002333333
2023-11-26,20,0.554241895666667
2023-11-26,21,0.555692213333333
2023-11-26,22,0.557128099666667
2023-11-26,23,0.558549699
2023-11-27,0,0.832287748
2023-11-27,1,0.830971463
2023-11-27,2,0.829668275
2023-11-27,3,0.828378054333333
2023-11-27,4,0.827100671666667
2023-11-27,5,0.825835998333333
2023-11-27,6,0.824583909333333
2023-11-27,7,0.823344278666667
2023-11-27,8,0.822116982666667
2023-11-27,9,0.820901898666667
2023-11-27,10,0.819698904333333
2023-11-27,11,0.81850788
2023-11-27,12,0.817328707666667
2023-11-27,13,0.816161267333333
2023-11-27,14,0.815005443
2023-11-27,15,0.814240867
2023-11-27,16,0.8125401985
2023-11-27,17,0.555577210666667
2023-11-27,18,0.745512452666667
2023-11-27,19,0.839070286
2023-11-27,20,0.837686513666667
2023-11-27,21,0.83631651
2023-11-27,22,0.834960137666667
2023-11-27,23,0.833617262
2023-11-28,0,0.782220783333333
2023-11-28,1,0.781402672666667
2023-11-28,2,0.780592702666667
2023-11-28,3,0.779790791666667
2023-11-28,4,0.778996860333333
2023-11-28,5,0.778210828333333
2023-11-28,6,0.777432617666667
2023-11-28,7,0.77666215
2023-11-28,8,0.775899349
2023-11-28,9,0.775144138
2023-11-28,10,0.774396441333333
2023-11-28,11,0.773656184333333
2023-11-28,12,0.772923293
2023-11-28,13,0.772197694
2023-11-28,14,0.771479314666667
2023-11-28,15,0.770768084
2023-11-28,16,0.77006393
2023-11-28,17,0.811606518333333
2023-11-28,18,0.830288179666667
2023-11-28,19,0.84
2023-11-28,20,0.828883924
2023-11-28,21,0.812844066
2023-11-28,22,0.797586480666667
2023-11-28,23,0.784540346666667
2023-11-29,0,0.683929639333333
2023-11-29,1,0.680999822333333
2023-11-29,2,0.681188877333333
2023-11-29,3,0.681376051
2023-11-29,4,0.681561362333333
2023-11-29,5,0.681744830333333
2023-11-29,6,0.681926472333333
2023-11-29,7,0.682106306666667
2023-11-29,8,0.682284351666667
2023-11-29,9,0.682460625333333
2023-11-29,10,0.682635145333333
2023-11-29,11,0.682807928333333
2023-11-29,12,0.682978992
2023-11-29,13,0.683148354333333
2023-11-29,14,0.683316031
2023-11-29,15,0.683482039
2023-11-29,16,0.682616452
2023-11-29,17,0.761008582666667
2023-11-29,18,0.748279044
2023-11-29,19,0.736170332
2023-11-29,20,0.724652169666667
2023-11-29,21,0.713695753333333
2023-11-29,22,0.703273688666667
2023-11-29,23,0.693359913666667
2023-11-30,0,0.623113299666667
2023-11-30,1,0.617108993
2023-11-30,2,0.613547550666667
2023-11-30,3,0.614407767
2023-11-30,4,0.615259424
2023-11-30,5,0.616102607
2023-11-30,6,0.616937399666667
2023-11-30,7,0.617763886333333
2023-11-30,8,0.618582149333333
2023-11-30,9,0.619392270333333
2023-11-30,10,0.620194331333333
2023-11-30,11,0.620988410666667
2023-11-30,12,0.621774589
2023-11-30,13,0.622552945
2023-11-30,14,0.623323556
2023-11-30,15,0.624086499333333
2023-11-30,16,0.624841851333333
2023-11-30,17,0.674706088333333
2023-11-30,18,0.666185571666667
2023-11-30,19,0.658080606
2023-11-30,20,0.650370923666667
2023-11-30,21,0.643037247333333
2023-11-30,22,0.636061238333333
2023-11-30,23,0.629425453333333
2023-12-01,0,0.601771946
2023-12-01,1,0.602749331666667
2023-12-01,2,0.603716991666667
2023-12-01,3,0.604675023666667
2023-12-01,4,0.605623523333333
2023-12-01,5,0.606562584666667
2023-12-01,6,0.607492302666667
2023-12-01,7,0.608412769666667
2023-12-01,8,0.609324077333333
2023-12-01,9,0.610226318333333
2023-12-01,10,0.611119581
2023-12-01,11,0.612003956333333
2023-12-01,12,0.612879531333333
2023-12-01,13,0.613746394333333
2023-12-01,14,0.614604632333333
2023-12-01,15,0.61545433
2023-12-01,16,0.616295574
2023-12-01,17,0.624815207333333
2023-12-01,18,0.61947593
2023-12-01,19,0.613649020333333
2023-12-01,20,0.608106292
2023-12-01,21,0.602833886
2023-12-01,22,0.599787607666667
2023-12-01,23,0.600784737666667
2023-12-02,0,0.622731075666667
2023-12-02,1,0.623499914666667
2023-12-02,2,0.624261103
2023-12-02,3,0.625014717333333
2023-12-02,4,0.625760834
2023-12-02,5,0.626499526
2023-12-02,6,0.627230867666667
2023-12-02,7,0.627954933
2023-12-02,8,0.628671793
2023-12-02,9,0.629381520333333
2023-12-02,10,0.630084186
2023-12-02,11,0.630779860333333
2023-12-02,12,0.631468612333333
2023-12-02,13,0.632150511
2023-12-02,14,0.632825624333333
2023-12-02,15,0.633494020666667
2023-12-02,16,0.634155766333333
2023-12-02,17,0.617128446666667
2023-12-02,18,0.617953032333333
2023-12-02,19,0.618769413333333
2023-12-02,20,0.619577671
2023-12-02,21,0.620377887
2023-12-02,22,0.62117014
2023-12-02,23,0.621954510333333
2023-12-03,0,0.639218111666667
2023-12-03,1,0.639822901333333
2023-12-03,2,0.640421673333333
2023-12-03,3,0.641014488
2023-12-03,4,0.641601403666667
2023-12-03,5,0.642182479
2023-12-03,6,0.642757773
2023-12-03,7,0.643327342666667
2023-12-03,8,0.643891245
2023-12-03,9,0.644449536666667
2023-12-03,10,0.645002273333333
2023-12-03,11,0.645549509333333
2023-12-03,12,0.646091301
2023-12-03,13,0.646627701333333
2023-12-03,14,0.647158764666667
2023-12-03,15,0.647684543666667
2023-12-03,16,0.648205091333333
2023-12-03,17,0.634810927333333
2023-12-03,18,0.635459569333333
2023-12-03,19,0.636101757333333
2023-12-03,20,0.636737555666667
2023-12-03,21,0.637367027333333
2023-12-03,22,0.637990236
2023-12-03,23,0.638607243666667
2023-12-04,0,0.627463878666667
2023-12-04,1,0.625841246333333
2023-12-04,2,0.626579138333333
2023-12-04,3,0.627309688
2023-12-04,4,0.628032968666667
2023-12-04,5,0.628749052666667
2023-12-04,6,0.629458011333333
2023-12-04,7,0.630159916
2023-12-04,8,0.630854836333333
2023-12-04,9,0.631542842333333
2023-12-04,10,0.632224002
2023-12-04,11,0.632898384666667
2023-12-04,12,0.633566057
2023-12-04,13,0.634227085666667
2023-12-04,14,0.634881537333333
2023-12-04,15,0.635529477
2023-12-04,16,0.633723279333333
2023-12-04,17,0.648720459333333
2023-12-04,18,0.649230699
2023-12-04,19,0.649735862
2023-12-04,20,0.650235998666667
2023-12-04,21,0.648091898333333
2023-12-04,22,0.640869371666667
2023-12-04,23,0.633999091333333
2023-12-05,0,0.589637395
2023-12-05,1,0.585265727333333
2023-12-05,2,0.584619984666667
2023-12-05,3,0.585768035
2023-12-05,4,0.586904662
2023-12-05,5,0.588029979333333
2023-12-05,6,0.589144099333333
2023-12-05,7,0.590247134333333
2023-12-05,8,0.591339193333333
2023-12-05,9,0.592420386666667
2023-12-05,10,0.593490821666667
2023-12-05,11,0.594550605666667
2023-12-05,12,0.595599844666667
2023-12-05,13,0.596638643333333
2023-12-05,14,0.597667106333333
2023-12-05,15,0.598029241333333
2023-12-05,16,0.593881444
2023-12-05,17,0.627201518
2023-12-05,18,0.620997826666667
2023-12-05,19,0.615096693333333
2023-12-05,20,0.609483361333333
2023-12-05,21,0.604143794333333
2023-12-05,22,0.599064642
2023-12-05,23,0.594233202333333
2023-12-06,0,0.562930613666667
2023-12-06,1,0.559861451666667
2023-12-06,2,0.556941974
2023-12-06,3,0.554164881333333
2023-12-06,4,0.551523229
2023-12-06,5,0.549010411666667
2023-12-06,6,0.546620145333333
2023-12-06,7,0.544346454
2023-12-06,8,0.542183652
2023-12-06,9,0.540126331
2023-12-06,10,0.538169346666667
2023-12-06,11,0.536307805666667
2023-12-06,12,0.534537053333333
2023-12-06,13,0.533584221333333
2023-12-06,14,0.532303036333333
2023-12-06,15,0.530727598666667
2023-12-06,16,0.529228996
2023-12-06,17,0.589302792
2023-12-06,18,0.584947443666667
2023-12-06,19,0.580804507666667
2023-12-06,20,0.576863625666667
2023-12-06,21,0.573114942333333
2023-12-06,22,0.569549084333333
2023-12-06,23,0.566157135333333
2023-12-07,0,0.519592782
2023-12-07,1,0.518637230666667
2023-12-07,2,0.517728282333333
2023-12-07,3,0.516863663333333
2023-12-07,4,0.516041213333333
2023-12-07,5,0.515258873666667
2023-12-07,6,0.514514689666667
2023-12-07,7,0.513806800333333
2023-12-07,8,0.513133434666667
2023-12-07,9,0.512492909333333
2023-12-07,10,0.511883623
2023-12-07,11,0.511304051666667
2023-12-07,12,0.510752746666667
2023-12-07,13,0.510228329
2023-12-07,14,0.509729487666667
2023-12-07,15,0.509254975
2023-12-07,16,0.508803604333333
2023-12-07,17,0.527803481
2023-12-07,18,0.526447489333333
2023-12-07,19,0.52515763
2023-12-07,20,0.523930678
2023-12-07,21,0.522763565
2023-12-07,22,0.521653372666667
2023-12-07,23,0.520597325333333
2023-12-08,0,0.505901232333333
2023-12-08,1,0.505613426
2023-12-08,2,0.505339656
2023-12-08,3,0.505079238
2023-12-08,4,0.504831520666667
2023-12-08,5,0.504595884666667
2023-12-08,6,0.504371740666667
2023-12-08,7,0.504158528
2023-12-08,8,0.503955714333333
2023-12-08,9,0.505192302333333
2023-12-08,10,0.507130671666667
2023-12-08,11,0.509049753
2023-12-08,12,0.510158959
2023-12-08,13,0.512047909
2023-12-08,14,0.513918063666667
2023-12-08,15,0.51576961
2023-12-08,16,0.517602733
2023-12-08,17,0.508374247666667
2023-12-08,18,0.507965830666667
2023-12-08,19,0.507577332333333
2023-12-08,20,0.507207781333333
2023-12-08,21,0.506856254
2023-12-08,22,0.506521870666667
2023-12-08,23,0.506203795333333
2023-12-09,0,0.531626101333333
2023-12-09,1,0.533301449666667
2023-12-09,2,0.534960127666667
2023-12-09,3,0.536602301666667
2023-12-09,4,0.538228136
2023-12-09,5,0.539837793333333
2023-12-09,6,0.541431433666667
2023-12-09,7,0.543009217333333
2023-12-09,8,0.544571301666667
2023-12-09,9,0.546117843333333
2023-12-09,10,0.547648996
2023-12-09,11,0.549164914
2023-12-09,12,0.550665748333333
2023-12-09,13,0.552151648666667
2023-12-09,14,0.553164956
2023-12-09,15,0.553714938
2023-12-09,16,0.555170498333333
2023-12-09,17,0.519417616333333
2023-12-09,18,0.521214441
2023-12-09,19,0.522993386666667
2023-12-09,20,0.524754632
2023-12-09,21,0.526498352666667
2023-12-09,22,0.528224723
2023-12-09,23,0.529933915333333
2023-12-10,0,0.566305519666667
2023-12-10,1,0.567635802
2023-12-10,2,0.568952847666667
2023-12-10,3,0.570256788666667
2023-12-10,4,0.571547755333333
2023-12-10,5,0.572825876333333
2023-12-10,6,0.57409128
2023-12-10,7,0.573696709666667
2023-12-10,8,0.573318790333333
2023-12-10,9,0.574579289333333
2023-12-10,10,0.575827246333333
2023-12-10,11,0.577062785666667
2023-12-10,12,0.578286031666667
2023-12-10,13,0.579497105666667
2023-12-10,14,0.580696129333333
2023-12-10,15,0.581883222666667
2023-12-10,16,0.583058504666667
2023-12-10,17,0.556611576
2023-12-10,18,0.558038314666667
2023-12-10,19,0.559450857
2023-12-10,20,0.560849344333333
2023-12-10,21,0.562233916666667
2023-12-10,22,0.563604712
2023-12-10,23,0.564961867666667
2023-12-11,0,0.559356102666667
2023-12-11,1,0.556461271666667
2023-12-11,2,0.553707622666667
2023-12-11,3,0.551534904
2023-12-11,4,0.552564738
2023-12-11,5,0.554031743666667
2023-12-11,6,0.555484152
2023-12-11,7,0.556922109
2023-12-11,8,0.558345757333333
2023-12-11,9,0.559755241
2023-12-11,10,0.561150699666667
2023-12-11,11,0.562532273333333
2023-12-11,12,0.563900099666667
2023-12-11,13,0.565254317
2023-12-11,14,0.566595058666667
2023-12-11,15,0.56792246
2023-12-11,16,0.568710140333333
2023-12-11,17,0.583629639333333
2023-12-11,18,0.580122358
2023-12-11,19,0.576214744666667
2023-12-11,20,0.572497707333333
2023-12-11,21,0.568961952666667
2023-12-11,22,0.565598638333333
2023-12-11,23,0.562399355333333
2023-12-12,0,0.546415338666667
2023-12-12,1,0.544151635666667
2023-12-12,2,0.541998335333333
2023-12-12,3,0.541147506666667
2023-12-12,4,0.541111897333333
2023-12-12,5,0.541887819333333
2023-12-12,6,0.543461061666667
2023-12-12,7,0.544598702
2023-12-12,8,0.543647650333333
2023-12-12,9,0.543136105666667
2023-12-12,10,0.541032333
2023-12-12,11,0.539031162333333
2023-12-12,12,0.53712759
2023-12-12,13,0.535316856
2023-12-12,14,0.533594432666667
2023-12-12,15,0.531956013
2023-12-12,16,0.530397499666667
2023-12-12,17,0.565866501
2023-12-12,18,0.562654154
2023-12-12,19,0.559598475
2023-12-12,20,0.556691822666667
2023-12-12,21,0.55392693
2023-12-12,22,0.551296882666667
2023-12-12,23,0.548795104
2023-12-13,0,0.520376053666667
2023-12-13,1,0.519382301333333
2023-12-13,2,0.518437015666667
2023-12-13,3,0.517537831666667
2023-12-13,4,0.516682501666667
2023-12-13,5,0.515868886333333
2023-12-13,6,0.515094951666667
2023-12-13,7,0.514358762333333
2023-12-13,8,0.513658477333333
2023-12-13,9,0.512992345333333
2023-12-13,10,0.512358701
2023-12-13,11,0.511755960333333
2023-12-13,12,0.511182615333333
2023-12-13,13,0.510637232666667
2023-12-13,14,0.510118448666667
2023-12-13,15,0.509624966
2023-12-13,16,0.509155550666667
2023-12-13,17,0.528914996333333
2023-12-13,18,0.527504795333333
2023-12-13,19,0.526163370666667
2023-12-13,20,0.524887368
2023-12-13,21,0.523673596666667
2023-12-13,22,0.522519022
2023-12-13,23,0.521420756333333
2023-12-14,0,0.783073016666667
2023-12-14,1,0.772096802
2023-12-14,2,0.760206216666667
2023-12-14,3,0.74751581
2023-12-14,4,0.735444321
2023-12-14,5,0.725168815333333
2023-12-14,6,0.723702703
2023-12-14,7,0.717486101666667
2023-12-14,8,0.710310656333333
2023-12-14,9,0.709058126666667
2023-12-14,10,0.708967997
2023-12-14,11,0.708878764
2023-12-14,12,0.708790418666667
2023-12-14,13,0.708702952666667
2023-12-14,14,0.708616357
2023-12-14,15,0.708530622666667
2023-12-14,16,0.708445741666667
2023-12-14,17,0.508709029333333
2023-12-14,18,0.508284285333333
2023-12-14,19,0.507880255666667
2023-12-14,20,0.729207068333333
2023-12-14,21,0.828883924
2023-12-14,22,0.812844066
2023-12-14,23,0.797586480666667
2023-12-15,0,0.704474406
2023-12-15,1,0.704429885
2023-12-15,2,0.704385807
2023-12-15,3,0.704342167333333
2023-12-15,4,0.704298962
2023-12-15,5,0.704256186666667
2023-12-15,6,0.704213837
2023-12-15,7,0.704171908666667
2023-12-15,8,0.704130397333333
2023-12-15,9,0.704089299333333
2023-12-15,10,0.70404861
2023-12-15,11,0.704008325666667
2023-12-15,12,0.703968442
2023-12-15,13,0.703928955333333
2023-12-15,14,0.703889861666667
2023-12-15,15,0.703851157
2023-12-15,16,0.703812837333333
2023-12-15,17,0.708361705
2023-12-15,18,0.708278504666667
2023-12-15,19,0.708196132333333
2023-12-15,20,0.708114579333333
2023-12-15,21,0.706896584
2023-12-15,22,0.704564795
2023-12-15,23,0.704519374666667
2023-12-16,0,0.773277554333333
2023-12-16,1,0.772548430333333
2023-12-16,2,0.771826561666667
2023-12-16,3,0.771111875333333
2023-12-16,4,0.770404300333333
2023-12-16,5,0.769703765666667
2023-12-16,6,0.769010201666667
2023-12-16,7,0.768323539
2023-12-16,8,0.767643708333333
2023-12-16,9,0.766970642
2023-12-16,10,0.766304273
2023-12-16,11,0.765644534333333
2023-12-16,12,0.764991360333333
2023-12-16,13,0.764344685666667
2023-12-16,14,0.763704445333333
2023-12-16,15,0.763070575333333
2023-12-16,16,0.761066345666667
2023-12-16,17,0.703774899
2023-12-16,18,0.700400669333333
2023-12-16,19,0.789397700666667
2023-12-16,20,0.823447951
2023-12-16,21,0.807673208333333
2023-12-16,22,0.792667808666667
2023-12-16,23,0.778394231333333
2023-12-17,0,0.675936946666667
2023-12-17,1,0.667356400666667
2023-12-17,2,0.659194332333333
2023-12-17,3,0.656837139
2023-12-17,4,0.652738509333333
2023-12-17,5,0.652313566
2023-12-17,6,0.651004096
2023-12-17,7,0.648839378
2023-12-17,8,0.648470484
2023-12-17,9,0.648105794
2023-12-17,10,0.646007920666667
2023-12-17,11,0.644817517666667
2023-12-17,12,0.645366593
2023-12-17,13,0.645910204333333
2023-12-17,14,0.646448407
2023-12-17,15,0.646112646
2023-12-17,16,0.639826026
2023-12-17,17,0.749666411666667
2023-12-17,18,0.737490037
2023-12-17,19,0.725907511
2023-12-17,20,0.714889872
2023-12-17,21,0.704409569333333
2023-12-17,22,0.694440396666667
2023-12-17,23,0.684957426666667
2023-12-18,0,0.593728188666667
2023-12-18,1,0.589157010666667
2023-12-18,2,0.584808772
2023-12-18,3,0.580672599333333
2023-12-18,4,0.576738150333333
2023-12-18,5,0.572995586666667
2023-12-18,6,0.569962908
2023-12-18,7,0.569141197666667
2023-12-18,8,0.566280368
2023-12-18,9,0.564045079666667
2023-12-18,10,0.560921564333333
2023-12-18,11,0.557950384333333
2023-12-18,12,0.555124110666667
2023-12-18,13,0.553341009
2023-12-18,14,0.551181012
2023-12-18,15,0.548684884666667
2023-12-18,16,0.546310494666667
2023-12-18,17,0.633006630333333
2023-12-18,18,0.626519821
2023-12-18,19,0.620349376333333
2023-12-18,20,0.614479868
2023-12-18,21,0.608896619
2023-12-18,22,0.603585667666667
2023-12-18,23,0.598533735666667
2023-12-19,0,0.531042853
2023-12-19,1,0.529528875
2023-12-19,2,0.528088734666667
2023-12-19,3,0.526718831
2023-12-19,4,0.525415738333333
2023-12-19,5,0.524176198
2023-12-19,6,0.522997111
2023-12-19,7,0.521875528666667
2023-12-19,8,0.520808646666667
2023-12-19,9,0.519793797
2023-12-19,10,0.518828442333333
2023-12-19,11,0.517910168
2023-12-19,12,0.517036679
2023-12-19,13,0.516205790666667
2023-12-19,14,0.515415424333333
2023-12-19,15,0.514663605333333
2023-12-19,16,0.513948453
2023-12-19,17,0.544051905333333
2023-12-19,18,0.541903468666667
2023-12-19,19,0.539859812333333
2023-12-19,20,0.537915826333333
2023-12-19,21,0.536066649333333
2023-12-19,22,0.534307658333333
2023-12-19,23,0.532634454
2023-12-20,0,0.509349927666667
2023-12-20,1,0.508893926333333
2023-12-20,2,0.508460164333333
2023-12-20,3,0.508047557333333
2023-12-20,4,0.507655073333333
2023-12-20,5,0.507281731
2023-12-20,6,0.506926596333333
2023-12-20,7,0.506588783
2023-12-20,8,0.506267444
2023-12-20,9,0.505961777
2023-12-20,10,0.505671018
2023-12-20,11,0.505394439333333
2023-12-20,12,0.505131349
2023-12-20,13,0.50488109
2023-12-20,14,0.504643036666667
2023-12-20,15,0.504416593
2023-12-20,16,0.504201193
2023-12-20,17,0.513268178666667
2023-12-20,18,0.512621082333333
2023-12-20,19,0.512005544666667
2023-12-20,20,0.511420027333333
2023-12-20,21,0.510863066
2023-12-20,22,0.510333268
2023-12-20,23,0.509829308666667
2023-12-21,0,0.502816144
2023-12-21,1,0.502678799333333
2023-12-21,2,0.502548152666667
2023-12-21,3,0.502423877666667
2023-12-21,4,0.502305663666667
2023-12-21,5,0.502193215333333
2023-12-21,6,0.502086251
2023-12-21,7,0.501984503333333
2023-12-21,8,0.501887718
2023-12-21,9,0.501795652666667
2023-12-21,10,0.501708077666667
2023-12-21,11,0.501624773666667
2023-12-21,12,0.501545533
2023-12-21,13,0.501470156333333
2023-12-21,14,0.501398455666667
2023-12-21,15,0.501330252333333
2023-12-21,16,0.501265375
2023-12-21,17,0.503996299
2023-12-21,18,0.503801397
2023-12-21,19,0.503616000666667
2023-12-21,20,0.503439646333333
2023-12-21,21,0.503271892666667
2023-12-21,22,0.503112320333333
2023-12-21,23,0.502960531
2023-12-22,0,0.743643204
2023-12-22,1,0.731760584666667
2023-12-22,2,0.722853785
2023-12-22,3,0.717844463666667
2023-12-22,4,0.716483637333333
2023-12-22,5,0.716319622333333
2023-12-22,6,0.716157239666667
2023-12-22,7,0.715996472333333
2023-12-22,8,0.715837304666667
2023-12-22,9,0.715679721
2023-12-22,10,0.715523705333333
2023-12-22,11,0.715369241666667
2023-12-22,12,0.715216315
2023-12-22,13,0.715064910666667
2023-12-22,14,0.714915012
2023-12-22,15,0.711284822666667
2023-12-22,16,0.700980340333333
2023-12-22,17,0.727074592666667
2023-12-22,18,0.828883924
2023-12-22,19,0.812844066
2023-12-22,20,0.797586480666667
2023-12-22,21,0.783073016666667
2023-12-22,22,0.769267383
2023-12-22,23,0.756135057666667
2023-12-23,0,0.634721151
2023-12-23,1,0.628150723
2023-12-23,2,0.621900738333333
2023-12-23,3,0.615955569333333
2023-12-23,4,0.610300349333333
2023-12-23,5,0.604920938
2023-12-23,6,0.599803883666667
2023-12-23,7,0.594936390333333
2023-12-23,8,0.590306288333333
2023-12-23,9,0.585901998333333
2023-12-23,10,0.581712508333333
2023-12-23,11,0.577727342333333
2023-12-23,12,0.575032659333333
2023-12-23,13,0.572985906
2023-12-23,14,0.569952074666667
2023-12-23,15,0.566540471333333
2023-12-23,16,0.563295254
2023-12-23,17,0.691178413333333
2023-12-23,18,0.681854532
2023-12-23,19,0.672985382
2023-12-23,20,0.664548785333333
2023-12-23,21,0.656523646333333
2023-12-23,22,0.648889898
2023-12-23,23,0.641628452
2023-12-24,0,0.768553732666667
2023-12-24,1,0.767871611333333
2023-12-24,2,0.767196277666667
2023-12-24,3,0.766527663333333
2023-12-24,4,0.765865702
2023-12-24,5,0.765210327666667
2023-12-24,6,0.764561474
2023-12-24,7,0.763919076666667
2023-12-24,8,0.763283071
2023-12-24,9,0.762653394
2023-12-24,10,0.762029982333333
2023-12-24,11,0.761412773666667
2023-12-24,12,0.760801706333333
2023-12-24,13,0.760196719
2023-12-24,14,0.759597752
2023-12-24,15,0.759004744666667
2023-12-24,16,0.758417637333333
2023-12-24,17,0.747071507
2023-12-24,18,0.84
2023-12-24,19,0.828883924
2023-12-24,20,0.812844066
2023-12-24,21,0.797586480666667
2023-12-24,22,0.783073016666667
2023-12-24,23,0.770673970666667
2023-12-25,0,0.832287748
2023-12-25,1,0.830971463
2023-12-25,2,0.829668275
2023-12-25,3,0.828378054333333
2023-12-25,4,0.827100671666667
2023-12-25,5,0.825835998333333
2023-12-25,6,0.824583909333333
2023-12-25,7,0.823344278666667
2023-12-25,8,0.817222778
2023-12-25,9,0.801751640333333
2023-12-25,10,0.787035039333333
2023-12-25,11,0.773036175333333
2023-12-25,12,0.761084624333333
2023-12-25,13,0.759102231333333
2023-12-25,14,0.758514154
2023-12-25,15,0.753882214666667
2023-12-25,16,0.742784649
2023-12-25,17,0.757836372333333
2023-12-25,18,0.84
2023-12-25,19,0.839070286
2023-12-25,20,0.837686513666667
2023-12-25,21,0.83631651
2023-12-25,22,0.834960137666667
2023-12-25,23,0.833617262
2023-12-26,0,0.738289044666667
2023-12-26,1,0.737908062333333
2023-12-26,2,0.737530871
2023-12-26,3,0.737157432333333
2023-12-26,4,0.735523931666667
2023-12-26,5,0.725260163
2023-12-26,6,0.717795732333333
2023-12-26,7,0.717618662
2023-12-26,8,0.717443353333333
2023-12-26,9,0.717269789
2023-12-26,10,0.717097952
2023-12-26,11,0.716927824666667
2023-12-26,12,0.715583741333333
2023-12-26,13,0.706206942333333
2023-12-26,14,0.696150111
2023-12-26,15,0.687626549333333
2023-12-26,16,0.686700098666667
2023-12-26,17,0.741065314
2023-12-26,18,0.740656706666667
2023-12-26,19,0.740252166
2023-12-26,20,0.739851650333333
2023-12-26,21,0.73945512
2023-12-26,22,0.739062534666667
2023-12-26,23,0.738673856
2023-12-27,0,0.687722643666667
2023-12-27,1,0.687844805333333
2023-12-27,2,0.687965751333333
2023-12-27,3,0.688085494333333
2023-12-27,4,0.688204045666667
2023-12-27,5,0.688321417333333
2023-12-27,6,0.688437621333333
2023-12-27,7,0.688552668666667
2023-12-27,8,0.688666572
2023-12-27,9,0.688779341333333
2023-12-27,10,0.688890988666667
2023-12-27,11,0.689001525
2023-12-27,12,0.689110961666667
2023-12-27,13,0.689219309333333
2023-12-27,14,0.689326579
2023-12-27,15,0.689432781666667
2023-12-27,16,0.689537927
2023-12-27,17,0.686832435
2023-12-27,18,0.686963454333333
2023-12-27,19,0.687093170333333
2023-12-27,20,0.687221595333333
2023-12-27,21,0.687348742333333
2023-12-27,22,0.687474624666667
2023-12-27,23,0.687599254333333
2023-12-28,0,0.653434789333333
2023-12-28,1,0.653898121
2023-12-28,2,0.654356842666667
2023-12-28,3,0.654810999666667
2023-12-28,4,0.655260637666667
2023-12-28,5,0.655705802
2023-12-28,6,0.656146536333333
2023-12-28,7,0.656582885666667
2023-12-28,8,0.657014893
2023-12-28,9,0.657442602
2023-12-28,10,0.657866055
2023-12-28,11,0.658285294666667
2023-12-28,12,0.658700363333333
2023-12-28,13,0.659111301333333
2023-12-28,14,0.659518151
2023-12-28,15,0.659920951666667
2023-12-28,16,0.660319745
2023-12-28,17,0.689642026666667
2023-12-28,18,0.68974509
2023-12-28,19,0.683574546666667
2023-12-28,20,0.674621510333333
2023-12-28,21,0.666105119
2023-12-28,22,0.658004076333333
2023-12-28,23,0.652966801333333
2023-12-29,0,0.621944018666667
2023-12-29,1,0.622720688666667
2023-12-29,2,0.623489630666667
2023-12-29,3,0.624250921666667
2023-12-29,4,0.625004637666667
2023-12-29,5,0.625750854
2023-12-29,6,0.626489645
2023-12-29,7,0.627221085666667
2023-12-29,8,0.627945247666667
2023-12-29,9,0.628662204666667
2023-12-29,10,0.629372027333333
2023-12-29,11,0.630074787333333
2023-12-29,12,0.630770554666667
2023-12-29,13,0.631459399333333
2023-12-29,14,0.632141389666667
2023-12-29,15,0.632816594333333
2023-12-29,16,0.633485080333333
2023-12-29,17,0.660714570333333
2023-12-29,18,0.655586713
2023-12-29,19,0.647998659666667
2023-12-29,20,0.640780679666667
2023-12-29,21,0.633914724666667
2023-12-29,22,0.627383626666667
2023-12-29,23,0.62192604
2023-12-30,0,0.592825641333333
2023-12-30,1,0.589522048
2023-12-30,2,0.589390499333333
2023-12-30,3,0.590491082
2023-12-30,4,0.591580714
2023-12-30,5,0.592659504
2023-12-30,6,0.593727559666667
2023-12-30,7,0.594784988
2023-12-30,8,0.595831895333333
2023-12-30,9,0.596868385
2023-12-30,10,0.597894562
2023-12-30,11,0.598910527666667
2023-12-30,12,0.599916385
2023-12-30,13,0.600912233666667
2023-12-30,14,0.601898173333333
2023-12-30,15,0.602874302666667
2023-12-30,16,0.603840719666667
2023-12-30,17,0.631725855666667
2023-12-30,18,0.62530151
2023-12-30,19,0.619190483333333
2023-12-30,20,0.613377495
2023-12-30,21,0.607848009
2023-12-30,22,0.602588199666667
2023-12-30,23,0.597584914333333
2023-12-31,0,0.572415591
2023-12-31,1,0.568883840666667
2023-12-31,2,0.565524336333333
2023-12-31,3,0.562328676666667
2023-12-31,4,0.559288871333333
2023-12-31,5,0.556397318666667
2023-12-31,6,0.553646789
2023-12-31,7,0.551476782666667
2023-12-31,8,0.550719247666667
2023-12-31,9,0.548675870666667
2023-12-31,10,0.547584061333333
2023-12-31,11,0.549100625333333
2023-12-31,12,0.550602098666667
2023-12-31,13,0.552088633
2023-12-31,14,0.553560375666667
2023-12-31,15,0.555017474333333
2023-12-31,16,0.556460074333333
2023-12-31,17,0.602762615
2023-12-31,18,0.597750823
2023-12-31,19,0.592983459
2023-12-31,20,0.588448602333333
2023-12-31,21,0.584134913
2023-12-31,22,0.580031605
2023-12-31,23,0.576128417666667
2024-01-01,0,0.540989539
2024-01-01,1,0.542571719333333
2024-01-01,2,0.544138157
2024-01-01,3,0.545689008
2024-01-01,4,0.547224428
2024-01-01,5,0.548744570666667
2024-01-01,6,0.550249587333333
2024-01-01,7,0.551739629
2024-01-01,8,0.553214844
2024-01-01,9,0.554675380666667
2024-01-01,10,0.556121385
2024-01-01,11,0.557553001333333
2024-01-01,12,0.558970372333333
2024-01-01,13,0.560373640666667
2024-01-01,14,0.561762946
2024-01-01,15,0.563138428
2024-01-01,16,0.564500223
2024-01-01,17,0.556392344333333
2024-01-01,18,0.553716501666667
2024-01-01,19,0.551096717
2024-01-01,20,0.548604700333333
2024-01-01,21,0.546234221333333
2024-01-01,22,0.543979351666667
2024-01-01,23,0.541834453333333
2024-01-02,0,0.545329780666667
2024-01-02,1,0.543530590333333
2024-01-02,2,0.544675485
2024-01-02,3,0.546220989666667
2024-01-02,4,0.547751116333333
2024-01-02,5,0.549266018333333
2024-01-02,6,0.550765846333333
2024-01-02,7,0.552250751
2024-01-02,8,0.553720880666667
2024-01-02,9,0.555176382666667
2024-01-02,10,0.556617401333333
2024-01-02,11,0.558044082333333
2024-01-02,12,0.559456567
2024-01-02,13,0.560854997666667
2024-01-02,14,0.562239513666667
2024-01-02,15,0.563610253
2024-01-02,16,0.564967354
2024-01-02,17,0.564326020666667
2024-01-02,18,0.561188803333333
2024-01-02,19,0.55820459
2024-01-02,20,0.555365919
2024-01-02,21,0.552665691
2024-01-02,22,0.550097155
2024-01-02,23,0.547653888
2024-01-03,0,0.549320094
2024-01-03,1,0.550819384333333
2024-01-03,2,0.552303756333333
2024-01-03,3,0.553773358333333
2024-01-03,4,0.555228337666667
2024-01-03,5,0.55666884
2024-01-03,6,0.558095008666667
2024-01-03,7,0.559506987
2024-01-03,8,0.560904916
2024-01-03,9,0.562288935
2024-01-03,10,0.563659183
2024-01-03,11,0.565015796666667
2024-01-03,12,0.566358912
2024-01-03,13,0.567688663
2024-01-03,14,0.569005183
2024-01-03,15,0.570308603
2024-01-03,16,0.571599054333333
2024-01-03,17,0.565797311333333
2024-01-03,18,0.563083239333333
2024-01-03,19,0.560006633666667
2024-01-03,20,0.557080075333333
2024-01-03,21,0.554296247333333
2024-01-03,22,0.551648188
2024-01-03,23,0.549129276333333
2024-01-04,0,0.551360404666667
2024-01-04,1,0.548855528333333
2024-01-04,2,0.546472815666667
2024-01-04,3,0.54420631
2024-01-04,4,0.544511094666667
2024-01-04,5,0.546058235
2024-01-04,6,0.547589981666667
2024-01-04,7,0.549106486
2024-01-04,8,0.550607902
2024-01-04,9,0.552094378
2024-01-04,10,0.553566063666667
2024-01-04,11,0.555023106
2024-01-04,12,0.556465649666667
2024-01-04,13,0.557893840666667
2024-01-04,14,0.559307820666667
2024-01-04,15,0.560707731
2024-01-04,16,0.562093712333333
2024-01-04,17,0.572334135
2024-01-04,18,0.569329294666667
2024-01-04,19,0.565948065333333
2024-01-04,20,0.56273174
2024-01-04,21,0.559672276666667
2024-01-04,22,0.556762025333333
2024-01-04,23,0.553993709
2024-01-05,0,0.572696451333333
2024-01-05,1,0.573963143
2024-01-05,2,0.575217230666667
2024-01-05,3,0.57645884
2024-01-05,4,0.577688095
2024-01-05,5,0.578905118666667
2024-01-05,6,0.580110033
2024-01-05,7,0.581302958
2024-01-05,8,0.582484013666667
2024-01-05,9,0.583653317
2024-01-05,10,0.584810985666667
2024-01-05,11,0.585957135666667
2024-01-05,12,0.587091881
2024-01-05,13,0.588215336
2024-01-05,14,0.589327611666667
2024-01-05,15,0.590428820333333
2024-01-05,16,0.591519072
2024-01-05,17,0.563465902666667
2024-01-05,18,0.564824439666667
2024-01-05,19,0.566169459
2024-01-05,20,0.567501095333333
2024-01-05,21,0.568819481333333
2024-01-05,22,0.570124749
2024-01-05,23,0.571417029666667
2024-01-06,0,0.832287748
2024-01-06,1,0.830971463
2024-01-06,2,0.829668275
2024-01-06,3,0.828378054333333
2024-01-06,4,0.827100671666667
2024-01-06,5,0.825835998333333
2024-01-06,6,0.824583909333333
2024-01-06,7,0.823344278666667
2024-01-06,8,0.822116982666667
2024-01-06,9,0.820901898666667
2024-01-06,10,0.819698904333333
2024-01-06,11,0.81850788
2024-01-06,12,0.817328707666667
2024-01-06,13,0.816161267333333
2024-01-06,14,0.815005443
2024-01-06,15,0.8140507825
2024-01-06,16,0.812728183
2024-01-06,17,0.592598475333333
2024-01-06,18,0.757770833
2024-01-06,19,0.839070286
2024-01-06,20,0.837686513666667
2024-01-06,21,0.83631651
2024-01-06,22,0.834960137666667
2024-01-06,23,0.833617262
2024-01-07,0,0.834960137666667
2024-01-07,1,0.833617262
2024-01-07,2,0.832287748
2024-01-07,3,0.830971463
2024-01-07,4,0.829668275
2024-01-07,5,0.8281639725
2024-01-07,6,0.827100671666667
2024-01-07,7,0.825835998333333
2024-01-07,8,0.824583909333333
2024-01-07,9,0.823344278666667
2024-01-07,10,0.822116982666667
2024-01-07,11,0.820901898666667
2024-01-07,12,0.819698904333333
2024-01-07,13,0.81850788
2024-01-07,14,0.817328707666667
2024-01-07,15,0.816161267333333
2024-01-07,16,0.815005443
2024-01-07,17,0.811606518333333
2024-01-07,18,0.84
2024-01-07,19,0.838607490333333
2024-01-07,20,0.838304606
2024-01-07,21,0.839070286
2024-01-07,22,0.837686513666667
2024-01-07,23,0.83631651
2024-01-08,0,0.806163404666667
2024-01-08,1,0.805107061
2024-01-08,2,0.804061228333333
2024-01-08,3,0.803025801666667
2024-01-08,4,0.802000677666667
2024-01-08,5,0.800985754333333
2024-01-08,6,0.799980929
2024-01-08,7,0.798986102666667
2024-01-08,8,0.798001174333333
2024-01-08,9,0.797026046
2024-01-08,10,0.796060620666667
2024-01-08,11,0.795104801333333
2024-01-08,12,0.794158493
2024-01-08,13,0.793221600333333
2024-01-08,14,0.79229403
2024-01-08,15,0.791375689
2024-01-08,16,0.790466486
2024-01-08,17,0.813861119666667
2024-01-08,18,0.812728183
2024-01-08,19,0.811606518333333
2024-01-08,20,0.810496015333333
2024-01-08,21,0.809396561666667
2024-01-08,22,0.808308047333333
2024-01-08,23,0.807230364333333
2024-01-09,0,0.783511092
2024-01-09,1,0.782680142666667
2024-01-09,2,0.781857461333333
2024-01-09,3,0.781042966
2024-01-09,4,0.778781612
2024-01-09,5,0.766593676
2024-01-09,6,0.753591749
2024-01-09,7,0.741223933666667
2024-01-09,8,0.734441734666667
2024-01-09,9,0.732842326666667
2024-01-09,10,0.732515539666667
2024-01-09,11,0.729708087666667
2024-01-09,12,0.728176777
2024-01-09,13,0.727896361666667
2024-01-09,14,0.720355542666667
2024-01-09,15,0.709608676
2024-01-09,16,0.706084388
2024-01-09,17,0.789566329333333
2024-01-09,18,0.788675129333333
2024-01-09,19,0.787792797333333
2024-01-09,20,0.786919244
2024-01-09,21,0.786054383333333
2024-01-09,22,0.785198127666667
2024-01-09,23,0.784350392333333
2024-01-10,0,0.83631651
2024-01-10,1,0.834960137666667
2024-01-10,2,0.833617262
2024-01-10,3,0.832287748
2024-01-10,4,0.830971463
2024-01-10,5,0.829668275
2024-01-10,6,0.828378054333333
2024-01-10,7,0.827100671666667
2024-01-10,8,0.825835998333333
2024-01-10,9,0.824583909333333
2024-01-10,10,0.823344278666667
2024-01-10,11,0.822116982666667
2024-01-10,12,0.820901898666667
2024-01-10,13,0.819698904333333
2024-01-10,14,0.81850788
2024-01-10,15,0.817328707666667
2024-01-10,16,0.816161267333333
2024-01-10,17,0.706023847333333
2024-01-10,18,0.795327933333333
2024-01-10,19,0.839070286
2024-01-10,20,0.84
2024-01-10,21,0.84
2024-01-10,22,0.839070286
2024-01-10,23,0.837686513666667
2024-01-11,0,0.807230364333333
2024-01-11,1,0.806163404666667
2024-01-11,2,0.805107061
2024-01-11,3,0.804061228333333
2024-01-11,4,0.803025801666667
2024-01-11,5,0.802000677666667
2024-01-11,6,0.800985754333333
2024-01-11,7,0.799980929
2024-01-11,8,0.798986102666667
2024-01-11,9,0.798001174333333
2024-01-11,10,0.797026046
2024-01-11,11,0.796060620666667
2024-01-11,12,0.795104801333333
2024-01-11,13,0.794158493
2024-01-11,14,0.793221600333333
2024-01-11,15,0.79229403
2024-01-11,16,0.791375689
2024-01-11,17,0.815005443
2024-01-11,18,0.813861119666667
2024-01-11,19,0.812728183
2024-01-11,20,0.811606518333333
2024-01-11,21,0.810496015333333
2024-01-11,22,0.809396561666667
2024-01-11,23,0.808308047333333
2024-01-12,0,0.784350392333333
2024-01-12,1,0.783511092
2024-01-12,2,0.778304813333333
2024-01-12,3,0.764731727333333
2024-01-12,4,0.751820608666667
2024-01-12,5,0.739539172666667
2024-01-12,6,0.727856709666667
2024-01-12,7,0.716744006333333
2024-01-12,8,0.706173276666667
2024-01-12,9,0.696118087333333
2024-01-12,10,0.686553295333333
2024-01-12,11,0.683562740333333
2024-01-12,12,0.680652912666667
2024-01-12,13,0.671842366
2024-01-12,14,0.663461515333333
2024-01-12,15,0.655489403
2024-01-12,16,0.648778711666667
2024-01-12,17,0.790466486
2024-01-12,18,0.789566329333333
2024-01-12,19,0.788675129333333
2024-01-12,20,0.787792797333333
2024-01-12,21,0.786919244
2024-01-12,22,0.786054383333333
2024-01-12,23,0.785198127666667
2024-01-13,0,0.651898445666667
2024-01-13,1,0.652377064
2024-01-13,2,0.65285092
2024-01-13,3,0.653320061
2024-01-13,4,0.653784534666667
2024-01-13,5,0.654244386
2024-01-13,6,0.654699662
2024-01-13,7,0.655150407666667
2024-01-13,8,0.655596668666667
2024-01-13,9,0.656038489333333
2024-01-13,10,0.656475913666667
2024-01-13,11,0.656908985333333
2024-01-13,12,0.657337748333333
2024-01-13,13,0.657762244666667
2024-01-13,14,0.658182517333333
2024-01-13,15,0.658598608333333
2024-01-13,16,0.659010559
2024-01-13,17,0.648410689333333
2024-01-13,18,0.648924011666667
2024-01-13,19,0.649432225666667
2024-01-13,20,0.649935383666667
2024-01-13,21,0.650433535333333
2024-01-13,22,0.650926729333333
2024-01-13,23,0.651415017
2024-01-14,0,0.662161977
2024-01-14,1,0.662538471666667
2024-01-14,2,0.662911219666667
2024-01-14,3,0.66328026
2024-01-14,4,0.663645627333333
2024-01-14,5,0.664007359333333
2024-01-14,6,0.664365492
2024-01-14,7,0.664720061333333
2024-01-14,8,0.665071102333333
2024-01-14,9,0.665418651
2024-01-14,10,0.665762741333333
2024-01-14,11,0.666103407333333
2024-01-14,12,0.666440684
2024-01-14,13,0.666774605
2024-01-14,14,0.667105203
2024-01-14,15,0.667432511666667
2024-01-14,16,0.667756563666667
2024-01-14,17,0.659418410666667
2024-01-14,18,0.659822204333333
2024-01-14,19,0.66022198
2024-01-14,20,0.660617778
2024-01-14,21,0.661009637666667
2024-01-14,22,0.661397598
2024-01-14,23,0.661781698666667
2024-01-15,0,0.670235556666667
2024-01-15,1,0.670531718
2024-01-15,2,0.670824932
2024-01-15,3,0.671115229
2024-01-15,4,0.671402637333333
2024-01-15,5,0.671687186
2024-01-15,6,0.671968903
2024-01-15,7,0.672247817333333
2024-01-15,8,0.672523956333333
2024-01-15,9,0.672797347333333
2024-01-15,10,0.673068018
2024-01-15,11,0.673335996
2024-01-15,12,0.673601307333333
2024-01-15,13,0.673863978333333
2024-01-15,14,0.674124036
2024-01-15,15,0.674381506333333
2024-01-15,16,0.674636415
2024-01-15,17,0.668077391666667
2024-01-15,18,0.668395026666667
2024-01-15,19,0.668709501333333
2024-01-15,20,0.669020847
2024-01-15,21,0.669329094666667
2024-01-15,22,0.669634275333333
2024-01-15,23,0.669936419333333
2024-01-16,0,0.676586459666667
2024-01-16,1,0.676819428333333
2024-01-16,2,0.677050079
2024-01-16,3,0.677278434666667
2024-01-16,4,0.677504517666667
2024-01-16,5,0.677728351666667
2024-01-16,6,0.677949958
2024-01-16,7,0.67816936
2024-01-16,8,0.678386578333333
2024-01-16,9,0.678601635666667
2024-01-16,10,0.678814553
2024-01-16,11,0.679025351333333
2024-01-16,12,0.679234053
2024-01-16,13,0.679440677
2024-01-16,14,0.679645245666667
2024-01-16,15,0.679847779333333
2024-01-16,16,0.680048297333333
2024-01-16,17,0.674888786666667
2024-01-16,18,0.675138647
2024-01-16,19,0.675386022
2024-01-16,20,0.675630935
2024-01-16,21,0.675873411666667
2024-01-16,22,0.676113474666667
2024-01-16,23,0.676351149666667
2024-01-17,0,0.795627486333333
2024-01-17,1,0.794675976666667
2024-01-17,2,0.793733935333333
2024-01-17,3,0.792801267
2024-01-17,4,0.791877879
2024-01-17,5,0.790963679
2024-01-17,6,0.790058575333333
2024-01-17,7,0.789162477333333
2024-01-17,8,0.788275296
2024-01-17,9,0.787396941666667
2024-01-17,10,0.786527327666667
2024-01-17,11,0.785666366333333
2024-01-17,12,0.784813972
2024-01-17,13,0.783970059
2024-01-17,14,0.783134542666667
2024-01-17,15,0.78230734
2024-01-17,16,0.781488368666667
2024-01-17,17,0.68024682
2024-01-17,18,0.733607194
2024-01-17,19,0.839844703333333
2024-01-17,20,0.828883924
2024-01-17,21,0.812844066
2024-01-17,22,0.799117667666667
2024-01-17,23,0.796588558666667
2024-01-18,0,0.797586480666667
2024-01-18,1,0.783073016666667
2024-01-18,2,0.777848025666667
2024-01-18,3,0.777073425
2024-01-18,4,0.776306531333333
2024-01-18,5,0.775547268666667
2024-01-18,6,0.774795560666667
2024-01-18,7,0.774051332333333
2024-01-18,8,0.773314509666667
2024-01-18,9,0.772585018
2024-01-18,10,0.771862785
2024-01-18,11,0.76832042
2024-01-18,12,0.763450010666667
2024-01-18,13,0.761433615333333
2024-01-18,14,0.760822340666667
2024-01-18,15,0.760217148
2024-01-18,16,0.75554608
2024-01-18,17,0.780677546
2024-01-18,18,0.779874791
2024-01-18,19,0.779080023
2024-01-18,20,0.778293164
2024-01-18,21,0.798428834666667
2024-01-18,22,0.828883924
2024-01-18,23,0.812844066
2024-01-19,0,0.67129766
2024-01-19,1,0.663882152666667
2024-01-19,2,0.663297022
2024-01-19,3,0.663662222666667
2024-01-19,4,0.66402379
2024-01-19,5,0.664381759
2024-01-19,6,0.664736166333333
2024-01-19,7,0.665087047666667
2024-01-19,8,0.665434437
2024-01-19,9,0.665778370333333
2024-01-19,10,0.666118881333333
2024-01-19,11,0.666456004
2024-01-19,12,0.666789772
2024-01-19,13,0.667120219666667
2024-01-19,14,0.667447378666667
2024-01-19,15,0.667771282666667
2024-01-19,16,0.668091964
2024-01-19,17,0.743082951
2024-01-19,18,0.731227655333333
2024-01-19,19,0.719950549333333
2024-01-19,20,0.709223434333333
2024-01-19,21,0.699019487333333
2024-01-19,22,0.689313192333333
2024-01-19,23,0.680080278666667
2024-01-20,0,0.614652141666667
2024-01-20,1,0.609060490666667
2024-01-20,2,0.603741547666667
2024-01-20,3,0.598682012666667
2024-01-20,4,0.593869234
2024-01-20,5,0.592393135333333
2024-01-20,6,0.588496040666667
2024-01-20,7,0.584180037666667
2024-01-20,8,0.580074528666667
2024-01-20,9,0.576169248
2024-01-20,10,0.574081575
2024-01-20,11,0.570468573666667
2024-01-20,12,0.567031781
2024-01-20,13,0.563762602333333
2024-01-20,14,0.560652863666667
2024-01-20,15,0.557694788666667
2024-01-20,16,0.554880980333333
2024-01-20,17,0.662699133666667
2024-01-20,18,0.654764203333333
2024-01-20,19,0.647216264
2024-01-20,20,0.640036441666667
2024-01-20,21,0.633206784
2024-01-20,22,0.626710212333333
2024-01-20,23,0.620530482666667
2024-01-21,0,0.536787821
2024-01-21,1,0.534993658
2024-01-21,2,0.533286997333333
2024-01-21,3,0.531663571333333
2024-01-21,4,0.530119320666667
2024-01-21,5,0.528650384
2024-01-21,6,0.527253088333333
2024-01-21,7,0.525923939333333
2024-01-21,8,0.524659614
2024-01-21,9,0.523456950333333
2024-01-21,10,0.522312941666667
2024-01-21,11,0.521224726333333
2024-01-21,12,0.520500268
2024-01-21,13,0.521976218
2024-01-21,14,0.523747584333333
2024-01-21,15,0.525501325
2024-01-21,16,0.526223175666667
2024-01-21,17,0.552204403333333
2024-01-21,18,0.549658364666667
2024-01-21,19,0.547236497666667
2024-01-21,20,0.544932746333333
2024-01-21,21,0.542741350333333
2024-01-21,22,0.540656830333333
2024-01-21,23,0.538673973333333
2024-01-22,0,0.517577920333333
2024-01-22,1,0.517608382
2024-01-22,2,0.519423209
2024-01-22,3,0.521219978
2024-01-22,4,0.522998869333333
2024-01-22,5,0.524760059666667
2024-01-22,6,0.526503726333333
2024-01-22,7,0.528230043
2024-01-22,8,0.529939182666667
2024-01-22,9,0.531631316
2024-01-22,10,0.533306612333333
2024-01-22,11,0.534965239666667
2024-01-22,12,0.536607362666667
2024-01-22,13,0.538233146666667
2024-01-22,14,0.539842754
2024-01-22,15,0.541436345
2024-01-22,16,0.543014079666667
2024-01-22,17,0.524944256333333
2024-01-22,18,0.523727710666667
2024-01-22,19,0.522570496666667
2024-01-22,20,0.521469720333333
2024-01-22,21,0.52042263
2024-01-22,22,0.519426606333333
2024-01-22,23,0.518479159666667
2024-01-23,0,0.531415572
2024-01-23,1,0.530236751333333
2024-01-23,2,0.531572742
2024-01-23,3,0.533248621
2024-01-23,4,0.534907824666667
2024-01-23,5,0.536550519333333
2024-01-23,6,0.538176869
2024-01-23,7,0.539787036
2024-01-23,8,0.541381181666667
2024-01-23,9,0.542959465333333
2024-01-23,10,0.544522045
2024-01-23,11,0.546069076
2024-01-23,12,0.547600714666667
2024-01-23,13,0.549117112666667
2024-01-23,14,0.550618422666667
2024-01-23,15,0.552104794
2024-01-23,16,0.553576376
2024-01-23,17,0.544158114333333
2024-01-23,18,0.542406586666667
2024-01-23,19,0.540338393
2024-01-23,20,0.538371066666667
2024-01-23,21,0.536499687333333
2024-01-23,22,0.534719576666667
2024-01-23,23,0.533026282666667
2024-01-24,0,0.538008944
2024-01-24,1,0.539620781666667
2024-01-24,2,0.541216582
2024-01-24,4,0.5446202465
2024-01-24,5,0.545909341
2024-01-24,6,0.547442568666667
2024-01-24,7,0.548960540666667
2024-01-24,8,0.550463408333333
2024-01-24,9,0.551951322
2024-01-24,10,0.553424431
2024-01-24,11,0.554882882333333
2024-01-24,12,0.556326821666667
2024-01-24,13,0.557756394
2024-01-24,14,0.559171741333333
2024-01-24,15,0.560573005666667
2024-01-24,16,0.561960327666667
2024-01-24,17,0.552296589666667
2024-01-24,18,0.549746055
2024-01-24,19,0.547319911333333
2024-01-24,20,0.545012092333333
2024-01-24,21,0.542816826333333
2024-01-24,22,0.540728625333333
2024-01-24,23,0.538742267
2024-01-25,0,0.747556405666667
2024-01-25,1,0.747083211333333
2024-01-25,2,0.746614725666667
2024-01-25,3,0.746150901333333
2024-01-25,4,0.745691692
2024-01-25,5,0.745237052333333
2024-01-25,6,0.744786936
2024-01-25,7,0.744341298666667
2024-01-25,8,0.743900095333333
2024-01-25,9,0.743463282
2024-01-25,10,0.743030815333333
2024-01-25,11,0.742602651666667
2024-01-25,12,0.742178748333333
2024-01-25,13,0.741759062333333
2024-01-25,14,0.741343553
2024-01-25,15,0.740932177666667
2024-01-25,16,0.740524895666667
2024-01-25,17,0.747626013
2024-01-25,18,0.828883924
2024-01-25,19,0.812844066
2024-01-25,20,0.797586480666667
2024-01-25,21,0.783073016666667
2024-01-25,22,0.769267383
2024-01-25,23,0.756135057666667
2024-01-26,0,0.793559345666667
2024-01-26,1,0.792628414333333
2024-01-26,2,0.791706746333333
2024-01-26,3,0.790794249
2024-01-26,4,0.789890831
2024-01-26,5,0.788996402333333
2024-01-26,6,0.788110873333333
2024-01-26,7,0.787234155333333
2024-01-26,8,0.786366161
2024-01-26,9,0.785506803666667
2024-01-26,10,0.784655996333333
2024-01-26,11,0.783813655333333
2024-01-26,12,0.782979695666667
2024-01-26,13,0.782154033666667
2024-01-26,14,0.781336587333333
2024-01-26,15,0.780527275
2024-01-26,16,0.779726015333333
2024-01-26,17,0.773458999
2024-01-26,18,0.833953024333333
2024-01-26,19,0.817665943333333
2024-01-26,20,0.811640124333333
2024-01-26,21,0.801091489333333
2024-01-26,22,0.795449369333333
2024-01-26,23,0.794499632333333
2024-01-27,0,0.786641160666667
2024-01-27,1,0.785779066666667
2024-01-27,2,0.784925550333333
2024-01-27,3,0.784080527333333
2024-01-27,4,0.783243912
2024-01-27,5,0.782415621333333
2024-01-27,6,0.781595572
2024-01-27,7,0.780783682666667
2024-01-27,8,0.779979871333333
2024-01-27,9,0.779184058333333
2024-01-27,10,0.778396164
2024-01-27,11,0.777616109333333
2024-01-27,12,0.776843816
2024-01-27,13,0.776079207
2024-01-27,14,0.775322206
2024-01-27,15,0.774572738
2024-01-27,16,0.773830726333333
2024-01-27,17,0.778932728333333
2024-01-27,18,0.798851671666667
2024-01-27,19,0.84
2024-01-27,20,0.828883924
2024-01-27,21,0.812844066
2024-01-27,22,0.797586480666667
2024-01-27,23,0.787511918333333
2024-01-28,0,0.698634936666667
2024-01-28,1,0.695364691333333
2024-01-28,2,0.695410813333333
2024-01-28,3,0.695456476333333
2024-01-28,4,0.695501685333333
2024-01-28,5,0.695546444333333
2024-01-28,6,0.695590757666667
2024-01-28,7,0.695634630666667
2024-01-28,8,0.695678066666667
2024-01-28,9,0.695721071
2024-01-28,10,0.695763646666667
2024-01-28,11,0.695805799333333
2024-01-28,12,0.695847532333333
2024-01-28,13,0.695888849666667
2024-01-28,14,0.695929756666667
2024-01-28,15,0.695970256
2024-01-28,16,0.692775348666667
2024-01-28,17,0.773096098666667
2024-01-28,18,0.768129119
2024-01-28,19,0.755052307666667
2024-01-28,20,0.742613259666667
2024-01-28,21,0.730780871333333
2024-01-28,22,0.719525555333333
2024-01-28,23,0.708819167666667
2024-01-29,0,0.629221180333333
2024-01-29,1,0.622918989666667
2024-01-29,2,0.616924159333333
2024-01-29,3,0.611221700666667
2024-01-29,4,0.605797354666667
2024-01-29,5,0.600637556333333
2024-01-29,6,0.595729405
2024-01-29,7,0.592939515
2024-01-29,8,0.592113953333333
2024-01-29,9,0.593187437666667
2024-01-29,10,0.594250240333333
2024-01-29,11,0.595302468
2024-01-29,12,0.596344226
2024-01-29,13,0.594161714
2024-01-29,14,0.594578798333333
2024-01-29,15,0.594985116333333
2024-01-29,16,0.590972726666667
2024-01-29,17,0.683373584
2024-01-29,18,0.674430349
2024-01-29,19,0.66592328
2024-01-29,20,0.657831106333333
2024-01-29,21,0.650133592333333
2024-01-29,22,0.642811490666667
2024-01-29,23,0.635846492333333
2024-01-30,0,0.560980842333333
2024-01-30,1,0.558006771666667
2024-01-30,2,0.555177748
2024-01-30,3,0.552486697333333
2024-01-30,4,0.549926890666667
2024-01-30,5,0.549656939666667
2024-01-30,6,0.548961074333333
2024-01-30,7,0.550463936333333
2024-01-30,8,0.551501389333333
2024-01-30,9,0.552082555
2024-01-30,10,0.551747741666667
2024-01-30,11,0.549658615666667
2024-01-30,12,0.547236736666667
2024-01-30,13,0.544932973333333
2024-01-30,14,0.543560877666667
2024-01-30,15,0.541835915333333
2024-01-30,16,0.539795554
2024-01-30,17,0.586535934333333
2024-01-30,18,0.582315527333333
2024-01-30,19,0.578300951666667
2024-01-30,20,0.574482169
2024-01-30,21,0.570849630666667
2024-01-30,22,0.567394253666667
2024-01-30,23,0.564107396666667
2024-01-31,0,0.526675757666667
2024-01-31,1,0.525374765333333
2024-01-31,2,0.524137223333333
2024-01-31,3,0.522960037333333
2024-01-31,4,0.521840263
2024-01-31,5,0.520775100666667
2024-01-31,6,0.520681760333333
2024-01-31,7,0.519673098666667
2024-01-31,8,0.519619433333333
2024-01-31,9,0.520493405333333
2024-01-31,10,0.521338684
2024-01-31,11,0.521531978333333
2024-01-31,12,0.522993098
2024-01-31,13,0.524754346
2024-01-31,14,0.525827378666667
2024-01-31,15,0.526885093333333
2024-01-31,16,0.525901895333333
2024-01-31,17,0.537854702
2024-01-31,18,0.536008506
2024-01-31,19,0.534252350333333
2024-01-31,20,0.532581843666667
2024-01-31,21,0.530992808333333
2024-01-31,22,0.529481271333333
2024-01-31,23,0.528043452666667
2024-02-01,0,0.517362559666667
2024-02-01,1,0.516515777666667
2024-02-01,2,0.515710293666667
2024-02-01,3,0.514944093666667
2024-02-01,4,0.514215261666667
2024-02-01,5,0.513521975
2024-02-01,6,0.512862500666667
2024-02-01,7,0.512235189
2024-02-01,8,0.511638471666667
2024-02-01,9,0.511609133333333
2024-02-01,10,0.511845791333333
2024-02-01,11,0.513170319666667
2024-02-01,12,0.514175492333333
2024-02-01,13,0.514328741666667
2024-02-01,14,0.515883166666667
2024-02-01,15,0.515389351333333
2024-02-01,16,0.514638804
2024-02-01,17,0.524638645333333
2024-02-01,18,0.523437004
2024-02-01,19,0.522293968
2024-02-01,20,0.521206678333333
2024-02-01,21,0.520172416666667
2024-02-01,22,0.519188595666667
2024-02-01,23,0.518252757333333
2024-02-02,0,0.509812683666667
2024-02-02,1,0.509334113333333
2024-02-02,2,0.508878883333333
2024-02-02,3,0.508445855
2024-02-02,4,0.508033946
2024-02-02,5,0.507642125666667
2024-02-02,6,0.507269415
2024-02-02,7,0.506914881333333
2024-02-02,8,0.506577638666667
2024-02-02,9,0.506256843333333
2024-02-02,10,0.505951693333333
2024-02-02,11,0.505661426
2024-02-02,12,0.505385314666667
2024-02-02,13,0.50512267
2024-02-02,14,0.504872834333333
2024-02-02,15,0.504635183666667
2024-02-02,16,0.504409123
2024-02-02,17,0.513924861
2024-02-02,18,0.513245737666667
2024-02-02,19,0.512599735333333
2024-02-02,20,0.511985238666667
2024-02-02,21,0.511400712
2024-02-02,22,0.510844692666667
2024-02-02,23,0.510315790666667
2024-02-03,0,0.785779066666667
2024-02-03,1,0.784925550333333
2024-02-03,2,0.784080527333333
2024-02-03,3,0.783243912
2024-02-03,4,0.782415621333333
2024-02-03,5,0.781595572
2024-02-03,6,0.780783682666667
2024-02-03,7,0.779979871333333
2024-02-03,8,0.779184058333333
2024-02-03,9,0.778396164
2024-02-03,10,0.777616109333333
2024-02-03,11,0.776843816
2024-02-03,12,0.776079207
2024-02-03,13,0.775322206
2024-02-03,14,0.774572738
2024-02-03,15,0.773830726333333
2024-02-03,16,0.773096098666667
2024-02-03,17,0.616152626333333
2024-02-03,18,0.84
2024-02-03,19,0.828883924
2024-02-03,20,0.812844066
2024-02-03,21,0.797586480666667
2024-02-03,22,0.787511918333333
2024-02-03,23,0.786641160666667
2024-02-04,0,0.767476203666667
2024-02-04,1,0.766804804333333
2024-02-04,2,0.766140085
2024-02-04,3,0.765481980666667
2024-02-04,4,0.764830424
2024-02-04,5,0.764185350333333
2024-02-04,6,0.763546695333333
2024-02-04,7,0.762914395
2024-02-04,8,0.762288386333333
2024-02-04,9,0.761668606666667
2024-02-04,10,0.761054994
2024-02-04,11,0.760447486666667
2024-02-04,12,0.759846023666667
2024-02-04,13,0.759250546
2024-02-04,14,0.758660993333333
2024-02-04,15,0.758077307
2024-02-04,16,0.757499428
2024-02-04,17,0.772368780333333
2024-02-04,18,0.771648699
2024-02-04,19,0.770935782666667
2024-02-04,20,0.770229959666667
2024-02-04,21,0.76953116
2024-02-04,22,0.768839313333333
2024-02-04,23,0.768154350666667
2024-02-05,0,0.804686051666667
2024-02-05,1,0.803644408
2024-02-05,2,0.802613129
2024-02-05,3,0.801592111333333
2024-02-05,4,0.800581252666667
2024-02-05,5,0.799580452666667
2024-02-05,6,0.798589610666667
2024-02-05,7,0.797608627666667
2024-02-05,8,0.796637405666667
2024-02-05,9,0.795675847333333
2024-02-05,10,0.794723857
2024-02-05,11,0.793781338333333
2024-02-05,12,0.792848198666667
2024-02-05,13,0.791924343666667
2024-02-05,14,0.791009681333333
2024-02-05,15,0.790104119666667
2024-02-05,16,0.780328991333333
2024-02-05,17,0.756927299
2024-02-05,18,0.756360862666667
2024-02-05,19,0.811995388666667
2024-02-05,20,0.833953024333333
2024-02-05,21,0.819285477
2024-02-05,22,0.813239649666667
2024-02-05,23,0.807333258
2024-02-06,0,0.687910142666667
2024-02-06,1,0.678745656666667
2024-02-06,2,0.670028128
2024-02-06,3,0.661735758333333
2024-02-06,4,0.653847812333333
2024-02-06,5,0.646344566333333
2024-02-06,6,0.639207257333333
2024-02-06,7,0.632418039
2024-02-06,8,0.625959935
2024-02-06,9,0.619816796666667
2024-02-06,10,0.613973262333333
2024-02-06,11,0.608414721
2024-02-06,12,0.603127272666667
2024-02-06,13,0.598097696333333
2024-02-06,14,0.593313415333333
2024-02-06,15,0.588762466
2024-02-06,16,0.584433469666667
2024-02-06,17,0.766657185
2024-02-06,18,0.753652160666667
2024-02-06,19,0.741281399
2024-02-06,20,0.729513966
2024-02-06,21,0.718320438
2024-02-06,22,0.707672824666667
2024-02-06,23,0.697544501333333
2024-02-07,0,0.797586480666667
2024-02-07,1,0.783073016666667
2024-02-07,2,0.769267383
2024-02-07,3,0.756135057666667
2024-02-07,4,0.743643204
2024-02-07,5,0.731760584666667
2024-02-07,6,0.720457487333333
2024-02-07,7,0.709705648666667
2024-02-07,8,0.699478183666667
2024-02-07,9,0.6913262985
2024-02-07,10,0.681826516
2024-02-07,11,0.671692463333333
2024-02-07,12,0.666161198666667
2024-02-07,13,0.666497900333333
2024-02-07,14,0.666831251666667
2024-02-07,15,0.667161286333333
2024-02-07,16,0.664623931666667
2024-02-07,17,0.580315600666667
2024-02-07,18,0.838126764666667
2024-02-07,19,0.823447951
2024-02-07,20,0.807673208333333
2024-02-07,21,0.810066546666667
2024-02-07,22,0.828883924
2024-02-07,23,0.812844066
2024-02-08,0,0.832287748
2024-02-08,1,0.830971463
2024-02-08,2,0.829668275
2024-02-08,3,0.828378054333333
2024-02-08,4,0.827100671666667
2024-02-08,5,0.825835998333333
2024-02-08,6,0.824583909333333
2024-02-08,7,0.823344278666667
2024-02-08,8,0.822116982666667
2024-02-08,9,0.820901898666667
2024-02-08,10,0.819698904333333
2024-02-08,11,0.81850788
2024-02-08,12,0.817328707666667
2024-02-08,13,0.816161267333333
2024-02-08,14,0.815005443
2024-02-08,15,0.813861119666667
2024-02-08,16,0.812728183
2024-02-08,17,0.723278392333333
2024-02-08,18,0.84
2024-02-08,19,0.839070286
2024-02-08,20,0.837686513666667
2024-02-08,21,0.83631651
2024-02-08,22,0.834960137666667
2024-02-08,23,0.833617262
2024-02-09,0,0.833617262
2024-02-09,1,0.832287748
2024-02-09,2,0.830971463
2024-02-09,3,0.829668275
2024-02-09,4,0.828378054333333
2024-02-09,13,0.817328707666667
2024-02-09,14,0.816161267333333
2024-02-09,15,0.815005443
2024-02-09,16,0.813861119666667
2024-02-09,17,0.811606518333333
2024-02-09,18,0.830288179666667
2024-02-09,19,0.84
2024-02-09,20,0.839070286
2024-02-09,21,0.837686513666667
2024-02-09,22,0.83631651
2024-02-09,23,0.834960137666667
2024-02-10,0,0.832287748
2024-02-10,1,0.830971463
2024-02-10,2,0.829668275
2024-02-10,3,0.828378054333333
2024-02-10,4,0.827100907
2024-02-10,5,0.825835998333333
2024-02-10,6,0.824583909333333
2024-02-10,7,0.823344278666667
2024-02-10,8,0.822116982666667
2024-02-10,9,0.820901898666667
2024-02-10,10,0.819698904333333
2024-02-10,11,0.81850788
2024-02-10,12,0.817328707666667
2024-02-10,13,0.816161267333333
2024-02-10,14,0.815005443
2024-02-10,15,0.813861119666667
2024-02-10,16,0.812728183
2024-02-10,17,0.831034717333333
2024-02-10,18,0.84
2024-02-10,19,0.839070286
2024-02-10,20,0.837686513666667
2024-02-10,21,0.83631651
2024-02-10,22,0.834960137666667
2024-02-10,23,0.833617262
2024-02-11,0,0.804061228333333
2024-02-11,1,0.803025801666667
2024-02-11,2,0.802000677666667
2024-02-11,3,0.800985754333333
2024-02-11,4,0.799980929
2024-02-11,5,0.798986102666667
2024-02-11,6,0.798001174333333
2024-02-11,7,0.797026046
2024-02-11,8,0.796060620666667
2024-02-11,9,0.795104801333333
2024-02-11,10,0.794158493
2024-02-11,11,0.7917095
2024-02-11,12,0.781861820666667
2024-02-11,13,0.769536872333333
2024-02-11,14,0.756391404333333
2024-02-11,15,0.747803501
2024-02-11,16,0.747327848
2024-02-11,17,0.811606518333333
2024-02-11,18,0.810496015333333
2024-02-11,19,0.809396561666667
2024-02-11,20,0.808308047333333
2024-02-11,21,0.807230364333333
2024-02-11,22,0.806163404666667
2024-02-11,23,0.805107061
2024-02-12,0,0.832287748
2024-02-12,1,0.830971463
2024-02-12,2,0.829668275
2024-02-12,3,0.828378054333333
2024-02-12,4,0.827100671666667
2024-02-12,5,0.825835998333333
2024-02-12,6,0.824583909333333
2024-02-12,7,0.823344278666667
2024-02-12,8,0.822116982666667
2024-02-12,9,0.820901898666667
2024-02-12,10,0.819698904333333
2024-02-12,11,0.81850788
2024-02-12,12,0.817328707666667
2024-02-12,13,0.816161267333333
2024-02-12,14,0.815005443
2024-02-12,15,0.813861119666667
2024-02-12,16,0.812728183
2024-02-12,17,0.746856928
2024-02-12,18,0.808848471666667
2024-02-12,19,0.839070286
2024-02-12,20,0.837686513666667
2024-02-12,21,0.83631651
2024-02-12,22,0.834960137666667
2024-02-12,23,0.833617262
2024-02-13,0,0.72303006
2024-02-13,1,0.719195066
2024-02-13,2,0.719004072333333
2024-02-13,3,0.718814978666667
2024-02-13,4,0.718627766
2024-02-13,5,0.718442417
2024-02-13,6,0.718258912
2024-02-13,7,0.718077232666667
2024-02-13,8,0.717897361
2024-02-13,9,0.717719279333333
2024-02-13,10,0.71754297
2024-02-13,11,0.717368414333333
2024-02-13,12,0.717195595666667
2024-02-13,13,0.717024496333333
2024-02-13,14,0.716855100333333
2024-02-13,15,0.716687388666667
2024-02-13,16,0.716521346333333
2024-02-13,17,0.811606518333333
2024-02-13,18,0.801059091
2024-02-13,19,0.786376265666667
2024-02-13,20,0.772409530666667
2024-02-13,21,0.759123961
2024-02-13,22,0.746486336
2024-02-13,23,0.734465056
2024-02-14,0,0.652478245
2024-02-14,1,0.645041793
2024-02-14,2,0.643012231666667
2024-02-14,3,0.643579269333333
2024-02-14,4,0.644140665
2024-02-14,5,0.644696474666667
2024-02-14,6,0.645246754
2024-02-14,8,0.646420439
2024-02-14,9,0.646864957
2024-02-14,10,0.647393659333333
2024-02-14,11,0.647917101
2024-02-14,12,0.648435334666667
2024-02-14,13,0.648948412
2024-02-14,14,0.649456383666667
2024-02-14,15,0.649959300666667
2024-02-14,16,0.647821558333333
2024-02-14,17,0.715183079
2024-02-14,18,0.705824102
2024-02-14,19,0.695785942333333
2024-02-14,20,0.686237349
2024-02-14,21,0.677154446333333
2024-02-14,22,0.668514522
2024-02-14,23,0.660295972
2024-02-15,0,0.599087754
2024-02-15,1,0.594891747666667
2024-02-15,2,0.593390374
2024-02-15,3,0.594451157333333
2024-02-15,4,0.595501385666667
2024-02-15,5,0.596541164333333
2024-02-15,6,0.597570597
2024-02-15,7,0.598589786333333
2024-02-15,8,0.599598835
2024-02-15,9,0.600597843
2024-02-15,10,0.601586911333333
2024-02-15,11,0.602566137666667
2024-02-15,12,0.601517318333333
2024-02-15,13,0.596566260666667
2024-02-15,14,0.591856668333333
2024-02-15,15,0.587376766
2024-02-15,16,0.583115350666667
2024-02-15,17,0.640612216
2024-02-15,18,0.633754477
2024-02-15,19,0.627231194666667
2024-02-15,20,0.621026056
2024-02-15,21,0.615123545666667
2024-02-15,22,0.609508904
2024-02-15,23,0.604168091333333
2024-02-16,0,0.561203351666667
2024-02-16,1,0.558696433333333
2024-02-16,2,0.559623322666667
2024-02-16,3,0.561020094
2024-02-16,4,0.562402967
2024-02-16,5,0.563772080333333
2024-02-16,6,0.565127570666667
2024-02-16,7,0.566469574
2024-02-16,8,0.567798224
2024-02-16,9,0.569113653333333
2024-02-16,10,0.570415994333333
2024-02-16,11,0.571705376666667
2024-02-16,12,0.572981929666667
2024-02-16,13,0.574245780666667
2024-02-16,14,0.575497055666667
2024-02-16,15,0.576735881
2024-02-16,16,0.577962379333333
2024-02-16,17,0.579061767
2024-02-16,18,0.575205879
2024-02-16,19,0.571538045333333
2024-02-16,20,0.568049093666667
2024-02-16,21,0.565236955666667
2024-02-16,22,0.566069827
2024-02-16,23,0.564341314666667
2024-02-17,0,0.756135057666667
2024-02-17,1,0.743643204
2024-02-17,2,0.731760584666667
2024-02-17,3,0.727723478333333
2024-02-17,4,0.727447625333333
2024-02-17,5,0.727174516666667
2024-02-17,6,0.726904125666667
2024-02-17,7,0.726636425333333
2024-02-17,8,0.726371388666667
2024-02-17,9,0.726108988666667
2024-02-17,10,0.7258492
2024-02-17,11,0.725591996
2024-02-17,12,0.725337351666667
2024-02-17,13,0.725085240666667
2024-02-17,14,0.724835638333333
2024-02-17,15,0.724588519666667
2024-02-17,16,0.72434386
2024-02-17,17,0.579176674333333
2024-02-17,18,0.752754622
2024-02-17,19,0.828883924
2024-02-17,20,0.812844066
2024-02-17,21,0.797586480666667
2024-02-17,22,0.783073016666667
2024-02-17,23,0.769267383
2024-02-18,0,0.767359015
2024-02-18,1,0.766688782
2024-02-18,2,0.766025217333333
2024-02-18,3,0.765368255333333
2024-02-18,4,0.764717830333333
2024-02-18,5,0.764073877333333
2024-02-18,6,0.763436331333333
2024-02-18,7,0.762805129666667
2024-02-18,8,0.762180208
2024-02-18,9,0.761561504333333
2024-02-18,10,0.760948957
2024-02-18,11,0.760342504666667
2024-02-18,12,0.759742087333333
2024-02-18,13,0.759147643
2024-02-18,14,0.758559114666667
2024-02-18,15,0.757976441333333
2024-02-18,16,0.756045091666667
2024-02-18,17,0.84
2024-02-18,18,0.833933601666667
2024-02-18,19,0.830915561333333
2024-02-18,20,0.816408628666667
2024-02-18,21,0.800977198
2024-02-18,22,0.786298366666667
2024-02-18,23,0.772335430666667
2024-02-19,0,0.769267383
2024-02-19,1,0.756135057666667
2024-02-19,2,0.751533681666667
2024-02-19,3,0.751020913
2024-02-19,4,0.750513246333333
2024-02-19,5,0.750010631
2024-02-19,6,0.749513017333333
2024-02-19,7,0.749020354333333
2024-02-19,8,0.748532593333333
2024-02-19,9,0.748049686333333
2024-02-19,10,0.747571584
2024-02-19,11,0.747098238666667
2024-02-19,12,0.746629603333333
2024-02-19,13,0.746165631
2024-02-19,14,0.745706275333333
2024-02-19,15,0.745251490333333
2024-02-19,16,0.740924278666667
2024-02-19,17,0.752791991
2024-02-19,18,0.750934813
2024-02-19,19,0.807998742666667
2024-02-19,20,0.828883924
2024-02-19,21,0.812844066
2024-02-19,22,0.797586480666667
2024-02-19,23,0.783073016666667
2024-02-20,0,0.661496373333333
2024-02-20,1,0.653620102666667
2024-02-20,2,0.646127961666667
2024-02-20,3,0.639001216666667
2024-02-20,4,0.632222047666667
2024-02-20,5,0.625773502333333
2024-02-20,6,0.619639456
2024-02-20,7,0.613804570666667
2024-02-20,8,0.608254256666667
2024-02-20,9,0.602974634333333
2024-02-20,10,0.597952502
2024-02-20,11,0.593175302
2024-02-20,12,0.588631089
2024-02-20,13,0.584308499666667
2024-02-20,14,0.580196726
2024-02-20,15,0.576285485333333
2024-02-20,16,0.572564998333333
2024-02-20,17,0.729174263
2024-02-20,18,0.717997302333333
2024-02-20,19,0.707365448333333
2024-02-20,20,0.697252116
2024-02-20,21,0.687632016666667
2024-02-20,22,0.678481095666667
2024-02-20,23,0.669776469666667
2024-02-21,0,0.548641772666667
2024-02-21,1,0.546269485666667
2024-02-21,2,0.544012896
2024-02-21,3,0.541866362333333
2024-02-21,4,0.539824515333333
2024-02-21,5,0.537882251
2024-02-21,6,0.536034711666667
2024-02-21,7,0.534277277666667
2024-02-21,8,0.532605555666667
2024-02-21,9,0.531015363666667
2024-02-21,10,0.529502726666667
2024-02-21,11,0.528063861333333
2024-02-21,12,0.526695171
2024-02-21,13,0.525393232333333
2024-02-21,14,0.524154789666667
2024-02-21,15,0.522976746333333
2024-02-21,16,0.521856157666667
2024-02-21,17,0.569025961666667
2024-02-21,18,0.565659525333333
2024-02-21,19,0.562457273
2024-02-21,20,0.559411195666667
2024-02-21,21,0.556513677666667
2024-02-21,22,0.553757473
2024-02-21,23,0.55113569
2024-02-22,0,0.514650620333333
2024-02-22,1,0.513936101333333
2024-02-22,2,0.513256429666667
2024-02-22,3,0.512609905666667
2024-02-22,4,0.511994913666667
2024-02-22,5,0.511951199666667
2024-02-22,6,0.513273752333333
2024-02-22,7,0.515747594
2024-02-22,8,0.51697118
2024-02-22,9,0.518792347
2024-02-22,10,0.520595393333333
2024-02-22,11,0.522380499
2024-02-22,12,0.524147842666667
2024-02-22,13,0.525897600666667
2024-02-22,14,0.527629948666667
2024-02-22,15,0.529345059
2024-02-22,16,0.531043104333333
2024-02-22,17,0.52079022
2024-02-22,18,0.519776269
2024-02-22,19,0.518811769
2024-02-22,20,0.517894308
2024-02-22,21,0.517021592666667
2024-02-22,22,0.516191439666667
2024-02-22,23,0.515401773666667
2024-02-23,0,0.522294657333333
2024-02-23,1,0.521522495666667
2024-02-23,2,0.522983751333333
2024-02-23,3,0.524745092666667
2024-02-23,4,0.526488908
2024-02-23,5,0.528215372
2024-02-23,6,0.529924658
2024-02-23,7,0.531616935666667
2024-02-23,8,0.533292375
2024-02-23,9,0.534951143666667
2024-02-23,10,0.536593407
2024-02-23,11,0.53821933
2024-02-23,12,0.539829074666667
2024-02-23,13,0.541422802
2024-02-23,14,0.543000671666667
2024-02-23,15,0.544562841
2024-02-23,16,0.546109466333333
2024-02-23,17,0.531637625
2024-02-23,18,0.530094639666667
2024-02-23,19,0.528626906666667
2024-02-23,20,0.527230756333333
2024-02-23,21,0.525902696333333
2024-02-23,22,0.524639407
2024-02-23,23,0.523437729
2024-02-24,0,0.533575342333333
2024-02-24,1,0.531937853333333
2024-02-24,2,0.53145009
2024-02-24,3,0.533127189666667
2024-02-24,4,0.534787602
2024-02-24,5,0.536431492666667
2024-02-24,6,0.538059026333333
2024-02-24,7,0.539670366
2024-02-24,8,0.541265672666667
2024-02-24,9,0.542845105666667
2024-02-24,10,0.544408823
2024-02-24,11,0.545956981333333
2024-02-24,12,0.547489735
2024-02-24,13,0.549007237
2024-02-24,14,0.550509640333333
2024-02-24,15,0.551997094
2024-02-24,16,0.552110168
2024-02-24,17,0.547209216666667
2024-02-24,18,0.545321971333333
2024-02-24,19,0.543111592666667
2024-02-24,20,0.541009015666667
2024-02-24,21,0.539008982333333
2024-02-24,22,0.537106491666667
2024-02-24,23,0.535296786666667
2024-02-25,0,0.53493049
2024-02-25,1,0.533226910333333
2024-02-25,2,0.531606414666667
2024-02-25,3,0.530064951666667
2024-02-25,4,0.528598666666667
2024-02-25,5,0.527203893333333
2024-02-25,6,0.525877143666667
2024-02-25,7,0.524615100333333
2024-02-25,8,0.523414607666667
2024-02-25,9,0.522272664
2024-02-25,10,0.521186413666667
2024-02-25,11,0.52015314
2024-02-25,12,0.519170259666667
2024-02-25,13,0.5185374
2024-02-25,14,0.518824331666667
2024-02-25,15,0.518199688666667
2024-02-25,16,0.517312079333333
2024-02-25,17,0.549568725333333
2024-02-25,18,0.547151229666667
2024-02-25,19,0.544851637333333
2024-02-25,20,0.542664197
2024-02-25,21,0.540583439666667
2024-02-25,22,0.538604162
2024-02-25,23,0.536721415
2024-02-26,0,0.511604633666667
2024-02-26,1,0.511038669
2024-02-26,2,0.510500307
2024-02-26,3,0.509988201
2024-02-26,4,0.509501070666667
2024-02-26,5,0.509037698
2024-02-26,6,0.508596924333333
2024-02-26,7,0.508177647333333
2024-02-26,8,0.507778818666667
2024-02-26,9,0.507399441
2024-02-26,10,0.507038566333333
2024-02-26,11,0.506695291
2024-02-26,12,0.506368758
2024-02-26,13,0.50605815
2024-02-26,14,0.505762690666667
2024-02-26,15,0.505481640666667
2024-02-26,16,0.505214298
2024-02-26,17,0.516467759666667
2024-02-26,18,0.515664617
2024-02-26,19,0.514900644666667
2024-02-26,20,0.514173931666667
2024-02-26,21,0.513482661333333
2024-02-26,22,0.512825103666667
2024-02-26,23,0.512199616
2024-02-27,0,0.503495248666667
2024-02-27,1,0.503324783333333
2024-02-27,2,0.503162631666667
2024-02-27,3,0.503008388333333
2024-02-27,4,0.502861667666667
2024-02-27,5,0.502722102333333
2024-02-27,6,0.502589343666667
2024-02-27,7,0.50246306
2024-02-27,8,0.502342935333333
2024-02-27,9,0.502228669
2024-02-27,10,0.502119975333333
2024-02-27,11,0.502016582666667
2024-02-27,12,0.501918233
2024-02-27,13,0.501824679666667
2024-02-27,14,0.501735689
2024-02-27,15,0.501651038666667
2024-02-27,16,0.50202449
2024-02-27,17,0.504959994
2024-02-27,18,0.504718092
2024-02-27,19,0.504487987666667
2024-02-27,20,0.504269106
2024-02-27,21,0.504060899333333
2024-02-27,22,0.503862847
2024-02-27,23,0.503674454
2024-02-28,0,0.837686513666667
2024-02-28,1,0.83631651
2024-02-28,2,0.834960137666667
2024-02-28,3,0.833617262
2024-02-28,4,0.832287748
2024-02-28,5,0.830971463
2024-02-28,6,0.829668275
2024-02-28,7,0.826711257333333
2024-02-28,8,0.812391338333333
2024-02-28,9,0.797155833
2024-02-28,10,0.782663372
2024-02-28,11,0.768877716666667
2024-02-28,12,0.758473994
2024-02-28,13,0.751149853333333
2024-02-28,14,0.750640903666667
2024-02-28,15,0.750137018333333
2024-02-28,16,0.749638146666667
2024-02-28,17,0.503533123333333
2024-02-28,18,0.505488001666667
2024-02-28,19,0.507423428333333
2024-02-28,20,0.509339597333333
2024-02-28,21,0.5112367
2024-02-28,22,0.730830543666667
2024-02-28,23,0.839070286
2024-02-29,0,0.743643204
2024-02-29,1,0.731760584666667
2024-02-29,2,0.721649318666667
2024-02-29,3,0.716680083666667
2024-02-29,4,0.707241187
2024-02-29,5,0.702658156333333
2024-02-29,6,0.702631707
2024-02-29,7,0.702605521333333
2024-02-29,8,0.702579595666667
2024-02-29,9,0.702553928333333
2024-02-29,10,0.702528516333333
2024-02-29,11,0.702503357
2024-02-29,12,0.702478448333333
2024-02-29,13,0.702453787333333
2024-02-29,14,0.702429371666667
2024-02-29,15,0.702405199
2024-02-29,16,0.699062440333333
2024-02-29,17,0.809769381333333
2024-02-29,18,0.828883924
2024-02-29,19,0.812844066
2024-02-29,20,0.797586480666667
2024-02-29,21,0.783073016666667
2024-02-29,22,0.769267383
2024-02-29,23,0.756135057666667
2024-03-01,0,0.633435544
2024-03-01,1,0.626927815666667
2024-03-01,2,0.620737472666667
2024-03-01,3,0.614849037333333
2024-03-01,4,0.609247783666667
2024-03-01,5,0.603919706333333
2024-03-01,6,0.598851482333333
2024-03-01,7,0.594030438666667
2024-03-01,8,0.589444520333333
2024-03-01,9,0.585082259333333
2024-03-01,10,0.580932748333333
2024-03-01,11,0.576985612
2024-03-01,12,0.574872152666667
2024-03-01,13,0.576117195666667
2024-03-01,14,0.575676077333333
2024-03-01,15,0.571985311333333
2024-03-01,16,0.568474546666667
2024-03-01,17,0.689354050333333
2024-03-01,18,0.680119144333333
2024-03-01,19,0.671334630333333
2024-03-01,20,0.662978541666667
2024-03-01,21,0.655029984333333
2024-03-01,22,0.647469082666667
2024-03-01,23,0.640276930666667
2024-03-02,0,0.545899861
2024-03-02,1,0.543661298333333
2024-03-02,2,0.541531911666667
2024-03-02,3,0.539506376666667
2024-03-02,4,0.537579627666667
2024-03-02,5,0.535746847666667
2024-03-02,6,0.534003453333333
2024-03-02,7,0.532345085666667
2024-03-02,8,0.530767597
2024-03-02,9,0.529267043666667
2024-03-02,10,0.527839673
2024-03-02,11,0.526481916
2024-03-02,12,0.525190378
2024-03-02,13,0.523961828666667
2024-03-02,14,0.522793196666667
2024-03-02,15,0.521681559
2024-03-02,16,0.520624137
2024-03-02,17,0.565135003333333
2024-03-02,18,0.561958331666667
2024-03-02,19,0.558936588333333
2024-03-02,20,0.556062216666667
2024-03-02,21,0.553328030333333
2024-03-02,22,0.550727191666667
2024-03-02,23,0.548253197333333
2024-03-03,0,0.513824772333333
2024-03-03,1,0.513150530666667
2024-03-03,2,0.512509171333333
2024-03-03,3,0.511899092
2024-03-03,4,0.511318766333333
2024-03-03,5,0.510766743666667
2024-03-03,6,0.510241643333333
2024-03-03,7,0.509742152666667
2024-03-03,8,0.509267022
2024-03-03,9,0.508815064
2024-03-03,10,0.509673567666667
2024-03-03,11,0.510768386333333
2024-03-03,12,0.512113111333333
2024-03-03,13,0.513982617333333
2024-03-03,14,0.515833521
2024-03-03,15,0.517666008333333
2024-03-03,16,0.519480261666667
2024-03-03,17,0.519618286
2024-03-03,18,0.518661490666667
2024-03-03,19,0.517751359333333
2024-03-03,20,0.516885615333333
2024-03-03,21,0.516062094
2024-03-03,22,0.515278736666667
2024-03-03,23,0.514533583666667
2024-03-04,0,0.514995125
2024-03-04,1,0.514263804333333
2024-03-04,2,0.513568150333333
2024-03-04,3,0.512906423666667
2024-03-04,4,0.51227697
2024-03-04,5,0.511678215333333
2024-03-04,6,0.511108661666667
2024-03-04,7,0.510566886333333
2024-03-04,8,0.510051532666667
2024-03-04,9,0.510353608666667
2024-03-04,10,0.512240622333333
2024-03-04,11,0.514108859333333
2024-03-04,12,0.515958507333333
2024-03-04,13,0.517789750333333
2024-03-04,14,0.519602773
2024-03-04,15,0.520460150666667
2024-03-04,16,0.519462297333333
2024-03-04,17,0.520960986
2024-03-04,18,0.520241301666667
2024-03-04,19,0.519254121666667
2024-03-04,20,0.518315087
2024-03-04,21,0.51742185
2024-03-04,22,0.516572176
2024-03-04,23,0.515763941333333
2024-03-05,0,0.513045968
2024-03-05,1,0.512409708666667
2024-03-05,2,0.51180448
2024-03-05,3,0.511500025666667
2024-03-05,4,0.511468300666667
2024-03-05,5,0.510908985
2024-03-05,6,0.510376947666667
2024-03-05,7,0.510398486
2024-03-05,8,0.510148637333333
2024-03-05,9,0.510179383333333
2024-03-05,10,0.51153515
2024-03-05,11,0.513410406
2024-03-05,12,0.515267003666667
2024-03-05,13,0.517105127666667
2024-03-05,14,0.518924962
2024-03-05,15,0.520413631
2024-03-05,16,0.519718293333333
2024-03-05,17,0.518513109666667
2024-03-05,18,0.517610214666667
2024-03-05,19,0.516751354666667
2024-03-05,20,0.515934381333333
2024-03-05,21,0.515157252333333
2024-03-05,22,0.514418024666667
2024-03-05,23,0.513714849
2024-03-06,0,0.513217567666667
2024-03-06,1,0.512572939
2024-03-06,2,0.511959749333333
2024-03-06,3,0.511376465333333
2024-03-06,4,0.510821629
2024-03-06,5,0.510293852
2024-03-06,6,0.5098731825
2024-03-06,13,0.522945309
2024-03-06,14,0.524414227666667
2024-03-06,15,0.525161055666667
2024-03-06,16,0.523933936666667
2024-03-06,17,0.518756620666667
2024-03-06,18,0.517841849666667
2024-03-06,19,0.516971692666667
2024-03-06,20,0.516143973333333
2024-03-06,21,0.515356622333333
2024-03-06,22,0.514607671
2024-03-06,23,0.513895246666667
2024-03-07,0,0.516043397666667
2024-03-07,1,0.515260952
2024-03-07,2,0.514516666333333
2024-03-07,3,0.513808680666667
2024-03-07,4,0.513135223
2024-03-07,5,0.513326014
2024-03-07,6,0.515183451333333
2024-03-07,7,0.517022406666667
2024-03-07,8,0.518843064
2024-03-07,9,0.520645606
2024-03-07,10,0.522430211666667
2024-03-07,11,0.524197060666667
2024-03-07,12,0.525946329333333
2024-03-07,13,0.527678192
2024-03-07,14,0.529392822666667
2024-03-07,15,0.531090392666667
2024-03-07,16,0.530618233
2024-03-07,17,0.522766665
2024-03-07,18,0.521656321666667
2024-03-07,19,0.520600130333333
2024-03-07,20,0.519595450333333
2024-03-07,21,0.518639768666667
2024-03-07,22,0.517730696333333
2024-03-07,23,0.516865960333333
2024-03-08,0,0.531924415333333
2024-03-08,1,0.533596795
2024-03-08,2,0.535252534666667
2024-03-08,3,0.536891799
2024-03-08,4,0.538514753
2024-03-08,5,0.540121558
2024-03-08,6,0.541712375
2024-03-08,7,0.543287363666667
2024-03-08,8,0.544846680333333
2024-03-08,9,0.546390481333333
2024-03-08,10,0.547918921666667
2024-03-08,11,0.549432153666667
2024-03-08,12,0.550930329
2024-03-08,13,0.552413596666667
2024-03-08,14,0.553882106
2024-03-08,15,0.555336003333333
2024-03-08,16,0.556775434333333
2024-03-08,17,0.529124964333333
2024-03-08,18,0.527704523
2024-03-08,19,0.526353357666667
2024-03-08,20,0.525400237
2024-03-08,21,0.526805751666667
2024-03-08,22,0.528529063
2024-03-08,23,0.530235227
2024-03-09,0,0.785779066666667
2024-03-09,1,0.784925550333333
2024-03-09,2,0.784080527333333
2024-03-09,3,0.783243912
2024-03-09,4,0.782415621333333
2024-03-09,5,0.781595572
2024-03-09,6,0.780783682666667
2024-03-09,7,0.779979871333333
2024-03-09,8,0.779184058333333
2024-03-09,9,0.778396164
2024-03-09,10,0.777616109333333
2024-03-09,11,0.776843816
2024-03-09,12,0.776079207
2024-03-09,13,0.775322206
2024-03-09,14,0.774572738
2024-03-09,15,0.773830726333333
2024-03-09,16,0.773096098666667
2024-03-09,17,0.84
2024-03-09,18,0.84
2024-03-09,19,0.828883924
2024-03-09,20,0.812844066
2024-03-09,21,0.797586480666667
2024-03-09,22,0.787511918333333
2024-03-09,23,0.786641160666667
2024-03-10,0,0.685989628333333
2024-03-10,1,0.676918807
2024-03-10,2,0.668290375
2024-03-10,3,0.665722607333333
2024-03-10,4,0.666063673
2024-03-10,5,0.666401345333333
2024-03-10,6,0.666735657666667
2024-03-10,7,0.667066643333333
2024-03-10,8,0.667394335666667
2024-03-10,9,0.667718767666667
2024-03-10,10,0.668039971
2024-03-10,11,0.668357978666667
2024-03-10,12,0.668672822
2024-03-10,13,0.668984532333333
2024-03-10,14,0.669293141666667
2024-03-10,15,0.66959868
2024-03-10,16,0.667009695666667
2024-03-10,17,0.763931845333333
2024-03-10,18,0.751059737666667
2024-03-10,19,0.73881541
2024-03-10,20,0.727168244666667
2024-03-10,21,0.716089119
2024-03-10,22,0.705550328
2024-03-10,23,0.695525520333333
2024-03-11,0,0.611949947
2024-03-11,1,0.606490083666667
2024-03-11,2,0.601296500666667
2024-03-11,3,0.596356212
2024-03-11,4,0.591656864333333
2024-03-11,5,0.588400407333333
2024-03-11,6,0.586472172
2024-03-11,7,0.582254874
2024-03-11,8,0.578243256666667
2024-03-11,9,0.574427288
2024-03-11,10,0.570797426
2024-03-11,11,0.567344595333333
2024-03-11,12,0.564060160333333
2024-03-11,13,0.560935909666667
2024-03-11,14,0.55796403
2024-03-11,15,0.555137090666667
2024-03-11,16,0.552448023333333
2024-03-11,17,0.658864536666667
2024-03-11,18,0.651116622
2024-03-11,19,0.643746577
2024-03-11,20,0.636735974
2024-03-11,21,0.630067281666667
2024-03-11,22,0.623723826
2024-03-11,23,0.617689743666667
2024-03-12,0,0.535156961333333
2024-03-12,1,0.533442336333333
2024-03-12,2,0.531811334
2024-03-12,3,0.530259877
2024-03-12,4,0.528784085333333
2024-03-12,5,0.527380269
2024-03-12,6,0.526044917333333
2024-03-12,7,0.524774691666667
2024-03-12,8,0.523566416
2024-03-12,9,0.522417068666667
2024-03-12,10,0.521323775
2024-03-12,11,0.521219055666667
2024-03-12,12,0.522997955333333
2024-03-12,13,0.524759155333333
2024-03-12,14,0.526502830666667
2024-03-12,15,0.526195442666667
2024-03-12,16,0.524917875666667
2024-03-12,17,0.549890103
2024-03-12,18,0.547456934
2024-03-12,19,0.545142432
2024-03-12,20,0.542940809666667
2024-03-12,21,0.540846561666667
2024-03-12,22,0.538854451333333
2024-03-12,23,0.536959497
2024-03-13,0,0.516702951333333
2024-03-13,1,0.515888339
2024-03-13,2,0.515113455333333
2024-03-13,3,0.514661469666667
2024-03-13,4,0.514502574
2024-03-13,5,0.513795275333333
2024-03-13,6,0.513122472
2024-03-13,7,0.512482481333333
2024-03-13,8,0.511873703333333
2024-03-13,9,0.511294616
2024-03-13,10,0.511551831333333
2024-03-13,11,0.513426922333333
2024-03-13,12,0.515283355
2024-03-13,13,0.517121316333333
2024-03-13,14,0.51894099
2024-03-13,15,0.520742557
2024-03-13,16,0.521573747333333
2024-03-13,17,0.523702616333333
2024-03-13,18,0.522546626333333
2024-03-13,19,0.521447014333333
2024-03-13,20,0.520401031
2024-03-13,21,0.519406061
2024-03-13,22,0.518459616333333
2024-03-13,23,0.51755933
2024-03-14,0,0.820170797
2024-03-14,1,0.818975077666667
2024-03-14,2,0.817791256
2024-03-14,3,0.816619213
2024-03-14,4,0.815458833
2024-03-14,5,0.814309998
2024-03-14,6,0.8129838695
2024-03-14,7,0.812046508666667
2024-03-14,8,0.810931627
2024-03-14,9,0.809827839
2024-03-14,10,0.808735034
2024-03-14,11,0.807653101666667
2024-03-14,12,0.806581936
2024-03-14,13,0.805521428
2024-03-14,14,0.804471472
2024-03-14,15,0.803431964
2024-03-14,16,0.802402798333333
2024-03-14,17,0.733621514666667
2024-03-14,18,0.839070286
2024-03-14,19,0.837686513666667
2024-03-14,20,0.84
2024-03-14,21,0.828883924
2024-03-14,22,0.822598408333333
2024-03-14,23,0.821378533666667
2024-03-15,0,0.820866024
2024-03-15,1,0.816397825333333
2024-03-15,2,0.815239647333333
2024-03-15,3,0.814092993666667
2024-03-15,4,0.812957749666667
2024-03-15,5,0.811833801333333
2024-03-15,6,0.810721036333333
2024-03-15,7,0.809619343666667
2024-03-15,8,0.808528612666667
2024-03-15,9,0.807448735
2024-03-15,10,0.806379602
2024-03-15,11,0.805321107333333
2024-03-15,12,0.804273145333333
2024-03-15,13,0.80323561
2024-03-15,14,0.802208398666667
2024-03-15,15,0.791998522
2024-03-15,16,0.777757586
2024-03-15,17,0.801383873666667
2024-03-15,18,0.84
2024-03-15,19,0.839070286
2024-03-15,20,0.829199407666667
2024-03-15,21,0.826237880333333
2024-03-15,22,0.824981792
2024-03-15,23,0.823738202666667
2024-03-16,0,0.686186478
2024-03-16,1,0.677106056333333
2024-03-16,2,0.668468492
2024-03-16,3,0.660252186333333
2024-03-16,4,0.652436595333333
2024-03-16,5,0.645002174666667
2024-03-16,6,0.637930335333333
2024-03-16,7,0.631203393333333
2024-03-16,8,0.624804528333333
2024-03-16,9,0.618717739666667
2024-03-16,10,0.617297581
2024-03-16,11,0.618120484
2024-03-16,12,0.618935198666667
2024-03-16,13,0.619741807
2024-03-16,14,0.620540389333333
2024-03-16,15,0.620575285
2024-03-16,16,0.615424605666667
2024-03-16,17,0.764211188666667
2024-03-16,18,0.751325457
2024-03-16,19,0.739068169666667
2024-03-16,20,0.727408677666667
2024-03-16,21,0.716317825333333
2024-03-16,22,0.705767880333333
2024-03-16,23,0.695732462666667
2024-03-17,0,0.839070286
2024-03-17,1,0.837686513666667
2024-03-17,2,0.83631651
2024-03-17,3,0.834960137666667
2024-03-17,4,0.833617262
2024-03-17,5,0.832287748
2024-03-17,6,0.830971463
2024-03-17,7,0.829668275
2024-03-17,8,0.828378054333333
2024-03-17,9,0.827100671666667
2024-03-17,10,0.825835998333333
2024-03-17,11,0.824583909333333
2024-03-17,12,0.823344278666667
2024-03-17,13,0.822116982666667
2024-03-17,14,0.820901898666667
2024-03-17,15,0.826598861
2024-03-17,16,0.84
2024-03-17,17,0.609795281333333
2024-03-17,18,0.604440502
2024-03-17,19,0.599346879
2024-03-17,20,0.594501674333333
2024-03-17,21,0.673759842666667
2024-03-17,22,0.84
2024-03-17,23,0.838126764666667
2024-03-18,0,0.735515360666667
2024-03-18,1,0.735161977
2024-03-18,2,0.728582402
2024-03-18,3,0.727067220666667
2024-03-18,4,0.726797897333333
2024-03-18,5,0.726531253666667
2024-03-18,6,0.726267263333333
2024-03-18,7,0.726005899666667
2024-03-18,8,0.725747136666667
2024-03-18,9,0.725490948333333
2024-03-18,10,0.725237309333333
2024-03-18,11,0.724986193666667
2024-03-18,12,0.724737576666667
2024-03-18,13,0.724491433666667
2024-03-18,14,0.72424774
2024-03-18,15,0.724006471
2024-03-18,16,0.716605365
2024-03-18,17,0.828883924
2024-03-18,18,0.812844066
2024-03-18,19,0.797586480666667
2024-03-18,20,0.783073016666667
2024-03-18,21,0.769267383
2024-03-18,22,0.756135057666667
2024-03-18,23,0.743643204
2024-03-19,0,0.645194918333333
2024-03-19,1,0.638113678333333
2024-03-19,2,0.631377794666667
2024-03-19,3,0.624970424666667
2024-03-19,4,0.618875545
2024-03-19,5,0.613077916333333
2024-03-19,6,0.607563041
2024-03-19,7,0.602989161666667
2024-03-19,8,0.603279353666667
2024-03-19,9,0.60424174
2024-03-19,10,0.605194550333333
2024-03-19,11,0.606137880333333
2024-03-19,12,0.607071824
2024-03-19,13,0.607996475
2024-03-19,14,0.608911925333333
2024-03-19,15,0.605644658
2024-03-19,16,0.600492307333333
2024-03-19,17,0.706041396666667
2024-03-19,18,0.695992639333333
2024-03-19,19,0.686433965333333
2024-03-19,20,0.677341473666667
2024-03-19,21,0.668692428
2024-03-19,22,0.660465201
2024-03-19,23,0.652639221
2024-03-20,0,0.567362008
2024-03-20,1,0.564076724
2024-03-20,2,0.560951665333333
2024-03-20,3,0.557979017666667
2024-03-20,4,0.555151347333333
2024-03-20,5,0.552461584333333
2024-03-20,6,0.549903003
2024-03-20,7,0.550075908666667
2024-03-20,8,0.551567678333333
2024-03-20,9,0.553044604666667
2024-03-20,10,0.554506835333333
2024-03-20,11,0.555954516666667
2024-03-20,12,0.557387793
2024-03-20,13,0.558806808333333
2024-03-20,14,0.560211704
2024-03-20,15,0.558693597333333
2024-03-20,16,0.555753702333333
2024-03-20,17,0.595591239333333
2024-03-20,18,0.5909292
2024-03-20,19,0.586494530333333
2024-03-20,20,0.582276142666667
2024-03-20,21,0.578263487666667
2024-03-20,22,0.574446532666667
2024-03-20,23,0.570815732
2024-03-21,0,0.537424690333333
2024-03-21,1,0.535599466
2024-03-21,2,0.53386326
2024-03-21,3,0.532211729333333
2024-03-21,4,0.530640745
2024-03-21,5,0.529146378
2024-03-21,6,0.527724892333333
2024-03-21,7,0.526372733333333
2024-03-21,8,0.52508652
2024-03-21,9,0.525498398
2024-03-21,10,0.526567002
2024-03-21,11,0.528292689
2024-03-21,12,0.530001205333333
2024-03-21,13,0.531692721666667
2024-03-21,14,0.532998726666667
2024-03-21,15,0.531743585333333
2024-03-21,16,0.530195432333333
2024-03-21,17,0.553108163333333
2024-03-21,18,0.550518047666667
2024-03-21,19,0.548054253333333
2024-03-21,20,0.545710619666667
2024-03-21,21,0.543481286666667
2024-03-21,22,0.541360679333333
2024-03-21,23,0.539343495
2024-03-22,0,0.520240603666667
2024-03-22,1,0.519253457666667
2024-03-22,2,0.518314455666667
2024-03-22,3,0.517421249
2024-03-22,4,0.516571604333333
2024-03-22,5,0.515763398333333
2024-03-22,6,0.514994608333333
2024-03-22,7,0.514263312666667
2024-03-22,8,0.513567682333333
2024-03-22,9,0.512905978666667
2024-03-22,10,0.512276546666667
2024-03-22,11,0.511951045
2024-03-22,12,0.512175393666667
2024-03-22,13,0.513771012
2024-03-22,14,0.513920911
2024-03-22,15,0.513241979666667
2024-03-22,16,0.512596161
2024-03-22,17,0.528722784
2024-03-22,18,0.527321957333333
2024-03-22,19,0.5262054165
2024-03-22,22,0.521997557
2024-03-22,23,0.521278362
2024-03-23,0,0.508443459
2024-03-23,1,0.508031667
2024-03-23,2,0.507639957666667
2024-03-23,3,0.507267352666667
2024-03-23,4,0.50691292
2024-03-23,5,0.506575772666667
2024-03-23,6,0.506255068333333
2024-03-23,7,0.505950005
2024-03-23,8,0.50565982
2024-03-23,9,0.505383787333333
2024-03-23,10,0.505121217
2024-03-23,11,0.504871452333333
2024-03-23,12,0.504633869
2024-03-23,13,0.504407872
2024-03-23,14,0.504192897666667
2024-03-23,15,0.503988407666667
2024-03-23,16,0.503793891
2024-03-23,17,0.511981839333333
2024-03-23,18,0.511397478
2024-03-23,19,0.510841616
2024-03-23,20,0.510312864666667
2024-03-23,21,0.5098099
2024-03-23,22,0.509331465666667
2024-03-23,23,0.508876364666667
2024-03-24,0,0.502543121
2024-03-24,1,0.502419091666667
2024-03-24,2,0.502301111333333
2024-03-24,3,0.502188884666667
2024-03-24,4,0.502082131333333
2024-03-24,5,0.501980584666667
2024-03-24,6,0.501883990333333
2024-03-24,7,0.501792107
2024-03-24,8,0.501704704666667
2024-03-24,9,0.501621565333333
2024-03-24,10,0.501542480666667
2024-03-24,11,0.501467253
2024-03-24,12,0.502761449333333
2024-03-24,13,0.504015684
2024-03-24,14,0.505717654
2024-03-24,15,0.505676015666667
2024-03-24,16,0.506872778666667
2024-03-24,17,0.503608860333333
2024-03-24,18,0.503432854333333
2024-03-24,19,0.503265432333333
2024-03-24,20,0.503106175
2024-03-24,21,0.502954685
2024-03-24,22,0.502810583333333
2024-03-24,23,0.502673509666667
2024-03-25,0,0.521721105
2024-03-25,1,0.523495009666667
2024-03-25,2,0.525251263666667
2024-03-25,3,0.526990042666667
2024-03-25,4,0.528711520666667
2024-03-25,5,0.530415869333333
2024-03-25,6,0.53210326
2024-03-25,7,0.53377386
2024-03-25,8,0.535427837666667
2024-03-25,9,0.537065358333333
2024-03-25,10,0.538686585
2024-03-25,11,0.540291680333333
2024-03-25,12,0.541880804666667
2024-03-25,13,0.543454117
2024-03-25,14,0.545011774666667
2024-03-25,15,0.546553933
2024-03-25,16,0.548080747
2024-03-25,17,0.508794426666667
2024-03-25,18,0.510696953666667
2024-03-25,19,0.512580550666667
2024-03-25,20,0.514445405666667
2024-03-25,21,0.516291704333333
2024-03-25,22,0.518119632333333
2024-03-25,23,0.519929372333333
2024-03-26,0,0.559760854333333
2024-03-26,1,0.561156257
2024-03-26,2,0.562537775
2024-03-26,3,0.563905547333333
2024-03-26,4,0.56525971
2024-03-26,5,0.566600398333333
2024-03-26,6,0.567927746333333
2024-03-26,7,0.569241887
2024-03-26,8,0.570542952333333
2024-03-26,9,0.571831071333333
2024-03-26,10,0.573106373
2024-03-26,11,0.574368986
2024-03-26,12,0.575619035666667
2024-03-26,13,0.576856647
2024-03-26,14,0.578081943666667
2024-03-26,15,0.579295048666667
2024-03-26,16,0.580496083
2024-03-26,17,0.549592368666667
2024-03-26,18,0.551088949666667
2024-03-26,19,0.552570639333333
2024-03-26,20,0.554037586
2024-03-26,21,0.555489936333333
2024-03-26,22,0.556927835333333
2024-03-26,23,0.558351427333333
2024-03-27,0,0.814201925
2024-03-27,1,0.813065597
2024-03-27,2,0.811940575333333
2024-03-27,3,0.810826748
2024-03-27,4,0.809724003666667
2024-03-27,5,0.808632231333333
2024-03-27,6,0.807551322666667
2024-03-27,7,0.806481169333333
2024-03-27,8,0.805421663666667
2024-03-27,9,0.804372700666667
2024-03-27,10,0.803334175
2024-03-27,11,0.802305983
2024-03-27,12,0.801288021333333
2024-03-27,13,0.800280188666667
2024-03-27,14,0.799282384
2024-03-27,15,0.798294508
2024-03-27,16,0.797316461333333
2024-03-27,17,0.581685167
2024-03-27,18,0.582862419
2024-03-27,19,0.669223185666667
2024-03-27,20,0.828883924
2024-03-27,21,0.817679891666667
2024-03-27,22,0.816508956666667
2024-03-27,23,0.815349673333333
2024-03-28,0,0.760082877
2024-03-28,1,0.751361754666667
2024-03-28,2,0.750850696666667
2024-03-28,3,0.750344724
2024-03-28,4,0.749843785333333
2024-03-28,5,0.749347831333333
2024-03-28,6,0.748856812333333
2024-03-28,7,0.748370679
2024-03-28,8,0.747889382333333
2024-03-28,9,0.747412875666667
2024-03-28,10,0.746941109333333
2024-03-28,11,0.746474037333333
2024-03-28,12,0.746011613333333
2024-03-28,13,0.74555379
2024-03-28,14,0.741219632666667
2024-03-28,15,0.729455212333333
2024-03-28,16,0.718264549666667
2024-03-28,17,0.825556494666667
2024-03-28,18,0.84
2024-03-28,19,0.833953024333333
2024-03-28,20,0.817665943333333
2024-03-28,21,0.802173192333333
2024-03-28,22,0.787436031666667
2024-03-28,23,0.773417611333333
2024-03-29,0,0.646307103
2024-03-29,1,0.639171621333333
2024-03-29,2,0.632384141
2024-03-29,3,0.625927690333333
2024-03-29,4,0.619786124666667
2024-03-29,5,0.613944086333333
2024-03-29,6,0.608386967666667
2024-03-29,7,0.603100872666667
2024-03-29,8,0.598072584
2024-03-29,9,0.593289527666667
2024-03-29,10,0.588739743666667
2024-03-29,11,0.584411855333333
2024-03-29,12,0.580295040333333
2024-03-29,13,0.576379005333333
2024-03-29,14,0.572653957
2024-03-29,15,0.569110581666667
2024-03-29,16,0.565740019
2024-03-29,17,0.707619662
2024-03-29,18,0.697493931333333
2024-03-29,19,0.687862038666667
2024-03-29,20,0.678699899
2024-03-29,21,0.669984602333333
2024-03-29,22,0.661694355333333
2024-03-29,23,0.653808428666667
2024-03-30,0,0.544066852666667
2024-03-30,1,0.541917687
2024-03-30,2,0.539873337
2024-03-30,3,0.537928691666667
2024-03-30,4,0.536078887666667
2024-03-30,5,0.534319299333333
2024-03-30,6,0.532645527333333
2024-03-30,7,0.531053386
2024-03-30,8,0.529538894666667
2024-03-30,9,0.528098265666667
2024-03-30,10,0.526727897333333
2024-03-30,11,0.525424362
2024-03-30,12,0.524184401333333
2024-03-30,13,0.523004914333333
2024-03-30,14,0.521882951
2024-03-30,15,0.520815707
2024-03-30,16,0.519800513333333
2024-03-30,17,0.562533840666667
2024-03-30,18,0.559484029
2024-03-30,19,0.556582958666667
2024-03-30,20,0.553823375333333
2024-03-30,21,0.551198378333333
2024-03-30,22,0.548701404
2024-03-30,23,0.546326208333333
2024-03-31,0,0.513272680666667
2024-03-31,1,0.512625364666667
2024-03-31,2,0.512009618
2024-03-31,3,0.511423902666667
2024-03-31,4,0.510866752
2024-03-31,5,0.510336774
2024-03-31,6,0.509832644
2024-03-31,7,0.5093531
2024-03-31,8,0.508896943666667
2024-03-31,9,0.508463035
2024-03-31,10,0.508050288
2024-03-31,11,0.507657670666667
2024-03-31,12,0.507284201666667
2024-03-31,13,0.506928947
2024-03-31,14,0.506591018333333
2024-03-31,15,0.506269570666667
2024-03-31,16,0.5059638
2024-03-31,17,0.518834830666667
2024-03-31,18,0.517916245
2024-03-31,19,0.517042459666667
2024-03-31,20,0.516211289
2024-03-31,21,0.515420655
2024-03-31,22,0.514668581
2024-03-31,23,0.513953185666667
2024-04-01,0,0.817679891666667
2024-04-01,1,0.816508956666667
2024-04-01,2,0.815349673333333
2024-04-01,3,0.814201925
2024-04-01,4,0.813065597
2024-04-01,5,0.811940575333333
2024-04-01,6,0.810826748
2024-04-01,7,0.809724003666667
2024-04-01,8,0.808632231333333
2024-04-01,9,0.807551322666667
2024-04-01,10,0.806481169333333
2024-04-01,11,0.805421663666667
2024-04-01,12,0.804372700666667
2024-04-01,13,0.803334175
2024-04-01,14,0.802305983
2024-04-01,15,0.801288021333333
2024-04-01,16,0.795673293333333
2024-04-01,17,0.505672942
2024-04-01,18,0.505396269666667
2024-04-01,19,0.50513309
2024-04-01,20,0.504882746333333
2024-04-01,21,0.504644612
2024-04-01,22,0.616303203666667
2024-04-01,23,0.828883924
2024-04-02,0,0.718558763
2024-04-02,1,0.718374100333333
2024-04-02,2,0.718191275
2024-04-02,3,0.718010268666667
2024-04-02,4,0.717831063666667
2024-04-02,5,0.717653641666667
2024-04-02,6,0.717477984666667
2024-04-02,7,0.717304076
2024-04-02,8,0.717131897666667
2024-04-02,9,0.716961432666667
2024-04-02,10,0.716792663333333
2024-04-02,11,0.716625573666667
2024-04-02,12,0.716460146333333
2024-04-02,13,0.716296365
2024-04-02,14,0.716134213666667
2024-04-02,15,0.715973675666667
2024-04-02,16,0.84
2024-04-02,17,0.781253136333333
2024-04-02,18,0.767536259333333
2024-04-02,19,0.754488362
2024-04-02,20,0.742076818
2024-04-02,21,0.734005503333333
2024-04-02,22,0.726245263333333
2024-04-02,23,0.718745281666667
2024-04-03,0,0.739616136
2024-04-03,1,0.727929919
2024-04-03,2,0.716813645666667
2024-04-03,3,0.706239519
2024-04-03,4,0.696181099333333
2024-04-03,5,0.686613234
2024-04-03,6,0.677511999
2024-04-03,7,0.671770717
2024-04-03,8,0.672051603333333
2024-04-03,9,0.672329694333333
2024-04-03,10,0.672605018333333
2024-04-03,11,0.672877603333333
2024-04-03,12,0.673147475333333
2024-04-03,13,0.673414662666667
2024-04-03,14,0.672693105666667
2024-04-03,15,0.665224147333333
2024-04-03,16,0.657166070333333
2024-04-03,17,0.838126764666667
2024-04-03,18,0.823447951
2024-04-03,19,0.807673208333333
2024-04-03,20,0.792667808666667
2024-04-03,21,0.778394231333333
2024-04-03,22,0.764816784666667
2024-04-03,23,0.751901517666667
2024-04-04,0,0.605351567333333
2024-04-04,1,0.600213511
2024-04-04,2,0.595326040666667
2024-04-04,3,0.590676934666667
2024-04-04,4,0.586254568333333
2024-04-04,5,0.582047883333333
2024-04-04,6,0.578046360666667
2024-04-04,7,0.574239995
2024-04-04,8,0.570619267333333
2024-04-04,9,0.567175125333333
2024-04-04,10,0.563898956
2024-04-04,11,0.560782567
2024-04-04,12,0.557818166
2024-04-04,13,0.554998341
2024-04-04,14,0.55231604
2024-04-04,15,0.549764556666667
2024-04-04,16,0.547337510666667
2024-04-04,17,0.649500990666667
2024-04-04,18,0.642209741333333
2024-04-04,19,0.635274090333333
2024-04-04,20,0.628676695333333
2024-04-04,21,0.622401058666667
2024-04-04,22,0.616431489
2024-04-04,23,0.610753058
2024-04-05,0,0.531731282333333
2024-04-05,1,0.530183729666667
2024-04-05,2,0.528711651333333
2024-04-05,3,0.527311368
2024-04-05,4,0.525979376666667
2024-04-05,5,0.524712347666667
2024-04-05,6,0.523507112
2024-04-05,7,0.522360656666667
2024-04-05,8,0.521270114666667
2024-04-05,9,0.520232759333333
2024-04-05,10,0.519245995666667
2024-04-05,11,0.518307357
2024-04-05,12,0.517414497
2024-04-05,13,0.516565181666667
2024-04-05,14,0.515757288666667
2024-04-05,15,0.514988796666667
2024-04-05,16,0.514257784333333
2024-04-05,17,0.545028833
2024-04-05,18,0.542832751
2024-04-05,19,0.540743773333333
2024-04-05,20,0.538756675666667
2024-04-05,21,0.536866490333333
2024-04-05,22,0.535068490666667
2024-04-05,23,0.533358179666667
2024-04-06,0,0.509557278666667
2024-04-06,1,0.509091164666667
2024-04-06,2,0.508647783666667
2024-04-06,3,0.508226026
2024-04-06,4,0.507824837666667
2024-04-06,5,0.507697817333333
2024-04-06,6,0.509357799666667
2024-04-06,7,0.511254721333333
2024-04-06,8,0.513132768333333
2024-04-06,9,0.514992128
2024-04-06,10,0.516832987666667
2024-04-06,11,0.518655529333333
2024-04-06,12,0.520459937
2024-04-06,13,0.522246390666667
2024-04-06,14,0.524015068333333
2024-04-06,15,0.525766148
2024-04-06,16,0.527499804
2024-04-06,17,0.513562424
2024-04-06,18,0.512900976666667
2024-04-06,19,0.512271788333333
2024-04-06,20,0.511673286666667
2024-04-06,21,0.511103973333333
2024-04-06,22,0.510562426333333
2024-04-06,23,0.510047290666667
2024-04-07,0,0.540762249333333
2024-04-07,1,0.542346691
2024-04-07,2,0.543915368
2024-04-07,3,0.545468435666667
2024-04-07,4,0.547006050333333
2024-04-07,5,0.548528366
2024-04-07,6,0.550035533666667
2024-04-07,7,0.551527705
2024-04-07,8,0.553005029333333
2024-04-07,9,0.554467653666667
2024-04-07,10,0.555915724666667
2024-04-07,11,0.557349387
2024-04-07,12,0.558768784333333
2024-04-07,13,0.560174058333333
2024-04-07,14,0.561565349666667
2024-04-07,15,0.562942797333333
2024-04-07,16,0.564306539666667
2024-04-07,17,0.529216209333333
2024-04-07,18,0.530915536333333
2024-04-07,19,0.532597955
2024-04-07,20,0.534263633333333
2024-04-07,21,0.535912737333333
2024-04-07,22,0.537545433
2024-04-07,23,0.539161883
2024-04-08,0,0.756135057666667
2024-04-08,1,0.743643204
2024-04-08,2,0.735515360666667
2024-04-08,3,0.735161977
2024-04-08,4,0.734812109666667
2024-04-08,5,0.734465723666667
2024-04-08,6,0.734122783333333
2024-04-08,7,0.733783256
2024-04-08,8,0.733447107
2024-04-08,9,0.733114302666667
2024-04-08,10,0.73278481
2024-04-08,11,0.732458596
2024-04-08,12,0.732135627
2024-04-08,13,0.731815872666667
2024-04-08,14,0.731499299333333
2024-04-08,15,0.727488063
2024-04-08,16,0.716393339333333
2024-04-08,17,0.565656712
2024-04-08,18,0.748849949666667
2024-04-08,19,0.828883924
2024-04-08,20,0.812844066
2024-04-08,21,0.797586480666667
2024-04-08,22,0.783073016666667
2024-04-08,23,0.769267383
2024-04-09,0,0.645912855333333
2024-04-09,1,0.645586029333333
2024-04-09,2,0.646127457333333
2024-04-09,3,0.646663498
2024-04-09,4,0.647194205
2024-04-09,5,0.647719631333333
2024-04-09,6,0.648239830333333
2024-04-09,7,0.648754852333333
2024-04-09,8,0.64926475
2024-04-09,9,0.649769574333333
2024-04-09,10,0.650269375333333
2024-04-09,11,0.650764203333333
2024-04-09,12,0.651254107333333
2024-04-09,13,0.651739137333333
2024-04-09,14,0.652219341
2024-04-09,15,0.777512331666667
2024-04-09,16,0.838126764666667
2024-04-09,17,0.705839712
2024-04-09,18,0.695800790333333
2024-04-09,19,0.686251473333333
2024-04-09,20,0.677167881666667
2024-04-09,21,0.668527302
2024-04-09,22,0.660308128333333
2024-04-09,23,0.652489809
2024-04-10,0,0.727929919
2024-04-10,1,0.716813645666667
2024-04-10,2,0.706239519
2024-04-10,3,0.696181099333333
2024-04-10,4,0.686613234
2024-04-10,5,0.677511999
2024-04-10,6,0.669819423333333
2024-04-10,7,0.669148946
2024-04-10,8,0.669455919
2024-04-10,9,0.669759838
2024-04-10,10,0.670060732333333
2024-04-10,11,0.670358633333333
2024-04-10,12,0.670653569666667
2024-04-10,13,0.670945571666667
2024-04-10,14,0.668325640666667
2024-04-10,15,0.660116302333333
2024-04-10,16,0.652307338333333
2024-04-10,17,0.823447951
2024-04-10,18,0.807673208333333
2024-04-10,19,0.792667808666667
2024-04-10,20,0.778394231333333
2024-04-10,21,0.764816784666667
2024-04-10,22,0.751901517666667
2024-04-10,23,0.739616136
2024-04-11,0,0.602094661666667
2024-04-11,1,0.597115446333333
2024-04-11,2,0.592379070333333
2024-04-11,3,0.587873689666667
2024-04-11,4,0.583588039
2024-04-11,5,0.579511402666667
2024-04-11,6,0.575633585666667
2024-04-11,7,0.571944892333333
2024-04-11,8,0.569483413333333
2024-04-11,9,0.569727498
2024-04-11,10,0.571023731
2024-04-11,11,0.572307066
2024-04-11,12,0.573577632
2024-04-11,13,0.574284406
2024-04-11,14,0.571192815333333
2024-04-11,15,0.567720700666667
2024-04-11,16,0.564417923
2024-04-11,17,0.644879221666667
2024-04-11,18,0.637813378666667
2024-04-11,19,0.631092140666667
2024-04-11,20,0.624698701666667
2024-04-11,21,0.618617074333333
2024-04-11,22,0.612832051333333
2024-04-11,23,0.607329167
2024-04-12,0,0.543180625
2024-04-12,1,0.541074681
2024-04-12,2,0.539071445333333
2024-04-12,3,0.537165908333333
2024-04-12,4,0.535353305666667
2024-04-12,5,0.533629104666667
2024-04-12,6,0.531988994
2024-04-12,7,0.530428872
2024-04-12,8,0.528944838666667
2024-04-12,9,0.527533182333333
2024-04-12,10,0.526190372666667
2024-04-12,11,0.524913053333333
2024-04-12,12,0.523698029333333
2024-04-12,13,0.522542263333333
2024-04-12,14,0.521442864
2024-04-12,15,0.520397083333333
2024-04-12,16,0.519402305666667
2024-04-12,17,0.561276223666667
2024-04-12,18,0.558287747
2024-04-12,19,0.555445020333333
2024-04-12,20,0.552740934666667
2024-04-12,21,0.550168729
2024-04-12,22,0.547721971333333
2024-04-12,23,0.545394543
2024-04-13,0,0.513005754333333
2024-04-13,1,0.512371456333333
2024-04-13,2,0.511768093333333
2024-04-13,3,0.511194156333333
2024-04-13,4,0.510648211
2024-04-13,5,0.510128892
2024-04-13,6,0.5096349
2024-04-13,7,0.509165000333333
2024-04-13,8,0.508718018
2024-04-13,9,0.508292835
2024-04-13,10,0.507888388666667
2024-04-13,11,0.507503667666667
2024-04-13,12,0.507137709
2024-04-13,13,0.506789599333333
2024-04-13,14,0.506458466666667
2024-04-13,15,0.506143483333333
2024-04-13,16,0.505843862
2024-04-13,17,0.518456044
2024-04-13,18,0.517555932
2024-04-13,19,0.516699719
2024-04-13,20,0.515885264
2024-04-13,21,0.515110531
2024-04-13,22,0.514373581333333
2024-04-13,23,0.513672573666667
2024-04-14,0,0.503917258
2024-04-14,1,0.503726211
2024-04-14,2,0.503544481666667
2024-04-14,3,0.503371615
2024-04-14,4,0.503207179666667
2024-04-14,5,0.503050763333333
2024-04-14,6,0.502901975666667
2024-04-14,7,0.502760445
2024-04-14,8,0.502625816333333
2024-04-14,9,0.502497754
2024-04-14,10,0.502375937
2024-04-14,11,0.502260061333333
2024-04-14,12,0.502149836666667
2024-04-14,13,0.502044988
2024-04-14,14,0.501945252666667
2024-04-14,15,0.501850381666667
2024-04-14,16,0.501760137333333
2024-04-14,17,0.505558853666667
2024-04-14,18,0.505287745333333
2024-04-14,19,0.505029858666667
2024-04-14,20,0.504784549666667
2024-04-14,21,0.504551204333333
2024-04-14,22,0.504329239666667
2024-04-14,23,0.504118100333333
2024-04-15,0,0.501179855333333
2024-04-15,1,0.501122313
2024-04-15,2,0.501067577333333
2024-04-15,3,0.501015511
2024-04-15,4,0.500965984
2024-04-15,5,0.500918872333333
2024-04-15,6,0.500874058333333
2024-04-15,7,0.50083143
2024-04-15,8,0.500790881
2024-04-15,9,0.500752309
2024-04-15,10,0.500715618333333
2024-04-15,11,0.500680717333333
2024-04-15,12,0.500647518333333
2024-04-15,13,0.500615938666667
2024-04-15,14,0.500585899
2024-04-15,15,0.500557324333333
2024-04-15,16,0.500530143
2024-04-15,17,0.501674294666667
2024-04-15,18,0.501592638333333
2024-04-15,19,0.501514964333333
2024-04-15,20,0.501441078666667
2024-04-15,21,0.501370796333333
2024-04-15,22,0.501303942
2024-04-15,23,0.501240348
2024-04-16,0,0.50229454
2024-04-16,1,0.504261742
2024-04-16,2,0.506209370333333
2024-04-16,3,0.508137619333333
2024-04-16,4,0.510046681333333
2024-04-16,5,0.511936748666667
2024-04-16,6,0.513525395333333
2024-04-16,7,0.514250706
2024-04-16,8,0.51552504
2024-04-16,9,0.515047155
2024-04-16,10,0.514313296333333
2024-04-16,11,0.515310106
2024-04-16,12,0.517147801
2024-04-16,13,0.518967210666667
2024-04-16,14,0.518930478333333
2024-04-16,15,0.730896154
2024-04-16,16,0.823447951
2024-04-16,17,0.500504288
2024-04-16,18,0.500479693333333
2024-04-16,19,0.500456298333333
2024-04-16,20,0.500434044333333
2024-04-16,21,0.500412876
2024-04-16,22,0.500616319666667
2024-04-16,23,0.501690737
2024-04-17,0,0.716813645666667
2024-04-17,1,0.706239519
2024-04-17,2,0.696181099333333
2024-04-17,3,0.686613234
2024-04-17,4,0.677511999
2024-04-17,5,0.668854636666667
2024-04-17,6,0.660619499
2024-04-17,7,0.652785993666667
2024-04-17,8,0.645334533
2024-04-17,9,0.638246483666667
2024-04-17,10,0.631504123333333
2024-04-17,11,0.625090591666667
2024-04-17,12,0.618989851666667
2024-04-17,13,0.613186648
2024-04-17,14,0.60766647
2024-04-17,15,0.602415514333333
2024-04-17,16,0.597420650666667
2024-04-17,17,0.807673208333333
2024-04-17,18,0.792667808666667
2024-04-17,19,0.778394231333333
2024-04-17,20,0.764816784666667
2024-04-17,21,0.751901517666667
2024-04-17,22,0.739616136
2024-04-17,23,0.727929919
2024-04-18,0,0.565303015
2024-04-18,1,0.562118149666667
2024-04-18,2,0.559088611666667
2024-04-18,3,0.556206826
2024-04-18,4,0.553465587
2024-04-18,5,0.550858039333333
2024-04-18,6,0.548377663333333
2024-04-18,7,0.546018257
2024-04-18,8,0.54377392
2024-04-18,9,0.541639041
2024-04-18,10,0.539608281
2024-04-18,11,0.537676562333333
2024-04-18,12,0.535839054666667
2024-04-18,13,0.534091163333333
2024-04-18,14,0.532428517666667
2024-04-18,15,0.53084696
2024-04-18,16,0.529342536
2024-04-18,17,0.592669389666667
2024-04-18,18,0.588149850333333
2024-04-18,19,0.583850731
2024-04-18,20,0.579761282666667
2024-04-18,21,0.575871279
2024-04-18,22,0.572170993
2024-04-18,23,0.568651172333333
2024-04-19,0,0.51966889
2024-04-19,1,0.518709627333333
2024-04-19,2,0.517797147666667
2024-04-19,3,0.516929170666667
2024-04-19,4,0.516103525
2024-04-19,5,0.515318147333333
2024-04-19,6,0.514571072333333
2024-04-19,7,0.513860432666667
2024-04-19,8,0.513184451333333
2024-04-19,9,0.512541438
2024-04-19,10,0.511929785
2024-04-19,11,0.511347962666667
2024-04-19,12,0.510794515666667
2024-04-19,13,0.510268061
2024-04-19,14,0.509767281333333
2024-04-19,15,0.509290926
2024-04-19,16,0.508837802
2024-04-19,17,0.527911484
2024-04-19,18,0.526550224333333
2024-04-19,19,0.525255355
2024-04-19,20,0.524023636333333
2024-04-19,21,0.52285199
2024-04-19,22,0.521737485333333
2024-04-19,23,0.520677335666667
2024-04-20,0,0.505924155666667
2024-04-20,1,0.505635231333333
2024-04-20,2,0.505360398
2024-04-20,3,0.505098968
2024-04-20,4,0.504850289
2024-04-20,5,0.504613737333333
2024-04-20,6,0.504388722666667
2024-04-20,7,0.504174682333333
2024-04-20,8,0.503971080666667
2024-04-20,9,0.503777408666667
2024-04-20,10,0.503593182
2024-04-20,11,0.503417940666667
2024-04-20,12,0.503251245666667
2024-04-20,13,0.503092680333333
2024-04-20,14,0.502941848333333
2024-04-20,15,0.502798373
2024-04-20,16,0.502661894666667
2024-04-20,17,0.508406777333333
2024-04-20,18,0.507996774333333
2024-04-20,19,0.507606766333333
2024-04-20,20,0.507235780333333
2024-04-20,21,0.506882887
2024-04-20,22,0.506547205
2024-04-20,23,0.506227894
2024-04-21,0,0.501784321333333
2024-04-21,1,0.501697299333333
2024-04-21,2,0.501614520666667
2024-04-21,3,0.50153578
2024-04-21,4,0.501460879
2024-04-21,5,0.501389631
2024-04-21,6,0.501321857666667
2024-04-21,7,0.501257390333333
2024-04-21,8,0.501196066333333
2024-04-21,9,0.501137733666667
2024-04-21,10,0.501082245333333
2024-04-21,11,0.501029464333333
2024-04-21,12,0.500979256666667
2024-04-21,13,0.500931497333333
2024-04-21,14,0.500886068
2024-04-21,15,0.500842854
2024-04-21,16,0.500801747333333
2024-04-21,17,0.502532072666667
2024-04-21,18,0.502408582
2024-04-21,19,0.502291114333333
2024-04-21,20,0.502179375
2024-04-21,21,0.502073086
2024-04-21,22,0.501971980333333
2024-04-21,23,0.501875805333333
2024-04-22,0,0.500537427333333
2024-04-22,1,0.500511216333333
2024-04-22,2,0.500486284
2024-04-22,3,0.500462567666667
2024-04-22,4,0.500440008333333
2024-04-22,5,0.500418549
2024-04-22,6,0.500398136
2024-04-22,7,0.500378718666667
2024-04-22,8,0.500360248333333
2024-04-22,9,0.500342679
2024-04-22,10,0.500325966333333
2024-04-22,11,0.500310068666667
2024-04-22,12,0.500294946333333
2024-04-22,13,0.500280561666667
2024-04-22,14,0.500266878666667
2024-04-22,15,0.500253862666667
2024-04-22,16,0.500241481333333
2024-04-22,17,0.500762645666667
2024-04-22,18,0.500725451
2024-04-22,19,0.500690070333333
2024-04-22,20,0.500656415
2024-04-22,21,0.500624401666667
2024-04-22,22,0.500593949
2024-04-22,23,0.500564981666667
2024-04-23,0,0.50016187
2024-04-23,1,0.500153975333333
2024-04-23,2,0.500146466
2024-04-23,3,0.500139322666667
2024-04-23,4,0.500132528
2024-04-23,5,0.500126064333333
2024-04-23,6,0.500119916
2024-04-23,7,0.500114067666667
2024-04-23,8,0.500108504666667
2024-04-23,9,0.500103213
2024-04-23,10,0.500098179
2024-04-23,11,0.500093391
2024-04-23,12,0.500088836333333
2024-04-23,13,0.500084503666667
2024-04-23,14,0.500080382333333
2024-04-23,15,0.500076462
2024-04-23,16,0.500072732666667
2024-04-23,17,0.500229704333333
2024-04-23,18,0.500218501333333
2024-04-23,19,0.500207845333333
2024-04-23,20,0.500197708666667
2024-04-23,21,0.500188066333333
2024-04-23,22,0.500178894
2024-04-23,23,0.500170169
2024-04-24,0,0.500048754333333
2024-04-24,1,0.500046376666667
2024-04-24,2,0.500044115
2024-04-24,3,0.500041963333333
2024-04-24,4,0.500039916666667
2024-04-24,5,0.500037969666667
2024-04-24,6,0.500036118333333
2024-04-24,7,0.500034356666667
2024-04-24,8,0.500032681
2024-04-24,9,0.500031087
2024-04-24,10,0.500029571
2024-04-24,11,0.500028128666667
2024-04-24,12,0.500026756666667
2024-04-24,13,0.500025452
2024-04-24,14,0.500024210333333
2024-04-24,15,0.50002303
2024-04-24,16,0.500021907
2024-04-24,17,0.500069185666667
2024-04-24,18,0.500065811333333
2024-04-24,19,0.500062601666667
2024-04-24,20,0.500059548666667
2024-04-24,21,0.500056644333333
2024-04-24,22,0.500053881666667
2024-04-24,23,0.500051254
2024-04-25,0,0.500014684333333
2024-04-25,1,0.500013968333333
2024-04-25,2,0.500013287
2024-04-25,3,0.500012639
2024-04-25,4,0.500012023
2024-04-25,5,0.500011436
2024-04-25,6,0.500010878666667
2024-04-25,7,0.500010348
2024-04-25,8,0.500009843333333
2024-04-25,9,0.500009363333333
2024-04-25,10,0.500008906666667
2024-04-25,11,0.500008472
2024-04-25,12,0.500008059
2024-04-25,13,0.500007666
2024-04-25,14,0.500007292
2024-04-25,15,0.500006936333333
2024-04-25,16,0.500006598333333
2024-04-25,17,0.500020838333333
2024-04-25,18,0.500019822
2024-04-25,19,0.500018855333333
2024-04-25,20,0.500017935666667
2024-04-25,21,0.500017060666667
2024-04-25,22,0.500016228666667
2024-04-25,23,0.500015437333333
2024-04-26,0,0.500004422666667
2024-04-26,1,0.500004207
2024-04-26,2,0.500004002
2024-04-26,3,0.500003806666667
2024-04-26,4,0.500003621333333
2024-04-26,5,0.500003444333333
2024-04-26,6,0.500003276333333
2024-04-26,7,0.500003116666667
2024-04-26,8,0.500002964333333
2024-04-26,9,0.50000282
2024-04-26,10,0.500002682333333
2024-04-26,11,0.500002551666667
2024-04-26,12,0.500002427333333
2024-04-26,13,0.500002309333333
2024-04-26,14,0.500002196333333
2024-04-26,15,0.500002089333333
2024-04-26,16,0.500001987333333
2024-04-26,17,0.500006276333333
2024-04-26,18,0.500005970333333
2024-04-26,19,0.500005679333333
2024-04-26,20,0.500005402
2024-04-26,21,0.500005138666667
2024-04-26,22,0.500004888333333
2024-04-26,23,0.500004649333333
2024-04-27,0,0.500001332
2024-04-27,1,0.500001267
2024-04-27,2,0.500001205333333
2024-04-27,3,0.500001146666667
2024-04-27,4,0.500001091
2024-04-27,5,0.500001037333333
2024-04-27,6,0.500000986666667
2024-04-27,7,0.500000938666667
2024-04-27,8,0.500000893
2024-04-27,9,0.500000849333333
2024-04-27,10,0.500000808
2024-04-27,11,0.500000768666667
2024-04-27,12,0.500000731
2024-04-27,13,0.500000695333333
2024-04-27,14,0.500000661666667
2024-04-27,15,0.613333756333333
2024-04-27,16,0.84
2024-04-27,17,0.500001890333333
2024-04-27,18,0.500001798
2024-04-27,19,0.500001710333333
2024-04-27,20,0.500001627
2024-04-27,21,0.500001548
2024-04-27,22,0.500001472333333
2024-04-27,23,0.500001400333333
2024-04-28,0,0.756135057666667
2024-04-28,1,0.743643204
2024-04-28,2,0.731760584666667
2024-04-28,3,0.720457487333333
2024-04-28,4,0.709705648666667
2024-04-28,5,0.794270633333333
2024-04-28,6,0.828883924
2024-04-28,7,0.812844066
2024-04-28,8,0.797586480666667
2024-04-28,9,0.783073016666667
2024-04-28,10,0.769267383
2024-04-28,11,0.756135057666667
2024-04-28,12,0.743643204
2024-04-28,13,0.731760584666667
2024-04-28,14,0.720457487333333
2024-04-28,15,0.709705648666667
2024-04-28,16,0.699478183666667
2024-04-28,17,0.828883924
2024-04-28,18,0.84
2024-04-28,19,0.828883924
2024-04-28,20,0.812844066
2024-04-28,21,0.797586480666667
2024-04-28,22,0.783073016666667
2024-04-28,23,0.769267383
2024-04-29,0,0.802587817333333
2024-04-29,1,0.787830435333333
2024-04-29,2,0.773792779666667
2024-04-29,3,0.760439748
2024-04-29,4,0.747737952
2024-04-29,5,0.735655629666667
2024-04-29,6,0.724162568666667
2024-04-29,7,0.713230031333333
2024-04-29,8,0.702830679666667
2024-04-29,9,0.692938511
2024-04-29,10,0.683528788333333
2024-04-29,11,0.674577983666667
2024-04-29,12,0.666063715
2024-04-29,13,0.657964692333333
2024-04-29,14,0.650260663333333
2024-04-29,15,0.642932364333333
2024-04-29,16,0.635961470333333
2024-04-29,17,0.689749517666667
2024-04-29,18,0.680495324333333
2024-04-29,19,0.671692463333333
2024-04-29,20,0.663318923333333
2024-04-29,21,0.655353765666667
2024-04-29,22,0.834411256
2024-04-29,23,0.818101826666667
2024-04-30,0,0.591137699333333
2024-04-30,1,0.586692861333333
2024-04-30,2,0.582464800333333
2024-04-30,3,0.578442944666667
2024-04-30,4,0.574617237
2024-04-30,5,0.570978111666667
2024-04-30,6,0.567516468
2024-04-30,7,0.564223651333333
2024-04-30,8,0.561091427
2024-04-30,9,0.558111962666667
2024-04-30,10,0.555277809
2024-04-30,11,0.552581878333333
2024-04-30,12,0.55001743
2024-04-30,13,0.547578051
2024-04-30,14,0.545257642
2024-04-30,15,0.543050400666667
2024-04-30,16,0.540950808333333
2024-04-30,17,0.629330551333333
2024-04-30,18,0.623023026
2024-04-30,19,0.617023122666667
2024-04-30,20,0.611315837
2024-04-30,21,0.6058869
2024-04-30,22,0.600722734666667
2024-04-30,23,0.595810429
2024-05-01,0,0.527450147666667
2024-05-01,1,0.526111387666667
2024-05-01,2,0.524837920666667
2024-05-01,3,0.523626560666667
2024-05-01,4,0.522474279666667
2024-05-01,5,0.521378196333333
2024-05-01,6,0.520335569333333
2024-05-01,7,0.519343792
2024-05-01,8,0.518400384333333
2024-05-01,9,0.517502986666667
2024-05-01,10,0.516649356
2024-05-01,11,0.515837357333333
2024-05-01,12,0.515064960666667
2024-05-01,13,0.514330233666667
2024-05-01,14,0.513631339666667
2024-05-01,15,0.512966531666667
2024-05-01,16,0.512334146333333
2024-05-01,17,0.538953613666667
2024-05-01,18,0.537053823666667
2024-05-01,19,0.535246687
2024-05-01,20,0.533527686
2024-05-01,21,0.531892521333333
2024-05-01,22,0.530337104666667
2024-05-01,23,0.528857546666667
2024-05-02,0,0.508267825666667
2024-05-02,1,0.507864599
2024-05-02,2,0.507481037666667
2024-05-02,3,0.507116183333333
2024-05-02,4,0.506769123
2024-05-02,5,0.506438989333333
2024-05-02,6,0.506124955666667
2024-05-02,7,0.505826238
2024-05-02,8,0.505542089333333
2024-05-02,9,0.505271798333333
2024-05-02,10,0.505014689666667
2024-05-02,11,0.505498537
2024-05-02,12,0.507433858666667
2024-05-02,13,0.507811368666667
2024-05-02,14,0.507430403666667
2024-05-02,15,0.507068018666667
2024-05-02,16,0.506723307
2024-05-02,17,0.511732603
2024-05-02,18,0.511160397333333
2024-05-02,19,0.510616098
2024-05-02,20,0.510098344666667
2024-05-02,21,0.509605842666667
2024-05-02,22,0.509137360333333
2024-05-02,23,0.508691726
2024-05-03,0,0.504506767666667
2024-05-03,1,0.50428697
2024-05-03,2,0.504077891666667
2024-05-03,3,0.503879011
2024-05-03,4,0.503689829333333
2024-05-03,5,0.503509874
2024-05-03,6,0.503338695333333
2024-05-03,7,0.503175865333333
2024-05-03,8,0.503020976666667
2024-05-03,9,0.502873642
2024-05-03,10,0.502733492666667
2024-05-03,11,0.502600178666667
2024-05-03,12,0.502473366333333
2024-05-03,13,0.502352738666667
2024-05-03,14,0.502237994333333
2024-05-03,15,0.502128846333333
2024-05-03,16,0.502025021333333
2024-05-03,17,0.506395407333333
2024-05-03,18,0.5060835
2024-05-03,19,0.505786804
2024-05-03,20,0.505504578333333
2024-05-03,21,0.505236117
2024-05-03,22,0.504980748333333
2024-05-03,23,0.504737834666667
2024-05-04,0,0.501357412666667
2024-05-04,1,0.501291210333333
2024-05-04,2,0.501228237666667
2024-05-04,3,0.501168335333333
2024-05-04,4,0.501111355
2024-05-04,5,0.501057153666667
2024-05-04,6,0.501005595666667
2024-05-04,7,0.500956552333333
2024-05-04,8,0.500909900333333
2024-05-04,9,0.500865524333333
2024-05-04,10,0.500823312333333
2024-05-04,11,0.500783158666667
2024-05-04,12,0.500744964
2024-05-04,13,0.500708631333333
2024-05-04,14,0.500674071
2024-05-04,15,0.500641196333333
2024-05-04,16,0.500609924666667
2024-05-04,17,0.501926259666667
2024-05-04,18,0.501832315
2024-05-04,19,0.501742952
2024-05-04,20,0.501657947333333
2024-05-04,21,0.501577088333333
2024-05-04,22,0.501500172666667
2024-05-04,23,0.501427008333333
2024-05-05,0,0.500408844666667
2024-05-05,1,0.500388905333333
2024-05-05,2,0.500369938
2024-05-05,3,0.500351896
2024-05-05,4,0.500334734
2024-05-05,5,0.500318408666667
2024-05-05,6,0.500302879666667
2024-05-05,7,0.500288108
2024-05-05,8,0.500274056666667
2024-05-05,9,0.500260691
2024-05-05,10,0.500247977
2024-05-05,11,0.500235883
2024-05-05,12,0.500224379
2024-05-05,13,0.500213435666667
2024-05-05,14,0.500203026
2024-05-05,15,0.500193124666667
2024-05-05,16,0.500183706
2024-05-05,17,0.500580178333333
2024-05-05,18,0.500551883
2024-05-05,19,0.500524966666667
2024-05-05,20,0.500499364333333
2024-05-05,21,0.500475009666667
2024-05-05,22,0.500451843333333
2024-05-05,23,0.500429806666667
2024-05-06,0,0.500123141666667
2024-05-06,1,0.500117136
2024-05-06,2,0.500111423
2024-05-06,3,0.500105989
2024-05-06,4,0.50010082
2024-05-06,5,0.500095903
2024-05-06,6,0.726697583333333
2024-05-06,7,0.830552815333333
2024-05-06,8,0.827571833333333
2024-05-06,9,0.826302472333333
2024-05-06,10,0.825045741666667
2024-05-06,11,0.823801515666667
2024-05-06,12,0.82256967
2024-05-06,13,0.821350081666667
2024-05-06,14,0.820142628
2024-05-06,15,0.818947188666667
2024-05-06,16,0.808136107333333
2024-05-06,17,0.500174746333333
2024-05-06,18,0.500166223666667
2024-05-06,19,0.500158117
2024-05-06,20,0.500150405666667
2024-05-06,21,0.50014307
2024-05-06,22,0.500136092666667
2024-05-06,23,0.500129455333333
2024-05-07,0,0.706549809666667
2024-05-07,1,0.696476256333333
2024-05-07,2,0.686893996
2024-05-07,3,0.677779068666667
2024-05-07,4,0.669108681
2024-05-07,5,0.660861153333333
2024-05-07,6,0.653015862333333
2024-05-07,7,0.645553190666667
2024-05-07,8,0.638454477666667
2024-05-07,9,0.631701973
2024-05-07,10,0.625278792333333
2024-05-07,11,0.618173087
2024-05-07,12,0.613356939
2024-05-07,13,0.607828455666667
2024-05-07,14,0.602569599666667
2024-05-07,15,0.597567221333333
2024-05-07,16,0.592808811666667
2024-05-07,17,0.793108131666667
2024-05-07,18,0.778813079333333
2024-05-07,19,0.765215205333333
2024-05-07,20,0.752280506666667
2024-05-07,21,0.739976641333333
2024-05-07,22,0.72828341
2024-05-07,23,0.717139844666667
2024-05-08,0,0.562211607
2024-05-08,1,0.559177511333333
2024-05-08,2,0.556291389666667
2024-05-08,3,0.553546026666667
2024-05-08,4,0.550088044
2024-05-08,5,0.548450448
2024-05-08,6,0.546087492
2024-05-08,7,0.546348727333333
2024-05-08,8,0.547877583
2024-05-08,9,0.549391226333333
2024-05-08,10,0.550889808666667
2024-05-08,11,0.55237348
2024-05-08,12,0.553842388333333
2024-05-08,13,0.555296680666667
2024-05-08,14,0.556736503
2024-05-08,15,0.556740682333333
2024-05-08,16,0.553973406666667
2024-05-08,17,0.588282472666667
2024-05-08,18,0.583976885666667
2024-05-08,19,0.579881285
2024-05-08,20,0.575985428333333
2024-05-08,21,0.572279575333333
2024-05-08,22,0.568754458666667
2024-05-08,23,0.565401264333333
2024-05-09,0,0.536179456333333
2024-05-09,1,0.534414963666667
2024-05-09,2,0.532736526
2024-05-09,3,0.531139946666667
2024-05-09,4,0.529621233666667
2024-05-09,5,0.528176588666667
2024-05-09,6,0.526802400333333
2024-05-09,7,0.526492061666667
2024-05-09,8,0.526529992333333
2024-05-09,9,0.527919267
2024-05-09,10,0.529631498666667
2024-05-09,11,0.531326693666667
2024-05-09,12,0.533005021333333
2024-05-09,13,0.534292252
2024-05-09,14,0.532979572333333
2024-05-09,15,0.531371139666667
2024-05-09,16,0.529841151
2024-05-09,17,0.551341092666667
2024-05-09,18,0.548837158
2024-05-09,19,0.546455341666667
2024-05-09,20,0.544189688
2024-05-09,21,0.542034531333333
2024-05-09,22,0.539984483
2024-05-09,23,0.538034416666667
2024-05-10,0,0.520003122
2024-05-10,1,0.519027558
2024-05-10,2,0.518099573
2024-05-10,3,0.517216846333333
2024-05-10,4,0.516377171
2024-05-10,5,0.515578447
2024-05-10,6,0.514818677333333
2024-05-10,7,0.514095961666667
2024-05-10,8,0.513408493666667
2024-05-10,9,0.512754553666667
2024-05-10,10,0.512132506333333
2024-05-10,11,0.511540797333333
2024-05-10,12,0.510977946333333
2024-05-10,13,0.510442545
2024-05-10,14,0.509933256666667
2024-05-10,15,0.509448805666667
2024-05-10,16,0.508987982
2024-05-10,17,0.528385781333333
2024-05-10,18,0.52700139
2024-05-10,19,0.525684516666667
2024-05-10,20,0.524431868
2024-05-10,21,0.523240311666667
2024-05-10,22,0.522106868666667
2024-05-10,23,0.521028703666667
2024-05-11,0,0.828883924
2024-05-11,1,0.812844066
2024-05-11,2,0.81337291
2024-05-11,3,0.828883924
2024-05-11,4,0.812844066
2024-05-11,5,0.797586480666667
2024-05-11,6,0.783073016666667
2024-05-11,7,0.769267383
2024-05-11,8,0.756135057666667
2024-05-11,9,0.743643204
2024-05-11,10,0.731760584666667
2024-05-11,11,0.720457487333333
2024-05-11,12,0.709705648666667
2024-05-11,13,0.699478183666667
2024-05-11,14,0.689749517666667
2024-05-11,15,0.680495324333333
2024-05-11,16,0.671692463333333
2024-05-11,17,0.508549632666667
2024-05-11,18,0.508132662333333
2024-05-11,19,0.507736028
2024-05-11,20,0.507358737333333
2024-05-11,21,0.506999847333333
2024-05-11,22,0.506658460666667
2024-05-11,23,0.728813191333333
2024-05-12,0,0.778394231333333
2024-05-12,1,0.764816784666667
2024-05-12,2,0.751901517666667
2024-05-12,3,0.739616136
2024-05-12,4,0.727929919
2024-05-12,5,0.716813645666667
2024-05-12,6,0.706239519
2024-05-12,7,0.696181099333333
2024-05-12,8,0.686613234
2024-05-12,9,0.677511999
2024-05-12,10,0.668854636666667
2024-05-12,11,0.660619499
2024-05-12,12,0.652785993666667
2024-05-12,13,0.645334533
2024-05-12,14,0.638246483666667
2024-05-12,15,0.631504123333333
2024-05-12,16,0.625090591666667
2024-05-12,17,0.663318923333333
2024-05-12,18,0.655353765666667
2024-05-12,19,0.647777073
2024-05-12,20,0.772433141666667
2024-05-12,21,0.823447951
2024-05-12,22,0.807673208333333
2024-05-12,23,0.792667808666667
2024-05-13,0,0.583850731
2024-05-13,1,0.579761282666667
2024-05-13,2,0.575871279
2024-05-13,3,0.572170993
2024-05-13,4,0.568651172333333
2024-05-13,5,0.565303015
2024-05-13,6,0.562118149666667
2024-05-13,7,0.559088611666667
2024-05-13,8,0.556206826
2024-05-13,9,0.553465587
2024-05-13,10,0.550858039333333
2024-05-13,11,0.548377663333333
2024-05-13,12,0.546018257
2024-05-13,13,0.54377392
2024-05-13,14,0.541639041
2024-05-13,15,0.539608281
2024-05-13,16,0.537676562333333
2024-05-13,17,0.618989851666667
2024-05-13,18,0.613186648
2024-05-13,19,0.60766647
2024-05-13,20,0.602415514333333
2024-05-13,21,0.597420650666667
2024-05-13,22,0.592669389666667
2024-05-13,23,0.588149850333333
2024-05-14,0,0.525255355
2024-05-14,1,0.524023636333333
2024-05-14,2,0.52285199
2024-05-14,3,0.521737485333333
2024-05-14,4,0.520677335666667
2024-05-14,5,0.51966889
2024-05-14,6,0.518709627333333
2024-05-14,7,0.517797147666667
2024-05-14,8,0.516929170666667
2024-05-14,9,0.516103525
2024-05-14,10,0.515318147333333
2024-05-14,11,0.514571072333333
2024-05-14,12,0.513860432666667
2024-05-14,13,0.513184451333333
2024-05-14,14,0.512541438
2024-05-14,15,0.511929785
2024-05-14,16,0.511347962666667
2024-05-14,17,0.535839054666667
2024-05-14,18,0.534091163333333
2024-05-14,19,0.532428517666667
2024-05-14,20,0.53084696
2024-05-14,21,0.529342536
2024-05-14,22,0.527911484
2024-05-14,23,0.526550224333333
2024-05-15,0,0.507606766333333
2024-05-15,1,0.507235780333333
2024-05-15,2,0.506882887
2024-05-15,3,0.506547205
2024-05-15,4,0.506227894
2024-05-15,5,0.505924155666667
2024-05-15,6,0.505635231333333
2024-05-15,7,0.505360398
2024-05-15,8,0.505098968
2024-05-15,9,0.504850289
2024-05-15,10,0.504613737333333
2024-05-15,11,0.504388722666667
2024-05-15,12,0.504174682333333
2024-05-15,13,0.503971080666667
2024-05-15,14,0.503777408666667
2024-05-15,15,0.503593182
2024-05-15,16,0.503417940666667
2024-05-15,17,0.510794515666667
2024-05-15,18,0.510268061
2024-05-15,19,0.509767281333333
2024-05-15,20,0.509290926
2024-05-15,21,0.508837802
2024-05-15,22,0.508406777333333
2024-05-15,23,0.507996774333333
2024-05-16,0,0.502291114333333
2024-05-16,1,0.502179375
2024-05-16,2,0.502073086
2024-05-16,3,0.501971980333333
2024-05-16,4,0.501875805333333
2024-05-16,5,0.501784321333333
2024-05-16,6,0.501697299333333
2024-05-16,7,0.501614520666667
2024-05-16,8,0.50153578
2024-05-16,9,0.501460879
2024-05-16,10,0.501389631
2024-05-16,11,0.501321857666667
2024-05-16,12,0.501257390333333
2024-05-16,13,0.501196066333333
2024-05-16,14,0.501137733666667
2024-05-16,15,0.501082245333333
2024-05-16,16,0.501029464333333
2024-05-16,17,0.503251245666667
2024-05-16,18,0.503092680333333
2024-05-16,19,0.502941848333333
2024-05-16,20,0.502798373
2024-05-16,21,0.502661894666667
2024-05-16,22,0.502532072666667
2024-05-16,23,0.502408582
2024-05-17,0,0.500690070333333
2024-05-17,1,0.500656415
2024-05-17,2,0.500624401666667
2024-05-17,3,0.500593949
2024-05-17,4,0.500564981666667
2024-05-17,5,0.500537427333333
2024-05-17,6,0.500511216333333
2024-05-17,7,0.500486284
2024-05-17,8,0.500462567666667
2024-05-17,9,0.500440008333333
2024-05-17,10,0.500418549
2024-05-17,11,0.500398136
2024-05-17,12,0.500378718666667
2024-05-17,13,0.500360248333333
2024-05-17,14,0.500342679
2024-05-17,15,0.500325966333333
2024-05-17,16,0.500310068666667
2024-05-17,17,0.500979256666667
2024-05-17,18,0.500931497333333
2024-05-17,19,0.500886068
2024-05-17,20,0.500842854
2024-05-17,21,0.500801747333333
2024-05-17,22,0.500762645666667
2024-05-17,23,0.500725451
2024-05-18,0,0.500207845333333
2024-05-18,1,0.500197708666667
2024-05-18,2,0.500188066333333
2024-05-18,3,0.500178894
2024-05-18,4,0.500170169
2024-05-18,5,0.50016187
2024-05-18,6,0.500153975333333
2024-05-18,7,0.500146466
2024-05-18,8,0.500139322666667
2024-05-18,9,0.500132528
2024-05-18,10,0.500126064333333
2024-05-18,11,0.500119916
2024-05-18,12,0.500114067666667
2024-05-18,13,0.500108504666667
2024-05-18,14,0.500103213
2024-05-18,15,0.500098179
2024-05-18,16,0.500093391
2024-05-18,17,0.500294946333333
2024-05-18,18,0.500280561666667
2024-05-18,19,0.500266878666667
2024-05-18,20,0.500253862666667
2024-05-18,21,0.500241481333333
2024-05-18,22,0.500229704333333
2024-05-18,23,0.500218501333333
2024-05-19,0,0.500062601666667
2024-05-19,1,0.500059548666667
2024-05-19,2,0.500056644333333
2024-05-19,3,0.500053881666667
2024-05-19,4,0.500051254
2024-05-19,5,0.500048754333333
2024-05-19,6,0.500046376666667
2024-05-19,7,0.500044117
2024-05-19,8,0.500041963333333
2024-05-19,9,0.500039916666667
2024-05-19,10,0.500037969666667
2024-05-19,11,0.500036118333333
2024-05-19,12,0.500034356666667
2024-05-19,13,0.500032681
2024-05-19,14,0.500031087
2024-05-19,15,0.500029571
2024-05-19,16,0.500028128666667
2024-05-19,17,0.500088836333333
2024-05-19,18,0.500084503666667
2024-05-19,19,0.500080382333333
2024-05-19,20,0.500076462
2024-05-19,21,0.500072732666667
2024-05-19,22,0.500069185666667
2024-05-19,23,0.500065811333333
2024-05-20,0,0.500018855333333
2024-05-20,1,0.500017935666667
2024-05-20,2,0.500017060666667
2024-05-20,3,0.500016228666667
2024-05-20,4,0.500015437333333
2024-05-20,5,0.500014684333333
2024-05-20,6,0.500013968333333
2024-05-20,7,0.500013287
2024-05-20,8,0.500012639
2024-05-20,9,0.500012023
2024-05-20,10,0.500011436
2024-05-20,11,0.500010878666667
2024-05-20,12,0.500010348
2024-05-20,13,0.500009843333333
2024-05-20,14,0.500009363333333
2024-05-20,15,0.500008906666667
2024-05-20,16,0.500008472
2024-05-20,17,0.500026756666667
2024-05-20,18,0.500025452
2024-05-20,19,0.500024210333333
2024-05-20,20,0.50002303
2024-05-20,21,0.500021907
2024-05-20,22,0.5000210115
2024-05-20,23,0.500019822
2024-05-21,0,0.500005679333333
2024-05-21,1,0.500005402
2024-05-21,2,0.500005138666667
2024-05-21,3,0.500004888333333
2024-05-21,4,0.500004649333333
2024-05-21,5,0.500004422666667
2024-05-21,6,0.500004207
2024-05-21,7,0.500004002
2024-05-21,8,0.500003806666667
2024-05-21,9,0.500003621333333
2024-05-21,10,0.500003444333333
2024-05-21,11,0.500003276333333
2024-05-21,12,0.726667723
2024-05-21,13,0.836253529333333
2024-05-21,14,0.823447951
2024-05-21,15,0.807673208333333
2024-05-21,16,0.792667808666667
2024-05-21,17,0.500008059
2024-05-21,18,0.500007666
2024-05-21,19,0.500007292
2024-05-21,20,0.500006936333333
2024-05-21,21,0.500006598333333
2024-05-21,22,0.500006276333333
2024-05-21,23,0.500005970333333
2024-05-22,0,0.696181099333333
2024-05-22,1,0.686613234
2024-05-22,2,0.677511999
2024-05-22,3,0.668854636666667
2024-05-22,4,0.660619499
2024-05-22,5,0.652785993666667
2024-05-22,6,0.645334533
2024-05-22,7,0.638246483666667
2024-05-22,8,0.633922226333333
2024-05-22,9,0.634579711
2024-05-22,10,0.635230654
2024-05-22,11,0.635875119666667
2024-05-22,12,0.635690627
2024-05-22,13,0.629867594666667
2024-05-22,14,0.623533877333333
2024-05-22,15,0.617509058666667
2024-05-22,16,0.611778074333333
2024-05-22,17,0.778394231333333
2024-05-22,18,0.764816784666667
2024-05-22,19,0.751901517666667
2024-05-22,20,0.739616136
2024-05-22,21,0.727929919
2024-05-22,22,0.716813645666667
2024-05-22,23,0.706239519
2024-05-23,0,0.574927084333333
2024-05-23,1,0.571272847
2024-05-23,2,0.567796829333333
2024-05-23,3,0.564490339
2024-05-23,4,0.561345108
2024-05-23,5,0.558353272
2024-05-23,6,0.555507349
2024-05-23,7,0.552800223666667
2024-05-23,8,0.550225126333333
2024-05-23,9,0.547775618
2024-05-23,10,0.545445573666667
2024-05-23,11,0.543229166666667
2024-05-23,12,0.541120855333333
2024-05-23,13,0.539115367666667
2024-05-23,14,0.537207689
2024-05-23,15,0.535393048333333
2024-05-23,16,0.533666909
2024-05-23,17,0.606326593333333
2024-05-23,18,0.601140984
2024-05-23,19,0.596208280333333
2024-05-23,20,0.591516147
2024-05-23,21,0.587052852
2024-05-23,22,0.582807234
2024-05-23,23,0.578768678
2024-05-24,0,0.522567604
2024-05-24,1,0.521466969
2024-05-24,2,0.520420012666667
2024-05-24,3,0.519424116666667
2024-05-24,4,0.518476791666667
2024-05-24,5,0.517575667666667
2024-05-24,6,0.516718492333333
2024-05-24,7,0.515903121666667
2024-05-24,8,0.515127517333333
2024-05-24,9,0.514389739666667
2024-05-24,10,0.513687943666667
2024-05-24,11,0.513020374666667
2024-05-24,12,0.512385363666667
2024-05-24,13,0.511781322333333
2024-05-24,14,0.511206740666667
2024-05-24,15,0.510660181
2024-05-24,16,0.510140278
2024-05-24,17,0.532024954666667
2024-05-24,18,0.530463079333333
2024-05-24,19,0.528977377333333
2024-05-24,20,0.527564134
2024-05-24,21,0.526219815333333
2024-05-24,22,0.524941059333333
2024-05-24,23,0.523724669666667
2024-05-25,0,0.506797231333333
2024-05-25,1,0.506465726666667
2024-05-25,2,0.506150389666667
2024-05-25,3,0.505850431666667
2024-05-25,4,0.505565102666667
2024-05-25,5,0.505293689333333
2024-05-25,6,0.505035513333333
2024-05-25,7,0.504789928333333
2024-05-25,8,0.504556320666667
2024-05-25,9,0.504334106333333
2024-05-25,10,0.504122729333333
2024-05-25,11,0.503921661333333
2024-05-25,12,0.503730399666667
2024-05-25,13,0.503548466333333
2024-05-25,14,0.503375405333333
2024-05-25,15,0.503210785
2024-05-25,16,0.503028672
2024-05-25,17,0.509645731
2024-05-25,18,0.509175303
2024-05-25,19,0.508727818
2024-05-25,20,0.508302157666667
2024-05-25,21,0.507897256333333
2024-05-25,22,0.507512102666667
2024-05-25,23,0.507145733333333
2024-05-26,0,0.502047286666667
2024-05-26,1,0.501947439333333
2024-05-26,2,0.501852461666667
2024-05-26,3,0.501762116
2024-05-26,4,0.501676176666667
2024-05-26,5,0.501594428666667
2024-05-26,6,0.501516667333333
2024-05-26,7,0.501442698666667
2024-05-26,8,0.501372337333333
2024-05-26,9,0.501305407666667
2024-05-26,10,0.501241742
2024-05-26,11,0.501181181666667
2024-05-26,12,0.501123574666667
2024-05-26,13,0.501068777333333
2024-05-26,14,0.501016652333333
2024-05-26,15,0.50096707
2024-05-26,16,0.500919905333333
2024-05-26,17,0.502905238
2024-05-26,18,0.502763548
2024-05-26,19,0.502628768333333
2024-05-26,20,0.502500561666667
2024-05-26,21,0.502378608
2024-05-26,22,0.502262601666667
2024-05-26,23,0.502152253333333
2024-05-27,0,0.500616631
2024-05-27,1,0.500586557333333
2024-05-27,2,0.500557950666667
2024-05-27,3,0.500530739333333
2024-05-27,4,0.500504854666667
2024-05-27,5,0.500480232333333
2024-05-27,6,0.500456811333333
2024-05-27,7,0.500434532333333
2024-05-27,8,0.500413340333333
2024-05-27,9,0.500393181333333
2024-05-27,10,0.500374005666667
2024-05-27,11,0.500355765
2024-05-27,12,0.500338414333333
2024-05-27,13,0.500321909666667
2024-05-27,14,0.50030621
2024-05-27,15,0.500291276
2024-05-27,16,0.50027707
2024-05-27,17,0.500875041
2024-05-27,18,0.500832364666667
2024-05-27,19,0.50079177
2024-05-27,20,0.500753155
2024-05-27,21,0.500716423
2024-05-27,22,0.500681482666667
2024-05-27,23,0.500648246333333
2024-05-28,0,0.500185725666667
2024-05-28,1,0.500176667666667
2024-05-28,2,0.500168051666667
2024-05-28,3,0.500159855666667
2024-05-28,4,0.500152059333333
2024-05-28,5,0.500144643333333
2024-05-28,6,0.500137588666667
2024-05-28,7,0.500130879
2024-05-28,8,0.500124495666667
2024-05-28,9,0.500118424
2024-05-28,10,0.500112648333333
2024-05-28,11,0.500107154333333
2024-05-28,12,0.500101928333333
2024-05-28,13,0.500096957333333
2024-05-28,14,0.500092228666667
2024-05-28,15,0.500087730666667
2024-05-28,16,0.500083452
2024-05-28,17,0.500263557333333
2024-05-28,18,0.500250703333333
2024-05-28,19,0.500238476333333
2024-05-28,20,0.500226846
2024-05-28,21,0.500215782333333
2024-05-28,22,0.500205258666667
2024-05-28,23,0.500195248
2024-05-29,0,0.500055939333333
2024-05-29,1,0.500053211333333
2024-05-29,2,0.500050616
2024-05-29,3,0.500048147333333
2024-05-29,4,0.500045799333333
2024-05-29,5,0.500043566
2024-05-29,6,0.500041441
2024-05-29,7,0.50003942
2024-05-29,8,0.500037497333333
2024-05-29,9,0.500035668666667
2024-05-29,10,0.500033929
2024-05-29,11,0.500032274333333
2024-05-29,12,0.5000307
2024-05-29,13,0.500029203
2024-05-29,14,0.500027778666667
2024-05-29,15,0.500026424333333
2024-05-29,16,0.500025135
2024-05-29,17,0.500079382333333
2024-05-29,18,0.50007551
2024-05-29,19,0.500071827666667
2024-05-29,20,0.500068324666667
2024-05-29,21,0.500064992333333
2024-05-29,22,0.500061822666667
2024-05-29,23,0.500058807333333
2024-05-30,0,0.500016848666667
2024-05-30,1,0.500016027
2024-05-30,2,0.500015245333333
2024-05-30,3,0.500014501666667
2024-05-30,4,0.500013794333333
2024-05-30,5,0.500013122
2024-05-30,6,0.500012481666667
2024-05-30,7,0.500011873
2024-05-30,8,0.500011294
2024-05-30,9,0.500010743333333
2024-05-30,10,0.500010219
2024-05-30,11,0.500009720666667
2024-05-30,12,0.500009246666667
2024-05-30,13,0.500008796
2024-05-30,14,0.500008367
2024-05-30,15,0.500007958666667
2024-05-30,16,0.500007570666667
2024-05-30,17,0.500023909333333
2024-05-30,18,0.500022743
2024-05-30,19,0.500021634333333
2024-05-30,20,0.500020579
2024-05-30,21,0.500019575333333
2024-05-30,22,0.500018620666667
2024-05-30,23,0.500017712666667
2024-05-31,0,0.500005074666667
2024-05-31,1,0.500004827333333
2024-05-31,2,0.500004591666667
2024-05-31,3,0.500004367666667
2024-05-31,4,0.500004154666667
2024-05-31,5,0.500003952333333
2024-05-31,6,0.500003759333333
2024-05-31,7,0.500003576333333
2024-05-31,8,0.500003401666667
2024-05-31,9,0.500003235666667
2024-05-31,10,0.500003078
2024-05-31,11,0.500002928
2024-05-31,12,0.500002785333333
2024-05-31,13,0.500002649333333
2024-05-31,14,0.50000252
2024-05-31,15,0.500002397
2024-05-31,16,0.50000228
2024-05-31,17,0.500007201666667
2024-05-31,18,0.500006850333333
2024-05-31,19,0.500006516
2024-05-31,20,0.500006198333333
2024-05-31,21,0.500005896
2024-05-31,22,0.500005608333333
2024-05-31,23,0.500005334666667
2024-06-01,0,0.500001528333333
2024-06-01,1,0.500001454
2024-06-01,2,0.500001383
2024-06-01,3,0.500001315666667
2024-06-01,4,0.500001251333333
2024-06-01,5,0.500001190333333
2024-06-01,6,0.500001132333333
2024-06-01,7,0.500001077
2024-06-01,8,0.500001024666667
2024-06-01,9,0.500000974666667
2024-06-01,10,0.500000927333333
2024-06-01,11,0.500000882
2024-06-01,12,0.500000839
2024-06-01,13,0.500000798
2024-06-01,14,0.500000759
2024-06-01,15,0.500000722
2024-06-01,16,0.500000686666667
2024-06-01,17,0.500002169
2024-06-01,18,0.500002063333333
2024-06-01,19,0.500001962333333
2024-06-01,20,0.500001867
2024-06-01,21,0.500001776
2024-06-01,22,0.500001689
2024-06-01,23,0.500001607
2024-06-02,0,0.500000460333333
2024-06-02,1,0.500000438
2024-06-02,2,0.500000417
2024-06-02,3,0.500000396333333
2024-06-02,4,0.500000377
2024-06-02,5,0.500000359
2024-06-02,6,0.500000341
2024-06-02,7,0.500000324333333
2024-06-02,8,0.500000308666667
2024-06-02,9,0.500000293666667
2024-06-02,10,0.500000279333333
2024-06-02,11,0.500000265666667
2024-06-02,12,0.500000252666667
2024-06-02,13,0.50000024
2024-06-02,14,0.500000228666667
2024-06-02,15,0.500000217333333
2024-06-02,16,0.500000206666667
2024-06-02,17,0.500000653
2024-06-02,18,0.500000621333333
2024-06-02,19,0.500000591
2024-06-02,20,0.500000562333333
2024-06-02,21,0.500000535
2024-06-02,22,0.500000508666667
2024-06-02,23,0.500000484
2024-06-03,0,0.500000138666667
2024-06-03,1,0.500000132
2024-06-03,2,0.500000125333333
2024-06-03,3,0.500000119
2024-06-03,4,0.500000113666667
2024-06-03,5,0.500000108
2024-06-03,6,0.500000102666667
2024-06-03,7,0.500000097666667
2024-06-03,8,0.500000093
2024-06-03,9,0.500000088333333
2024-06-03,10,0.500000084333333
2024-06-03,11,0.50000008
2024-06-03,12,0.500000076
2024-06-03,13,0.500000072333333
2024-06-03,14,0.500000069
2024-06-03,15,0.500000065333333
2024-06-03,16,0.500000062
2024-06-03,17,0.500000196666667
2024-06-03,18,0.500000187
2024-06-03,19,0.500000178
2024-06-03,20,0.500000169333333
2024-06-03,21,0.500000161
2024-06-03,22,0.500000153333333
2024-06-03,23,0.500000145666667
2024-06-04,0,0.500000041666667
2024-06-04,1,0.500000039666667
2024-06-04,2,0.500000037666667
2024-06-04,3,0.500000036
2024-06-04,4,0.500000034333333
2024-06-04,5,0.500000032666667
2024-06-04,6,0.500000030666667
2024-06-04,7,0.500000029333333
2024-06-04,8,0.500000028
2024-06-04,9,0.500000026666667
2024-06-04,10,0.500000025333333
2024-06-04,11,0.500000024
2024-06-04,12,0.500000023
2024-06-04,13,0.500000021666667
2024-06-04,14,0.500000020666667
2024-06-04,15,0.500000019666667
2024-06-04,16,0.500000018666667
2024-06-04,17,0.500000059
2024-06-04,18,0.500000056
2024-06-04,19,0.500000054
2024-06-04,20,0.500000051
2024-06-04,21,0.500000048666667
2024-06-04,22,0.500000046
2024-06-04,23,0.500000044
2024-06-05,0,0.500000012666667
2024-06-05,1,0.500000012
2024-06-05,2,0.500000011333333
2024-06-05,3,0.500000011
2024-06-05,4,0.50000001
2024-06-05,5,0.50000001
2024-06-05,6,0.500000009
2024-06-05,7,0.500000009
2024-06-05,8,0.500000008333333
2024-06-05,9,0.500000008
2024-06-05,10,0.500000008
2024-06-05,11,0.500000007
2024-06-05,12,0.500000007
2024-06-05,13,0.500000006666667
2024-06-05,14,0.500000006
2024-06-05,15,0.500000006
2024-06-05,16,0.500000006
2024-06-05,17,0.500000018
2024-06-05,18,0.500000017
2024-06-05,19,0.500000016
2024-06-05,20,0.500000015333333
2024-06-05,21,0.500000014666667
2024-06-05,22,0.500000014
2024-06-05,23,0.500000013
2024-06-06,0,0.500000004
2024-06-06,1,0.500000004
2024-06-06,2,0.500000003
2024-06-06,3,0.500000003
2024-06-06,4,0.500000003
2024-06-06,5,0.500000003
2024-06-06,6,0.500000003
2024-06-06,7,0.500000003
2024-06-06,8,0.500000002666667
2024-06-06,9,0.500000002
2024-06-06,10,0.500000002
2024-06-06,11,0.500000002
2024-06-06,12,0.500000002
2024-06-06,13,0.500000002
2024-06-06,14,0.500000002
2024-06-06,15,0.500000002
2024-06-06,16,0.500000002
2024-06-06,17,0.500000005
2024-06-06,18,0.500000005
2024-06-06,19,0.500000005
2024-06-06,20,0.500000005
2024-06-06,21,0.500000004
2024-06-06,22,0.500000004
2024-06-06,23,0.500000004
2024-06-07,0,0.500000001
2024-06-07,1,0.500000001
2024-06-07,2,0.500000001
2024-06-07,3,0.500000001
2024-06-07,4,0.500000001
2024-06-07,5,0.500000001
2024-06-07,6,0.500000001
2024-06-07,7,0.500000001
2024-06-07,8,0.500000001
2024-06-07,9,0.500000001
2024-06-07,10,0.500000001
2024-06-07,11,0.500000001
2024-06-07,12,0.500000001
2024-06-07,13,0.500000001
2024-06-07,14,0.500000001
2024-06-07,15,0.500000001
2024-06-07,16,0.500000001
2024-06-07,17,0.500000002
2024-06-07,18,0.500000002
2024-06-07,19,0.500000001
2024-06-07,20,0.500000001
2024-06-07,21,0.500000001
2024-06-07,22,0.500000001
2024-06-07,23,0.500000001
2024-06-08,0,0.5
2024-06-08,1,0.5
2024-06-08,2,0.5
2024-06-08,3,0.5
2024-06-08,4,0.5
2024-06-08,5,0.5
2024-06-08,6,0.5
2024-06-08,7,0.5
2024-06-08,8,0.5
2024-06-08,9,0.5
2024-06-08,10,0.5
2024-06-08,11,0.5
2024-06-08,12,0.5
2024-06-08,13,0.5
2024-06-08,14,0.5
2024-06-08,15,0.5
2024-06-08,16,0.5
2024-06-08,17,0.5
2024-06-08,18,0.5
2024-06-08,19,0.5
2024-06-08,20,0.5
2024-06-08,21,0.5
2024-06-08,22,0.5
2024-06-08,23,0.5
2024-06-09,0,0.5
2024-06-09,1,0.5
2024-06-09,2,0.5
2024-06-09,3,0.5
2024-06-09,4,0.5
2024-06-09,5,0.5
2024-06-09,6,0.5
2024-06-09,7,0.5
2024-06-09,8,0.5
2024-06-09,9,0.5
2024-06-09,10,0.5
2024-06-09,11,0.5
2024-06-09,12,0.5
2024-06-09,13,0.5
2024-06-09,14,0.5
2024-06-09,15,0.5
2024-06-09,16,0.5
2024-06-09,17,0.5
2024-06-09,18,0.5
2024-06-09,19,0.5
2024-06-09,20,0.5
2024-06-09,21,0.5
2024-06-09,22,0.5
2024-06-09,23,0.5
2024-06-10,0,0.5
2024-06-10,1,0.5
2024-06-10,2,0.5
2024-06-10,3,0.5
2024-06-10,4,0.5
2024-06-10,5,0.5
2024-06-10,6,0.5
2024-06-10,7,0.5
2024-06-10,8,0.5
2024-06-10,9,0.5
2024-06-10,10,0.5
2024-06-10,11,0.5
2024-06-10,12,0.5
2024-06-10,13,0.5
2024-06-10,14,0.5
2024-06-10,15,0.5
2024-06-10,16,0.5
2024-06-10,17,0.5
2024-06-10,18,0.5
2024-06-10,19,0.5
2024-06-10,20,0.5
2024-06-10,21,0.5
2024-06-10,22,0.5
2024-06-10,23,0.5
2024-06-11,0,0.5
2024-06-11,1,0.5
2024-06-11,2,0.5
2024-06-11,3,0.5
2024-06-11,4,0.5
2024-06-11,5,0.5
2024-06-11,6,0.5
2024-06-11,7,0.5
2024-06-11,8,0.5
2024-06-11,9,0.5
2024-06-11,10,0.5
2024-06-11,11,0.5
2024-06-11,12,0.5
2024-06-11,13,0.5
2024-06-11,14,0.5
2024-06-11,15,0.5
2024-06-11,16,0.5
2024-06-11,17,0.5
2024-06-11,18,0.5
2024-06-11,19,0.5
2024-06-11,20,0.5
2024-06-11,21,0.5
2024-06-11,22,0.5
2024-06-11,23,0.5
2024-06-12,0,0.5
2024-06-12,1,0.5
2024-06-12,2,0.5
2024-06-12,3,0.5
2024-06-12,4,0.5
2024-06-12,5,0.5
2024-06-12,6,0.5
2024-06-12,7,0.5
2024-06-12,8,0.5
2024-06-12,9,0.5
2024-06-12,10,0.5
2024-06-12,11,0.5
2024-06-12,12,0.5
2024-06-12,13,0.5
2024-06-12,14,0.5
2024-06-12,15,0.5
2024-06-12,16,0.5
2024-06-12,17,0.5
2024-06-12,18,0.5
2024-06-12,19,0.5
2024-06-12,20,0.5
2024-06-12,21,0.5
2024-06-12,22,0.5
2024-06-12,23,0.5
2024-06-13,0,0.5
2024-06-13,1,0.5
2024-06-13,2,0.5
2024-06-13,3,0.5
2024-06-13,4,0.5
2024-06-13,5,0.5
2024-06-13,6,0.5
2024-06-13,7,0.5
2024-06-13,8,0.5
2024-06-13,9,0.5
2024-06-13,10,0.5
2024-06-13,11,0.5
2024-06-13,12,0.5
2024-06-13,13,0.5
2024-06-13,14,0.5
2024-06-13,15,0.5
2024-06-13,16,0.5
2024-06-13,17,0.5
2024-06-13,18,0.5
2024-06-13,19,0.5
2024-06-13,20,0.5
2024-06-13,21,0.5
2024-06-13,22,0.5
2024-06-13,23,0.5
2024-06-14,0,0.5
2024-06-14,1,0.5
2024-06-14,2,0.5
2024-06-14,3,0.5
2024-06-14,4,0.5
2024-06-14,5,0.5
2024-06-14,6,0.5
2024-06-14,7,0.5
2024-06-14,8,0.5
2024-06-14,9,0.5
2024-06-14,10,0.5
2024-06-14,11,0.5
2024-06-14,12,0.5
2024-06-14,13,0.5
2024-06-14,14,0.5
2024-06-14,15,0.5
2024-06-14,16,0.5
2024-06-14,17,0.5
2024-06-14,18,0.5
2024-06-14,19,0.5
2024-06-14,20,0.5
2024-06-14,21,0.5
2024-06-14,22,0.5
2024-06-14,23,0.5
2024-06-15,0,0.5
2024-06-15,1,0.5
2024-06-15,2,0.5
2024-06-15,3,0.5
2024-06-15,4,0.5
2024-06-15,5,0.5
2024-06-15,6,0.5
2024-06-15,7,0.5
2024-06-15,8,0.5
2024-06-15,9,0.5
2024-06-15,10,0.5
2024-06-15,11,0.5
2024-06-15,12,0.5
2024-06-15,13,0.5
2024-06-15,14,0.5
2024-06-15,15,0.5
2024-06-15,16,0.5
2024-06-15,17,0.5
2024-06-15,18,0.5
2024-06-15,19,0.5
2024-06-15,20,0.5
2024-06-15,21,0.5
2024-06-15,22,0.5
2024-06-15,23,0.5
2024-06-16,0,0.5
2024-06-16,1,0.5
2024-06-16,2,0.5
2024-06-16,3,0.5
2024-06-16,4,0.5
2024-06-16,5,0.5
2024-06-16,6,0.5
2024-06-16,7,0.5
2024-06-16,8,0.5
2024-06-16,9,0.5
2024-06-16,10,0.5
2024-06-16,11,0.5
2024-06-16,12,0.5
2024-06-16,13,0.5
2024-06-16,14,0.5
2024-06-16,15,0.5
2024-06-16,16,0.5
2024-06-16,17,0.5
2024-06-16,18,0.5
2024-06-16,19,0.5
2024-06-16,20,0.5
2024-06-16,21,0.5
2024-06-16,22,0.5
2024-06-16,23,0.5
2024-06-17,0,0.5
2024-06-17,1,0.5
2024-06-17,2,0.5
2024-06-17,3,0.5
2024-06-17,4,0.5
2024-06-17,5,0.5
2024-06-17,6,0.5
2024-06-17,7,0.5
2024-06-17,8,0.5
2024-06-17,9,0.5
2024-06-17,10,0.5
2024-06-17,11,0.5
2024-06-17,12,0.5
2024-06-17,13,0.5
2024-06-17,14,0.5
2024-06-17,15,0.5
2024-06-17,16,0.5
2024-06-17,17,0.5
2024-06-17,18,0.5
2024-06-17,19,0.5
2024-06-17,20,0.5
2024-06-17,21,0.5
2024-06-17,22,0.5
2024-06-17,23,0.5
2024-06-18,0,0.5
2024-06-18,1,0.5
2024-06-18,2,0.5
2024-06-18,3,0.5
2024-06-18,4,0.5
2024-06-18,5,0.5
2024-06-18,6,0.5
2024-06-18,7,0.5
2024-06-18,8,0.5
2024-06-18,9,0.5
2024-06-18,10,0.5
2024-06-18,11,0.5
2024-06-18,12,0.5
2024-06-18,13,0.5
2024-06-18,14,0.5
2024-06-18,15,0.5
2024-06-18,16,0.5
2024-06-18,17,0.5
2024-06-18,18,0.5
2024-06-18,19,0.5
2024-06-18,20,0.5
2024-06-18,21,0.5
2024-06-18,22,0.5
2024-06-18,23,0.5
2024-06-19,0,0.5
2024-06-19,1,0.5
2024-06-19,2,0.5
2024-06-19,3,0.5
2024-06-19,4,0.5
2024-06-19,5,0.5
2024-06-19,6,0.5
2024-06-19,7,0.5
2024-06-19,8,0.5
2024-06-19,9,0.5
2024-06-19,10,0.5
2024-06-19,11,0.5
2024-06-19,12,0.5
2024-06-19,13,0.5
2024-06-19,14,0.5
2024-06-19,15,0.5
2024-06-19,16,0.5
2024-06-19,17,0.5
2024-06-19,18,0.5
2024-06-19,19,0.5
2024-06-19,20,0.5
2024-06-19,21,0.5
2024-06-19,22,0.5
2024-06-19,23,0.5
2024-06-20,0,0.5
2024-06-20,1,0.5
2024-06-20,2,0.5
2024-06-20,3,0.5
2024-06-20,4,0.5
2024-06-20,5,0.5
2024-06-20,6,0.5
2024-06-20,7,0.5
2024-06-20,8,0.5
2024-06-20,9,0.5
2024-06-20,10,0.5
2024-06-20,11,0.5
2024-06-20,12,0.5
2024-06-20,13,0.5
2024-06-20,14,0.5
2024-06-20,15,0.5
2024-06-20,16,0.5
2024-06-20,17,0.5
2024-06-20,18,0.5
2024-06-20,19,0.5
2024-06-20,20,0.5
2024-06-20,21,0.5
2024-06-20,22,0.5
2024-06-20,23,0.5
2024-06-21,0,0.5
2024-06-21,1,0.5
2024-06-21,2,0.5
2024-06-21,3,0.5
2024-06-21,4,0.5
2024-06-21,5,0.5
2024-06-21,6,0.5
2024-06-21,7,0.5
2024-06-21,8,0.5
2024-06-21,9,0.5
2024-06-21,10,0.5
2024-06-21,11,0.5
2024-06-21,12,0.5
2024-06-21,13,0.5
2024-06-21,14,0.5
2024-06-21,15,0.5
2024-06-21,16,0.5
2024-06-21,17,0.5
2024-06-21,18,0.5
2024-06-21,19,0.5
2024-06-21,20,0.5
2024-06-21,21,0.5
2024-06-21,22,0.5
2024-06-21,23,0.5
2024-06-22,0,0.5
2024-06-22,1,0.5
2024-06-22,2,0.5
2024-06-22,3,0.5
2024-06-22,4,0.5
2024-06-22,5,0.5
2024-06-22,6,0.5
2024-06-22,7,0.5
2024-06-22,8,0.5
2024-06-22,9,0.5
2024-06-22,10,0.5
2024-06-22,11,0.5
2024-06-22,12,0.5
2024-06-22,13,0.5
2024-06-22,14,0.5
2024-06-22,15,0.5
2024-06-22,16,0.5
2024-06-22,17,0.5
2024-06-22,18,0.5
2024-06-22,19,0.5
2024-06-22,20,0.5
2024-06-22,21,0.5
2024-06-22,22,0.5
2024-06-22,23,0.5
2024-06-23,0,0.5
2024-06-23,1,0.5
2024-06-23,2,0.5
2024-06-23,3,0.5
2024-06-23,4,0.5
2024-06-23,5,0.5
2024-06-23,6,0.5
2024-06-23,7,0.5
2024-06-23,8,0.5
2024-06-23,9,0.5
2024-06-23,10,0.5
2024-06-23,11,0.5
2024-06-23,12,0.5
2024-06-23,13,0.5
2024-06-23,14,0.5
2024-06-23,15,0.5
2024-06-23,16,0.5
2024-06-23,17,0.5
2024-06-23,18,0.5
2024-06-23,19,0.5
2024-06-23,20,0.5
2024-06-23,21,0.5
2024-06-23,22,0.5
2024-06-23,23,0.5
2024-06-24,0,0.5
2024-06-24,1,0.5
2024-06-24,2,0.5
2024-06-24,3,0.5
2024-06-24,4,0.5
2024-06-24,5,0.5
2024-06-24,6,0.5
2024-06-24,7,0.5
2024-06-24,8,0.5
2024-06-24,9,0.5
2024-06-24,10,0.5
2024-06-24,11,0.5
2024-06-24,12,0.5
2024-06-24,13,0.5
2024-06-24,14,0.5
2024-06-24,15,0.5
2024-06-24,16,0.5
2024-06-24,17,0.5
2024-06-24,18,0.5
2024-06-24,19,0.5
2024-06-24,20,0.5
2024-06-24,21,0.5
2024-06-24,22,0.5
2024-06-24,23,0.5
2024-06-25,0,0.5
2024-06-25,1,0.5
2024-06-25,2,0.5
2024-06-25,3,0.5
2024-06-25,4,0.5
2024-06-25,5,0.5
2024-06-25,6,0.5
2024-06-25,7,0.5
2024-06-25,8,0.5
2024-06-25,9,0.5
2024-06-25,10,0.5
2024-06-25,11,0.5
2024-06-25,12,0.5
2024-06-25,13,0.5
2024-06-25,14,0.5
2024-06-25,15,0.5
2024-06-25,16,0.5
2024-06-25,17,0.5
2024-06-25,18,0.5
2024-06-25,19,0.5
2024-06-25,20,0.5
2024-06-25,21,0.5
2024-06-25,22,0.5
2024-06-25,23,0.5
2024-06-26,0,0.5
2024-06-26,1,0.5
2024-06-26,2,0.5
2024-06-26,3,0.5
2024-06-26,4,0.5
2024-06-26,5,0.5
2024-06-26,6,0.5
2024-06-26,7,0.5
2024-06-26,8,0.5
2024-06-26,9,0.5
2024-06-26,10,0.5
2024-06-26,11,0.5
2024-06-26,12,0.5
2024-06-26,13,0.5
2024-06-26,14,0.5
2024-06-26,15,0.5
2024-06-26,16,0.5
2024-06-26,17,0.5
2024-06-26,18,0.5
2024-06-26,19,0.5
2024-06-26,20,0.5
2024-06-26,21,0.5
2024-06-26,22,0.5
2024-06-26,23,0.5
2024-06-27,0,0.5
2024-06-27,1,0.5
2024-06-27,2,0.5
2024-06-27,3,0.5
2024-06-27,4,0.5
2024-06-27,5,0.5
2024-06-27,6,0.5
2024-06-27,7,0.5
2024-06-27,8,0.5
2024-06-27,9,0.5
2024-06-27,10,0.5
2024-06-27,11,0.5
2024-06-27,12,0.5
2024-06-27,13,0.5
2024-06-27,14,0.5
2024-06-27,15,0.5
2024-06-27,16,0.5
2024-06-27,17,0.5
2024-06-27,18,0.5
2024-06-27,19,0.5
2024-06-27,20,0.5
2024-06-27,21,0.5
2024-06-27,22,0.5
2024-06-27,23,0.5
2024-06-28,0,0.5
2024-06-28,1,0.5
2024-06-28,2,0.5
2024-06-28,3,0.5
2024-06-28,4,0.5
2024-06-28,5,0.5
2024-06-28,6,0.5
2024-06-28,7,0.5
2024-06-28,8,0.5
2024-06-28,9,0.5
2024-06-28,10,0.5
2024-06-28,11,0.5
2024-06-28,12,0.5
2024-06-28,13,0.5
2024-06-28,14,0.5
2024-06-28,15,0.5
2024-06-28,16,0.5
2024-06-28,17,0.5
2024-06-28,18,0.5
2024-06-28,19,0.5
2024-06-28,20,0.5
2024-06-28,21,0.5
2024-06-28,22,0.5
2024-06-28,23,0.5
2024-06-29,0,0.5
2024-06-29,1,0.5
2024-06-29,2,0.5
2024-06-29,3,0.5
2024-06-29,4,0.5
2024-06-29,5,0.5
2024-06-29,6,0.5
2024-06-29,7,0.5
2024-06-29,8,0.5
2024-06-29,9,0.5
2024-06-29,10,0.5
2024-06-29,11,0.5
2024-06-29,12,0.5
2024-06-29,13,0.5
2024-06-29,14,0.5
2024-06-29,15,0.5
2024-06-29,16,0.5
2024-06-29,17,0.5
2024-06-29,18,0.5
2024-06-29,19,0.5
2024-06-29,20,0.5
2024-06-29,21,0.5
2024-06-29,22,0.5
2024-06-29,23,0.5
2024-06-30,0,0.5
2024-06-30,1,0.5
2024-06-30,2,0.5
2024-06-30,3,0.5
2024-06-30,4,0.5
2024-06-30,5,0.5
2024-06-30,6,0.5
2024-06-30,7,0.5
2024-06-30,8,0.5
2024-06-30,9,0.5
2024-06-30,10,0.5
2024-06-30,11,0.5
2024-06-30,12,0.5
2024-06-30,13,0.5
2024-06-30,14,0.5
2024-06-30,15,0.5
2024-06-30,16,0.5
2024-06-30,17,0.5
2024-06-30,18,0.5
2024-06-30,19,0.5
2024-06-30,20,0.5
2024-06-30,21,0.5
2024-06-30,22,0.5
2024-06-30,23,0.5
2024-07-01,0,0.5
2024-07-01,1,0.5
2024-07-01,2,0.5
2024-07-01,3,0.5
2024-07-01,4,0.5
2024-07-01,5,0.5
2024-07-01,6,0.5
2024-07-01,7,0.5
2024-07-01,8,0.5
2024-07-01,9,0.5
2024-07-01,10,0.5
2024-07-01,11,0.5
2024-07-01,12,0.5
2024-07-01,13,0.5
2024-07-01,14,0.5
2024-07-01,15,0.5
2024-07-01,16,0.5
2024-07-01,17,0.5
2024-07-01,18,0.5
2024-07-01,19,0.5
2024-07-01,20,0.5
2024-07-01,21,0.5
2024-07-01,22,0.5
2024-07-01,23,0.5
2024-07-02,0,0.5
2024-07-02,1,0.5
2024-07-02,2,0.5
2024-07-02,3,0.5
2024-07-02,4,0.5
2024-07-02,5,0.5
2024-07-02,6,0.5
2024-07-02,7,0.5
2024-07-02,8,0.5
2024-07-02,9,0.5
2024-07-02,10,0.5
2024-07-02,11,0.5
2024-07-02,12,0.5
2024-07-02,13,0.5
2024-07-02,14,0.5
2024-07-02,15,0.5
2024-07-02,16,0.5
2024-07-02,17,0.5
2024-07-02,18,0.5
2024-07-02,19,0.5
2024-07-02,20,0.5
2024-07-02,21,0.5
2024-07-02,22,0.5
2024-07-02,23,0.5
2024-07-03,0,0.5
2024-07-03,1,0.5
2024-07-03,2,0.5
2024-07-03,3,0.5
2024-07-03,4,0.5
2024-07-03,5,0.5
2024-07-03,6,0.5
2024-07-03,7,0.5
2024-07-03,8,0.5
2024-07-03,9,0.5
2024-07-03,10,0.5
2024-07-03,11,0.5
2024-07-03,12,0.5
2024-07-03,13,0.5
2024-07-03,14,0.5
2024-07-03,15,0.5
2024-07-03,16,0.5
2024-07-03,17,0.5
2024-07-03,18,0.5
2024-07-03,19,0.5
2024-07-03,20,0.5
2024-07-03,21,0.5
2024-07-03,22,0.5
2024-07-03,23,0.5
2024-07-04,0,0.5
2024-07-04,1,0.5
2024-07-04,2,0.5
2024-07-04,3,0.5
2024-07-04,4,0.5
2024-07-04,5,0.5
2024-07-04,6,0.5
2024-07-04,7,0.5
2024-07-04,8,0.5
2024-07-04,9,0.5
2024-07-04,10,0.5
2024-07-04,12,0.5
2024-07-04,13,0.5
2024-07-04,14,0.5
2024-07-04,15,0.5
2024-07-04,16,0.5
2024-07-04,17,0.5
2024-07-04,18,0.5
2024-07-04,19,0.5
2024-07-04,20,0.5
2024-07-04,21,0.5
2024-07-04,22,0.5
2024-07-04,23,0.5
2024-07-05,0,0.5
2024-07-05,1,0.5
2024-07-05,2,0.5
2024-07-05,3,0.5
2024-07-05,4,0.5
2024-07-05,5,0.5
2024-07-05,6,0.5
2024-07-05,7,0.5
2024-07-05,8,0.5
2024-07-05,9,0.5
2024-07-05,10,0.5
2024-07-05,11,0.5
2024-07-05,12,0.5
2024-07-05,13,0.5
2024-07-05,14,0.5
2024-07-05,15,0.5
2024-07-05,16,0.5
2024-07-05,17,0.5
2024-07-05,18,0.5
2024-07-05,19,0.5
2024-07-05,20,0.5
2024-07-05,21,0.5
2024-07-05,22,0.5
2024-07-05,23,0.5
2024-07-06,0,0.5
2024-07-06,1,0.5
2024-07-06,2,0.5
2024-07-06,3,0.5
2024-07-06,4,0.5
2024-07-06,5,0.5
2024-07-06,6,0.5
2024-07-06,7,0.5
2024-07-06,8,0.5
2024-07-06,9,0.5
2024-07-06,10,0.5
2024-07-06,11,0.5
2024-07-06,12,0.5
2024-07-06,13,0.5
2024-07-06,14,0.5
2024-07-06,15,0.5
2024-07-06,16,0.5
2024-07-06,17,0.5
2024-07-06,18,0.5
2024-07-06,19,0.5
2024-07-06,20,0.5
2024-07-06,21,0.5
2024-07-06,22,0.5
2024-07-06,23,0.5
2024-07-07,0,0.5
2024-07-07,1,0.5
2024-07-07,2,0.5
2024-07-07,3,0.5
2024-07-07,4,0.5
2024-07-07,5,0.5
2024-07-07,6,0.5
2024-07-07,7,0.5
2024-07-07,8,0.5
2024-07-07,9,0.5
2024-07-07,10,0.5
2024-07-07,11,0.5
2024-07-07,12,0.5
2024-07-07,13,0.5
2024-07-07,14,0.5
2024-07-07,15,0.5
2024-07-07,16,0.5
2024-07-07,17,0.5
2024-07-07,18,0.5
2024-07-07,19,0.5
2024-07-07,20,0.5
2024-07-07,21,0.5
2024-07-07,22,0.5
2024-07-07,23,0.5
2024-07-08,0,0.5
2024-07-08,1,0.5
2024-07-08,2,0.5
2024-07-08,3,0.5
2024-07-08,4,0.5
2024-07-08,5,0.5
2024-07-08,6,0.5
2024-07-08,7,0.5
2024-07-08,8,0.5
2024-07-08,9,0.5
2024-07-08,10,0.5
2024-07-08,11,0.5
2024-07-08,12,0.5
2024-07-08,13,0.5
2024-07-08,14,0.5
2024-07-08,15,0.5
2024-07-08,16,0.5
2024-07-08,17,0.5
2024-07-08,18,0.5
2024-07-08,19,0.5
2024-07-08,20,0.5
2024-07-08,21,0.5
2024-07-08,22,0.5
2024-07-08,23,0.5
2024-07-09,0,0.5
2024-07-09,1,0.5
2024-07-09,2,0.5
2024-07-09,3,0.5
2024-07-09,4,0.5
2024-07-09,5,0.5
2024-07-09,6,0.5
2024-07-09,7,0.5
2024-07-09,8,0.5
2024-07-09,9,0.5
2024-07-09,10,0.5
2024-07-09,11,0.5
2024-07-09,12,0.5
2024-07-09,13,0.5
2024-07-09,14,0.5
2024-07-09,15,0.5
2024-07-09,16,0.5
2024-07-09,17,0.5
2024-07-09,18,0.5
2024-07-09,19,0.5
2024-07-09,20,0.5
2024-07-09,21,0.5
2024-07-09,22,0.5
2024-07-09,23,0.5
2024-07-10,0,0.5
2024-07-10,1,0.5
2024-07-10,2,0.5
2024-07-10,3,0.5
2024-07-10,4,0.5
2024-07-10,5,0.5
2024-07-10,6,0.5
2024-07-10,7,0.5
2024-07-10,8,0.5
2024-07-10,9,0.5
2024-07-10,10,0.5
2024-07-10,11,0.5
2024-07-10,12,0.5
2024-07-10,13,0.5
2024-07-10,14,0.5
2024-07-10,15,0.5
2024-07-10,16,0.5
2024-07-10,17,0.5
2024-07-10,18,0.5
2024-07-10,19,0.5
2024-07-10,20,0.5
2024-07-10,21,0.5
2024-07-10,22,0.5
2024-07-10,23,0.5
2024-07-11,0,0.5
2024-07-11,1,0.5
2024-07-11,2,0.5
2024-07-11,3,0.5
2024-07-11,4,0.5
2024-07-11,5,0.5
2024-07-11,6,0.5
2024-07-11,7,0.5
2024-07-11,8,0.5
2024-07-11,9,0.5
2024-07-11,10,0.5
2024-07-11,11,0.5
2024-07-11,12,0.5
2024-07-11,13,0.5
2024-07-11,14,0.5
2024-07-11,15,0.5
2024-07-11,16,0.5
2024-07-11,17,0.5
2024-07-11,18,0.5
2024-07-11,19,0.5
2024-07-11,20,0.5
2024-07-11,21,0.5
2024-07-11,22,0.5
2024-07-11,23,0.5
2024-07-12,0,0.5
2024-07-12,1,0.5
2024-07-12,2,0.5
2024-07-12,3,0.5
2024-07-12,4,0.5
2024-07-12,5,0.5
2024-07-12,6,0.5
2024-07-12,7,0.5
2024-07-12,8,0.5
2024-07-12,9,0.5
2024-07-12,10,0.5
2024-07-12,11,0.5
2024-07-12,12,0.5
2024-07-12,13,0.5
2024-07-12,14,0.5
2024-07-12,15,0.5
2024-07-12,16,0.5
2024-07-12,17,0.5
2024-07-12,18,0.5
2024-07-12,19,0.5
2024-07-12,20,0.5
2024-07-12,21,0.5
2024-07-12,22,0.5
2024-07-12,23,0.5
2024-07-13,0,0.5
2024-07-13,1,0.5
2024-07-13,2,0.5
2024-07-13,3,0.5
2024-07-13,4,0.5
2024-07-13,5,0.5
2024-07-13,6,0.5
2024-07-13,7,0.5
2024-07-13,8,0.5
2024-07-13,9,0.5
2024-07-13,10,0.5
2024-07-13,11,0.5
2024-07-13,12,0.5
2024-07-13,13,0.5
2024-07-13,14,0.5
2024-07-13,15,0.5
2024-07-13,16,0.5
2024-07-13,17,0.5
2024-07-13,18,0.5
2024-07-13,19,0.5
2024-07-13,20,0.5
2024-07-13,21,0.5
2024-07-13,22,0.5
2024-07-13,23,0.5
2024-07-14,0,0.5
2024-07-14,1,0.5
2024-07-14,2,0.5
2024-07-14,3,0.5
2024-07-14,4,0.5
2024-07-14,5,0.5
2024-07-14,6,0.5
2024-07-14,7,0.5
2024-07-14,8,0.5
2024-07-14,9,0.5
2024-07-14,10,0.5
2024-07-14,11,0.5
2024-07-14,12,0.5
2024-07-14,13,0.5
2024-07-14,14,0.5
2024-07-14,15,0.5
2024-07-14,16,0.5
2024-07-14,17,0.5
2024-07-14,18,0.5
2024-07-14,19,0.5
2024-07-14,20,0.5
2024-07-14,21,0.5
2024-07-14,22,0.5
2024-07-14,23,0.5
2024-07-15,0,0.5
2024-07-15,1,0.5
2024-07-15,2,0.5
2024-07-15,3,0.5
2024-07-15,4,0.5
2024-07-15,5,0.5
2024-07-15,6,0.5
2024-07-15,7,0.5
2024-07-15,8,0.5
2024-07-15,9,0.5
2024-07-15,10,0.5
2024-07-15,11,0.5
2024-07-15,12,0.5
2024-07-15,13,0.5
2024-07-15,14,0.5
2024-07-15,15,0.5
2024-07-15,16,0.5
2024-07-15,17,0.5
2024-07-15,18,0.5
2024-07-15,19,0.5
2024-07-15,20,0.5
2024-07-15,21,0.5
2024-07-15,22,0.5
2024-07-15,23,0.5
2024-07-16,0,0.5
2024-07-16,1,0.5
2024-07-16,2,0.5
2024-07-16,3,0.5
2024-07-16,4,0.5
2024-07-16,5,0.5
2024-07-16,6,0.5
2024-07-16,7,0.5
2024-07-16,8,0.5
2024-07-16,9,0.5
2024-07-16,10,0.5
2024-07-16,11,0.5
2024-07-16,12,0.5
2024-07-16,13,0.5
2024-07-16,14,0.5
2024-07-16,15,0.5
2024-07-16,16,0.5
2024-07-16,17,0.5
2024-07-16,18,0.5
2024-07-16,19,0.5
2024-07-16,20,0.5
2024-07-16,21,0.5
2024-07-16,22,0.5
2024-07-16,23,0.5
2024-07-17,0,0.5
2024-07-17,1,0.5
2024-07-17,2,0.5
2024-07-17,3,0.5
2024-07-17,4,0.5
2024-07-17,5,0.5
2024-07-17,6,0.5
2024-07-17,7,0.5
2024-07-17,8,0.5
2024-07-17,9,0.5
2024-07-17,10,0.5
2024-07-17,11,0.5
2024-07-17,12,0.5
2024-07-17,13,0.5
2024-07-17,14,0.5
2024-07-17,15,0.5
2024-07-17,16,0.5
2024-07-17,17,0.5
2024-07-17,18,0.5
2024-07-17,19,0.5
2024-07-17,20,0.5
2024-07-17,21,0.5
2024-07-17,22,0.5
2024-07-17,23,0.5
2024-07-18,0,0.5
2024-07-18,1,0.5
2024-07-18,2,0.5
2024-07-18,3,0.5
2024-07-18,4,0.5
2024-07-18,5,0.5
2024-07-18,6,0.5
2024-07-18,7,0.5
2024-07-18,8,0.5
2024-07-18,9,0.5
2024-07-18,10,0.5
2024-07-18,11,0.5
2024-07-18,12,0.5
2024-07-18,13,0.5
2024-07-18,14,0.5
2024-07-18,15,0.5
2024-07-18,16,0.5
2024-07-18,17,0.5
2024-07-18,18,0.5
2024-07-18,19,0.5
2024-07-18,20,0.5
2024-07-18,21,0.5
2024-07-18,22,0.5
2024-07-18,23,0.5
2024-07-19,0,0.5
2024-07-19,1,0.5
2024-07-19,2,0.5
2024-07-19,3,0.5
2024-07-19,4,0.5
2024-07-19,5,0.5
2024-07-19,6,0.5
2024-07-19,7,0.5
2024-07-19,8,0.5
2024-07-19,9,0.5
2024-07-19,10,0.5
2024-07-19,11,0.5
2024-07-19,12,0.5
2024-07-19,13,0.5
2024-07-19,14,0.5
2024-07-19,15,0.5
2024-07-19,16,0.5
2024-07-19,17,0.5
2024-07-19,18,0.5
2024-07-19,19,0.5
2024-07-19,20,0.5
2024-07-19,21,0.5
2024-07-19,22,0.5
2024-07-19,23,0.5
2024-07-20,0,0.5
2024-07-20,1,0.5
2024-07-20,2,0.5
2024-07-20,3,0.5
2024-07-20,4,0.5
2024-07-20,5,0.5
2024-07-20,6,0.5
2024-07-20,7,0.5
2024-07-20,8,0.5
2024-07-20,9,0.5
2024-07-20,10,0.5
2024-07-20,11,0.5
2024-07-20,12,0.5
2024-07-20,13,0.5
2024-07-20,14,0.5
2024-07-20,15,0.5
2024-07-20,16,0.5
2024-07-20,17,0.5
2024-07-20,18,0.5
2024-07-20,19,0.5
2024-07-20,20,0.5
2024-07-20,21,0.5
2024-07-20,22,0.5
2024-07-20,23,0.5
2024-07-21,0,0.5
2024-07-21,1,0.5
2024-07-21,2,0.5
2024-07-21,3,0.5
2024-07-21,4,0.5
2024-07-21,5,0.5
2024-07-21,6,0.5
2024-07-21,7,0.5
2024-07-21,8,0.5
2024-07-21,9,0.5
2024-07-21,10,0.5
2024-07-21,11,0.5
2024-07-21,12,0.5
2024-07-21,13,0.5
2024-07-21,14,0.5
2024-07-21,15,0.5
2024-07-21,16,0.5
2024-07-21,17,0.5
2024-07-21,18,0.5
2024-07-21,19,0.5
2024-07-21,20,0.5
2024-07-21,21,0.5
2024-07-21,22,0.5
2024-07-21,23,0.5
2024-07-22,0,0.5
2024-07-22,1,0.5
2024-07-22,2,0.5
2024-07-22,3,0.5
2024-07-22,4,0.5
2024-07-22,5,0.5
2024-07-22,6,0.5
2024-07-22,7,0.5
2024-07-22,8,0.5
2024-07-22,9,0.5
2024-07-22,10,0.5
2024-07-22,11,0.5
2024-07-22,12,0.5
2024-07-22,13,0.5
2024-07-22,14,0.5
2024-07-22,15,0.5
2024-07-22,16,0.5
2024-07-22,17,0.5
2024-07-22,18,0.5
2024-07-22,19,0.5
2024-07-22,20,0.5
2024-07-22,21,0.5
2024-07-22,22,0.5
2024-07-22,23,0.5
2024-07-23,0,0.5
2024-07-23,1,0.5
2024-07-23,2,0.5
2024-07-23,3,0.5
2024-07-23,4,0.5
2024-07-23,5,0.5
2024-07-23,6,0.5
2024-07-23,7,0.5
2024-07-23,8,0.5
2024-07-23,9,0.5
2024-07-23,10,0.5
2024-07-23,11,0.5
2024-07-23,12,0.5
2024-07-23,13,0.5
2024-07-23,14,0.5
2024-07-23,15,0.5
2024-07-23,16,0.5
2024-07-23,17,0.5
2024-07-23,18,0.5
2024-07-23,19,0.5
2024-07-23,20,0.5
2024-07-23,21,0.5
2024-07-23,22,0.5
2024-07-23,23,0.5
2024-07-24,0,0.5
2024-07-24,1,0.5
2024-07-24,2,0.5
2024-07-24,3,0.5
2024-07-24,4,0.5
2024-07-24,5,0.5
2024-07-24,6,0.5
2024-07-24,7,0.5
2024-07-24,8,0.5
2024-07-24,9,0.5
2024-07-24,10,0.5
2024-07-24,11,0.5
2024-07-24,12,0.5
2024-07-24,13,0.5
2024-07-24,14,0.5
2024-07-24,15,0.5
2024-07-24,16,0.5
2024-07-24,17,0.5
2024-07-24,18,0.5
2024-07-24,19,0.5
2024-07-24,20,0.5
2024-07-24,21,0.5
2024-07-24,22,0.5
2024-07-24,23,0.5
2024-07-25,0,0.5
2024-07-25,1,0.5
2024-07-25,2,0.5
2024-07-25,3,0.5
2024-07-25,4,0.5
2024-07-25,5,0.5
2024-07-25,6,0.5
2024-07-25,7,0.5
2024-07-25,8,0.5
2024-07-25,9,0.5
2024-07-25,10,0.5
2024-07-25,11,0.5
2024-07-25,12,0.5
2024-07-25,13,0.5
2024-07-25,14,0.5
2024-07-25,15,0.5
2024-07-25,16,0.5
2024-07-25,17,0.5
2024-07-25,18,0.5
2024-07-25,19,0.5
2024-07-25,20,0.5
2024-07-25,21,0.5
2024-07-25,22,0.5
2024-07-25,23,0.5
2024-07-26,0,0.5
2024-07-26,1,0.5
2024-07-26,2,0.5
2024-07-26,3,0.5
2024-07-26,4,0.5
2024-07-26,5,0.5
2024-07-26,6,0.5
2024-07-26,7,0.5
2024-07-26,8,0.5
2024-07-26,9,0.5
2024-07-26,10,0.5
2024-07-26,11,0.5
2024-07-26,12,0.5
2024-07-26,13,0.5
2024-07-26,14,0.5
2024-07-26,15,0.5
2024-07-26,16,0.5
2024-07-26,17,0.5
2024-07-26,18,0.5
2024-07-26,19,0.5
2024-07-26,20,0.5
2024-07-26,21,0.5
2024-07-26,22,0.5
2024-07-26,23,0.5
2024-07-27,0,0.5
2024-07-27,1,0.5
2024-07-27,2,0.5
2024-07-27,3,0.5
2024-07-27,4,0.5
2024-07-27,5,0.5
2024-07-27,6,0.5
2024-07-27,7,0.5
2024-07-27,8,0.5
2024-07-27,9,0.5
2024-07-27,10,0.5
2024-07-27,11,0.5
2024-07-27,12,0.5
2024-07-27,13,0.5
2024-07-27,14,0.5
2024-07-27,15,0.5
2024-07-27,16,0.5
2024-07-27,17,0.5
2024-07-27,18,0.5
2024-07-27,19,0.5
2024-07-27,20,0.5
2024-07-27,21,0.5
2024-07-27,22,0.5
2024-07-27,23,0.5
2024-07-28,0,0.5
2024-07-28,1,0.5
2024-07-28,2,0.5
2024-07-28,3,0.5
2024-07-28,4,0.5
2024-07-28,5,0.5
2024-07-28,6,0.5
2024-07-28,7,0.5
2024-07-28,8,0.5
2024-07-28,9,0.5
2024-07-28,10,0.5
2024-07-28,11,0.5
2024-07-28,12,0.5
2024-07-28,13,0.5
2024-07-28,14,0.5
2024-07-28,15,0.5
2024-07-28,16,0.5
2024-07-28,17,0.5
2024-07-28,18,0.5
2024-07-28,19,0.5
2024-07-28,20,0.5
2024-07-28,21,0.5
2024-07-28,22,0.5
2024-07-28,23,0.5
2024-07-29,0,0.5
2024-07-29,1,0.5
2024-07-29,2,0.5
2024-07-29,3,0.5
2024-07-29,4,0.5
2024-07-29,5,0.5
2024-07-29,6,0.5
2024-07-29,7,0.5
2024-07-29,8,0.5
2024-07-29,9,0.5
2024-07-29,10,0.5
2024-07-29,11,0.5
2024-07-29,12,0.5
2024-07-29,13,0.5
2024-07-29,14,0.5
2024-07-29,15,0.5
2024-07-29,16,0.5
2024-07-29,17,0.5
2024-07-29,18,0.5
2024-07-29,19,0.5
2024-07-29,20,0.5
2024-07-29,21,0.5
2024-07-29,22,0.5
2024-07-29,23,0.5
2024-07-30,0,0.5
2024-07-30,1,0.5
2024-07-30,2,0.5
2024-07-30,3,0.5
2024-07-30,4,0.5
2024-07-30,5,0.5
2024-07-30,6,0.5
2024-07-30,7,0.5
2024-07-30,8,0.5
2024-07-30,9,0.5
2024-07-30,10,0.5
2024-07-30,11,0.5
2024-07-30,12,0.5
2024-07-30,13,0.5
2024-07-30,14,0.5
2024-07-30,15,0.5
2024-07-30,16,0.5
2024-07-30,17,0.5
2024-07-30,18,0.5
2024-07-30,19,0.5
2024-07-30,20,0.5
2024-07-30,21,0.5
2024-07-30,22,0.5
2024-07-30,23,0.5
2024-07-31,0,0.5
2024-07-31,1,0.5
2024-07-31,2,0.5
2024-07-31,3,0.5
2024-07-31,4,0.5
2024-07-31,5,0.5
2024-07-31,6,0.5
2024-07-31,7,0.5
2024-07-31,8,0.5
2024-07-31,9,0.5
2024-07-31,10,0.5
2024-07-31,11,0.5
2024-07-31,12,0.5
2024-07-31,13,0.5
2024-07-31,14,0.5
2024-07-31,15,0.5
2024-07-31,16,0.5
2024-07-31,17,0.5
2024-07-31,18,0.5
2024-07-31,19,0.5
2024-07-31,20,0.5
2024-07-31,21,0.5
2024-07-31,22,0.5
2024-07-31,23,0.5
2024-08-01,0,0.5
2024-08-01,1,0.5
2024-08-01,2,0.5
2024-08-01,3,0.5
2024-08-01,4,0.5
2024-08-01,5,0.5
2024-08-01,6,0.5
2024-08-01,7,0.5
2024-08-01,8,0.5
2024-08-01,9,0.5
2024-08-01,10,0.5
2024-08-01,11,0.5
2024-08-01,12,0.5
2024-08-01,13,0.5
2024-08-01,14,0.5
2024-08-01,15,0.5
2024-08-01,16,0.5
2024-08-01,17,0.5
2024-08-01,18,0.5
2024-08-01,19,0.5
2024-08-01,20,0.5
2024-08-01,21,0.5
2024-08-01,22,0.5
2024-08-01,23,0.5
2024-08-02,0,0.5
2024-08-02,1,0.5
2024-08-02,2,0.5
2024-08-02,3,0.5
2024-08-02,4,0.5
2024-08-02,5,0.5
2024-08-02,6,0.5
2024-08-02,7,0.5
2024-08-02,8,0.5
2024-08-02,9,0.5
2024-08-02,10,0.5
2024-08-02,11,0.5
2024-08-02,12,0.5
2024-08-02,13,0.5
2024-08-02,14,0.5
2024-08-02,15,0.5
2024-08-02,16,0.5
2024-08-02,17,0.5
2024-08-02,18,0.5
2024-08-02,19,0.5
2024-08-02,20,0.5
2024-08-02,21,0.5
2024-08-02,22,0.5
2024-08-02,23,0.5
2024-08-03,0,0.5
2024-08-03,1,0.5
2024-08-03,2,0.5
2024-08-03,3,0.5
2024-08-03,4,0.5
2024-08-03,5,0.5
2024-08-03,6,0.5
2024-08-03,7,0.5
2024-08-03,8,0.5
2024-08-03,9,0.5
2024-08-03,10,0.5
2024-08-03,11,0.5
2024-08-03,12,0.5
2024-08-03,13,0.5
2024-08-03,14,0.5
2024-08-03,15,0.5
2024-08-03,16,0.5
2024-08-03,17,0.5
2024-08-03,18,0.5
2024-08-03,19,0.5
2024-08-03,20,0.5
2024-08-03,21,0.5
2024-08-03,22,0.5
2024-08-03,23,0.5
2024-08-04,0,0.5
2024-08-04,1,0.5
2024-08-04,2,0.5
2024-08-04,3,0.5
2024-08-04,4,0.5
2024-08-04,5,0.5
2024-08-04,6,0.5
2024-08-04,7,0.5
2024-08-04,8,0.5
2024-08-04,9,0.5
2024-08-04,10,0.5
2024-08-04,11,0.5
2024-08-04,12,0.5
2024-08-04,13,0.5
2024-08-04,14,0.5
2024-08-04,15,0.5
2024-08-04,16,0.5
2024-08-04,17,0.5
2024-08-04,18,0.5
2024-08-04,19,0.5
2024-08-04,20,0.5
2024-08-04,21,0.5
2024-08-04,22,0.5
2024-08-04,23,0.5
2024-08-05,0,0.5
2024-08-05,1,0.5
2024-08-05,2,0.5
2024-08-05,3,0.5
2024-08-05,4,0.5
2024-08-05,5,0.5
2024-08-05,6,0.5
2024-08-05,7,0.5
2024-08-05,8,0.5
2024-08-05,9,0.5
2024-08-05,10,0.5
2024-08-05,11,0.5
2024-08-05,12,0.5
2024-08-05,13,0.5
2024-08-05,14,0.5
2024-08-05,15,0.5
2024-08-05,16,0.5
2024-08-05,17,0.5
2024-08-05,18,0.5
2024-08-05,19,0.5
2024-08-05,20,0.5
2024-08-05,21,0.5
2024-08-05,22,0.5
2024-08-05,23,0.5
2024-08-06,0,0.5
2024-08-06,1,0.5
2024-08-06,2,0.5
2024-08-06,3,0.5
2024-08-06,4,0.5
2024-08-06,5,0.5
2024-08-06,6,0.5
2024-08-06,7,0.5
2024-08-06,8,0.5
2024-08-06,9,0.5
2024-08-06,10,0.5
2024-08-06,11,0.5
2024-08-06,12,0.5
2024-08-06,13,0.5
2024-08-06,14,0.5
2024-08-06,15,0.5
2024-08-06,16,0.5
2024-08-06,17,0.5
2024-08-06,18,0.5
2024-08-06,19,0.5
2024-08-06,20,0.5
2024-08-06,21,0.5
2024-08-06,22,0.5
2024-08-06,23,0.5
2024-08-07,0,0.5
2024-08-07,1,0.5
2024-08-07,2,0.5
2024-08-07,3,0.5
2024-08-07,4,0.5
2024-08-07,5,0.5
2024-08-07,6,0.5
2024-08-07,7,0.5
2024-08-07,8,0.5
2024-08-07,9,0.5
2024-08-07,10,0.5
2024-08-07,11,0.5
2024-08-07,12,0.5
2024-08-07,13,0.5
2024-08-07,14,0.5
2024-08-07,15,0.5
2024-08-07,16,0.5
2024-08-07,17,0.5
2024-08-07,18,0.5
2024-08-07,19,0.5
2024-08-07,20,0.5
2024-08-07,21,0.5
2024-08-07,22,0.5
2024-08-07,23,0.5
2024-08-08,0,0.5
2024-08-08,1,0.5
2024-08-08,2,0.5
2024-08-08,3,0.5
2024-08-08,4,0.5
2024-08-08,5,0.5
2024-08-08,6,0.5
2024-08-08,7,0.5
2024-08-08,8,0.5
2024-08-08,9,0.5
2024-08-08,10,0.5
2024-08-08,11,0.5
2024-08-08,12,0.5
2024-08-08,13,0.5
2024-08-08,14,0.5
2024-08-08,15,0.5
2024-08-08,16,0.5
2024-08-08,17,0.5
2024-08-08,18,0.5
2024-08-08,19,0.5
2024-08-08,20,0.5
2024-08-08,21,0.5
2024-08-08,22,0.5
2024-08-08,23,0.5
2024-08-09,0,0.5
2024-08-09,1,0.5
2024-08-09,2,0.5
2024-08-09,3,0.5
2024-08-09,4,0.5
2024-08-09,5,0.5
2024-08-09,6,0.5
2024-08-09,7,0.5
2024-08-09,8,0.5
2024-08-09,9,0.5
2024-08-09,10,0.5
2024-08-09,11,0.5
2024-08-09,12,0.5
2024-08-09,13,0.5
2024-08-09,14,0.5
2024-08-09,15,0.5
2024-08-09,16,0.5
2024-08-09,17,0.5
2024-08-09,18,0.5
2024-08-09,19,0.5
2024-08-09,20,0.5
2024-08-09,21,0.5
2024-08-09,22,0.5
2024-08-09,23,0.5
2024-08-10,0,0.5
2024-08-10,1,0.5
2024-08-10,2,0.5
2024-08-10,3,0.5
2024-08-10,4,0.5
2024-08-10,5,0.5
2024-08-10,6,0.5
2024-08-10,7,0.5
2024-08-10,8,0.5
2024-08-10,9,0.5
2024-08-10,10,0.5
2024-08-10,11,0.5
2024-08-10,12,0.5
2024-08-10,13,0.5
2024-08-10,14,0.5
2024-08-10,15,0.5
2024-08-10,16,0.5
2024-08-10,17,0.5
2024-08-10,18,0.5
2024-08-10,19,0.5
2024-08-10,20,0.5
2024-08-10,21,0.5
2024-08-10,22,0.5
2024-08-10,23,0.5
2024-08-11,0,0.5
2024-08-11,1,0.5
2024-08-11,2,0.5
2024-08-11,3,0.5
2024-08-11,4,0.5
2024-08-11,5,0.5
2024-08-11,6,0.5
2024-08-11,7,0.5
2024-08-11,8,0.5
2024-08-11,9,0.5
2024-08-11,10,0.5
2024-08-11,11,0.5
2024-08-11,12,0.5
2024-08-11,13,0.5
2024-08-11,14,0.5
2024-08-11,15,0.5
2024-08-11,16,0.5
2024-08-11,17,0.5
2024-08-11,18,0.5
2024-08-11,19,0.5
2024-08-11,20,0.5
2024-08-11,21,0.5
2024-08-11,22,0.5
2024-08-11,23,0.5
2024-08-12,0,0.5
2024-08-12,1,0.5
2024-08-12,2,0.5
2024-08-12,3,0.5
2024-08-12,4,0.5
2024-08-12,5,0.5
2024-08-12,6,0.5
2024-08-12,7,0.5
2024-08-12,8,0.5
2024-08-12,9,0.5
2024-08-12,10,0.5
2024-08-12,11,0.5
2024-08-12,12,0.5
2024-08-12,13,0.5
2024-08-12,14,0.5
2024-08-12,15,0.5
2024-08-12,16,0.5
2024-08-12,17,0.5
2024-08-12,18,0.5
2024-08-12,19,0.5
2024-08-12,20,0.5
2024-08-12,21,0.5
2024-08-12,22,0.5
2024-08-12,23,0.5
2024-08-13,0,0.5
2024-08-13,1,0.5
2024-08-13,2,0.5
2024-08-13,3,0.5
2024-08-13,4,0.5
2024-08-13,5,0.5
2024-08-13,6,0.5
2024-08-13,7,0.5
2024-08-13,8,0.5
2024-08-13,9,0.5
2024-08-13,10,0.5
2024-08-13,11,0.5
2024-08-13,12,0.5
2024-08-13,13,0.5
2024-08-13,14,0.5
2024-08-13,15,0.5
2024-08-13,16,0.5
2024-08-13,17,0.5
2024-08-13,18,0.5
2024-08-13,19,0.5
2024-08-13,20,0.5
2024-08-13,21,0.5
2024-08-13,22,0.5
2024-08-13,23,0.5
2024-08-14,0,0.5
2024-08-14,1,0.5
2024-08-14,2,0.5
2024-08-14,3,0.5
2024-08-14,4,0.5
2024-08-14,5,0.5
2024-08-14,6,0.5
2024-08-14,7,0.5
2024-08-14,8,0.5
2024-08-14,9,0.5
2024-08-14,10,0.5
2024-08-14,11,0.5
2024-08-14,12,0.5
2024-08-14,13,0.5
2024-08-14,14,0.5
2024-08-14,15,0.5
2024-08-14,16,0.5
2024-08-14,17,0.5
2024-08-14,18,0.5
2024-08-14,19,0.5
2024-08-14,20,0.5
2024-08-14,21,0.5
2024-08-14,22,0.5
2024-08-14,23,0.5
2024-08-15,0,0.5
2024-08-15,1,0.5
2024-08-15,2,0.5
2024-08-15,3,0.5
2024-08-15,4,0.5
2024-08-15,5,0.5
2024-08-15,6,0.5
2024-08-15,7,0.5
2024-08-15,8,0.5
2024-08-15,9,0.5
2024-08-15,10,0.5
2024-08-15,11,0.5
2024-08-15,12,0.5
2024-08-15,13,0.5
2024-08-15,14,0.5
2024-08-15,15,0.5
2024-08-15,16,0.5
2024-08-15,17,0.5
2024-08-15,18,0.5
2024-08-15,19,0.5
2024-08-15,20,0.5
2024-08-15,21,0.5
2024-08-15,22,0.5
2024-08-15,23,0.5
2024-08-16,0,0.5
2024-08-16,1,0.5
2024-08-16,2,0.5
2024-08-16,3,0.5
2024-08-16,4,0.5
2024-08-16,5,0.5
2024-08-16,6,0.5
2024-08-16,7,0.5
2024-08-16,8,0.5
2024-08-16,9,0.5
2024-08-16,10,0.5
2024-08-16,11,0.5
2024-08-16,12,0.5
2024-08-16,13,0.5
2024-08-16,14,0.5
2024-08-16,15,0.5
2024-08-16,16,0.5
2024-08-16,17,0.5
2024-08-16,18,0.5
2024-08-16,19,0.5
2024-08-16,20,0.5
2024-08-16,21,0.5
2024-08-16,22,0.5
2024-08-16,23,0.5
2024-08-17,0,0.5
2024-08-17,1,0.5
2024-08-17,2,0.5
2024-08-17,3,0.5
2024-08-17,4,0.5
2024-08-17,5,0.5
2024-08-17,6,0.5
2024-08-17,7,0.5
2024-08-17,8,0.5
2024-08-17,9,0.5
2024-08-17,10,0.5
2024-08-17,11,0.5
2024-08-17,12,0.5
2024-08-17,13,0.5
2024-08-17,14,0.5
2024-08-17,15,0.5
2024-08-17,16,0.5
2024-08-17,17,0.5
2024-08-17,18,0.5
2024-08-17,19,0.5
2024-08-17,20,0.5
2024-08-17,21,0.5
2024-08-17,22,0.5
2024-08-17,23,0.5
2024-08-18,0,0.5
2024-08-18,1,0.5
2024-08-18,2,0.5
2024-08-18,3,0.5
2024-08-18,4,0.5
2024-08-18,5,0.5
2024-08-18,6,0.5
2024-08-18,7,0.5
2024-08-18,8,0.5
2024-08-18,9,0.5
2024-08-18,10,0.5
2024-08-18,11,0.5
2024-08-18,12,0.5
2024-08-18,13,0.5
2024-08-18,14,0.5
2024-08-18,15,0.5
2024-08-18,16,0.5
2024-08-18,17,0.5
2024-08-18,18,0.5
2024-08-18,19,0.5
2024-08-18,20,0.5
2024-08-18,21,0.5
2024-08-18,22,0.5
2024-08-18,23,0.5
2024-08-19,0,0.5
2024-08-19,1,0.5
2024-08-19,2,0.5
2024-08-19,3,0.5
2024-08-19,4,0.5
2024-08-19,5,0.5
2024-08-19,6,0.5
2024-08-19,7,0.5
2024-08-19,8,0.5
2024-08-19,9,0.5
2024-08-19,10,0.5
2024-08-19,11,0.5
2024-08-19,12,0.5
2024-08-19,13,0.5
2024-08-19,14,0.5
2024-08-19,15,0.5
2024-08-19,16,0.5
2024-08-19,17,0.5
2024-08-19,18,0.5
2024-08-19,19,0.5
2024-08-19,20,0.5
2024-08-19,21,0.5
2024-08-19,22,0.5
2024-08-19,23,0.5
2024-08-20,0,0.5
2024-08-20,1,0.5
2024-08-20,2,0.5
2024-08-20,3,0.5
2024-08-20,4,0.5
2024-08-20,5,0.5
2024-08-20,6,0.5
2024-08-20,7,0.5
2024-08-20,8,0.5
2024-08-20,9,0.5
2024-08-20,10,0.5
2024-08-20,11,0.5
2024-08-20,12,0.5
2024-08-20,13,0.5
2024-08-20,14,0.5
2024-08-20,15,0.5
2024-08-20,16,0.5
2024-08-20,17,0.5
2024-08-20,18,0.5
2024-08-20,19,0.5
2024-08-20,20,0.5
2024-08-20,21,0.5
2024-08-20,22,0.5
2024-08-20,23,0.5
2024-08-21,0,0.5
2024-08-21,1,0.5
2024-08-21,2,0.5
2024-08-21,3,0.5
2024-08-21,4,0.5
2024-08-21,5,0.5
2024-08-21,6,0.5
2024-08-21,7,0.5
2024-08-21,8,0.5
2024-08-21,9,0.5
2024-08-21,10,0.5
2024-08-21,11,0.5
2024-08-21,12,0.5
2024-08-21,13,0.5
2024-08-21,14,0.5
2024-08-21,15,0.5
2024-08-21,16,0.5
2024-08-21,17,0.5
2024-08-21,18,0.5
2024-08-21,19,0.5
2024-08-21,20,0.5
2024-08-21,21,0.5
2024-08-21,22,0.5
2024-08-21,23,0.5
2024-08-22,0,0.5
2024-08-22,1,0.5
2024-08-22,2,0.5
2024-08-22,3,0.5
2024-08-22,4,0.5
2024-08-22,5,0.5
2024-08-22,6,0.5
2024-08-22,7,0.5
2024-08-22,8,0.5
2024-08-22,9,0.5
2024-08-22,10,0.5
2024-08-22,11,0.5
2024-08-22,12,0.5
2024-08-22,13,0.5
2024-08-22,14,0.5
2024-08-22,15,0.5
2024-08-22,16,0.5
2024-08-22,17,0.5
2024-08-22,18,0.5
2024-08-22,19,0.5
2024-08-22,20,0.5
2024-08-22,21,0.5
2024-08-22,22,0.5
2024-08-22,23,0.5
2024-08-23,0,0.5
2024-08-23,1,0.5
2024-08-23,2,0.5
2024-08-23,3,0.5
2024-08-23,4,0.5
2024-08-23,5,0.5
2024-08-23,6,0.5
2024-08-23,7,0.5
2024-08-23,8,0.5
2024-08-23,9,0.5
2024-08-23,10,0.5
2024-08-23,11,0.5
2024-08-23,12,0.5
2024-08-23,13,0.5
2024-08-23,14,0.5
2024-08-23,15,0.5
2024-08-23,16,0.5
2024-08-23,17,0.5
2024-08-23,18,0.5
2024-08-23,19,0.5
2024-08-23,20,0.5
2024-08-23,21,0.5
2024-08-23,22,0.5
2024-08-23,23,0.5
2024-08-24,0,0.5
2024-08-24,1,0.5
2024-08-24,2,0.5
2024-08-24,3,0.5
2024-08-24,4,0.5
2024-08-24,5,0.5
2024-08-24,6,0.5
2024-08-24,7,0.5
2024-08-24,8,0.5
2024-08-24,9,0.5
2024-08-24,10,0.5
2024-08-24,11,0.5
2024-08-24,12,0.5
2024-08-24,13,0.5
2024-08-24,14,0.5
2024-08-24,15,0.5
2024-08-24,16,0.5
2024-08-24,17,0.5
2024-08-24,18,0.5
2024-08-24,19,0.5
2024-08-24,20,0.5
2024-08-24,21,0.5
2024-08-24,22,0.5
2024-08-24,23,0.5
2024-08-25,0,0.5
2024-08-25,1,0.5
2024-08-25,2,0.5
2024-08-25,3,0.5
2024-08-25,4,0.5
2024-08-25,5,0.5
2024-08-25,6,0.5
2024-08-25,7,0.5
2024-08-25,8,0.5
2024-08-25,9,0.5
2024-08-25,10,0.5
2024-08-25,11,0.5
2024-08-25,12,0.5
2024-08-25,13,0.5
2024-08-25,14,0.5
2024-08-25,15,0.5
2024-08-25,16,0.5
2024-08-25,17,0.5
2024-08-25,18,0.5
2024-08-25,19,0.5
2024-08-25,20,0.5
2024-08-25,21,0.5
2024-08-25,22,0.5
2024-08-25,23,0.5
2024-08-26,0,0.5
2024-08-26,1,0.5
2024-08-26,2,0.5
2024-08-26,3,0.5
2024-08-26,4,0.5
2024-08-26,5,0.5
2024-08-26,6,0.5
2024-08-26,7,0.5
2024-08-26,8,0.5
2024-08-26,9,0.5
2024-08-26,10,0.5
2024-08-26,11,0.5
2024-08-26,12,0.5
2024-08-26,13,0.5
2024-08-26,14,0.5
2024-08-26,15,0.5
2024-08-26,16,0.5
2024-08-26,17,0.5
2024-08-26,18,0.5
2024-08-26,19,0.5
2024-08-26,20,0.5
2024-08-26,21,0.5
2024-08-26,22,0.5
2024-08-26,23,0.5
2024-08-27,0,0.5
2024-08-27,1,0.5
2024-08-27,2,0.5
2024-08-27,3,0.5
2024-08-27,4,0.5
2024-08-27,17,0.5
2024-08-27,18,0.5
2024-08-27,19,0.5
2024-08-27,20,0.5
2024-08-27,21,0.5
2024-08-27,22,0.5
2024-08-27,23,0.5
2024-08-28,0,0.5
2024-08-28,1,0.5
2024-08-28,2,0.5
2024-08-28,3,0.5
2024-08-28,4,0.5
2024-08-28,5,0.5
2024-08-28,6,0.5
2024-08-28,7,0.5
2024-08-28,8,0.5
2024-08-28,9,0.5
2024-08-28,10,0.5
2024-08-28,11,0.5
2024-08-28,12,0.5
2024-08-28,13,0.5
2024-08-28,14,0.5
2024-08-28,15,0.5
2024-08-28,16,0.5
2024-08-28,18,0.5
2024-08-28,19,0.5
2024-08-28,20,0.5
2024-08-28,21,0.5
2024-08-28,22,0.5
2024-08-28,23,0.5
2024-08-29,0,0.5
2024-08-29,1,0.5
2024-08-29,2,0.5
2024-08-29,3,0.5
2024-08-29,4,0.5
2024-08-29,5,0.5
2024-08-29,6,0.5
2024-08-29,7,0.5
2024-08-29,8,0.5
2024-08-29,9,0.5
2024-08-29,10,0.5
2024-08-29,11,0.5
2024-08-29,12,0.5
2024-08-29,13,0.5
2024-08-29,14,0.5
2024-08-29,15,0.5
2024-08-29,16,0.5
2024-08-29,17,0.5
2024-08-29,18,0.5
2024-08-29,19,0.5
2024-08-29,20,0.5
2024-08-29,21,0.5
2024-08-29,22,0.5
2024-08-29,23,0.5
2024-08-30,0,0.5
2024-08-30,1,0.5
2024-08-30,2,0.5
2024-08-30,3,0.5
2024-08-30,4,0.5
2024-08-30,5,0.5
2024-08-30,6,0.5
2024-08-30,7,0.5
2024-08-30,8,0.5
2024-08-30,9,0.5
2024-08-30,10,0.5
2024-08-30,11,0.5
2024-08-30,12,0.5
2024-08-30,13,0.5
2024-08-30,14,0.5
2024-08-30,15,0.5
2024-08-30,16,0.5
2024-08-30,17,0.5
2024-08-30,18,0.5
2024-08-30,19,0.5
2024-08-30,20,0.5
2024-08-30,21,0.5
2024-08-30,22,0.5
2024-08-30,23,0.5
2024-08-31,0,0.5
2024-08-31,1,0.5
2024-08-31,2,0.5
2024-08-31,3,0.5
2024-08-31,4,0.5
2024-08-31,5,0.5
2024-08-31,6,0.5
2024-08-31,7,0.5
2024-08-31,8,0.5
2024-08-31,9,0.5
2024-08-31,10,0.5
2024-08-31,11,0.5
2024-08-31,12,0.5
2024-08-31,13,0.5
2024-08-31,14,0.5
2024-08-31,15,0.5
2024-08-31,16,0.5
2024-08-31,17,0.5
2024-08-31,18,0.5
2024-08-31,19,0.5
2024-08-31,20,0.5
2024-08-31,21,0.5
2024-08-31,22,0.5
2024-08-31,23,0.5
2024-09-01,0,0.5
2024-09-01,1,0.5
2024-09-01,2,0.5
2024-09-01,3,0.5
2024-09-01,4,0.5
2024-09-01,5,0.5
2024-09-01,6,0.5
2024-09-01,7,0.5
2024-09-01,8,0.5
2024-09-01,9,0.5
2024-09-01,10,0.5
2024-09-01,11,0.5
2024-09-01,12,0.5
2024-09-01,13,0.5
2024-09-01,14,0.5
2024-09-01,15,0.5
2024-09-01,16,0.5
2024-09-01,17,0.5
2024-09-01,18,0.5
2024-09-01,19,0.5
2024-09-01,20,0.5
2024-09-01,21,0.5
2024-09-01,22,0.5
2024-09-01,23,0.5
2024-09-02,0,0.5
2024-09-02,1,0.5
2024-09-02,2,0.5
2024-09-02,3,0.5
2024-09-02,4,0.5
2024-09-02,5,0.5
2024-09-02,6,0.5
2024-09-02,7,0.5
2024-09-02,8,0.5
2024-09-02,9,0.5
2024-09-02,10,0.5
2024-09-02,11,0.5
2024-09-02,12,0.5
2024-09-02,13,0.5
2024-09-02,14,0.5
2024-09-02,15,0.5
2024-09-02,16,0.5
2024-09-02,17,0.5
2024-09-02,18,0.5
2024-09-02,19,0.5
2024-09-02,20,0.5
2024-09-02,21,0.5
2024-09-02,22,0.5
2024-09-02,23,0.5
2024-09-03,0,0.5
2024-09-03,1,0.5
2024-09-03,2,0.5
2024-09-03,3,0.5
2024-09-03,4,0.5
2024-09-03,5,0.5
2024-09-03,6,0.5
2024-09-03,7,0.5
2024-09-03,8,0.5
2024-09-03,9,0.5
2024-09-03,10,0.5
2024-09-03,11,0.5
2024-09-03,12,0.5
2024-09-03,13,0.5
2024-09-03,14,0.5
2024-09-03,15,0.5
2024-09-03,16,0.5
2024-09-03,17,0.5
2024-09-03,18,0.5
2024-09-03,19,0.5
2024-09-03,20,0.5
2024-09-03,21,0.5
2024-09-03,22,0.5
2024-09-03,23,0.5
2024-09-04,0,0.5
2024-09-04,1,0.5
2024-09-04,2,0.5
2024-09-04,3,0.5
2024-09-04,4,0.5
2024-09-04,5,0.5
2024-09-04,6,0.5
2024-09-04,7,0.5
2024-09-04,8,0.5
2024-09-04,9,0.5
2024-09-04,10,0.5
2024-09-04,11,0.5
2024-09-04,12,0.5
2024-09-04,13,0.5
2024-09-04,14,0.5
2024-09-04,15,0.5
2024-09-04,16,0.5
2024-09-04,17,0.5
2024-09-04,18,0.5
2024-09-04,19,0.5
2024-09-04,20,0.5
2024-09-04,21,0.5
2024-09-04,22,0.5
2024-09-04,23,0.5
2024-09-05,0,0.5
2024-09-05,1,0.5
2024-09-05,2,0.5
2024-09-05,3,0.5
2024-09-05,4,0.5
2024-09-05,5,0.5
2024-09-05,6,0.5
2024-09-05,7,0.5
2024-09-05,8,0.5
2024-09-05,9,0.5
2024-09-05,10,0.5
2024-09-05,11,0.5
2024-09-05,12,0.5
2024-09-05,13,0.5
2024-09-05,14,0.5
2024-09-05,15,0.5
2024-09-05,16,0.5
2024-09-05,17,0.5
2024-09-05,18,0.5
2024-09-05,19,0.5
2024-09-05,20,0.5
2024-09-05,21,0.5
2024-09-05,22,0.5
2024-09-05,23,0.5
2024-09-06,0,0.5
2024-09-06,1,0.5
2024-09-06,2,0.5
2024-09-06,3,0.5
2024-09-06,4,0.5
2024-09-06,5,0.5
2024-09-06,6,0.5
2024-09-06,7,0.5
2024-09-06,8,0.5
2024-09-06,9,0.5
2024-09-06,10,0.5
2024-09-06,11,0.5
2024-09-06,12,0.5
2024-09-06,13,0.5
2024-09-06,14,0.5
2024-09-06,15,0.5
2024-09-06,16,0.5
2024-09-06,17,0.5
2024-09-06,18,0.5
2024-09-06,19,0.5
2024-09-06,20,0.5
2024-09-06,21,0.5
2024-09-06,22,0.5
2024-09-06,23,0.5
2024-09-07,0,0.5
2024-09-07,1,0.5
2024-09-07,2,0.5
2024-09-07,3,0.5
2024-09-07,4,0.5
2024-09-07,5,0.5
2024-09-07,6,0.5
2024-09-07,7,0.5
2024-09-07,8,0.5
2024-09-07,9,0.5
2024-09-07,10,0.5
2024-09-07,11,0.5
2024-09-07,12,0.5
2024-09-07,13,0.5
2024-09-07,14,0.5
2024-09-07,15,0.5
2024-09-07,16,0.5
2024-09-07,17,0.5
2024-09-07,18,0.5
2024-09-07,19,0.5
2024-09-07,20,0.5
2024-09-07,21,0.5
2024-09-07,22,0.5
2024-09-07,23,0.5
2024-09-08,0,0.5
2024-09-08,1,0.5
2024-09-08,2,0.5
2024-09-08,3,0.5
2024-09-08,4,0.5
2024-09-08,5,0.5
2024-09-08,6,0.5
2024-09-08,7,0.5
2024-09-08,8,0.5
2024-09-08,9,0.5
2024-09-08,10,0.5
2024-09-08,11,0.5
2024-09-08,12,0.5
2024-09-08,13,0.5
2024-09-08,14,0.5
2024-09-08,15,0.5
2024-09-08,16,0.5
2024-09-08,17,0.5
2024-09-08,18,0.5
2024-09-08,19,0.5
2024-09-08,20,0.5
2024-09-08,21,0.5
2024-09-08,22,0.5
2024-09-08,23,0.5
2024-09-09,0,0.5
2024-09-09,1,0.5
2024-09-09,2,0.5
2024-09-09,3,0.5
2024-09-09,4,0.5
2024-09-09,5,0.5
2024-09-09,6,0.5
2024-09-09,7,0.5
2024-09-09,8,0.5
2024-09-09,9,0.5
2024-09-09,10,0.5
2024-09-09,11,0.5
2024-09-09,12,0.5
2024-09-09,13,0.5
2024-09-09,14,0.5
2024-09-09,15,0.5
2024-09-09,16,0.5
2024-09-09,17,0.5
2024-09-09,18,0.5
2024-09-09,19,0.5
2024-09-09,20,0.5
2024-09-09,21,0.5
2024-09-09,22,0.5
2024-09-09,23,0.5
2024-09-10,0,0.5
2024-09-10,1,0.5
2024-09-10,2,0.5
2024-09-10,3,0.5
2024-09-10,4,0.5
2024-09-10,5,0.5
2024-09-10,6,0.5
2024-09-10,7,0.5
2024-09-10,8,0.5
2024-09-10,9,0.5
2024-09-10,10,0.5
2024-09-10,11,0.5
2024-09-10,12,0.5
2024-09-10,13,0.5
2024-09-10,14,0.5
2024-09-10,15,0.5
2024-09-10,16,0.5
2024-09-10,17,0.5
2024-09-10,18,0.5
2024-09-10,19,0.5
2024-09-10,20,0.5
2024-09-10,21,0.5
2024-09-10,22,0.5
2024-09-10,23,0.5
2024-09-11,0,0.5
2024-09-11,1,0.5
2024-09-11,2,0.5
2024-09-11,3,0.5
2024-09-11,4,0.5
2024-09-11,5,0.5
2024-09-11,6,0.5
2024-09-11,7,0.5
2024-09-11,8,0.5
2024-09-11,9,0.5
2024-09-11,10,0.5
2024-09-11,11,0.5
2024-09-11,12,0.5
2024-09-11,13,0.5
2024-09-11,14,0.5
2024-09-11,15,0.5
2024-09-11,16,0.5
2024-09-11,17,0.5
2024-09-11,18,0.5
2024-09-11,19,0.5
2024-09-11,20,0.5
2024-09-11,21,0.5
2024-09-11,22,0.5
2024-09-11,23,0.5
2024-09-12,0,0.5
2024-09-12,1,0.5
2024-09-12,2,0.5
2024-09-12,3,0.5
2024-09-12,4,0.5
2024-09-12,5,0.5
2024-09-12,6,0.5
2024-09-12,7,0.5
2024-09-12,8,0.5
2024-09-12,9,0.5
2024-09-12,10,0.5
2024-09-12,11,0.5
2024-09-12,12,0.5
2024-09-12,13,0.5
2024-09-12,14,0.5
2024-09-12,15,0.5
2024-09-12,16,0.5
2024-09-12,17,0.5
2024-09-12,18,0.5
2024-09-12,19,0.5
2024-09-12,20,0.5
2024-09-12,21,0.5
2024-09-12,22,0.5
2024-09-12,23,0.5
2024-09-13,0,0.5
2024-09-13,1,0.5
2024-09-13,2,0.5
2024-09-13,3,0.5
2024-09-13,4,0.5
2024-09-13,5,0.5
2024-09-13,6,0.5
2024-09-13,7,0.5
2024-09-13,8,0.5
2024-09-13,9,0.5
2024-09-13,10,0.5
2024-09-13,11,0.5
2024-09-13,12,0.5
2024-09-13,13,0.5
2024-09-13,14,0.5
2024-09-13,15,0.5
2024-09-13,16,0.5
2024-09-13,17,0.5
2024-09-13,18,0.5
2024-09-13,19,0.5
2024-09-13,20,0.5
2024-09-13,21,0.5
2024-09-13,22,0.5
2024-09-13,23,0.5
2024-09-14,0,0.5
2024-09-14,1,0.5
2024-09-14,2,0.5
2024-09-14,3,0.5
2024-09-14,4,0.5
2024-09-14,5,0.5
2024-09-14,6,0.5
2024-09-14,7,0.5
2024-09-14,8,0.5
2024-09-14,9,0.5
2024-09-14,10,0.5
2024-09-14,11,0.5
2024-09-14,12,0.5
2024-09-14,13,0.5
2024-09-14,14,0.5
2024-09-14,15,0.5
2024-09-14,16,0.5
2024-09-14,17,0.5
2024-09-14,18,0.5
2024-09-14,19,0.5
2024-09-14,20,0.5
2024-09-14,21,0.5
2024-09-14,22,0.5
2024-09-14,23,0.5
2024-09-15,0,0.5
2024-09-15,1,0.5
2024-09-15,2,0.5
2024-09-15,3,0.5
2024-09-15,4,0.5
2024-09-15,5,0.5
2024-09-15,6,0.5
2024-09-15,7,0.5
2024-09-15,8,0.5
2024-09-15,9,0.5
2024-09-15,10,0.5
2024-09-15,11,0.5
2024-09-15,12,0.5
2024-09-15,13,0.5
2024-09-15,14,0.5
2024-09-15,15,0.5
2024-09-15,16,0.5
2024-09-15,17,0.5
2024-09-15,18,0.5
2024-09-15,19,0.5
2024-09-15,20,0.5
2024-09-15,21,0.5
2024-09-15,22,0.5
2024-09-15,23,0.5
2024-09-16,0,0.5
2024-09-16,1,0.5
2024-09-16,2,0.5
2024-09-16,3,0.5
2024-09-16,4,0.5
2024-09-16,5,0.5
2024-09-16,6,0.5
2024-09-16,7,0.5
2024-09-16,8,0.5
2024-09-16,9,0.5
2024-09-16,10,0.5
2024-09-16,11,0.5
2024-09-16,12,0.5
2024-09-16,13,0.5
2024-09-16,14,0.5
2024-09-16,15,0.5
2024-09-16,16,0.5
2024-09-16,17,0.5
2024-09-16,18,0.5
2024-09-16,19,0.5
2024-09-16,20,0.5
2024-09-16,21,0.5
2024-09-16,22,0.5
2024-09-16,23,0.5
2024-09-17,0,0.5
2024-09-17,1,0.5
2024-09-17,2,0.5
2024-09-17,3,0.5
2024-09-17,4,0.5
2024-09-17,5,0.5
2024-09-17,6,0.5
2024-09-17,7,0.5
2024-09-17,8,0.5
2024-09-17,9,0.5
2024-09-17,10,0.5
2024-09-17,11,0.5
2024-09-17,12,0.5
2024-09-17,13,0.5
2024-09-17,14,0.5
2024-09-17,15,0.5
2024-09-17,16,0.5
2024-09-17,17,0.5
2024-09-17,18,0.5
2024-09-17,19,0.5
2024-09-17,20,0.5
2024-09-17,21,0.5
2024-09-17,22,0.5
2024-09-17,23,0.5
2024-09-18,0,0.5
2024-09-18,1,0.5
2024-09-18,2,0.5
2024-09-18,3,0.5
2024-09-18,4,0.5
2024-09-18,5,0.5
2024-09-18,6,0.5
2024-09-18,7,0.5
2024-09-18,8,0.5
2024-09-18,9,0.5
2024-09-18,10,0.5
2024-09-18,11,0.5
2024-09-18,12,0.5
2024-09-18,13,0.5
2024-09-18,14,0.5
2024-09-18,15,0.5
2024-09-18,16,0.5
2024-09-18,17,0.5
2024-09-18,18,0.5
2024-09-18,19,0.5
2024-09-18,20,0.5
2024-09-18,21,0.5
2024-09-18,22,0.5
2024-09-18,23,0.5
2024-09-19,0,0.5
2024-09-19,1,0.5
2024-09-19,2,0.5
2024-09-19,3,0.5
2024-09-19,4,0.5
2024-09-19,5,0.5
2024-09-19,6,0.5
2024-09-19,7,0.5
2024-09-19,8,0.5
2024-09-19,9,0.5
2024-09-19,10,0.5
2024-09-19,11,0.5
2024-09-19,12,0.5
2024-09-19,13,0.5
2024-09-19,14,0.5
2024-09-19,15,0.5
2024-09-19,16,0.5
2024-09-19,17,0.5
2024-09-19,18,0.5
2024-09-19,19,0.5
2024-09-19,20,0.5
2024-09-19,21,0.5
2024-09-19,22,0.5
2024-09-19,23,0.5
2024-09-20,0,0.5
2024-09-20,1,0.5
2024-09-20,2,0.5
2024-09-20,3,0.5
2024-09-20,4,0.5
2024-09-20,5,0.5
2024-09-20,6,0.5
2024-09-20,7,0.5
2024-09-20,8,0.5
2024-09-20,9,0.5
2024-09-20,10,0.5
2024-09-20,11,0.5
2024-09-20,12,0.5
2024-09-20,13,0.5
2024-09-20,14,0.5
2024-09-20,15,0.5
2024-09-20,16,0.5
2024-09-20,17,0.5
2024-09-20,18,0.5
2024-09-20,19,0.5
2024-09-20,20,0.5
2024-09-20,21,0.5
2024-09-20,22,0.5
2024-09-20,23,0.5
2024-09-21,0,0.5
2024-09-21,1,0.5
2024-09-21,2,0.5
2024-09-21,3,0.5
2024-09-21,4,0.5
2024-09-21,5,0.5
2024-09-21,6,0.5
2024-09-21,7,0.5
2024-09-21,8,0.5
2024-09-21,9,0.5
2024-09-21,10,0.5
2024-09-21,11,0.5
2024-09-21,12,0.5
2024-09-21,13,0.5
2024-09-21,14,0.5
2024-09-21,15,0.5
2024-09-21,16,0.5
2024-09-21,17,0.5
2024-09-21,18,0.5
2024-09-21,19,0.5
2024-09-21,20,0.5
2024-09-21,21,0.5
2024-09-21,22,0.5
2024-09-21,23,0.5
2024-09-22,0,0.5
2024-09-22,1,0.5
2024-09-22,2,0.5
2024-09-22,3,0.5
2024-09-22,4,0.5
2024-09-22,5,0.5
2024-09-22,6,0.5
2024-09-22,7,0.5
2024-09-22,8,0.5
2024-09-22,9,0.5
2024-09-22,10,0.5
2024-09-22,11,0.5
2024-09-22,12,0.5
2024-09-22,13,0.5
2024-09-22,14,0.5
2024-09-22,15,0.5
2024-09-22,16,0.5
2024-09-22,17,0.5
2024-09-22,18,0.5
2024-09-22,19,0.5
2024-09-22,20,0.5
2024-09-22,21,0.5
2024-09-22,22,0.5
2024-09-22,23,0.5
2024-09-23,0,0.5
2024-09-23,1,0.5
2024-09-23,2,0.5
2024-09-23,3,0.5
2024-09-23,4,0.5
2024-09-23,5,0.5
2024-09-23,6,0.5
2024-09-23,7,0.5
2024-09-23,8,0.5
2024-09-23,9,0.5
2024-09-23,10,0.5
2024-09-23,11,0.5
2024-09-23,12,0.5
2024-09-23,13,0.5
2024-09-23,14,0.5
2024-09-23,15,0.5
2024-09-23,16,0.5
2024-09-23,17,0.5
2024-09-23,18,0.5
2024-09-23,19,0.5
2024-09-23,20,0.5
2024-09-23,21,0.5
2024-09-23,22,0.5
2024-09-23,23,0.5
2024-09-24,0,0.5
2024-09-24,1,0.5
2024-09-24,2,0.5
2024-09-24,3,0.5
2024-09-24,4,0.5
2024-09-24,5,0.5
2024-09-24,6,0.5
2024-09-24,7,0.5
2024-09-24,8,0.5
2024-09-24,9,0.5
2024-09-24,10,0.5
2024-09-24,11,0.5
2024-09-24,12,0.5
2024-09-24,13,0.5
2024-09-24,14,0.5
2024-09-24,15,0.5
2024-09-24,16,0.5
2024-09-24,17,0.5
2024-09-24,18,0.5
2024-09-24,19,0.5
2024-09-24,20,0.5
2024-09-24,21,0.5
2024-09-24,22,0.5
2024-09-24,23,0.5
2024-09-25,0,0.5
2024-09-25,1,0.5
2024-09-25,2,0.5
2024-09-25,3,0.5
2024-09-25,4,0.5
2024-09-25,5,0.5
2024-09-25,6,0.5
2024-09-25,7,0.5
2024-09-25,8,0.5
2024-09-25,9,0.5
2024-09-25,10,0.5
2024-09-25,11,0.5
2024-09-25,12,0.5
2024-09-25,13,0.5
2024-09-25,14,0.5
2024-09-25,15,0.5
2024-09-25,16,0.5
2024-09-25,17,0.5
2024-09-25,18,0.5
2024-09-25,19,0.5
2024-09-25,20,0.5
2024-09-25,21,0.5
2024-09-25,22,0.5
2024-09-25,23,0.5
2024-09-26,0,0.5
2024-09-26,1,0.5
2024-09-26,2,0.5
2024-09-26,3,0.5
2024-09-26,4,0.5
2024-09-26,5,0.5
2024-09-26,6,0.5
2024-09-26,7,0.5
2024-09-26,8,0.5
2024-09-26,9,0.5
2024-09-26,10,0.5
2024-09-26,11,0.5
2024-09-26,12,0.5
2024-09-26,13,0.5
2024-09-26,14,0.5
2024-09-26,15,0.5
2024-09-26,16,0.5
2024-09-26,17,0.5
2024-09-26,18,0.5
2024-09-26,19,0.5
2024-09-26,20,0.5
2024-09-26,21,0.5
2024-09-26,22,0.5
2024-09-26,23,0.5
2024-09-27,0,0.5
2024-09-27,1,0.5
2024-09-27,2,0.5
2024-09-27,3,0.5
2024-09-27,4,0.5
2024-09-27,5,0.5
2024-09-27,6,0.5
2024-09-27,7,0.5
2024-09-27,8,0.5
2024-09-27,9,0.5
2024-09-27,10,0.5
2024-09-27,11,0.5
2024-09-27,12,0.5
2024-09-27,13,0.5
2024-09-27,14,0.5
2024-09-27,15,0.5
2024-09-27,16,0.5
2024-09-27,17,0.5
2024-09-27,18,0.5
2024-09-27,19,0.5
2024-09-27,20,0.5
2024-09-27,21,0.5
2024-09-27,22,0.5
2024-09-27,23,0.5
2024-09-28,0,0.5
2024-09-28,1,0.5
2024-09-28,2,0.5
2024-09-28,3,0.5
2024-09-28,4,0.5
2024-09-28,5,0.5
2024-09-28,6,0.5
2024-09-28,7,0.5
2024-09-28,8,0.5
2024-09-28,9,0.5
2024-09-28,10,0.5
2024-09-28,11,0.5
2024-09-28,12,0.5
2024-09-28,13,0.5
2024-09-28,14,0.5
2024-09-28,15,0.5
2024-09-28,16,0.5
2024-09-28,17,0.5
2024-09-28,18,0.5
2024-09-28,19,0.5
2024-09-28,20,0.5
2024-09-28,21,0.5
2024-09-28,22,0.5
2024-09-28,23,0.5
2024-09-29,0,0.5
2024-09-29,1,0.5
2024-09-29,2,0.5
2024-09-29,3,0.5
2024-09-29,4,0.5
2024-09-29,5,0.5
2024-09-29,6,0.5
2024-09-29,7,0.5
2024-09-29,8,0.5
2024-09-29,9,0.5
2024-09-29,10,0.5
2024-09-29,11,0.5
2024-09-29,12,0.5
2024-09-29,13,0.5
2024-09-29,14,0.5
2024-09-29,15,0.5
2024-09-29,16,0.5
2024-09-29,17,0.5
2024-09-29,18,0.5
2024-09-29,19,0.5
2024-09-29,20,0.5
2024-09-29,21,0.5
2024-09-29,22,0.5
2024-09-29,23,0.5
2024-09-30,17,0.5
2024-09-30,18,0.5
2024-09-30,19,0.5
2024-09-30,20,0.5
2024-09-30,21,0.5
2024-09-30,22,0.5
2024-09-30,23,0.5
