date	hour	SWE_mm	temp_C
10/1/23	0	0.0	16.0
10/1/23	1	0.0	15.7
10/1/23	2	0.0	15.0
10/1/23	3	0.0	14.7
10/1/23	4	0.0	15.3
10/1/23	5	0.0	15.0
10/1/23	6	0.0	15.0
10/1/23	7	0.0	14.0
10/1/23	8	0.0	13.0
10/1/23	9	0.0	12.7
10/1/23	10	0.0	12.0
10/1/23	11	0.0	12.0
10/1/23	12	0.0	12.0
10/1/23	13	0.0	12.0
10/1/23	14	0.0	12.0
10/1/23	15	0.0	12.7
10/1/23	16	0.0	13.3
10/1/23	17	0.0	13.3
10/1/23	18	0.0	13.3
10/1/23	19	0.0	13.3
10/1/23	20	0.0	13.3
10/1/23	21	0.0	13.3
10/1/23	22	0.0	13.3
10/1/23	23	0.0	13.3
10/2/23	0	0.0	13.3
10/2/23	1	0.0	13.3
10/2/23	2	0.0	14.0
10/2/23	3	0.0	14.3
10/2/23	4	0.0	13.3
10/2/23	5	0.0	11.7
10/2/23	6	0.0	10.3
10/2/23	7	0.0	8.0
10/2/23	8	0.0	7.7
10/2/23	9	0.0	8.3
10/2/23	10	0.0	7.3
10/2/23	11	0.0	9.3
10/2/23	12	0.0	10.0
10/2/23	13	0.0	11.0
10/2/23	14	0.0	11.0
10/2/23	15	0.0	10.0
10/2/23	16	0.0	8.0
10/2/23	17	0.0	8.0
10/2/23	18	0.0	14.7
10/2/23	19	0.0	15.0
10/2/23	20	0.0	16.0
10/2/23	21	0.0	16.0
10/2/23	22	0.0	15.0
10/2/23	23	0.0	15.0
10/3/23	0	0.0	14.3
10/3/23	1	0.0	7.0
10/3/23	2	0.0	6.3
10/3/23	3	0.0	5.7
10/3/23	4	0.0	4.7
10/3/23	5	0.0	3.0
10/3/23	6	0.0	3.0
10/3/23	7	0.0	3.0
10/3/23	8	0.0	2.7
10/3/23	9	0.0	2.3
10/3/23	10	0.0	1.7
10/3/23	11	0.0	2.0
10/3/23	12	0.0	1.3
10/3/23	13	0.0	0.7
10/3/23	14	0.0	0.3
10/3/23	15	0.0	1.7
10/3/23	16	0.0	4.0
10/3/23	17	0.0	6.3
10/3/23	18	0.0	10.7
10/3/23	19	0.0	11.0
10/3/23	20	0.0	8.0
10/3/23	21	0.0	7.3
10/3/23	22	0.0	6.3
10/3/23	23	0.0	5.7
10/4/23	0	0.0	7.0
10/4/23	1	0.0	8.0
10/4/23	2	0.0	6.7
10/4/23	3	0.0	5.0
10/4/23	4	0.0	3.3
10/4/23	5	0.0	3.0
10/4/23	6	0.0	3.0
10/4/23	7	0.0	2.0
10/4/23	8	0.0	2.0
10/4/23	9	0.0	2.0
10/4/23	10	0.0	1.7
10/4/23	11	0.0	1.0
10/4/23	12	0.0	1.0
10/4/23	13	0.0	1.0
10/4/23	14	0.0	1.0
10/4/23	15	0.0	2.3
10/4/23	16	0.0	4.7
10/4/23	18	0.0	7.0
10/4/23	19	0.0	7.0
10/4/23	20	0.0	7.7
10/4/23	21	0.0	8.7
10/4/23	22	0.0	9.7
10/4/23	23	0.0	10.3
10/5/23	0	0.0	10.3
10/5/23	1	0.0	9.7
10/5/23	2	0.0	9.0
10/5/23	3	0.0	8.0
10/5/23	4	0.0	6.3
10/5/23	5	0.0	5.3
10/5/23	16	0.0	4.3
10/5/23	17	0.0	3.0
10/5/23	18	0.0	3.0
10/5/23	19	0.0	11.0
10/5/23	20	0.0	10.3
10/5/23	21	0.0	11.5
10/5/23	22	0.0	12.0
10/5/23	23	0.0	12.3
10/6/23	0	0.0	12.0
10/6/23	1	0.0	11.0
10/6/23	2	0.0	13.3
10/6/23	3	0.0	11.3
10/6/23	4	0.0	9.7
10/6/23	5	0.0	7.7
10/6/23	6	0.0	7.0
10/6/23	7	0.0	6.0
10/6/23	8	0.0	5.3
10/6/23	9	0.0	5.0
10/7/23	23	0.0	4.0
10/8/23	0	0.0	3.7
10/8/23	1	0.0	13.0
10/8/23	2	0.0	15.0
10/8/23	3	0.0	15.7
10/8/23	4	0.0	16.0
10/8/23	5	0.0	16.0
10/8/23	6	0.0	16.0
10/8/23	7	0.0	15.3
10/8/23	8	0.0	15.0
10/8/23	9	0.0	13.0
10/8/23	10	0.0	10.7
10/8/23	11	0.0	9.0
10/8/23	12	0.0	7.7
10/8/23	13	0.0	7.3
10/8/23	14	0.0	6.7
10/8/23	15	0.0	6.0
10/8/23	16	0.0	5.3
10/8/23	17	0.0	5.0
10/8/23	18	0.0	5.0
10/8/23	19	0.0	4.3
10/8/23	20	0.0	4.3
10/8/23	21	0.0	5.0
10/8/23	22	0.0	6.7
10/8/23	23	0.0	9.7
10/9/23	0	0.0	13.0
10/9/23	1	0.0	16.0
10/9/23	2	0.0	13.3
10/9/23	3	0.0	13.0
10/9/23	4	0.0	11.0
10/9/23	5	0.0	9.0
10/9/23	6	0.0	8.0
10/9/23	7	0.0	7.0
10/9/23	8	0.0	6.3
10/9/23	9	0.0	6.3
10/9/23	10	0.0	5.0
10/9/23	11	0.0	5.0
10/9/23	12	0.0	5.0
10/9/23	13	0.0	5.0
10/9/23	14	0.0	4.3
10/9/23	15	0.0	5.0
10/9/23	16	0.0	7.0
10/9/23	17	0.0	10.0
10/9/23	18	0.0	13.3
10/9/23	19	0.0	15.0
10/9/23	20	0.0	16.0
10/9/23	21	0.0	17.0
10/9/23	22	0.0	17.7
10/9/23	23	0.0	17.7
10/10/23	0	0.0	17.3
10/10/23	1	0.0	15.7
10/10/23	2	0.0	14.7
10/10/23	3	0.0	12.0
10/10/23	4	0.0	10.3
10/10/23	5	0.0	8.3
10/10/23	6	0.0	7.0
10/10/23	7	0.0	6.3
10/10/23	8	0.0	6.0
10/10/23	9	0.0	5.3
10/10/23	10	0.0	5.0
10/10/23	11	0.0	5.0
10/10/23	12	0.0	5.0
10/10/23	13	0.0	5.0
10/10/23	14	0.0	4.7
10/10/23	15	0.0	5.0
10/10/23	16	0.0	6.3
10/10/23	17	0.0	10.3
10/10/23	18	0.0	11.0
10/10/23	19	0.0	15.3
10/10/23	20	0.0	16.7
10/10/23	21	0.0	17.0
10/10/23	22	0.0	17.7
10/10/23	23	0.0	17.7
10/11/23	0	0.0	17.0
10/11/23	1	0.0	16.3
10/11/23	2	0.0	9.0
10/11/23	3	0.0	7.0
10/11/23	4	0.0	6.7
10/11/23	5	0.0	6.0
10/11/23	6	0.0	6.0
10/11/23	7	0.0	6.0
10/11/23	8	0.0	7.0
10/11/23	9	0.0	8.3
10/11/23	10	0.0	8.7
10/11/23	11	0.0	8.3
10/11/23	12	0.0	8.0
10/11/23	13	0.0	9.3
10/11/23	14	0.0	8.3
10/11/23	15	0.0	8.7
10/11/23	16	0.0	9.7
10/11/23	17	0.0	10.3
10/11/23	18	0.0	11.0
10/11/23	19	0.0	8.3
10/11/23	20	0.0	11.0
10/11/23	21	0.0	12.0
10/11/23	22	0.0	10.7
10/11/23	23	0.0	9.0
10/12/23	0	0.0	9.0
10/12/23	1	0.0	10.0
10/12/23	2	0.0	11.0
10/12/23	3	0.0	9.0
10/12/23	4	0.0	6.0
10/12/23	5	0.0	4.0
10/12/23	6	0.0	2.7
10/12/23	7	0.0	0.7
10/12/23	8	0.0	0.0
10/12/23	9	0.0	0.0
10/12/23	10	0.0	0.0
10/12/23	11	0.0	0.0
10/12/23	12	0.0	-0.7
10/12/23	13	0.0	-0.3
10/12/23	14	0.0	0.0
10/12/23	15	0.0	-0.3
10/12/23	16	0.0	-0.3
10/12/23	17	0.0	-0.3
10/12/23	18	0.0	0.0
10/12/23	19	0.0	11.0
10/12/23	20	0.0	11.7
10/12/23	21	0.0	12.3
10/12/23	22	0.0	12.7
10/12/23	23	0.0	12.0
10/13/23	0	2.5	12.0
10/13/23	1	2.5	11.3
10/13/23	2	2.5	3.0
10/13/23	3	2.5	3.0
10/13/23	4	2.5	2.3
10/13/23	5	2.5	2.0
10/13/23	6	2.5	2.0
10/13/23	7	2.5	2.0
10/13/23	8	2.5	2.0
10/13/23	9	2.5	2.0
10/13/23	10	5.1	2.0
10/13/23	11	5.1	0.7
10/13/23	12	5.1	0.0
10/13/23	13	5.1	0.0
10/13/23	14	5.1	0.0
10/13/23	15	5.1	-1.0
10/13/23	16	5.1	0.3
10/13/23	17	5.1	2.3
10/13/23	18	2.5	5.0
10/13/23	19	2.5	1.3
10/13/23	20	2.5	3.3
10/13/23	21	5.1	3.7
10/13/23	22	7.6	4.7
10/13/23	23	7.6	4.3
10/14/23	0	10.2	4.0
10/14/23	1	7.6	4.0
10/14/23	2	5.1	6.3
10/14/23	3	5.1	5.3
10/14/23	4	5.1	3.3
10/14/23	5	7.6	2.3
10/14/23	6	7.6	2.0
10/14/23	7	7.6	1.0
10/14/23	8	7.6	1.0
10/14/23	9	10.2	1.0
10/14/23	10	10.2	1.3
10/14/23	11	10.2	0.7
10/14/23	12	10.2	1.0
10/14/23	13	10.2	0.7
10/14/23	14	10.2	0.3
10/14/23	15	10.2	0.0
10/14/23	16	10.2	2.0
10/14/23	17	7.6	4.3
10/14/23	18	7.6	5.3
10/14/23	19	7.6	7.7
10/14/23	20	7.6	8.7
10/14/23	21	7.6	9.0
10/14/23	22	7.6	9.0
10/14/23	23	7.6	9.3
10/15/23	0	7.6	9.3
10/15/23	1	7.6	8.0
10/15/23	2	7.6	9.3
10/15/23	3	7.6	7.3
10/15/23	4	7.6	6.3
10/15/23	5	7.6	4.3
10/15/23	6	7.6	3.3
10/15/23	7	5.1	2.3
10/15/23	8	7.6	2.0
10/15/23	9	7.6	1.7
10/15/23	10	10.2	2.0
10/15/23	11	10.2	1.7
10/15/23	12	10.2	1.7
10/15/23	13	5.1	1.3
10/15/23	14	5.1	1.3
10/15/23	15	2.5	1.3
10/15/23	16	2.5	4.0
10/15/23	17	2.5	7.0
10/15/23	18	2.5	11.0
10/15/23	19	2.5	7.0
10/15/23	20	2.5	9.7
10/15/23	21	2.5	11.3
10/15/23	22	0.0	12.3
10/15/23	23	0.0	13.0
10/16/23	0	0.0	12.0
10/16/23	1	0.0	11.3
10/16/23	2	0.0	13.0
10/16/23	3	0.0	11.3
10/16/23	4	0.0	9.3
10/16/23	5	0.0	7.3
10/16/23	6	0.0	6.3
10/16/23	7	0.0	5.7
10/16/23	8	0.0	5.0
10/16/23	9	0.0	5.0
10/16/23	10	0.0	5.0
10/16/23	11	2.5	4.3
10/16/23	12	5.1	4.7
10/16/23	13	5.1	4.7
10/16/23	14	5.1	5.0
10/16/23	15	5.1	4.7
10/16/23	16	5.1	7.0
10/16/23	17	5.1	11.0
10/16/23	18	2.5	14.7
10/16/23	19	2.5	13.7
10/16/23	20	2.5	15.0
10/16/23	21	2.5	16.0
10/16/23	22	2.5	16.0
10/16/23	23	2.5	16.3
10/17/23	0	0.0	16.0
10/17/23	1	2.5	15.7
10/17/23	2	2.5	15.3
10/17/23	3	0.0	13.3
10/17/23	4	0.0	10.7
10/17/23	5	0.0	10.0
10/17/23	6	0.0	8.3
10/17/23	7	0.0	7.7
10/17/23	8	2.5	7.0
10/17/23	9	2.5	6.7
10/17/23	10	5.1	6.0
10/17/23	11	2.5	6.0
10/17/23	12	5.1	5.7
10/17/23	13	5.1	5.3
10/17/23	14	5.1	5.3
10/17/23	15	2.5	5.0
10/17/23	16	5.1	7.3
10/17/23	17	5.1	10.7
10/17/23	18	2.5	14.0
10/17/23	19	2.5	16.7
10/17/23	20	2.5	18.7
10/17/23	21	2.5	20.0
10/17/23	22	2.5	20.0
10/17/23	23	2.5	19.3
10/18/23	0	0.0	18.3
10/18/23	1	2.5	17.0
10/18/23	2	2.5	15.0
10/18/23	3	2.5	13.0
10/18/23	4	2.5	10.7
10/18/23	5	2.5	9.3
10/18/23	6	2.5	7.7
10/18/23	7	2.5	7.3
10/18/23	8	2.5	6.7
10/18/23	9	5.1	5.7
10/18/23	10	5.1	5.7
10/18/23	11	5.1	5.0
10/18/23	12	5.1	5.0
10/18/23	13	2.5	4.7
10/18/23	14	2.5	4.7
10/18/23	15	2.5	4.0
10/18/23	16	2.5	6.0
10/18/23	17	2.5	9.7
10/18/23	18	2.5	12.7
10/18/23	19	2.5	16.0
10/18/23	20	2.5	17.3
10/18/23	21	2.5	18.0
10/18/23	22	2.5	18.0
10/18/23	23	2.5	18.0
10/19/23	0	0.0	17.3
10/19/23	1	2.5	16.7
10/19/23	2	2.5	14.7
10/19/23	3	2.5	12.7
10/19/23	4	2.5	11.3
10/19/23	5	2.5	8.7
10/19/23	6	2.5	8.0
10/19/23	7	2.5	7.0
10/19/23	8	2.5	6.3
10/19/23	9	5.1	5.7
10/19/23	10	5.1	5.3
10/19/23	11	5.1	5.0
10/19/23	12	5.1	5.0
10/19/23	13	2.5	5.0
10/19/23	14	2.5	4.3
10/19/23	15	2.5	4.3
10/19/23	16	2.5	6.0
10/19/23	17	2.5	10.0
10/19/23	18	2.5	13.3
10/19/23	19	2.5	15.3
10/19/23	20	2.5	16.7
10/19/23	21	2.5	17.7
10/19/23	22	2.5	18.0
10/19/23	23	2.5	18.0
10/20/23	0	0.0	17.0
10/20/23	1	2.5	16.7
10/20/23	2	2.5	15.0
10/20/23	3	2.5	13.3
10/20/23	4	2.5	10.3
10/20/23	5	2.5	8.3
10/20/23	6	2.5	8.0
10/20/23	7	2.5	7.3
10/20/23	8	2.5	6.0
10/20/23	9	5.1	6.0
10/20/23	10	5.1	6.0
10/20/23	11	5.1	5.7
10/20/23	12	5.1	6.0
10/20/23	13	2.5	5.7
10/20/23	14	2.5	5.7
10/20/23	15	2.5	6.0
10/20/23	16	2.5	8.0
10/20/23	17	2.5	11.7
10/20/23	18	2.5	16.0
10/20/23	19	2.5	15.7
10/20/23	20	2.5	18.0
10/20/23	21	2.5	19.0
10/20/23	22	2.5	20.0
10/20/23	23	2.5	19.7
10/21/23	0	0.0	18.3
10/21/23	1	2.5	17.7
10/21/23	2	2.5	16.3
10/21/23	3	2.5	14.0
10/21/23	4	2.5	11.7
10/21/23	5	2.5	10.0
10/21/23	6	2.5	8.3
10/21/23	7	2.5	8.3
10/21/23	8	2.5	6.7
10/21/23	9	5.1	7.3
10/21/23	10	5.1	6.3
10/21/23	11	5.1	6.3
10/21/23	12	5.1	6.0
10/21/23	13	2.5	6.0
10/21/23	14	2.5	5.3
10/21/23	15	2.5	5.3
10/21/23	16	2.5	7.0
10/21/23	17	2.5	11.0
10/21/23	18	2.5	14.3
10/21/23	19	2.5	18.3
10/21/23	20	2.5	20.0
10/21/23	21	2.5	20.0
10/21/23	22	2.5	21.0
10/21/23	23	2.5	21.0
10/22/23	0	0.0	20.0
10/22/23	1	2.5	18.3
10/22/23	2	2.5	15.7
10/22/23	3	0.0	14.0
10/22/23	4	0.0	12.0
10/22/23	5	0.0	10.7
10/22/23	6	0.0	9.3
10/22/23	7	0.0	8.0
10/22/23	8	2.5	7.3
10/22/23	9	2.5	7.3
10/22/23	10	5.1	6.7
10/22/23	11	5.1	6.0
10/22/23	12	5.1	5.7
10/22/23	13	5.1	5.3
10/22/23	14	2.5	5.0
10/22/23	15	2.5	4.7
10/22/23	16	2.5	6.7
10/22/23	17	2.5	9.7
10/22/23	18	2.5	13.0
10/22/23	19	2.5	17.3
10/22/23	20	2.5	17.7
10/22/23	21	2.5	18.3
10/22/23	22	2.5	19.3
10/22/23	23	2.5	18.7
10/23/23	0	0.0	18.7
10/23/23	1	2.5	17.3
10/23/23	2	2.5	13.7
10/23/23	3	2.5	12.0
10/23/23	4	2.5	11.3
10/23/23	5	0.0	10.3
10/23/23	6	0.0	10.0
10/23/23	7	0.0	10.0
10/23/23	8	2.5	9.3
10/23/23	9	2.5	7.7
10/23/23	10	5.1	7.0
10/23/23	11	5.1	7.0
10/23/23	12	5.1	6.7
10/23/23	13	2.5	7.3
10/23/23	14	2.5	7.7
10/23/23	15	2.5	7.3
10/23/23	16	2.5	9.3
10/23/23	17	2.5	11.3
10/23/23	18	2.5	12.3
10/23/23	19	2.5	15.3
10/23/23	20	2.5	16.0
10/23/23	21	2.5	16.3
10/23/23	22	2.5	16.7
10/23/23	23	2.5	16.7
10/24/23	0	0.0	17.0
10/24/23	1	2.5	16.3
10/24/23	2	2.5	13.0
10/24/23	3	2.5	12.3
10/24/23	4	2.5	11.3
10/24/23	5	0.0	9.0
10/24/23	6	0.0	8.0
10/24/23	7	0.0	7.0
10/24/23	8	2.5	6.0
10/24/23	9	2.5	6.0
10/24/23	10	5.1	6.0
10/24/23	11	5.1	6.0
10/24/23	12	5.1	6.3
10/24/23	13	5.1	6.3
10/24/23	14	2.5	7.0
10/24/23	15	2.5	5.7
10/24/23	16	5.1	6.7
10/24/23	17	5.1	8.0
10/24/23	18	2.5	9.7
10/24/23	19	2.5	13.3
10/24/23	20	2.5	14.3
10/24/23	21	2.5	15.3
10/24/23	22	2.5	15.3
10/24/23	23	2.5	15.0
10/25/23	0	0.0	15.0
10/25/23	1	2.5	14.3
10/25/23	2	2.5	9.7
10/25/23	3	2.5	8.7
10/25/23	4	2.5	8.0
10/25/23	5	2.5	7.3
10/25/23	6	2.5	6.0
10/25/23	7	2.5	5.7
10/25/23	8	2.5	4.3
10/25/23	9	2.5	3.7
10/25/23	10	5.1	3.0
10/25/23	11	5.1	2.3
10/25/23	12	5.1	2.0
10/25/23	13	5.1	2.0
10/25/23	14	5.1	2.0
10/25/23	15	5.1	1.0
10/25/23	16	5.1	2.3
10/25/23	17	5.1	5.7
10/25/23	18	2.5	8.0
10/25/23	19	2.5	10.7
10/25/23	20	2.5	10.7
10/25/23	21	2.5	8.7
10/25/23	22	2.5	10.7
10/25/23	23	2.5	11.0
10/26/23	0	0.0	11.0
10/26/23	1	2.5	10.3
10/26/23	2	2.5	10.0
10/26/23	3	2.5	8.3
10/26/23	4	2.5	7.3
10/26/23	5	2.5	7.0
10/26/23	6	2.5	6.0
10/26/23	7	2.5	6.0
10/26/23	8	2.5	6.0
10/26/23	9	5.1	6.0
10/26/23	10	5.1	6.0
10/26/23	11	5.1	6.0
10/26/23	12	5.1	6.0
10/26/23	13	5.1	6.0
10/26/23	14	5.1	6.0
10/26/23	15	5.1	6.0
10/26/23	16	5.1	6.3
10/26/23	17	5.1	7.7
10/26/23	18	5.1	8.0
10/26/23	19	5.1	10.3
10/26/23	20	2.5	12.0
10/26/23	21	2.5	13.0
10/26/23	22	2.5	13.7
10/26/23	23	2.5	13.0
10/27/23	0	0.0	12.7
10/27/23	1	2.5	11.7
10/27/23	2	0.0	7.0
10/27/23	3	0.0	6.3
10/27/23	4	0.0	5.3
10/27/23	5	0.0	5.0
10/27/23	6	0.0	3.7
10/27/23	7	0.0	3.3
10/27/23	8	0.0	3.3
10/27/23	9	2.5	3.0
10/27/23	10	2.5	3.3
10/27/23	11	5.1	3.3
10/27/23	12	5.1	3.0
10/27/23	13	5.1	3.0
10/27/23	14	5.1	3.3
10/27/23	15	5.1	5.0
10/27/23	16	5.1	5.3
10/27/23	17	5.1	7.0
10/27/23	18	2.5	8.0
10/27/23	19	2.5	9.3
10/27/23	20	2.5	9.3
10/27/23	21	2.5	10.3
10/27/23	22	2.5	11.7
10/27/23	23	0.0	8.7
10/28/23	0	0.0	7.7
10/28/23	1	0.0	8.0
10/28/23	2	0.0	8.7
10/28/23	3	0.0	8.3
10/28/23	4	0.0	8.0
10/28/23	5	0.0	8.0
10/28/23	6	0.0	8.0
10/28/23	7	0.0	7.3
10/28/23	8	0.0	5.3
10/28/23	9	2.5	3.7
10/28/23	10	5.1	2.7
10/28/23	11	5.1	2.3
10/28/23	12	5.1	1.3
10/28/23	13	5.1	1.7
10/28/23	14	5.1	2.0
10/28/23	15	5.1	2.0
10/28/23	16	5.1	2.3
10/28/23	17	5.1	3.0
10/28/23	18	2.5	3.7
10/28/23	19	2.5	10.0
10/28/23	20	2.5	11.0
10/28/23	21	2.5	11.0
10/28/23	22	2.5	11.7
10/28/23	23	0.0	12.0
10/29/23	0	0.0	12.0
10/29/23	1	2.5	10.3
10/29/23	2	2.5	1.0
10/29/23	3	2.5	2.0
10/29/23	4	2.5	1.7
10/29/23	5	2.5	1.0
10/29/23	6	2.5	1.0
10/29/23	7	2.5	0.3
10/29/23	8	2.5	0.0
10/29/23	9	2.5	0.0
10/29/23	10	5.1	0.0
10/29/23	11	5.1	0.0
10/29/23	12	5.1	-1.0
10/29/23	13	5.1	-1.0
10/29/23	14	5.1	-1.0
10/29/23	15	5.1	-1.7
10/29/23	16	5.1	-2.0
10/29/23	17	5.1	-2.0
10/29/23	18	5.1	-1.3
10/29/23	19	5.1	5.0
10/29/23	20	5.1	3.7
10/29/23	21	5.1	4.7
10/29/23	22	5.1	6.0
10/29/23	23	7.6	7.0
10/30/23	0	7.6	5.3
10/30/23	1	10.2	3.0
10/30/23	2	10.2	-3.3
10/30/23	3	12.7	-5.0
10/30/23	4	15.2	-5.0
10/30/23	5	15.2	-5.7
10/30/23	6	15.2	-6.3
10/30/23	7	15.2	-7.0
10/30/23	8	17.8	-7.0
10/30/23	9	17.8	-8.0
10/30/23	10	17.8	-8.0
10/30/23	11	17.8	-8.0
10/30/23	12	20.3	-8.7
10/30/23	13	20.3	-8.0
10/30/23	14	20.3	-8.0
10/30/23	15	20.3	-8.0
10/30/23	16	20.3	-6.7
10/30/23	17	20.3	-4.3
10/30/23	18	20.3	-1.7
10/30/23	19	20.3	-2.0
10/30/23	20	20.3	-2.0
10/30/23	21	22.9	-1.0
10/30/23	22	22.9	-1.0
10/30/23	23	25.4	-1.0
10/31/23	0	22.9	-1.7
10/31/23	1	25.4	-2.0
10/31/23	2	25.4	0.0
10/31/23	3	25.4	-0.7
10/31/23	4	25.4	-2.0
10/31/23	5	25.4	-3.0
10/31/23	6	22.9	-3.3
10/31/23	7	22.9	-4.0
10/31/23	8	25.4	-4.3
10/31/23	9	25.4	-5.0
10/31/23	10	27.9	-5.0
10/31/23	11	27.9	-5.0
10/31/23	12	25.4	-5.0
10/31/23	13	27.9	-6.0
10/31/23	14	27.9	-5.7
10/31/23	15	27.9	-5.7
10/31/23	16	25.4	-4.7
10/31/23	17	25.4	-1.0
10/31/23	18	22.9	1.0
10/31/23	19	22.9	0.3
10/31/23	20	22.9	1.3
10/31/23	21	20.3	2.0
10/31/23	22	20.3	2.0
10/31/23	23	17.8	2.0
11/1/23	0	22.9	2.0
11/1/23	1	17.8	1.3
11/1/23	2	15.2	3.0
11/1/23	3	15.2	1.3
11/1/23	4	15.2	0.0
11/1/23	5	15.2	0.0
11/1/23	6	15.2	0.0
11/1/23	7	15.2	-0.3
11/1/23	8	17.8	-1.0
11/1/23	9	20.3	-1.7
11/1/23	10	22.9	-1.3
11/1/23	11	25.4	-1.0
11/1/23	12	25.4	-1.0
11/1/23	13	27.9	-1.0
11/1/23	14	27.9	-1.0
11/1/23	15	27.9	-1.7
11/1/23	16	25.4	-0.3
11/1/23	17	25.4	1.0
11/1/23	18	22.9	4.0
11/1/23	19	22.9	4.0
11/1/23	20	20.3	6.0
11/1/23	21	20.3	6.7
11/1/23	22	20.3	7.0
11/1/23	23	20.3	7.0
11/2/23	0	22.9	6.0
11/2/23	1	17.8	5.0
11/2/23	2	17.8	5.0
11/2/23	3	17.8	3.7
11/2/23	4	17.8	2.3
11/2/23	5	17.8	1.0
11/2/23	6	17.8	0.3
11/2/23	7	17.8	0.0
11/2/23	8	20.3	0.0
11/2/23	9	20.3	0.0
11/2/23	10	22.9	0.0
11/2/23	11	25.4	0.0
11/2/23	12	27.9	-0.3
11/2/23	13	27.9	0.0
11/2/23	14	27.9	-0.7
11/2/23	15	27.9	-0.7
11/2/23	16	27.9	0.0
11/2/23	17	25.4	2.0
11/2/23	18	25.4	6.0
11/2/23	19	25.4	7.0
11/2/23	20	22.9	9.7
11/2/23	21	22.9	10.3
11/2/23	22	22.9	10.7
11/2/23	23	22.9	10.0
11/3/23	0	22.9	8.0
11/3/23	1	20.3	6.3
11/3/23	2	20.3	7.7
11/3/23	3	20.3	5.7
11/3/23	4	20.3	3.7
11/3/23	5	20.3	3.0
11/3/23	6	20.3	2.0
11/3/23	7	20.3	2.0
11/3/23	8	22.9	2.0
11/3/23	9	22.9	1.3
11/3/23	10	25.4	1.7
11/3/23	11	27.9	1.3
11/3/23	12	27.9	1.7
11/3/23	13	27.9	1.0
11/3/23	14	27.9	1.0
11/3/23	15	27.9	1.0
11/3/23	16	27.9	1.7
11/3/23	17	27.9	5.0
11/3/23	18	25.4	8.3
11/3/23	19	25.4	9.3
11/3/23	20	25.4	10.3
11/3/23	21	25.4	11.0
11/3/23	22	25.4	11.0
11/3/23	23	22.9	11.0
11/4/23	0	22.9	10.7
11/4/23	1	22.9	10.0
11/4/23	2	22.9	9.0
11/4/23	3	22.9	6.7
11/4/23	4	22.9	5.0
11/4/23	5	22.9	3.3
11/4/23	6	22.9	3.0
11/4/23	7	22.9	2.3
11/4/23	8	22.9	2.0
11/4/23	9	22.9	2.0
11/4/23	10	25.4	1.7
11/4/23	11	25.4	1.7
11/4/23	12	27.9	1.0
11/4/23	13	27.9	1.0
11/4/23	14	27.9	0.7
11/4/23	15	27.9	0.7
11/4/23	16	27.9	1.3
11/4/23	17	27.9	4.3
11/4/23	18	25.4	7.0
11/4/23	19	25.4	11.0
11/4/23	20	25.4	12.0
11/4/23	21	25.4	12.3
11/4/23	22	25.4	13.0
11/4/23	23	25.4	12.7
11/5/23	0	22.9	11.0
11/5/23	1	25.4	10.0
11/5/23	2	25.4	9.0
11/5/23	3	25.4	7.0
11/5/23	4	25.4	5.3
11/5/23	5	25.4	4.0
11/5/23	6	25.4	3.0
11/5/23	7	25.4	2.7
11/5/23	8	25.4	2.7
11/5/23	9	25.4	3.0
11/5/23	10	25.4	3.0
11/5/23	11	27.9	3.0
11/5/23	12	27.9	2.7
11/5/23	13	27.9	3.0
11/5/23	14	27.9	3.7
11/5/23	15	27.9	4.3
11/5/23	16	25.4	3.7
11/5/23	17	25.4	8.0
11/5/23	18	25.4	10.3
11/5/23	19	25.4	12.3
11/5/23	20	27.9	13.3
11/5/23	21	25.4	14.7
11/5/23	22	25.4	14.7
11/5/23	23	25.4	12.7
11/6/23	0	22.9	11.3
11/6/23	1	25.4	11.0
11/6/23	2	25.4	9.3
11/6/23	3	25.4	8.0
11/6/23	4	25.4	8.0
11/6/23	5	25.4	6.3
11/6/23	6	25.4	6.0
11/6/23	7	25.4	6.0
11/6/23	8	22.9	7.0
11/6/23	9	22.9	7.0
11/6/23	10	25.4	7.7
11/6/23	11	25.4	7.0
11/6/23	12	27.9	7.0
11/6/23	13	27.9	7.0
11/6/23	14	27.9	7.0
11/6/23	15	25.4	8.7
11/6/23	16	25.4	11.3
11/6/23	17	25.4	11.7
11/6/23	18	25.4	14.0
11/6/23	19	27.9	14.3
11/6/23	20	25.4	15.0
11/6/23	21	25.4	15.0
11/6/23	22	25.4	13.7
11/6/23	23	25.4	13.0
11/7/23	0	22.9	12.0
11/7/23	1	22.9	11.0
11/7/23	2	22.9	10.7
11/7/23	3	25.4	10.0
11/7/23	4	22.9	9.0
11/7/23	5	22.9	8.3
11/7/23	6	22.9	9.3
11/7/23	7	22.9	8.7
11/7/23	8	22.9	9.0
11/7/23	9	25.4	9.0
11/7/23	10	25.4	8.0
11/7/23	11	25.4	7.7
11/7/23	12	27.9	7.0
11/7/23	13	27.9	7.0
11/7/23	14	27.9	6.0
11/7/23	15	25.4	7.3
11/7/23	16	25.4	9.0
11/7/23	17	25.4	12.0
11/7/23	18	25.4	13.3
11/7/23	19	25.4	14.0
11/7/23	20	27.9	13.3
11/7/23	21	25.4	14.3
11/7/23	22	25.4	14.3
11/7/23	23	25.4	14.3
11/8/23	0	25.4	12.7
11/8/23	1	25.4	10.7
11/8/23	2	25.4	10.7
11/8/23	3	25.4	11.0
11/8/23	4	25.4	10.3
11/8/23	5	25.4	10.0
11/8/23	6	25.4	8.3
11/8/23	7	25.4	7.3
11/8/23	8	25.4	6.7
11/8/23	9	25.4	5.7
11/8/23	10	25.4	5.0
11/8/23	11	25.4	3.7
11/8/23	12	27.9	2.3
11/8/23	13	27.9	1.3
11/8/23	14	25.4	0.0
11/8/23	15	25.4	0.0
11/8/23	16	25.4	1.0
11/8/23	17	25.4	10.3
11/8/23	18	25.4	11.7
11/8/23	19	25.4	13.0
11/8/23	20	25.4	13.0
11/8/23	21	25.4	13.0
11/8/23	22	25.4	13.0
11/8/23	23	25.4	12.7
11/9/23	0	25.4	11.3
11/9/23	1	25.4	-0.7
11/9/23	2	25.4	-1.0
11/9/23	3	25.4	-1.0
11/9/23	4	25.4	-1.3
11/9/23	5	25.4	-2.0
11/9/23	6	25.4	-2.0
11/9/23	7	22.9	-2.0
11/9/23	8	22.9	-3.0
11/9/23	9	22.9	-3.3
11/9/23	10	25.4	-4.0
11/9/23	11	25.4	-4.7
11/9/23	12	27.9	-5.0
11/9/23	13	25.4	-6.0
11/9/23	14	25.4	-6.7
11/9/23	15	25.4	-7.3
11/9/23	16	25.4	-5.3
11/9/23	17	25.4	1.0
11/9/23	18	25.4	2.3
11/9/23	19	25.4	3.7
11/9/23	20	25.4	4.7
11/9/23	21	25.4	3.0
11/9/23	22	25.4	2.0
11/9/23	23	25.4	1.3
11/10/23	0	25.4	0.0
11/10/23	1	25.4	0.0
11/10/23	2	25.4	0.0
11/10/23	3	25.4	-1.3
11/10/23	4	25.4	-2.0
11/10/23	5	25.4	-2.3
11/10/23	6	25.4	-3.0
11/10/23	7	25.4	-3.7
11/10/23	8	25.4	-3.3
11/10/23	9	25.4	-3.0
11/10/23	10	25.4	-3.0
11/10/23	11	20.3	-3.0
11/10/23	12	25.4	-3.0
11/10/23	13	25.4	-3.0
11/10/23	14	25.4	-3.0
11/10/23	15	25.4	-2.7
11/10/23	16	25.4	-0.7
11/10/23	17	25.4	-1.7
11/10/23	18	25.4	0.7
11/10/23	19	22.9	1.0
11/10/23	20	22.9	1.7
11/10/23	21	22.9	2.0
11/10/23	22	22.9	2.0
11/10/23	23	22.9	2.0
11/11/23	0	25.4	0.7
11/11/23	1	22.9	1.3
11/11/23	2	22.9	1.0
11/11/23	3	20.3	0.0
11/11/23	4	20.3	-0.3
11/11/23	5	20.3	-0.7
11/11/23	6	20.3	-1.0
11/11/23	7	20.3	-1.7
11/11/23	8	17.8	-2.3
11/11/23	9	20.3	-3.0
11/11/23	10	20.3	-3.0
11/11/23	11	20.3	-3.3
11/11/23	12	22.9	-4.0
11/11/23	13	25.4	-4.7
11/11/23	14	25.4	-5.0
11/11/23	15	25.4	-5.0
11/11/23	16	25.4	-2.3
11/11/23	17	25.4	1.0
11/11/23	18	25.4	3.0
11/11/23	19	22.9	4.7
11/11/23	20	22.9	5.0
11/11/23	21	22.9	4.7
11/11/23	22	20.3	3.0
11/11/23	23	20.3	2.7
11/12/23	0	25.4	2.0
11/12/23	1	20.3	2.7
11/12/23	2	20.3	1.0
11/12/23	3	20.3	0.0
11/12/23	4	20.3	-0.3
11/12/23	5	20.3	-1.0
11/12/23	6	20.3	-1.7
11/12/23	7	20.3	-2.0
11/12/23	8	20.3	-2.0
11/12/23	9	20.3	-2.3
11/12/23	10	22.9	-2.0
11/12/23	11	22.9	-2.7
11/12/23	12	22.9	-2.0
11/12/23	13	25.4	-2.3
11/12/23	14	25.4	-2.3
11/12/23	15	25.4	-1.0
11/12/23	16	25.4	1.0
11/12/23	17	25.4	0.0
11/12/23	18	25.4	2.3
11/12/23	19	25.4	4.7
11/12/23	20	25.4	6.0
11/12/23	21	25.4	6.0
11/12/23	22	22.9	6.0
11/12/23	23	22.9	6.0
11/13/23	0	25.4	5.3
11/13/23	1	22.9	6.7
11/13/23	2	20.3	4.3
11/13/23	3	20.3	3.0
11/13/23	4	20.3	2.7
11/13/23	5	20.3	3.3
11/13/23	6	20.3	3.3
11/13/23	7	20.3	4.0
11/13/23	8	20.3	4.7
11/13/23	9	20.3	4.3
11/13/23	10	22.9	4.3
11/13/23	11	22.9	5.0
11/13/23	12	25.4	4.0
11/13/23	13	25.4	4.0
11/13/23	14	25.4	3.7
11/13/23	15	27.9	3.7
11/13/23	16	27.9	6.3
11/13/23	17	27.9	4.0
11/13/23	18	25.4	8.0
11/13/23	19	25.4	10.0
11/13/23	20	25.4	11.7
11/13/23	21	25.4	11.3
11/13/23	22	22.9	11.0
11/13/23	23	22.9	10.3
11/14/23	0	25.4	8.7
11/14/23	1	22.9	6.3
11/14/23	2	22.9	5.0
11/14/23	3	22.9	3.3
11/14/23	4	20.3	2.7
11/14/23	5	20.3	2.3
11/14/23	6	20.3	4.0
11/14/23	7	20.3	4.7
11/14/23	8	20.3	3.7
11/14/23	9	22.9	2.7
11/14/23	10	25.4	2.0
11/14/23	11	22.9	2.0
11/14/23	12	25.4	2.0
11/14/23	13	25.4	0.7
11/14/23	14	25.4	0.3
11/14/23	15	27.9	1.3
11/14/23	16	27.9	3.7
11/14/23	17	27.9	8.3
11/14/23	18	27.9	9.7
11/14/23	19	27.9	11.0
11/14/23	20	25.4	12.0
11/14/23	21	25.4	13.0
11/14/23	22	25.4	12.7
11/14/23	23	25.4	11.0
11/15/23	0	25.4	9.3
11/15/23	1	25.4	7.0
11/15/23	2	25.4	5.3
11/15/23	3	22.9	3.0
11/15/23	4	22.9	2.7
11/15/23	5	22.9	2.3
11/15/23	6	22.9	1.7
11/15/23	7	22.9	1.0
11/15/23	8	22.9	0.0
11/15/23	9	22.9	0.0
11/15/23	10	25.4	0.0
11/15/23	11	25.4	0.0
11/15/23	12	25.4	0.0
11/15/23	13	25.4	0.0
11/15/23	14	25.4	0.0
11/15/23	15	27.9	0.0
11/15/23	16	27.9	3.3
11/15/23	17	27.9	6.3
11/15/23	18	27.9	9.0
11/15/23	19	27.9	10.7
11/15/23	20	25.4	11.7
11/15/23	21	25.4	11.3
11/15/23	22	25.4	12.0
11/15/23	23	25.4	11.0
11/16/23	0	25.4	9.3
11/16/23	1	22.9	7.7
11/16/23	2	22.9	6.3
11/16/23	3	22.9	5.7
11/16/23	4	22.9	6.7
11/16/23	5	22.9	6.0
11/16/23	6	22.9	6.0
11/16/23	7	22.9	7.0
11/16/23	8	22.9	7.0
11/16/23	9	22.9	6.7
11/16/23	10	25.4	7.3
11/16/23	11	25.4	8.0
11/16/23	12	25.4	7.3
11/16/23	13	25.4	7.0
11/16/23	14	25.4	6.7
11/16/23	15	27.9	7.0
11/16/23	16	27.9	7.0
11/16/23	17	27.9	6.0
11/16/23	18	27.9	8.7
11/16/23	19	27.9	11.0
11/16/23	20	25.4	12.0
11/16/23	21	25.4	12.7
11/16/23	22	25.4	12.0
11/16/23	23	25.4	10.7
11/17/23	0	25.4	9.0
11/17/23	1	25.4	6.0
11/17/23	2	22.9	5.0
11/17/23	3	22.9	4.0
11/17/23	4	22.9	3.7
11/17/23	5	22.9	3.0
11/17/23	6	22.9	2.0
11/17/23	7	22.9	1.0
11/17/23	8	25.4	0.3
11/17/23	9	25.4	0.0
11/17/23	10	25.4	0.7
11/17/23	11	25.4	1.0
11/17/23	12	25.4	1.0
11/17/23	13	27.9	0.7
11/17/23	14	25.4	0.0
11/17/23	15	27.9	0.3
11/17/23	16	27.9	2.3
11/17/23	17	27.9	6.3
11/17/23	18	27.9	7.3
11/17/23	19	27.9	8.3
11/17/23	20	27.9	8.3
11/17/23	21	25.4	5.3
11/17/23	22	25.4	7.3
11/17/23	23	25.4	7.7
11/18/23	0	25.4	7.7
11/18/23	1	25.4	6.7
11/18/23	2	25.4	4.0
11/18/23	3	25.4	2.7
11/18/23	4	25.4	2.0
11/18/23	5	25.4	2.0
11/18/23	6	25.4	2.3
11/18/23	7	25.4	3.0
11/18/23	8	25.4	3.3
11/18/23	9	27.9	3.0
11/18/23	10	27.9	2.0
11/18/23	11	27.9	2.3
11/18/23	12	27.9	2.0
11/18/23	13	30.5	2.7
11/18/23	14	30.5	3.0
11/18/23	15	30.5	3.3
11/18/23	16	30.5	5.0
11/18/23	17	30.5	4.7
11/18/23	18	30.5	6.7
11/18/23	19	30.5	8.7
11/18/23	20	30.5	10.0
11/18/23	21	30.5	10.0
11/18/23	22	30.5	10.7
11/18/23	23	27.9	10.0
11/19/23	0	27.9	8.0
11/19/23	1	27.9	3.0
11/19/23	2	27.9	1.7
11/19/23	3	27.9	1.3
11/19/23	4	27.9	0.7
11/19/23	5	27.9	1.0
11/19/23	6	27.9	1.0
11/19/23	7	27.9	0.3
11/19/23	8	27.9	0.7
11/19/23	9	27.9	0.7
11/19/23	10	27.9	0.3
11/19/23	11	27.9	0.3
11/19/23	12	30.5	0.0
11/19/23	13	30.5	0.0
11/19/23	14	30.5	0.0
11/19/23	15	30.5	0.0
11/19/23	16	30.5	0.7
11/19/23	17	30.5	6.0
11/19/23	18	30.5	6.0
11/19/23	19	30.5	7.0
11/19/23	20	30.5	6.3
11/19/23	21	30.5	4.0
11/19/23	22	27.9	3.7
11/19/23	23	27.9	5.7
11/20/23	0	27.9	5.0
11/20/23	1	27.9	0.0
11/20/23	2	27.9	0.0
11/20/23	3	27.9	0.0
11/20/23	4	25.4	0.0
11/20/23	5	27.9	-0.7
11/20/23	6	27.9	-1.0
11/20/23	7	27.9	-1.0
11/20/23	8	27.9	-1.0
11/20/23	9	27.9	-1.0
11/20/23	10	27.9	-1.0
11/20/23	11	27.9	-1.0
11/20/23	12	30.5	-1.0
11/20/23	13	30.5	-1.0
11/20/23	14	30.5	-1.0
11/20/23	15	30.5	-1.0
11/20/23	16	30.5	-1.0
11/20/23	17	30.5	1.0
11/20/23	18	30.5	2.0
11/20/23	19	30.5	0.0
11/20/23	20	27.9	0.0
11/20/23	21	27.9	0.0
11/20/23	22	27.9	0.0
11/20/23	23	30.5	0.0
11/21/23	0	30.5	0.0
11/21/23	1	27.9	0.0
11/21/23	2	27.9	-0.3
11/21/23	3	27.9	-1.0
11/21/23	4	27.9	-1.7
11/21/23	5	27.9	-2.3
11/21/23	6	30.5	-3.3
11/21/23	7	30.5	-4.3
11/21/23	8	30.5	-5.0
11/21/23	9	30.5	-6.0
11/21/23	10	30.5	-6.0
11/21/23	11	30.5	-6.0
11/21/23	12	33.0	-6.3
11/21/23	13	33.0	-6.7
11/21/23	14	35.6	-7.0
11/21/23	15	35.6	-6.7
11/21/23	16	38.1	-5.0
11/21/23	17	38.1	-0.7
11/21/23	18	38.1	-0.7
11/21/23	19	38.1	0.0
11/21/23	20	38.1	0.0
11/21/23	21	38.1	0.0
11/21/23	22	38.1	0.0
11/21/23	23	38.1	0.0
11/22/23	0	40.6	0.0
11/22/23	1	40.6	0.7
11/22/23	2	40.6	0.0
11/22/23	3	40.6	-1.0
11/22/23	4	40.6	-1.3
11/22/23	5	40.6	-2.0
11/22/23	6	40.6	-2.0
11/22/23	7	40.6	-3.0
11/22/23	8	43.2	-2.7
11/22/23	9	43.2	-3.0
11/22/23	10	45.7	-3.3
11/22/23	11	45.7	-2.3
11/22/23	12	45.7	-3.0
11/22/23	13	45.7	-3.3
11/22/23	14	45.7	-2.3
11/22/23	15	45.7	-2.7
11/22/23	16	45.7	-0.7
11/22/23	17	45.7	-2.7
11/22/23	18	45.7	-0.7
11/22/23	19	45.7	1.7
11/22/23	20	45.7	2.3
11/22/23	21	45.7	2.3
11/22/23	22	43.2	4.0
11/22/23	23	43.2	3.0
11/23/23	0	43.2	2.3
11/23/23	1	40.6	2.3
11/23/23	2	40.6	1.0
11/23/23	3	40.6	0.0
11/23/23	4	40.6	-0.3
11/23/23	5	40.6	-0.7
11/23/23	6	40.6	-0.7
11/23/23	7	40.6	-1.0
11/23/23	8	40.6	-1.0
11/23/23	9	43.2	-1.0
11/23/23	10	43.2	-1.3
11/23/23	11	45.7	-1.3
11/23/23	12	45.7	-2.0
11/23/23	13	48.3	-1.3
11/23/23	14	48.3	-1.0
11/23/23	15	48.3	-1.3
11/23/23	16	48.3	-0.7
11/23/23	17	45.7	0.7
11/23/23	18	45.7	3.3
11/23/23	19	45.7	5.0
11/23/23	20	43.2	6.0
11/23/23	21	43.2	6.3
11/23/23	22	43.2	6.7
11/23/23	23	43.2	6.0
11/24/23	0	43.2	4.0
11/24/23	1	40.6	2.7
11/24/23	2	40.6	3.7
11/24/23	3	40.6	3.0
11/24/23	4	40.6	2.3
11/24/23	5	40.6	2.0
11/24/23	6	40.6	1.7
11/24/23	7	40.6	1.0
11/24/23	8	43.2	1.3
11/24/23	9	43.2	0.7
11/24/23	10	45.7	0.0
11/24/23	11	45.7	0.0
11/24/23	12	48.3	0.0
11/24/23	13	48.3	-0.7
11/24/23	14	48.3	-1.0
11/24/23	15	48.3	-1.0
11/24/23	16	48.3	0.0
11/24/23	17	45.7	1.3
11/24/23	18	45.7	3.7
11/24/23	19	45.7	3.7
11/24/23	20	45.7	5.0
11/24/23	21	43.2	5.0
11/24/23	22	43.2	4.7
11/24/23	23	43.2	3.0
11/25/23	0	45.7	2.7
11/25/23	1	43.2	-2.0
11/25/23	2	43.2	-2.0
11/25/23	3	43.2	-2.0
11/25/23	4	43.2	-2.0
11/25/23	5	43.2	-2.7
11/25/23	6	43.2	-3.0
11/25/23	7	43.2	-4.0
11/25/23	8	43.2	-5.3
11/25/23	9	45.7	-5.7
11/25/23	10	45.7	-5.0
11/25/23	11	48.3	-5.7
11/25/23	12	48.3	-6.3
11/25/23	13	48.3	-6.0
11/25/23	14	48.3	-6.0
11/25/23	15	48.3	-6.0
11/25/23	16	48.3	-6.0
11/25/23	17	45.7	0.0
11/25/23	18	45.7	0.3
11/25/23	19	45.7	0.3
11/25/23	20	45.7	0.0
11/25/23	21	45.7	-1.0
11/25/23	22	45.7	-1.3
11/25/23	23	45.7	0.0
11/26/23	0	45.7	-1.0
11/26/23	1	45.7	-7.0
11/26/23	2	45.7	-7.0
11/26/23	3	45.7	-7.7
11/26/23	4	45.7	-8.3
11/26/23	5	45.7	-9.0
11/26/23	12	45.7	-10.0
11/26/23	13	48.3	-12.5
11/26/23	14	48.3	-12.0
11/26/23	15	48.3	-11.3
11/26/23	16	48.3	-10.0
11/26/23	17	50.8	-5.3
11/26/23	18	50.8	-6.0
11/26/23	19	53.3	-6.0
11/26/23	20	53.3	-5.3
11/26/23	21	55.9	-5.0
11/26/23	22	55.9	-5.0
11/26/23	23	58.4	-5.3
11/27/23	0	61.0	-6.7
11/27/23	1	61.0	-6.0
11/27/23	2	63.5	-6.7
11/27/23	3	63.5	-7.7
11/27/23	4	63.5	-8.0
11/27/23	5	61.0	-8.0
11/27/23	6	61.0	-8.7
11/27/23	7	61.0	-9.3
11/27/23	8	58.4	-9.7
11/27/23	9	58.4	-10.7
11/27/23	10	58.4	-11.0
11/27/23	11	58.4	-11.0
11/27/23	12	61.0	-11.3
11/27/23	13	61.0	-11.0
11/27/23	14	61.0	-11.0
11/27/23	15	61.0	-10.3
11/27/23	16	63.5	-10.0
11/27/23	17	66.0	-7.0
11/27/23	18	66.0	-5.3
11/27/23	19	68.6	-1.3
11/27/23	20	68.6	-1.3
11/27/23	21	68.6	-2.0
11/27/23	22	68.6	-2.0
11/27/23	23	68.6	-3.0
11/28/23	0	66.0	-4.7
11/28/23	1	66.0	-2.3
11/28/23	2	63.5	-3.7
11/28/23	3	63.5	-5.7
11/28/23	4	63.5	-6.7
11/28/23	5	63.5	-7.0
11/28/23	6	61.0	-8.0
11/28/23	7	61.0	-8.0
11/28/23	8	61.0	-8.0
11/28/23	9	61.0	-8.0
11/28/23	10	61.0	-8.0
11/28/23	11	58.4	-8.0
11/28/23	12	58.4	-7.3
11/28/23	13	58.4	-7.7
11/28/23	14	58.4	-7.7
11/28/23	15	61.0	-6.7
11/28/23	16	63.5	-5.0
11/28/23	17	63.5	-5.5
11/28/23	18	66.0	-3.0
11/28/23	19	68.6	-0.3
11/28/23	20	71.1	0.7
11/28/23	21	71.1	1.3
11/28/23	22	68.6	1.0
11/28/23	23	66.0	0.7
11/29/23	0	66.0	-0.3
11/29/23	1	63.5	0.3
11/29/23	2	63.5	-1.0
11/29/23	3	61.0	-1.0
11/29/23	4	61.0	-1.7
11/29/23	5	61.0	-1.3
11/29/23	6	61.0	-2.0
11/29/23	7	61.0	-2.0
11/29/23	8	58.4	-2.0
11/29/23	9	58.4	-2.7
11/29/23	10	58.4	-3.0
11/29/23	11	58.4	-3.0
11/29/23	12	58.4	-2.7
11/29/23	13	58.4	-3.0
11/29/23	14	61.0	-3.0
11/29/23	15	61.0	-3.0
11/29/23	16	63.5	-2.0
11/29/23	17	66.0	-2.0
11/29/23	18	66.0	0.7
11/29/23	19	68.6	3.3
11/29/23	20	71.1	4.7
11/29/23	21	71.1	5.0
11/29/23	22	68.6	4.7
11/29/23	23	66.0	4.0
11/30/23	0	66.0	2.0
11/30/23	1	63.5	0.0
11/30/23	2	63.5	0.0
11/30/23	3	61.0	-1.0
11/30/23	4	61.0	-1.3
11/30/23	5	61.0	-2.0
11/30/23	6	61.0	-2.0
11/30/23	7	61.0	-2.3
11/30/23	8	61.0	-2.7
11/30/23	9	61.0	-3.0
11/30/23	10	61.0	-3.0
11/30/23	11	61.0	-3.3
11/30/23	12	61.0	-3.3
11/30/23	13	61.0	-4.7
11/30/23	14	61.0	-5.0
11/30/23	15	63.5	-5.3
11/30/23	16	66.0	-4.0
11/30/23	17	66.0	-0.7
11/30/23	18	68.6	1.7
11/30/23	19	71.1	3.0
11/30/23	20	71.1	3.0
11/30/23	21	71.1	3.3
11/30/23	22	71.1	3.0
11/30/23	23	68.6	2.3
12/1/23	0	68.6	1.0
12/1/23	1	66.0	-1.3
12/1/23	2	66.0	-1.7
12/1/23	3	66.0	-2.0
12/1/23	4	66.0	-3.0
12/1/23	5	66.0	-3.0
12/1/23	6	68.6	-3.0
12/1/23	7	63.5	-3.0
12/1/23	8	63.5	-3.7
12/1/23	9	63.5	-4.0
12/1/23	10	63.5	-4.0
12/1/23	11	63.5	-4.0
12/1/23	12	63.5	-4.0
12/1/23	13	63.5	-4.7
12/1/23	14	63.5	-5.0
12/1/23	15	66.0	-5.0
12/1/23	16	68.6	-4.7
12/1/23	17	68.6	-2.3
12/1/23	18	71.1	-0.7
12/1/23	19	71.1	0.3
12/1/23	20	71.1	1.0
12/1/23	21	71.1	0.3
12/1/23	22	71.1	0.0
12/1/23	23	68.6	-0.7
12/2/23	0	68.6	-1.3
12/2/23	1	66.0	-6.0
12/2/23	2	66.0	-6.0
12/2/23	3	66.0	-6.0
12/2/23	4	66.0	-6.0
12/2/23	5	66.0	-6.3
12/2/23	6	68.6	-8.0
12/2/23	7	63.5	-7.3
12/2/23	8	63.5	-7.3
12/2/23	9	63.5	-7.0
12/2/23	10	63.5	-7.0
12/2/23	11	63.5	-7.0
12/2/23	12	63.5	-7.0
12/2/23	13	63.5	-7.0
12/2/23	14	63.5	-7.0
12/2/23	15	66.0	-8.0
12/2/23	16	68.6	-7.3
12/2/23	17	68.6	-4.0
12/2/23	18	71.1	-3.0
12/2/23	19	71.1	-3.0
12/2/23	20	71.1	-3.0
12/2/23	21	71.1	-3.0
12/2/23	22	73.7	-4.0
12/2/23	23	73.7	-5.0
12/3/23	0	73.7	-5.0
12/3/23	1	73.7	-6.0
12/3/23	2	73.7	-5.0
12/3/23	3	73.7	-6.0
12/3/23	4	71.1	-6.0
12/3/23	5	71.1	-6.0
12/3/23	6	71.1	-6.0
12/3/23	7	71.1	-6.0
12/3/23	8	71.1	-5.7
12/3/23	9	71.1	-5.3
12/3/23	10	73.7	-5.0
12/3/23	11	73.7	-5.0
12/3/23	12	73.7	-5.0
12/3/23	13	76.2	-4.0
12/3/23	14	76.2	-3.7
12/3/23	15	78.7	-3.0
12/3/23	16	78.7	-2.7
12/3/23	17	81.3	-7.0
12/3/23	18	81.3	-6.0
12/3/23	19	83.8	-5.7
12/3/23	20	83.8	-5.0
12/3/23	21	86.4	-5.0
12/3/23	22	86.4	-4.0
12/3/23	23	83.8	-5.0
12/4/23	0	83.8	-5.0
12/4/23	1	83.8	0.0
12/4/23	2	83.8	-1.0
12/4/23	3	83.8	-1.3
12/4/23	4	83.8	-2.0
12/4/23	5	83.8	-2.7
12/4/23	6	83.8	-3.0
12/4/23	7	83.8	-2.7
12/4/23	8	86.4	-3.0
12/4/23	9	86.4	-3.0
12/4/23	10	88.9	-2.7
12/4/23	11	88.9	-3.0
12/4/23	12	88.9	-2.3
12/4/23	13	91.4	-2.0
12/4/23	14	91.4	-2.0
12/4/23	15	91.4	-1.7
12/4/23	16	91.4	-1.7
12/4/23	17	94.0	-2.3
12/4/23	18	96.5	-2.0
12/4/23	19	96.5	-2.0
12/4/23	20	96.5	-2.0
12/4/23	21	96.5	-1.0
12/4/23	22	96.5	-0.3
12/4/23	23	94.0	0.0
12/5/23	0	94.0	0.0
12/5/23	1	94.0	0.3
12/5/23	2	94.0	0.0
12/5/23	3	94.0	-1.0
12/5/23	4	94.0	-1.3
12/5/23	5	94.0	-2.0
12/5/23	6	96.5	-2.7
12/5/23	7	96.5	-3.0
12/5/23	8	96.5	-3.0
12/5/23	9	96.5	-3.7
12/5/23	10	99.1	-3.3
12/5/23	11	99.1	-3.3
12/5/23	12	99.1	-3.3
12/5/23	13	99.1	-3.7
12/5/23	14	101.6	-3.0
12/5/23	15	101.6	-3.3
12/5/23	16	104.1	-1.0
12/5/23	17	104.1	-0.3
12/5/23	18	104.1	1.3
12/5/23	19	106.7	2.7
12/5/23	20	106.7	3.0
12/5/23	21	106.7	3.7
12/5/23	22	106.7	4.7
12/5/23	23	106.7	4.7
12/6/23	0	106.7	2.3
12/6/23	1	106.7	3.0
12/6/23	2	106.7	1.7
12/6/23	3	106.7	1.3
12/6/23	4	106.7	0.3
12/6/23	5	106.7	0.3
12/6/23	6	106.7	0.0
12/6/23	7	106.7	0.0
12/6/23	8	106.7	0.0
12/6/23	9	106.7	0.0
12/6/23	10	106.7	0.0
12/6/23	11	106.7	0.3
12/6/23	12	106.7	0.0
12/6/23	13	106.7	0.0
12/6/23	14	106.7	-0.3
12/6/23	15	106.7	0.0
12/6/23	16	106.7	0.7
12/6/23	17	106.7	0.0
12/6/23	18	109.2	2.3
12/6/23	19	109.2	6.0
12/6/23	20	109.2	7.3
12/6/23	21	109.2	7.7
12/6/23	22	109.2	8.0
12/6/23	23	106.7	8.3
12/7/23	0	106.7	6.0
12/7/23	1	106.7	4.0
12/7/23	2	106.7	1.7
12/7/23	3	106.7	1.0
12/7/23	4	104.1	1.7
12/7/23	5	104.1	3.0
12/7/23	6	106.7	3.0
12/7/23	7	104.1	3.0
12/7/23	8	104.1	4.3
12/7/23	9	104.1	3.7
12/7/23	10	104.1	4.0
12/7/23	11	104.1	3.7
12/7/23	12	104.1	2.7
12/7/23	13	104.1	3.0
12/7/23	14	104.1	2.3
12/7/23	15	104.1	2.0
12/7/23	16	106.7	3.0
12/7/23	17	106.7	3.0
12/7/23	18	106.7	6.0
12/7/23	19	109.2	8.7
12/7/23	20	109.2	9.7
12/7/23	21	109.2	9.7
12/7/23	22	109.2	9.3
12/7/23	23	109.2	7.7
12/8/23	0	106.7	6.0
12/8/23	1	106.7	2.3
12/8/23	2	106.7	1.3
12/8/23	3	106.7	0.7
12/8/23	4	104.1	0.3
12/8/23	5	104.1	0.0
12/8/23	6	106.7	0.0
12/8/23	7	104.1	0.0
12/8/23	8	104.1	0.0
12/8/23	9	104.1	0.0
12/8/23	10	104.1	-1.7
12/8/23	11	104.1	-1.0
12/8/23	12	104.1	-1.0
12/8/23	13	104.1	-1.3
12/8/23	14	104.1	-3.0
12/8/23	15	104.1	-3.3
12/8/23	16	106.7	-3.7
12/8/23	17	106.7	4.0
12/8/23	18	106.7	4.7
12/8/23	19	109.2	5.0
12/8/23	20	109.2	5.3
12/8/23	21	109.2	6.0
12/8/23	22	109.2	5.3
12/8/23	23	109.2	4.3
12/9/23	0	106.7	3.0
12/9/23	1	106.7	-7.0
12/9/23	2	106.7	-7.0
12/9/23	3	104.1	-8.0
12/9/23	4	104.1	-8.0
12/9/23	5	104.1	-9.0
12/9/23	6	106.7	-9.7
12/9/23	7	104.1	-10.0
12/9/23	8	104.1	-10.7
12/9/23	9	104.1	-10.7
12/9/23	10	104.1	-10.0
12/9/23	11	104.1	-10.7
12/9/23	12	104.1	-11.0
12/9/23	13	106.7	-11.0
12/9/23	14	106.7	-11.7
12/9/23	15	106.7	-12.3
12/9/23	16	106.7	-12.0
12/9/23	17	106.7	-2.7
12/9/23	18	106.7	-4.0
12/9/23	19	109.2	-4.0
12/9/23	20	109.2	-3.0
12/9/23	21	109.2	-4.7
12/9/23	22	109.2	-4.0
12/9/23	23	109.2	-5.3
12/10/23	0	106.7	-6.0
12/10/23	1	106.7	-7.3
12/10/23	2	106.7	-9.3
12/10/23	3	106.7	-10.7
12/10/23	4	104.1	-11.0
12/10/23	5	104.1	-11.7
12/10/23	6	106.7	-11.7
12/10/23	7	106.7	-12.0
12/10/23	8	106.7	-12.7
12/10/23	9	106.7	-12.0
12/10/23	10	106.7	-11.3
12/10/23	11	106.7	-11.0
12/10/23	12	106.7	-10.0
12/10/23	13	109.2	-8.7
12/10/23	14	109.2	-7.3
12/10/23	15	109.2	-5.3
12/10/23	16	109.2	-4.3
12/10/23	17	111.8	-10.7
12/10/23	18	111.8	-8.3
12/10/23	19	114.3	-7.0
12/10/23	20	114.3	-6.0
12/10/23	21	111.8	-5.0
12/10/23	22	111.8	-5.0
12/10/23	23	111.8	-5.0
12/11/23	0	109.2	-6.7
12/11/23	1	109.2	1.0
12/11/23	2	109.2	0.3
12/11/23	3	109.2	0.0
12/11/23	4	109.2	-0.3
12/11/23	5	109.2	-1.0
12/11/23	6	114.3	-1.0
12/11/23	7	109.2	-1.3
12/11/23	8	109.2	-1.0
12/11/23	9	109.2	-1.3
12/11/23	10	109.2	-2.3
12/11/23	11	109.2	-3.0
12/11/23	12	109.2	-2.7
12/11/23	13	109.2	-3.3
12/11/23	14	109.2	-3.0
12/11/23	15	109.2	-3.3
12/11/23	16	109.2	-1.7
12/11/23	17	111.8	-2.7
12/11/23	18	111.8	-0.7
12/11/23	19	114.3	1.0
12/11/23	20	116.8	3.7
12/11/23	21	116.8	4.7
12/11/23	22	114.3	3.7
12/11/23	23	111.8	3.0
12/12/23	0	111.8	1.7
12/12/23	1	111.8	1.7
12/12/23	2	109.2	0.0
12/12/23	3	109.2	0.0
12/12/23	4	106.7	-0.7
12/12/23	5	106.7	-0.3
12/12/23	6	114.3	-1.0
12/12/23	7	109.2	-1.0
12/12/23	8	109.2	-0.7
12/12/23	9	109.2	-0.3
12/12/23	10	111.8	0.0
12/12/23	11	111.8	1.7
12/12/23	12	111.8	3.0
12/12/23	13	114.3	3.0
12/12/23	14	114.3	3.0
12/12/23	15	114.3	2.7
12/12/23	16	116.8	2.0
12/12/23	17	116.8	-0.7
12/12/23	18	116.8	1.7
12/12/23	19	116.8	4.0
12/12/23	20	119.4	6.0
12/12/23	21	116.8	6.0
12/12/23	22	116.8	6.0
12/12/23	23	116.8	5.0
12/13/23	0	116.8	3.3
12/13/23	1	116.8	3.7
12/13/23	2	116.8	3.0
12/13/23	3	116.8	2.3
12/13/23	4	116.8	2.3
12/13/23	5	114.3	2.0
12/13/23	6	119.4	2.0
12/13/23	7	114.3	2.0
12/13/23	8	114.3	1.0
12/13/23	9	114.3	1.0
12/13/23	10	114.3	1.7
12/13/23	11	114.3	2.0
12/13/23	12	111.8	2.0
12/13/23	13	111.8	2.0
12/13/23	14	111.8	1.7
12/13/23	15	111.8	1.7
12/13/23	16	114.3	2.0
12/13/23	17	114.3	3.0
12/13/23	18	116.8	4.3
12/13/23	19	116.8	5.7
12/13/23	20	119.4	6.7
12/13/23	21	119.4	6.7
12/13/23	22	116.8	6.0
12/13/23	23	116.8	5.3
12/14/23	0	116.8	4.3
12/14/23	1	114.3	0.0
12/14/23	2	114.3	-0.3
12/14/23	3	114.3	0.0
12/14/23	4	111.8	0.0
12/14/23	5	111.8	0.0
12/14/23	6	119.4	-0.3
12/14/23	7	111.8	-1.0
12/14/23	8	111.8	-0.3
12/14/23	9	114.3	-0.3
12/14/23	10	114.3	-1.0
12/14/23	11	114.3	-1.0
12/14/23	12	114.3	-1.0
12/14/23	13	114.3	-1.7
12/14/23	14	116.8	-2.0
12/14/23	15	116.8	-2.3
12/14/23	16	116.8	-3.0
12/14/23	17	116.8	2.0
12/14/23	18	119.4	3.0
12/14/23	19	119.4	2.3
12/14/23	20	119.4	1.0
12/14/23	21	119.4	0.0
12/14/23	22	116.8	1.7
12/14/23	23	116.8	1.7
12/15/23	0	116.8	0.3
12/15/23	1	116.8	-1.0
12/15/23	2	116.8	-1.0
12/15/23	3	116.8	-1.0
12/15/23	4	116.8	-2.0
12/15/23	5	116.8	-2.0
12/15/23	6	119.4	-3.0
12/15/23	7	116.8	-3.0
12/15/23	8	114.3	-3.7
12/15/23	9	114.3	-4.0
12/15/23	10	114.3	-5.0
12/15/23	11	114.3	-6.0
12/15/23	12	114.3	-7.0
12/15/23	13	114.3	-7.3
12/15/23	14	114.3	-7.0
12/15/23	15	116.8	-7.3
12/15/23	16	116.8	-6.7
12/15/23	17	119.4	-2.3
12/15/23	18	121.9	-2.0
12/15/23	19	121.9	-1.0
12/15/23	20	121.9	-1.0
12/15/23	21	121.9	-1.0
12/15/23	22	121.9	-0.7
12/15/23	23	121.9	-1.0
12/16/23	0	121.9	-1.0
12/16/23	1	121.9	-1.0
12/16/23	2	124.5	-2.3
12/16/23	3	124.5	-3.0
12/16/23	4	127.0	-3.7
12/16/23	5	129.5	-4.0
12/16/23	6	137.2	-4.7
12/16/23	7	137.2	-4.3
12/16/23	8	137.2	-5.3
12/16/23	9	137.2	-5.0
12/16/23	10	137.2	-4.3
12/16/23	11	137.2	-5.3
12/16/23	12	137.2	-5.3
12/16/23	13	137.2	-5.0
12/16/23	14	137.2	-5.0
12/16/23	15	137.2	-4.3
12/16/23	16	137.2	-2.3
12/16/23	17	137.2	-6.0
12/16/23	18	139.7	-3.3
12/16/23	19	139.7	-0.3
12/16/23	20	139.7	1.0
12/16/23	21	139.7	2.3
12/16/23	22	139.7	3.0
12/16/23	23	137.2	2.7
12/17/23	0	137.2	1.0
12/17/23	1	137.2	1.3
12/17/23	2	137.2	1.0
12/17/23	3	137.2	0.0
12/17/23	4	137.2	-1.0
12/17/23	5	137.2	-0.3
12/17/23	6	142.2	-1.3
12/17/23	7	137.2	-0.7
12/17/23	8	134.6	-1.3
12/17/23	9	134.6	-1.3
12/17/23	10	134.6	-0.7
12/17/23	11	134.6	-1.0
12/17/23	12	134.6	-1.3
12/17/23	13	134.6	-1.3
12/17/23	14	134.6	-1.0
12/17/23	15	134.6	-1.3
12/17/23	16	134.6	-0.7
12/17/23	17	137.2	-0.7
12/17/23	18	137.2	1.0
12/17/23	19	139.7	4.3
12/17/23	20	139.7	6.7
12/17/23	21	139.7	7.3
12/17/23	22	139.7	7.0
12/17/23	23	137.2	6.3
12/18/23	0	137.2	4.3
12/18/23	1	137.2	2.3
12/18/23	2	134.6	1.0
12/18/23	3	134.6	0.3
12/18/23	4	134.6	0.0
12/18/23	5	134.6	0.0
12/18/23	6	142.2	0.0
12/18/23	7	132.1	-0.3
12/18/23	8	132.1	-0.3
12/18/23	9	132.1	-0.3
12/18/23	10	132.1	0.0
12/18/23	11	132.1	0.0
12/18/23	12	132.1	0.0
12/18/23	13	132.1	0.0
12/18/23	14	134.6	-0.3
12/18/23	15	134.6	0.0
12/18/23	16	137.2	0.7
12/18/23	17	137.2	0.3
12/18/23	18	137.2	3.0
12/18/23	19	139.7	6.3
12/18/23	20	139.7	8.0
12/18/23	21	139.7	8.0
12/18/23	22	139.7	8.0
12/18/23	23	139.7	6.3
12/19/23	0	137.2	4.7
12/19/23	1	137.2	5.7
12/19/23	2	137.2	6.0
12/19/23	3	137.2	5.0
12/19/23	4	137.2	4.7
12/19/23	5	137.2	3.3
12/19/23	6	142.2	3.3
12/19/23	7	137.2	2.3
12/19/23	8	137.2	2.0
12/19/23	9	137.2	1.3
12/19/23	10	137.2	1.3
12/19/23	11	137.2	1.7
12/19/23	12	137.2	1.3
12/19/23	13	137.2	0.3
12/19/23	14	137.2	0.0
12/19/23	15	137.2	0.0
12/19/23	16	137.2	1.3
12/19/23	17	137.2	2.0
12/19/23	18	139.7	4.7
12/19/23	19	139.7	7.3
12/19/23	20	142.2	8.7
12/19/23	21	139.7	9.0
12/19/23	22	139.7	9.7
12/19/23	23	139.7	8.3
12/20/23	0	137.2	7.3
12/20/23	1	137.2	4.0
12/20/23	2	137.2	3.0
12/20/23	3	137.2	2.7
12/20/23	4	137.2	3.0
12/20/23	5	134.6	3.0
12/20/23	6	142.2	3.0
12/20/23	7	134.6	3.0
12/20/23	8	134.6	2.3
12/20/23	9	134.6	3.0
12/20/23	10	134.6	2.3
12/20/23	11	134.6	2.0
12/20/23	12	134.6	2.0
12/20/23	13	134.6	1.7
12/20/23	14	134.6	1.3
12/20/23	15	134.6	1.7
12/20/23	16	137.2	1.7
12/20/23	17	137.2	2.7
12/20/23	18	139.7	5.3
12/20/23	19	139.7	6.7
12/20/23	20	139.7	7.0
12/20/23	21	139.7	8.0
12/20/23	22	139.7	7.0
12/20/23	23	139.7	6.0
12/21/23	0	139.7	4.7
12/21/23	1	137.2	1.7
12/21/23	2	137.2	0.3
12/21/23	3	137.2	0.0
12/21/23	4	137.2	0.0
12/21/23	5	137.2	0.0
12/21/23	6	142.2	0.0
12/21/23	7	137.2	0.0
12/21/23	8	137.2	0.0
12/21/23	9	137.2	0.0
12/21/23	10	137.2	0.0
12/21/23	11	137.2	0.0
12/21/23	12	137.2	0.0
12/21/23	13	134.6	0.0
12/21/23	14	137.2	0.0
12/21/23	15	137.2	0.0
12/21/23	16	137.2	0.0
12/21/23	17	139.7	2.7
12/21/23	18	139.7	4.3
12/21/23	19	139.7	5.0
12/21/23	20	139.7	5.3
12/21/23	21	139.7	5.7
12/21/23	22	139.7	5.0
12/21/23	23	139.7	5.0
12/22/23	0	139.7	3.3
12/22/23	1	139.7	0.7
12/22/23	2	137.2	0.0
12/22/23	3	137.2	-0.3
12/22/23	4	137.2	-0.7
12/22/23	5	137.2	-1.0
12/22/23	6	142.2	-1.3
12/22/23	7	137.2	-2.0
12/22/23	8	137.2	-2.0
12/22/23	9	137.2	-2.0
12/22/23	10	137.2	-2.0
12/22/23	11	137.2	-2.0
12/22/23	12	137.2	-1.7
12/22/23	13	137.2	-2.0
12/22/23	14	137.2	-1.3
12/22/23	15	137.2	-1.0
12/22/23	16	137.2	-0.3
12/22/23	17	139.7	0.0
12/22/23	18	139.7	0.3
12/22/23	19	139.7	2.7
12/22/23	20	139.7	4.0
12/22/23	21	139.7	5.0
12/22/23	22	139.7	5.0
12/22/23	23	139.7	4.0
12/23/23	0	139.7	2.3
12/23/23	1	139.7	3.3
12/23/23	2	139.7	2.3
12/23/23	3	139.7	2.0
12/23/23	4	142.2	1.7
12/23/23	5	142.2	2.0
12/23/23	6	142.2	1.0
12/23/23	7	142.2	0.3
12/23/23	8	142.2	0.3
12/23/23	9	139.7	0.0
12/23/23	10	139.7	0.0
12/23/23	11	139.7	0.0
12/23/23	12	139.7	0.0
12/23/23	13	139.7	-0.3
12/23/23	14	142.2	-0.3
12/23/23	15	142.2	0.0
12/23/23	16	142.2	0.3
12/23/23	17	142.2	1.3
12/23/23	18	142.2	4.0
12/23/23	19	142.2	6.0
12/23/23	20	142.2	6.0
12/23/23	21	142.2	6.0
12/23/23	22	142.2	5.7
12/23/23	23	142.2	5.0
12/24/23	0	139.7	4.7
12/24/23	1	139.7	-1.0
12/24/23	2	139.7	-1.7
12/24/23	3	139.7	-2.0
12/24/23	4	139.7	-2.0
12/24/23	5	137.2	-2.3
12/24/23	6	142.2	-3.0
12/24/23	7	137.2	-3.0
12/24/23	8	137.2	-4.0
12/24/23	9	137.2	-5.0
12/24/23	10	137.2	-6.3
12/24/23	11	137.2	-7.0
12/24/23	12	137.2	-7.0
12/24/23	13	137.2	-8.0
12/24/23	14	137.2	-8.3
12/24/23	15	137.2	-9.0
12/24/23	16	139.7	-8.7
12/24/23	17	139.7	1.0
12/24/23	18	142.2	1.0
12/24/23	19	142.2	1.0
12/24/23	20	142.2	1.7
12/24/23	21	142.2	1.3
12/24/23	22	142.2	1.0
12/24/23	23	142.2	0.3
12/25/23	0	142.2	-0.3
12/25/23	1	142.2	-7.7
12/25/23	2	142.2	-8.0
12/25/23	3	142.2	-8.0
12/25/23	4	142.2	-9.0
12/25/23	5	144.8	-9.7
12/25/23	6	144.8	-9.3
12/25/23	7	144.8	-10.3
12/25/23	8	147.3	-11.0
12/25/23	9	147.3	-12.7
12/25/23	10	147.3	-13.0
12/25/23	11	147.3	-14.0
12/25/23	12	147.3	-15.0
12/25/23	13	147.3	-15.3
12/25/23	14	149.9	-16.0
12/25/23	15	149.9	-16.3
12/25/23	16	149.9	-15.0
12/25/23	17	149.9	-8.3
12/25/23	18	149.9	-6.7
12/25/23	19	152.4	-5.0
12/25/23	20	152.4	-5.0
12/25/23	21	154.9	-5.0
12/25/23	22	154.9	-5.0
12/25/23	23	154.9	-5.7
12/26/23	0	157.5	-6.7
12/26/23	1	157.5	-8.0
12/26/23	2	157.5	-9.7
12/26/23	3	157.5	-10.3
12/26/23	4	160.0	-11.3
12/26/23	5	157.5	-12.3
12/26/23	6	157.5	-13.0
12/26/23	7	157.5	-11.3
12/26/23	8	160.0	-8.7
12/26/23	9	157.5	-9.0
12/26/23	10	157.5	-10.7
12/26/23	11	157.5	-12.0
12/26/23	12	157.5	-12.0
12/26/23	13	154.9	-12.3
12/26/23	14	154.9	-13.0
12/26/23	15	154.9	-13.0
12/26/23	16	154.9	-12.7
12/26/23	17	157.5	-12.7
12/26/23	18	157.5	-10.7
12/26/23	19	160.0	-7.3
12/26/23	20	160.0	-6.0
12/26/23	21	162.6	-5.7
12/26/23	22	160.0	-6.0
12/26/23	23	157.5	-7.0
12/27/23	0	157.5	-7.3
12/27/23	1	157.5	-5.0
12/27/23	2	157.5	-5.3
12/27/23	3	157.5	-6.3
12/27/23	4	157.5	-7.0
12/27/23	5	157.5	-7.7
12/27/23	6	157.5	-8.0
12/27/23	7	154.9	-8.7
12/27/23	8	154.9	-8.7
12/27/23	9	154.9	-9.7
12/27/23	10	152.4	-9.3
12/27/23	11	152.4	-9.7
12/27/23	12	152.4	-10.0
12/27/23	13	152.4	-10.3
12/27/23	14	152.4	-10.3
12/27/23	15	152.4	-9.7
12/27/23	16	154.9	-8.7
12/27/23	17	154.9	-10.7
12/27/23	18	157.5	-7.3
12/27/23	19	160.0	-4.7
12/27/23	20	162.6	-2.7
12/27/23	21	162.6	-2.0
12/27/23	22	160.0	-2.0
12/27/23	23	160.0	-2.7
12/28/23	0	157.5	-3.3
12/28/23	1	157.5	-2.3
12/28/23	2	157.5	-3.7
12/28/23	3	154.9	-5.3
12/28/23	4	154.9	-6.7
12/28/23	5	154.9	-7.0
12/28/23	6	157.5	-7.7
12/28/23	7	154.9	-8.0
12/28/23	8	154.9	-8.3
12/28/23	9	154.9	-8.3
12/28/23	10	154.9	-7.3
12/28/23	11	154.9	-7.7
12/28/23	12	154.9	-7.7
12/28/23	13	154.9	-8.3
12/28/23	14	154.9	-7.7
12/28/23	15	157.5	-8.0
12/28/23	16	157.5	-7.3
12/28/23	17	160.0	-6.3
12/28/23	18	160.0	-4.0
12/28/23	19	162.6	-1.0
12/28/23	20	162.6	1.3
12/28/23	21	162.6	1.0
12/28/23	22	162.6	1.3
12/28/23	23	162.6	0.7
12/29/23	0	160.0	-0.7
12/29/23	1	160.0	-1.0
12/29/23	2	160.0	-1.7
12/29/23	3	160.0	-3.7
12/29/23	4	160.0	-4.0
12/29/23	5	160.0	-5.0
12/29/23	6	157.5	-5.3
12/29/23	7	160.0	-5.3
12/29/23	8	157.5	-4.7
12/29/23	9	157.5	-5.7
12/29/23	10	157.5	-5.7
12/29/23	11	157.5	-5.7
12/29/23	12	157.5	-5.0
12/29/23	13	157.5	-5.7
12/29/23	14	157.5	-5.3
12/29/23	15	157.5	-5.7
12/29/23	16	160.0	-4.0
12/29/23	17	160.0	-5.3
12/29/23	18	162.6	-2.0
12/29/23	19	162.6	0.0
12/29/23	20	165.1	2.0
12/29/23	21	162.6	3.0
12/29/23	22	162.6	3.0
12/29/23	23	162.6	1.3
12/30/23	0	160.0	-0.3
12/30/23	1	160.0	0.0
12/30/23	2	157.5	-0.7
12/30/23	3	157.5	-1.3
12/30/23	4	157.5	-2.3
12/30/23	5	157.5	-3.0
12/30/23	6	157.5	-3.0
12/30/23	7	157.5	-3.7
12/30/23	8	154.9	-3.7
12/30/23	9	154.9	-3.7
12/30/23	10	154.9	-4.7
12/30/23	11	154.9	-5.0
12/30/23	12	154.9	-5.0
12/30/23	13	154.9	-4.3
12/30/23	14	154.9	-4.3
12/30/23	15	157.5	-4.0
12/30/23	16	157.5	-4.0
12/30/23	17	160.0	-2.3
12/30/23	18	160.0	-0.3
12/30/23	19	162.6	2.0
12/30/23	20	162.6	4.3
12/30/23	21	162.6	5.0
12/30/23	22	162.6	5.3
12/30/23	23	162.6	3.3
12/31/23	0	160.0	1.7
12/31/23	1	160.0	1.0
12/31/23	2	160.0	0.3
12/31/23	3	157.5	0.0
12/31/23	4	157.5	0.0
12/31/23	5	157.5	0.0
12/31/23	6	157.5	0.0
12/31/23	7	157.5	0.0
12/31/23	8	157.5	-0.3
12/31/23	9	157.5	-0.3
12/31/23	10	157.5	0.0
12/31/23	11	157.5	-0.7
12/31/23	12	157.5	-1.0
12/31/23	13	157.5	-1.0
12/31/23	14	157.5	-1.3
12/31/23	15	157.5	-2.7
12/31/23	16	157.5	-2.3
12/31/23	17	160.0	-1.3
12/31/23	18	160.0	-0.3
12/31/23	19	162.6	2.3
12/31/23	20	165.1	4.7
12/31/23	21	165.1	4.7
12/31/23	22	165.1	4.7
12/31/23	23	162.6	4.7
1/1/24	0	162.6	2.7
1/1/24	1	160.0	-0.7
1/1/24	2	160.0	-1.0
1/1/24	3	160.0	-2.0
1/1/24	4	157.5	-2.3
1/1/24	5	157.5	-3.3
1/1/24	6	157.5	-3.3
1/1/24	7	157.5	-4.7
1/1/24	8	157.5	-4.7
1/1/24	9	157.5	-5.0
1/1/24	10	157.5	-4.7
1/1/24	11	157.5	-5.0
1/1/24	12	157.5	-4.3
1/1/24	13	157.5	-4.0
1/1/24	14	157.5	-4.7
1/1/24	15	157.5	-4.0
1/1/24	16	160.0	-3.7
1/1/24	17	162.6	-2.0
1/1/24	18	162.6	0.3
1/1/24	19	165.1	2.7
1/1/24	20	165.1	2.0
1/1/24	21	165.1	3.0
1/1/24	22	165.1	2.7
1/1/24	23	162.6	1.3
1/2/24	0	162.6	0.7
1/2/24	1	162.6	0.0
1/2/24	2	162.6	-0.3
1/2/24	3	162.6	-1.7
1/2/24	4	162.6	-2.3
1/2/24	5	162.6	-3.3
1/2/24	6	160.0	-3.7
1/2/24	7	160.0	-4.0
1/2/24	8	160.0	-4.3
1/2/24	9	160.0	-5.7
1/2/24	10	160.0	-5.0
1/2/24	11	160.0	-5.7
1/2/24	12	160.0	-6.0
1/2/24	13	160.0	-6.3
1/2/24	14	160.0	-7.0
1/2/24	15	160.0	-7.0
1/2/24	16	160.0	-6.3
1/2/24	17	162.6	-2.3
1/2/24	18	162.6	-0.3
1/2/24	19	162.6	1.7
1/2/24	20	162.6	2.7
1/2/24	21	165.1	2.3
1/2/24	22	162.6	2.0
1/2/24	23	162.6	2.0
1/3/24	0	162.6	0.7
1/3/24	1	162.6	-1.0
1/3/24	2	160.0	-2.0
1/3/24	3	160.0	-3.7
1/3/24	4	160.0	-3.7
1/3/24	5	160.0	-5.0
1/3/24	6	160.0	-5.3
1/3/24	7	157.5	-5.7
1/3/24	8	157.5	-6.0
1/3/24	9	157.5	-7.0
1/3/24	10	157.5	-7.0
1/3/24	11	157.5	-7.0
1/3/24	12	157.5	-7.3
1/3/24	13	157.5	-7.0
1/3/24	14	157.5	-7.3
1/3/24	15	157.5	-7.0
1/3/24	16	160.0	-6.0
1/3/24	17	160.0	-3.7
1/3/24	18	162.6	-1.3
1/3/24	19	162.6	1.0
1/3/24	20	165.1	1.7
1/3/24	21	165.1	2.0
1/3/24	22	165.1	2.0
1/3/24	23	162.6	1.3
1/4/24	0	162.6	0.3
1/4/24	1	160.0	0.0
1/4/24	2	160.0	0.0
1/4/24	3	160.0	0.0
1/4/24	4	160.0	0.0
1/4/24	5	160.0	-1.3
1/4/24	6	160.0	-2.0
1/4/24	7	157.5	-2.0
1/4/24	8	157.5	-2.0
1/4/24	9	157.5	-2.0
1/4/24	10	157.5	-2.0
1/4/24	11	157.5	-2.7
1/4/24	12	157.5	-3.0
1/4/24	13	157.5	-5.0
1/4/24	14	157.5	-5.0
1/4/24	15	157.5	-5.0
1/4/24	16	157.5	-5.0
1/4/24	17	160.0	-3.7
1/4/24	18	160.0	-1.0
1/4/24	19	162.6	1.3
1/4/24	20	165.1	2.0
1/4/24	21	165.1	3.0
1/4/24	22	165.1	2.7
1/4/24	23	162.6	2.0
1/5/24	0	162.6	0.3
1/5/24	1	160.0	-4.0
1/5/24	2	160.0	-5.0
1/5/24	3	157.5	-5.0
1/5/24	4	157.5	-5.0
1/5/24	5	157.5	-5.0
1/5/24	6	160.0	-5.0
1/5/24	7	157.5	-5.0
1/5/24	8	154.9	-6.0
1/5/24	9	154.9	-6.0
1/5/24	10	154.9	-6.3
1/5/24	11	154.9	-7.0
1/5/24	12	154.9	-7.0
1/5/24	13	154.9	-7.3
1/5/24	14	154.9	-8.0
1/5/24	15	157.5	-8.0
1/5/24	16	160.0	-8.0
1/5/24	17	160.0	-4.3
1/5/24	18	162.6	-3.0
1/5/24	19	162.6	-2.3
1/5/24	20	165.1	-2.0
1/5/24	21	165.1	-2.0
1/5/24	22	165.1	-3.0
1/5/24	23	162.6	-2.7
1/6/24	0	162.6	-3.3
1/6/24	1	162.6	-6.0
1/6/24	2	162.6	-6.7
1/6/24	3	162.6	-7.0
1/6/24	4	160.0	-7.3
1/6/24	5	160.0	-8.0
1/6/24	6	162.6	-8.3
1/6/24	7	160.0	-8.3
1/6/24	8	162.6	-8.0
1/6/24	9	162.6	-8.0
1/6/24	10	162.6	-8.0
1/6/24	11	162.6	-8.0
1/6/24	12	162.6	-8.0
1/6/24	13	162.6	-8.0
1/6/24	14	162.6	-9.0
1/6/24	15	165.1	-9.7
1/6/24	16	165.1	-10.0
1/6/24	17	167.6	-7.7
1/6/24	18	167.6	-6.0
1/6/24	19	167.6	-5.0
1/6/24	20	167.6	-4.0
1/6/24	21	167.6	-3.7
1/6/24	22	167.6	-4.3
1/6/24	23	167.6	-6.0
1/7/24	0	165.1	-5.3
1/7/24	1	165.1	-6.7
1/7/24	2	165.1	-7.0
1/7/24	3	167.6	-7.7
1/7/24	4	167.6	-7.0
1/7/24	5	167.6	-7.0
1/7/24	6	167.6	-7.0
1/7/24	7	167.6	-7.0
1/7/24	8	165.1	-7.0
1/7/24	9	165.1	-7.0
1/7/24	10	167.6	-6.7
1/7/24	11	167.6	-7.0
1/7/24	12	167.6	-7.0
1/7/24	13	165.1	-7.0
1/7/24	14	165.1	-8.0
1/7/24	15	167.6	-7.3
1/7/24	16	167.6	-8.0
1/7/24	17	167.6	-10.0
1/7/24	18	170.2	-8.3
1/7/24	19	170.2	-7.0
1/7/24	20	170.2	-4.7
1/7/24	21	172.7	-5.0
1/7/24	22	170.2	-5.3
1/7/24	23	170.2	-5.3
1/8/24	0	170.2	-6.0
1/8/24	1	170.2	-7.0
1/8/24	2	170.2	-7.0
1/8/24	3	170.2	-8.0
1/8/24	4	167.6	-8.0
1/8/24	5	167.6	-8.0
1/8/24	6	170.2	-8.0
1/8/24	7	170.2	-8.7
1/8/24	8	170.2	-9.3
1/8/24	9	170.2	-9.7
1/8/24	10	170.2	-10.0
1/8/24	11	172.7	-10.0
1/8/24	12	172.7	-10.0
1/8/24	13	172.7	-10.3
1/8/24	14	172.7	-11.0
1/8/24	15	172.7	-11.0
1/8/24	16	172.7	-11.0
1/8/24	17	175.3	-7.7
1/8/24	18	175.3	-6.3
1/8/24	19	175.3	-6.0
1/8/24	20	177.8	-6.0
1/8/24	21	177.8	-6.0
1/8/24	22	177.8	-5.0
1/8/24	23	175.3	-6.3
1/9/24	0	172.7	-7.0
1/9/24	1	172.7	-10.7
1/9/24	2	172.7	-11.0
1/9/24	3	172.7	-11.3
1/9/24	4	172.7	-12.0
1/9/24	5	172.7	-12.3
1/9/24	6	175.3	-13.0
1/9/24	7	175.3	-14.7
1/9/24	8	175.3	-15.0
1/9/24	9	177.8	-15.7
1/9/24	10	177.8	-16.0
1/9/24	11	177.8	-16.0
1/9/24	12	177.8	-15.7
1/9/24	13	177.8	-16.0
1/9/24	14	180.3	-16.0
1/9/24	15	180.3	-15.0
1/9/24	16	182.9	-13.3
1/9/24	17	182.9	-11.0
1/9/24	18	185.4	-10.0
1/9/24	19	185.4	-9.3
1/9/24	20	185.4	-8.3
1/9/24	21	185.4	-8.0
1/9/24	22	185.4	-8.0
1/9/24	23	185.4	-8.3
1/10/24	0	185.4	-9.7
1/10/24	1	185.4	-4.0
1/10/24	2	185.4	-3.3
1/10/24	3	182.9	-3.0
1/10/24	4	182.9	-3.0
1/10/24	5	182.9	-4.7
1/10/24	6	185.4	-4.7
1/10/24	7	182.9	-3.3
1/10/24	8	182.9	-4.0
1/10/24	9	182.9	-4.7
1/10/24	10	182.9	-5.0
1/10/24	11	182.9	-5.0
1/10/24	12	182.9	-6.0
1/10/24	13	182.9	-7.0
1/10/24	14	185.4	-7.0
1/10/24	15	185.4	-7.7
1/10/24	16	188.0	-8.0
1/10/24	17	188.0	-11.0
1/10/24	18	190.5	-7.3
1/10/24	19	190.5	-4.0
1/10/24	20	190.5	-2.7
1/10/24	21	190.5	-1.7
1/10/24	22	188.0	0.0
1/10/24	23	188.0	-1.7
1/11/24	0	188.0	-2.3
1/11/24	1	188.0	-5.0
1/11/24	2	185.4	-5.0
1/11/24	3	185.4	-5.0
1/11/24	4	185.4	-5.0
1/11/24	5	185.4	-5.0
1/11/24	6	188.0	-5.0
1/11/24	7	185.4	-4.3
1/11/24	8	182.9	-3.7
1/11/24	9	182.9	-4.0
1/11/24	10	182.9	-4.7
1/11/24	11	182.9	-5.0
1/11/24	12	182.9	-6.0
1/11/24	13	185.4	-6.3
1/11/24	14	185.4	-7.3
1/11/24	15	188.0	-8.0
1/11/24	16	188.0	-8.0
1/11/24	17	188.0	-7.7
1/11/24	18	190.5	-7.0
1/11/24	19	193.0	-7.0
1/11/24	20	193.0	-6.0
1/11/24	21	193.0	-5.3
1/11/24	22	195.6	-4.0
1/11/24	23	195.6	-3.0
1/12/24	0	195.6	-4.3
1/12/24	1	195.6	-11.7
1/12/24	2	195.6	-12.0
1/12/24	3	195.6	-12.7
1/12/24	4	195.6	-13.0
1/12/24	5	193.0	-13.0
1/12/24	6	193.0	-13.0
1/12/24	7	193.0	-13.3
1/12/24	8	193.0	-14.0
1/12/24	9	193.0	-14.0
1/12/24	10	193.0	-14.7
1/12/24	11	195.6	-15.0
1/12/24	12	195.6	-16.0
1/12/24	13	193.0	-15.3
1/12/24	14	195.6	-15.0
1/12/24	15	193.0	-14.3
1/12/24	16	195.6	-14.0
1/12/24	17	195.6	-9.0
1/12/24	18	198.1	-9.0
1/12/24	19	198.1	-9.7
1/12/24	20	198.1	-8.3
1/12/24	21	198.1	-9.7
1/12/24	22	198.1	-10.0
1/12/24	23	195.6	-11.0
1/13/24	0	195.6	-10.7
1/13/24	1	195.6	-6.3
1/13/24	2	195.6	-6.0
1/13/24	3	195.6	-6.0
1/13/24	4	195.6	-6.0
1/13/24	5	195.6	-5.3
1/13/24	6	195.6	-5.0
1/13/24	7	198.1	-5.0
1/13/24	8	198.1	-5.3
1/13/24	9	198.1	-5.3
1/13/24	10	198.1	-6.0
1/13/24	11	198.1	-6.0
1/13/24	12	198.1	-6.0
1/13/24	13	198.1	-6.0
1/13/24	14	200.7	-6.7
1/13/24	15	200.7	-7.0
1/13/24	16	200.7	-7.0
1/13/24	17	203.2	-12.7
1/13/24	18	203.2	-11.3
1/13/24	19	203.2	-9.0
1/13/24	20	205.7	-7.3
1/13/24	21	203.2	-7.0
1/13/24	22	203.2	-6.7
1/13/24	23	203.2	-7.0
1/14/24	0	203.2	-7.0
1/14/24	1	203.2	-3.3
1/14/24	2	203.2	-5.7
1/14/24	3	203.2	-6.0
1/14/24	4	200.7	-6.0
1/14/24	5	203.2	-5.3
1/14/24	6	200.7	-5.0
1/14/24	7	200.7	-4.7
1/14/24	8	200.7	-3.0
1/14/24	9	203.2	-1.3
1/14/24	10	200.7	-1.3
1/14/24	11	203.2	-2.3
1/14/24	12	200.7	-2.0
1/14/24	13	200.7	-1.3
1/14/24	14	203.2	-1.0
1/14/24	15	203.2	-1.0
1/14/24	16	205.7	-1.0
1/14/24	17	205.7	-5.7
1/14/24	18	208.3	-4.7
1/14/24	19	205.7	-4.0
1/14/24	20	208.3	-4.0
1/14/24	21	208.3	-3.0
1/14/24	22	208.3	-2.7
1/14/24	23	208.3	-3.0
1/15/24	0	208.3	-3.0
1/15/24	1	208.3	-3.0
1/15/24	2	208.3	-3.0
1/15/24	3	208.3	-3.0
1/15/24	4	208.3	-3.0
1/15/24	5	208.3	-3.0
1/15/24	6	208.3	-3.0
1/15/24	7	208.3	-3.0
1/15/24	8	208.3	-3.0
1/15/24	9	208.3	-3.0
1/15/24	10	208.3	-3.0
1/15/24	11	208.3	-3.0
1/15/24	12	208.3	-3.0
1/15/24	13	208.3	-3.7
1/15/24	14	208.3	-3.0
1/15/24	15	208.3	-3.0
1/15/24	16	210.8	-3.0
1/15/24	17	210.8	-1.0
1/15/24	18	210.8	-1.0
1/15/24	19	210.8	-1.0
1/15/24	20	210.8	-1.0
1/15/24	21	210.8	-1.0
1/15/24	22	210.8	-1.3
1/15/24	23	210.8	-2.7
1/16/24	0	210.8	-3.0
1/16/24	1	210.8	-3.0
1/16/24	2	213.4	-3.3
1/16/24	3	213.4	-4.3
1/16/24	4	213.4	-5.0
1/16/24	5	215.9	-5.3
1/16/24	6	215.9	-6.7
1/16/24	7	218.4	-7.3
1/16/24	8	218.4	-10.0
1/16/24	9	221.0	-10.0
1/16/24	10	223.5	-10.3
1/16/24	11	226.1	-11.0
1/16/24	12	228.6	-11.3
1/16/24	13	228.6	-11.3
1/16/24	14	231.1	-12.0
1/16/24	15	233.7	-11.7
1/16/24	16	233.7	-10.7
1/16/24	17	233.7	-3.0
1/16/24	18	236.2	-3.0
1/16/24	19	236.2	-3.0
1/16/24	20	236.2	-2.7
1/16/24	21	236.2	-2.0
1/16/24	22	238.8	-1.7
1/16/24	23	238.8	-2.0
1/17/24	0	238.8	-2.7
1/17/24	1	238.8	-3.3
1/17/24	2	241.3	-5.0
1/17/24	3	243.8	-6.0
1/17/24	4	243.8	-7.0
1/17/24	5	243.8	-7.0
1/17/24	6	243.8	-7.3
1/17/24	7	243.8	-8.0
1/17/24	8	243.8	-7.7
1/17/24	9	246.4	-7.3
1/17/24	10	246.4	-7.3
1/17/24	11	246.4	-6.7
1/17/24	12	246.4	-5.7
1/17/24	13	246.4	-4.0
1/17/24	14	246.4	-2.0
1/17/24	15	248.9	-1.0
1/17/24	16	248.9	-1.0
1/17/24	17	248.9	-9.0
1/17/24	18	248.9	-7.0
1/17/24	19	248.9	-4.0
1/17/24	20	248.9	-2.0
1/17/24	21	248.9	0.0
1/17/24	22	248.9	0.0
1/17/24	23	248.9	-0.3
1/18/24	0	248.9	-2.0
1/18/24	1	248.9	0.0
1/18/24	2	248.9	0.0
1/18/24	3	248.9	-1.0
1/18/24	4	248.9	-2.0
1/18/24	5	246.4	-2.0
1/18/24	6	246.4	-2.0
1/18/24	7	246.4	-2.0
1/18/24	8	246.4	-2.0
1/18/24	9	246.4	-2.0
1/18/24	10	243.8	-1.0
1/18/24	11	243.8	-1.0
1/18/24	12	243.8	-0.7
1/18/24	13	243.8	-0.7
1/18/24	14	243.8	-1.3
1/18/24	15	243.8	-1.0
1/18/24	16	246.4	-1.0
1/18/24	17	246.4	-2.3
1/18/24	18	246.4	-2.7
1/18/24	19	248.9	-2.0
1/18/24	20	248.9	-2.0
1/18/24	21	248.9	-2.0
1/18/24	22	248.9	-1.0
1/18/24	23	248.9	0.0
1/19/24	0	248.9	0.7
1/19/24	1	248.9	0.3
1/19/24	2	248.9	-0.3
1/19/24	3	246.4	-1.3
1/19/24	4	246.4	-2.0
1/19/24	5	246.4	-3.0
1/19/24	6	246.4	-3.0
1/19/24	7	246.4	-4.7
1/19/24	8	246.4	-5.7
1/19/24	9	246.4	-6.0
1/19/24	10	246.4	-6.0
1/19/24	11	246.4	-5.7
1/19/24	12	246.4	-6.0
1/19/24	13	246.4	-5.3
1/19/24	14	248.9	-5.3
1/19/24	15	248.9	-5.7
1/19/24	16	251.5	-4.0
1/19/24	17	251.5	-0.3
1/19/24	18	254.0	0.3
1/19/24	19	256.5	1.7
1/19/24	20	256.5	2.0
1/19/24	21	256.5	2.0
1/19/24	22	256.5	2.0
1/19/24	23	256.5	2.0
1/20/24	0	259.1	1.3
1/20/24	1	259.1	3.0
1/20/24	2	259.1	1.7
1/20/24	3	259.1	1.0
1/20/24	4	259.1	0.3
1/20/24	5	259.1	0.0
1/20/24	6	259.1	-0.7
1/20/24	7	259.1	0.0
1/20/24	8	259.1	0.0
1/20/24	9	259.1	0.0
1/20/24	10	259.1	0.0
1/20/24	11	261.6	-0.3
1/20/24	12	261.6	0.0
1/20/24	13	261.6	1.0
1/20/24	14	261.6	1.0
1/20/24	15	261.6	0.7
1/20/24	16	264.2	1.0
1/20/24	17	264.2	-2.7
1/20/24	18	264.2	0.7
1/20/24	19	264.2	1.0
1/20/24	20	264.2	4.3
1/20/24	21	264.2	4.7
1/20/24	22	264.2	5.0
1/20/24	23	264.2	4.0
1/21/24	0	261.6	4.0
1/21/24	1	261.6	3.0
1/21/24	2	261.6	2.0
1/21/24	3	261.6	1.3
1/21/24	4	259.1	2.0
1/21/24	5	259.1	2.0
1/21/24	6	259.1	2.0
1/21/24	7	259.1	1.7
1/21/24	8	259.1	0.3
1/21/24	9	259.1	0.0
1/21/24	10	259.1	0.0
1/21/24	11	259.1	0.0
1/21/24	12	259.1	0.0
1/21/24	13	259.1	-0.3
1/21/24	14	259.1	-1.0
1/21/24	15	259.1	-1.0
1/21/24	16	259.1	-1.0
1/21/24	17	261.6	3.0
1/21/24	18	261.6	3.7
1/21/24	19	261.6	4.0
1/21/24	20	264.2	5.0
1/21/24	21	264.2	5.3
1/21/24	22	264.2	6.0
1/21/24	23	264.2	5.3
1/22/24	0	264.2	4.7
1/22/24	1	261.6	0.0
1/22/24	2	261.6	-0.7
1/22/24	3	261.6	-1.0
1/22/24	4	261.6	-1.0
1/22/24	5	261.6	-1.3
1/22/24	6	261.6	-1.7
1/22/24	7	261.6	-2.0
1/22/24	8	261.6	-2.7
1/22/24	9	261.6	-3.0
1/22/24	10	259.1	-3.0
1/22/24	11	259.1	-3.0
1/22/24	12	259.1	-3.3
1/22/24	13	259.1	-3.3
1/22/24	14	259.1	-3.7
1/22/24	15	259.1	-4.3
1/22/24	16	261.6	-3.7
1/22/24	17	261.6	-0.3
1/22/24	18	261.6	0.7
1/22/24	19	264.2	1.0
1/22/24	20	264.2	1.7
1/22/24	21	264.2	1.7
1/22/24	22	264.2	2.0
1/22/24	23	264.2	1.0
1/23/24	0	264.2	0.0
1/23/24	1	264.2	0.0
1/23/24	2	261.6	-0.3
1/23/24	3	261.6	-1.0
1/23/24	4	261.6	-1.0
1/23/24	5	261.6	-1.3
1/23/24	6	264.2	-1.7
1/23/24	7	261.6	-2.0
1/23/24	8	264.2	-2.7
1/23/24	9	264.2	-3.3
1/23/24	10	264.2	-3.0
1/23/24	11	264.2	-3.7
1/23/24	12	264.2	-4.0
1/23/24	13	264.2	-4.7
1/23/24	14	264.2	-4.0
1/23/24	15	264.2	-3.3
1/23/24	16	264.2	-2.0
1/23/24	17	266.7	-2.7
1/23/24	18	266.7	-0.7
1/23/24	19	266.7	0.7
1/23/24	20	266.7	1.0
1/23/24	21	266.7	2.0
1/23/24	22	266.7	1.0
1/23/24	23	266.7	1.0
1/24/24	0	266.7	0.7
1/24/24	1	266.7	-0.7
1/24/24	2	266.7	-1.0
1/24/24	4	266.7	-1.0
1/24/24	5	266.7	-2.0
1/24/24	6	266.7	-2.0
1/24/24	7	266.7	-2.0
1/24/24	8	266.7	-2.0
1/24/24	9	266.7	-2.3
1/24/24	10	264.2	-2.7
1/24/24	11	264.2	-3.0
1/24/24	12	264.2	-3.7
1/24/24	13	264.2	-4.3
1/24/24	14	264.2	-4.3
1/24/24	15	264.2	-4.0
1/24/24	16	264.2	-3.7
1/24/24	17	266.7	-1.7
1/24/24	18	266.7	0.3
1/24/24	19	266.7	1.3
1/24/24	20	269.2	2.3
1/24/24	21	269.2	2.0
1/24/24	22	269.2	1.7
1/24/24	23	269.2	1.0
1/25/24	0	266.7	0.0
1/25/24	1	266.7	-0.7
1/25/24	2	266.7	-1.0
1/25/24	3	266.7	-1.0
1/25/24	4	266.7	-1.7
1/25/24	5	266.7	-2.0
1/25/24	6	266.7	-2.3
1/25/24	7	266.7	-3.0
1/25/24	8	266.7	-3.0
1/25/24	9	266.7	-3.3
1/25/24	10	266.7	-3.3
1/25/24	11	266.7	-4.7
1/25/24	12	264.2	-3.3
1/25/24	13	264.2	-4.0
1/25/24	14	266.7	-4.7
1/25/24	15	266.7	-5.0
1/25/24	16	266.7	-4.3
1/25/24	17	266.7	-2.3
1/25/24	18	266.7	-1.0
1/25/24	19	269.2	0.3
1/25/24	20	269.2	1.0
1/25/24	21	269.2	1.0
1/25/24	22	269.2	1.0
1/25/24	23	269.2	0.3
1/26/24	0	269.2	0.0
1/26/24	1	266.7	-2.0
1/26/24	2	266.7	-3.0
1/26/24	3	266.7	-3.0
1/26/24	4	266.7	-3.0
1/26/24	5	266.7	-4.0
1/26/24	6	266.7	-4.0
1/26/24	7	266.7	-4.3
1/26/24	8	266.7	-4.3
1/26/24	9	264.2	-4.7
1/26/24	10	264.2	-5.0
1/26/24	11	264.2	-5.0
1/26/24	12	264.2	-5.0
1/26/24	13	264.2	-5.0
1/26/24	14	264.2	-5.0
1/26/24	15	266.7	-5.0
1/26/24	16	266.7	-5.0
1/26/24	17	266.7	-2.7
1/26/24	18	269.2	-1.0
1/26/24	19	269.2	-0.3
1/26/24	20	269.2	0.0
1/26/24	21	269.2	-1.0
1/26/24	22	269.2	0.0
1/26/24	23	269.2	-1.3
1/27/24	0	269.2	-1.7
1/27/24	1	269.2	-1.7
1/27/24	2	266.7	-2.3
1/27/24	3	266.7	-3.3
1/27/24	4	266.7	-5.3
1/27/24	5	266.7	-6.3
1/27/24	6	266.7	-6.3
1/27/24	7	266.7	-7.0
1/27/24	8	264.2	-7.3
1/27/24	9	264.2	-8.0
1/27/24	10	266.7	-8.3
1/27/24	11	264.2	-9.7
1/27/24	12	264.2	-9.7
1/27/24	13	264.2	-10.0
1/27/24	14	264.2	-10.3
1/27/24	15	264.2	-10.0
1/27/24	16	266.7	-8.0
1/27/24	17	266.7	-4.7
1/27/24	18	269.2	-3.0
1/27/24	19	269.2	-1.0
1/27/24	20	269.2	0.0
1/27/24	21	269.2	0.3
1/27/24	22	269.2	0.0
1/27/24	23	269.2	0.0
1/28/24	0	269.2	-0.7
1/28/24	1	269.2	0.0
1/28/24	2	269.2	-1.3
1/28/24	3	266.7	-2.3
1/28/24	4	266.7	-3.0
1/28/24	5	266.7	-4.0
1/28/24	6	266.7	-5.0
1/28/24	7	266.7	-5.0
1/28/24	8	264.2	-5.0
1/28/24	9	266.7	-4.3
1/28/24	10	266.7	-4.7
1/28/24	11	266.7	-4.3
1/28/24	12	266.7	-4.3
1/28/24	13	266.7	-5.0
1/28/24	14	266.7	-5.0
1/28/24	15	269.2	-5.0
1/28/24	16	269.2	-2.3
1/28/24	17	269.2	-6.0
1/28/24	18	269.2	-3.3
1/28/24	19	271.8	0.0
1/28/24	20	271.8	2.0
1/28/24	21	271.8	2.3
1/28/24	22	271.8	2.3
1/28/24	23	271.8	2.0
1/29/24	0	269.2	1.3
1/29/24	1	269.2	4.7
1/29/24	2	269.2	2.3
1/29/24	3	269.2	1.0
1/29/24	4	266.7	0.0
1/29/24	5	266.7	0.0
1/29/24	6	266.7	0.0
1/29/24	7	266.7	0.0
1/29/24	8	264.2	-1.0
1/29/24	9	264.2	-1.0
1/29/24	10	264.2	-1.0
1/29/24	11	264.2	-1.3
1/29/24	12	264.2	-1.0
1/29/24	13	264.2	-1.0
1/29/24	14	264.2	-0.3
1/29/24	15	264.2	-1.3
1/29/24	16	264.2	-0.7
1/29/24	17	266.7	0.0
1/29/24	18	266.7	2.0
1/29/24	19	269.2	5.7
1/29/24	20	269.2	7.3
1/29/24	21	269.2	7.0
1/29/24	22	271.8	7.0
1/29/24	23	271.8	7.0
1/30/24	0	269.2	6.3
1/30/24	1	269.2	4.0
1/30/24	2	269.2	2.3
1/30/24	3	266.7	0.7
1/30/24	4	266.7	0.0
1/30/24	5	266.7	0.0
1/30/24	6	266.7	-0.7
1/30/24	7	266.7	-0.7
1/30/24	8	266.7	-1.0
1/30/24	9	266.7	-0.7
1/30/24	10	266.7	-1.0
1/30/24	11	266.7	-0.3
1/30/24	12	266.7	0.0
1/30/24	13	266.7	0.0
1/30/24	14	266.7	0.0
1/30/24	15	266.7	-0.3
1/30/24	16	266.7	0.0
1/30/24	17	266.7	0.7
1/30/24	18	269.2	3.3
1/30/24	19	269.2	5.7
1/30/24	20	271.8	7.0
1/30/24	21	271.8	7.0
1/30/24	22	271.8	7.0
1/30/24	23	271.8	6.7
1/31/24	0	271.8	6.0
1/31/24	1	271.8	5.3
1/31/24	2	269.2	2.3
1/31/24	3	269.2	1.7
1/31/24	4	269.2	1.0
1/31/24	5	269.2	0.0
1/31/24	6	269.2	0.0
1/31/24	7	266.7	-0.3
1/31/24	8	266.7	0.0
1/31/24	9	266.7	-0.3
1/31/24	10	269.2	-1.0
1/31/24	11	269.2	-0.7
1/31/24	12	266.7	-0.3
1/31/24	13	266.7	-1.0
1/31/24	14	266.7	-1.0
1/31/24	15	269.2	-0.7
1/31/24	16	269.2	-0.7
1/31/24	17	269.2	2.0
1/31/24	18	269.2	5.3
1/31/24	19	269.2	6.0
1/31/24	20	271.8	7.0
1/31/24	21	271.8	7.7
1/31/24	22	271.8	8.0
1/31/24	23	271.8	7.0
2/1/24	0	271.8	7.0
2/1/24	1	269.2	4.0
2/1/24	2	269.2	2.7
2/1/24	3	269.2	1.3
2/1/24	4	269.2	0.7
2/1/24	5	269.2	0.7
2/1/24	6	269.2	0.0
2/1/24	7	266.7	0.0
2/1/24	8	266.7	0.0
2/1/24	9	266.7	0.0
2/1/24	10	266.7	-0.3
2/1/24	11	266.7	-0.3
2/1/24	12	266.7	-1.0
2/1/24	13	266.7	-0.3
2/1/24	14	266.7	-0.7
2/1/24	15	266.7	-0.7
2/1/24	16	266.7	0.3
2/1/24	17	266.7	1.0
2/1/24	18	269.2	3.0
2/1/24	19	269.2	5.7
2/1/24	20	269.2	6.7
2/1/24	21	271.8	6.7
2/1/24	22	271.8	7.0
2/1/24	23	271.8	5.3
2/2/24	0	271.8	5.7
2/2/24	1	269.2	2.7
2/2/24	2	269.2	2.7
2/2/24	3	269.2	2.0
2/2/24	4	269.2	2.3
2/2/24	5	269.2	3.7
2/2/24	6	266.7	4.0
2/2/24	7	266.7	2.7
2/2/24	8	266.7	0.7
2/2/24	9	266.7	0.7
2/2/24	10	266.7	0.0
2/2/24	11	266.7	0.3
2/2/24	12	266.7	0.0
2/2/24	13	264.2	0.0
2/2/24	14	264.2	0.0
2/2/24	15	264.2	0.0
2/2/24	16	266.7	0.0
2/2/24	17	266.7	1.0
2/2/24	18	269.2	2.3
2/2/24	19	269.2	4.0
2/2/24	20	269.2	5.7
2/2/24	21	269.2	6.0
2/2/24	22	269.2	5.3
2/2/24	23	269.2	5.0
2/3/24	0	269.2	4.0
2/3/24	1	269.2	-2.0
2/3/24	2	269.2	-2.0
2/3/24	3	269.2	-2.0
2/3/24	4	269.2	-2.3
2/3/24	5	269.2	-2.7
2/3/24	6	269.2	-3.0
2/3/24	7	266.7	-3.0
2/3/24	8	269.2	-3.0
2/3/24	9	269.2	-3.0
2/3/24	10	269.2	-3.0
2/3/24	11	269.2	-3.0
2/3/24	12	266.7	-3.0
2/3/24	13	266.7	-3.0
2/3/24	14	266.7	-3.0
2/3/24	15	269.2	-4.0
2/3/24	16	269.2	-3.7
2/3/24	17	269.2	0.0
2/3/24	18	271.8	0.3
2/3/24	19	271.8	1.0
2/3/24	20	271.8	0.7
2/3/24	21	271.8	0.0
2/3/24	22	271.8	0.0
2/3/24	23	271.8	-0.7
2/4/24	0	271.8	-1.3
2/4/24	1	271.8	-4.0
2/4/24	2	271.8	-4.3
2/4/24	3	271.8	-4.3
2/4/24	4	271.8	-5.0
2/4/24	5	271.8	-5.0
2/4/24	6	271.8	-5.0
2/4/24	7	274.3	-6.0
2/4/24	8	274.3	-6.7
2/4/24	9	274.3	-8.0
2/4/24	10	276.9	-9.0
2/4/24	11	279.4	-10.7
2/4/24	12	279.4	-11.0
2/4/24	13	281.9	-11.3
2/4/24	14	281.9	-11.0
2/4/24	15	284.5	-11.7
2/4/24	16	284.5	-10.7
2/4/24	17	284.5	-3.0
2/4/24	18	284.5	-3.0
2/4/24	19	284.5	-3.0
2/4/24	20	284.5	-2.3
2/4/24	21	284.5	-2.0
2/4/24	22	287.0	-3.0
2/4/24	23	287.0	-3.0
2/5/24	0	287.0	-3.7
2/5/24	1	287.0	-1.7
2/5/24	2	287.0	-4.0
2/5/24	3	287.0	-5.0
2/5/24	4	287.0	-5.3
2/5/24	5	287.0	-5.7
2/5/24	6	289.6	-6.0
2/5/24	7	289.6	-5.0
2/5/24	8	289.6	-5.3
2/5/24	9	289.6	-3.7
2/5/24	10	289.6	-3.3
2/5/24	11	292.1	-3.0
2/5/24	12	292.1	-3.0
2/5/24	13	294.6	-2.3
2/5/24	14	294.6	-2.0
2/5/24	15	297.2	-2.0
2/5/24	16	297.2	-1.7
2/5/24	17	299.7	-9.0
2/5/24	18	299.7	-7.3
2/5/24	19	299.7	-5.3
2/5/24	20	299.7	-3.0
2/5/24	21	302.3	-0.3
2/5/24	22	302.3	-0.3
2/5/24	23	302.3	-0.7
2/6/24	0	302.3	-0.7
2/6/24	1	304.8	5.3
2/6/24	2	304.8	4.7
2/6/24	3	307.3	4.3
2/6/24	4	307.3	3.7
2/6/24	5	307.3	5.0
2/6/24	6	307.3	3.7
2/6/24	7	307.3	4.3
2/6/24	8	304.8	3.0
2/6/24	9	304.8	4.0
2/6/24	10	304.8	3.0
2/6/24	11	304.8	4.3
2/6/24	12	304.8	4.3
2/6/24	13	302.3	5.0
2/6/24	14	302.3	4.7
2/6/24	15	302.3	1.3
2/6/24	16	302.3	1.0
2/6/24	17	304.8	0.3
2/6/24	18	304.8	1.7
2/6/24	19	307.3	4.7
2/6/24	20	307.3	6.0
2/6/24	21	309.9	5.7
2/6/24	22	309.9	4.7
2/6/24	23	309.9	6.0
2/7/24	0	309.9	6.3
2/7/24	1	307.3	2.3
2/7/24	2	307.3	2.0
2/7/24	3	307.3	0.7
2/7/24	4	304.8	0.0
2/7/24	5	304.8	0.0
2/7/24	6	304.8	0.0
2/7/24	7	307.3	0.0
2/7/24	8	304.8	0.7
2/7/24	9	304.8	1.0
2/7/24	10	304.8	1.0
2/7/24	11	304.8	1.0
2/7/24	12	304.8	0.0
2/7/24	13	304.8	-1.3
2/7/24	14	304.8	-2.0
2/7/24	15	304.8	-2.0
2/7/24	16	307.3	-1.3
2/7/24	17	307.3	0.0
2/7/24	18	307.3	0.3
2/7/24	19	309.9	1.3
2/7/24	20	309.9	2.3
2/7/24	21	309.9	1.7
2/7/24	22	309.9	1.7
2/7/24	23	309.9	1.0
2/8/24	0	309.9	2.3
2/8/24	1	309.9	-5.0
2/8/24	2	309.9	-5.7
2/8/24	3	309.9	-5.0
2/8/24	4	309.9	-5.3
2/8/24	5	307.3	-5.3
2/8/24	6	307.3	-5.0
2/8/24	7	309.9	-5.0
2/8/24	8	307.3	-5.3
2/8/24	9	307.3	-5.0
2/8/24	10	309.9	-5.0
2/8/24	11	309.9	-5.0
2/8/24	12	309.9	-5.7
2/8/24	13	309.9	-6.0
2/8/24	14	309.9	-6.0
2/8/24	15	312.4	-6.3
2/8/24	16	312.4	-6.3
2/8/24	17	315.0	-1.7
2/8/24	18	317.5	-2.3
2/8/24	19	320.0	-1.3
2/8/24	20	320.0	-2.0
2/8/24	21	320.0	-2.7
2/8/24	22	322.6	-3.0
2/8/24	23	322.6	-3.0
2/9/24	0	322.6	-3.0
2/9/24	1	325.1	-3.0
2/9/24	2	327.7	-4.0
2/9/24	3	330.2	-4.7
2/9/24	4	332.7	-5.0
2/9/24	13	335.3	-5.0
2/9/24	14	335.3	-8.7
2/9/24	15	337.8	-10.3
2/9/24	16	337.8	-9.7
2/9/24	17	337.8	-5.7
2/9/24	18	340.4	-5.0
2/9/24	19	340.4	-3.3
2/9/24	20	340.4	-3.0
2/9/24	21	340.4	-2.3
2/9/24	22	342.9	-2.7
2/9/24	23	342.9	-2.0
2/10/24	0	342.9	-3.0
2/10/24	1	345.4	-5.3
2/10/24	2	348.0	-6.0
2/10/24	3	348.0	-6.3
2/10/24	4	348.0	-7.0
2/10/24	5	350.5	-7.5
2/10/24	6	350.5	-7.3
2/10/24	7	350.5	-9.0
2/10/24	8	348.0	-9.0
2/10/24	9	350.5	-9.0
2/10/24	10	348.0	-10.0
2/10/24	11	350.5	-9.3
2/10/24	12	350.5	-10.0
2/10/24	13	350.5	-9.3
2/10/24	14	350.5	-10.7
2/10/24	15	353.1	-10.7
2/10/24	16	353.1	-10.3
2/10/24	17	353.1	-7.7
2/10/24	18	353.1	-6.3
2/10/24	19	353.1	-4.3
2/10/24	20	353.1	-3.0
2/10/24	21	350.5	-3.0
2/10/24	22	353.1	-2.0
2/10/24	23	353.1	-2.7
2/11/24	0	353.1	-3.7
2/11/24	1	353.1	-5.3
2/11/24	2	355.6	-6.3
2/11/24	3	355.6	-7.0
2/11/24	4	355.6	-7.7
2/11/24	5	355.6	-8.0
2/11/24	6	355.6	-8.3
2/11/24	7	358.1	-9.7
2/11/24	8	358.1	-10.0
2/11/24	9	358.1	-10.7
2/11/24	10	358.1	-11.3
2/11/24	11	358.1	-11.3
2/11/24	12	358.1	-12.3
2/11/24	13	358.1	-12.7
2/11/24	14	360.7	-13.0
2/11/24	15	358.1	-13.3
2/11/24	16	358.1	-12.3
2/11/24	17	358.1	-9.0
2/11/24	18	358.1	-6.3
2/11/24	19	358.1	-3.0
2/11/24	20	355.6	-3.0
2/11/24	21	355.6	-3.0
2/11/24	22	355.6	-3.0
2/11/24	23	355.6	-3.0
2/12/24	0	355.6	-4.0
2/12/24	1	358.1	-4.0
2/12/24	2	358.1	-6.0
2/12/24	3	360.7	-7.0
2/12/24	4	360.7	-8.3
2/12/24	5	360.7	-9.0
2/12/24	6	363.2	-10.0
2/12/24	7	363.2	-10.7
2/12/24	8	363.2	-10.7
2/12/24	9	360.7	-11.0
2/12/24	10	360.7	-10.7
2/12/24	11	360.7	-10.7
2/12/24	12	360.7	-10.7
2/12/24	13	358.1	-10.0
2/12/24	14	358.1	-9.7
2/12/24	15	360.7	-8.3
2/12/24	16	358.1	-7.0
2/12/24	17	358.1	-10.3
2/12/24	18	358.1	-7.7
2/12/24	19	358.1	-4.7
2/12/24	20	358.1	-3.7
2/12/24	21	355.6	-3.0
2/12/24	22	355.6	-3.0
2/12/24	23	355.6	-2.3
2/13/24	0	358.1	-3.0
2/13/24	1	358.1	0.3
2/13/24	2	360.7	-1.3
2/13/24	3	360.7	-2.0
2/13/24	4	360.7	-3.7
2/13/24	5	363.2	-5.3
2/13/24	6	363.2	-5.7
2/13/24	7	363.2	-6.0
2/13/24	8	363.2	-6.0
2/13/24	9	360.7	-6.7
2/13/24	10	360.7	-7.0
2/13/24	11	360.7	-7.0
2/13/24	12	360.7	-7.3
2/13/24	13	360.7	-7.3
2/13/24	14	360.7	-7.7
2/13/24	15	360.7	-7.7
2/13/24	16	360.7	-6.3
2/13/24	17	360.7	-5.0
2/13/24	18	360.7	-2.0
2/13/24	19	360.7	0.0
2/13/24	20	358.1	1.7
2/13/24	21	358.1	2.0
2/13/24	22	355.6	2.0
2/13/24	23	355.6	2.0
2/14/24	0	358.1	1.0
2/14/24	1	360.7	1.3
2/14/24	2	360.7	0.0
2/14/24	3	360.7	-1.0
2/14/24	4	363.2	-1.3
2/14/24	5	363.2	-1.7
2/14/24	6	363.2	-1.7
2/14/24	8	363.2	-2.3
2/14/24	9	363.2	-1.5
2/14/24	10	363.2	-1.7
2/14/24	11	360.7	-1.3
2/14/24	12	360.7	-1.0
2/14/24	13	360.7	-2.0
2/14/24	14	358.1	-2.0
2/14/24	15	358.1	-2.3
2/14/24	16	360.7	-2.0
2/14/24	17	358.1	-3.7
2/14/24	18	358.1	-1.0
2/14/24	19	358.1	2.0
2/14/24	20	358.1	2.7
2/14/24	21	358.1	3.7
2/14/24	22	358.1	4.0
2/14/24	23	358.1	3.7
2/15/24	0	358.1	2.3
2/15/24	1	360.7	0.7
2/15/24	2	360.7	-0.3
2/15/24	3	360.7	-0.7
2/15/24	4	363.2	-1.7
2/15/24	5	363.2	-2.0
2/15/24	6	363.2	-2.7
2/15/24	7	365.8	-3.3
2/15/24	8	365.8	-3.7
2/15/24	9	363.2	-4.0
2/15/24	10	363.2	-3.0
2/15/24	11	363.2	-1.0
2/15/24	12	360.7	-1.0
2/15/24	13	360.7	-0.3
2/15/24	14	360.7	0.0
2/15/24	15	360.7	0.0
2/15/24	16	360.7	0.0
2/15/24	17	360.7	-0.3
2/15/24	18	358.1	0.0
2/15/24	19	358.1	0.3
2/15/24	20	358.1	0.7
2/15/24	21	358.1	0.7
2/15/24	22	358.1	1.3
2/15/24	23	358.1	2.0
2/16/24	0	358.1	1.3
2/16/24	1	358.1	0.0
2/16/24	2	360.7	-0.3
2/16/24	3	360.7	-1.0
2/16/24	4	360.7	-1.3
2/16/24	5	363.2	-2.0
2/16/24	6	363.2	-2.0
2/16/24	7	363.2	-3.0
2/16/24	8	365.8	-3.0
2/16/24	9	363.2	-3.7
2/16/24	10	363.2	-4.3
2/16/24	11	363.2	-4.7
2/16/24	12	360.7	-4.3
2/16/24	13	360.7	-5.0
2/16/24	14	360.7	-5.0
2/16/24	15	360.7	-5.0
2/16/24	16	360.7	-4.7
2/16/24	17	360.7	0.0
2/16/24	18	360.7	0.0
2/16/24	19	360.7	0.3
2/16/24	20	360.7	2.0
2/16/24	21	360.7	1.7
2/16/24	22	360.7	-0.3
2/16/24	23	360.7	-1.0
2/17/24	0	360.7	0.0
2/17/24	1	360.7	0.0
2/17/24	2	363.2	0.0
2/17/24	3	363.2	0.0
2/17/24	4	363.2	-1.0
2/17/24	5	363.2	-1.0
2/17/24	6	365.8	-1.0
2/17/24	7	365.8	-1.3
2/17/24	8	365.8	-2.0
2/17/24	9	363.2	-2.0
2/17/24	10	363.2	-2.0
2/17/24	11	363.2	-2.3
2/17/24	12	360.7	-3.7
2/17/24	13	360.7	-5.0
2/17/24	14	360.7	-6.0
2/17/24	15	360.7	-6.0
2/17/24	16	360.7	-5.3
2/17/24	17	358.1	-2.7
2/17/24	18	358.1	-1.3
2/17/24	19	358.1	0.3
2/17/24	20	358.1	1.0
2/17/24	21	360.7	1.3
2/17/24	22	360.7	1.0
2/17/24	23	360.7	1.0
2/18/24	0	363.2	0.0
2/18/24	1	363.2	-1.7
2/18/24	2	363.2	-3.3
2/18/24	3	365.8	-4.7
2/18/24	4	365.8	-5.3
2/18/24	5	365.8	-5.7
2/18/24	6	365.8	-5.3
2/18/24	7	368.3	-5.7
2/18/24	8	368.3	-5.7
2/18/24	9	368.3	-4.3
2/18/24	10	368.3	-5.7
2/18/24	11	368.3	-5.0
2/18/24	12	368.3	-5.0
2/18/24	13	368.3	-4.3
2/18/24	14	368.3	-2.7
2/18/24	15	365.8	-2.0
2/18/24	16	365.8	-1.3
2/18/24	17	368.3	-4.7
2/18/24	18	368.3	-3.0
2/18/24	19	365.8	-0.7
2/18/24	20	365.8	-0.7
2/18/24	21	365.8	0.3
2/18/24	22	365.8	0.3
2/18/24	23	365.8	1.0
2/19/24	0	368.3	0.0
2/19/24	1	368.3	0.7
2/19/24	2	368.3	0.0
2/19/24	3	368.3	-1.0
2/19/24	4	370.8	-2.3
2/19/24	5	370.8	-2.3
2/19/24	6	370.8	-3.0
2/19/24	7	370.8	-3.3
2/19/24	8	370.8	-4.0
2/19/24	9	370.8	-5.0
2/19/24	10	368.3	-5.0
2/19/24	11	368.3	-5.3
2/19/24	12	368.3	-5.3
2/19/24	13	368.3	-5.0
2/19/24	14	368.3	-5.3
2/19/24	15	368.3	-5.0
2/19/24	16	368.3	-3.3
2/19/24	17	368.3	-0.7
2/19/24	18	368.3	-1.0
2/19/24	19	368.3	-0.7
2/19/24	20	370.8	0.0
2/19/24	21	373.4	0.0
2/19/24	22	373.4	0.0
2/19/24	23	373.4	0.0
2/20/24	0	373.4	0.7
2/20/24	1	375.9	5.3
2/20/24	2	375.9	3.7
2/20/24	3	375.9	2.3
2/20/24	4	375.9	2.7
2/20/24	5	375.9	2.0
2/20/24	6	375.9	3.0
2/20/24	7	378.5	3.0
2/20/24	8	378.5	3.0
2/20/24	9	375.9	2.7
2/20/24	10	375.9	2.3
2/20/24	11	375.9	3.0
2/20/24	12	373.4	2.0
2/20/24	13	373.4	2.0
2/20/24	14	373.4	1.7
2/20/24	15	370.8	1.7
2/20/24	16	378.5	2.3
2/20/24	17	370.8	-0.3
2/20/24	18	370.8	1.0
2/20/24	19	370.8	5.0
2/20/24	20	370.8	5.3
2/20/24	21	370.8	6.0
2/20/24	22	370.8	6.3
2/20/24	23	373.4	6.3
2/21/24	0	373.4	6.0
2/21/24	1	375.9	5.0
2/21/24	2	375.9	4.7
2/21/24	3	375.9	4.7
2/21/24	4	378.5	5.0
2/21/24	5	378.5	3.7
2/21/24	6	381.0	4.7
2/21/24	7	381.0	4.7
2/21/24	8	381.0	4.7
2/21/24	9	381.0	4.0
2/21/24	10	381.0	3.3
2/21/24	11	378.5	3.0
2/21/24	12	378.5	3.0
2/21/24	13	378.5	3.0
2/21/24	14	378.5	3.0
2/21/24	15	378.5	3.0
2/21/24	16	378.5	3.3
2/21/24	17	378.5	3.3
2/21/24	18	378.5	4.7
2/21/24	19	378.5	5.0
2/21/24	20	378.5	5.7
2/21/24	21	378.5	6.0
2/21/24	22	375.9	6.0
2/21/24	23	375.9	5.0
2/22/24	0	375.9	5.0
2/22/24	1	375.9	2.0
2/22/24	2	378.5	1.0
2/22/24	3	378.5	0.3
2/22/24	4	381.0	0.0
2/22/24	5	381.0	0.0
2/22/24	6	381.0	-0.3
2/22/24	7	381.0	-1.0
2/22/24	8	381.0	-1.0
2/22/24	9	381.0	-1.3
2/22/24	10	381.0	-2.0
2/22/24	11	381.0	-2.0
2/22/24	12	381.0	-2.7
2/22/24	13	381.0	-3.0
2/22/24	14	381.0	-3.3
2/22/24	15	378.5	-4.0
2/22/24	16	378.5	-3.0
2/22/24	17	378.5	5.0
2/22/24	18	378.5	5.0
2/22/24	19	378.5	5.3
2/22/24	20	378.5	4.7
2/22/24	21	378.5	3.0
2/22/24	22	378.5	4.0
2/22/24	23	378.5	3.0
2/23/24	0	378.5	3.0
2/23/24	1	381.0	0.0
2/23/24	2	381.0	-0.3
2/23/24	3	381.0	-1.3
2/23/24	4	381.0	-2.0
2/23/24	5	381.0	-3.0
2/23/24	6	381.0	-4.0
2/23/24	7	381.0	-5.3
2/23/24	8	381.0	-6.0
2/23/24	9	381.0	-6.7
2/23/24	10	381.0	-7.0
2/23/24	11	381.0	-7.7
2/23/24	12	381.0	-8.3
2/23/24	13	381.0	-8.3
2/23/24	14	381.0	-9.0
2/23/24	15	381.0	-8.7
2/23/24	16	378.5	-7.0
2/23/24	17	381.0	-1.3
2/23/24	18	381.0	-0.3
2/23/24	19	381.0	0.0
2/23/24	20	381.0	0.7
2/23/24	21	378.5	1.0
2/23/24	22	378.5	1.3
2/23/24	23	378.5	1.0
2/24/24	0	378.5	0.0
2/24/24	1	378.5	1.0
2/24/24	2	381.0	0.0
2/24/24	3	381.0	-1.0
2/24/24	4	381.0	-1.7
2/24/24	5	381.0	-2.3
2/24/24	6	381.0	-3.0
2/24/24	7	381.0	-4.0
2/24/24	8	381.0	-4.0
2/24/24	9	381.0	-3.7
2/24/24	10	378.5	-4.0
2/24/24	11	378.5	-3.0
2/24/24	12	378.5	-3.0
2/24/24	13	378.5	-3.0
2/24/24	14	378.5	-4.7
2/24/24	15	378.5	-4.3
2/24/24	16	378.5	-3.0
2/24/24	17	378.5	-4.0
2/24/24	18	378.5	-1.0
2/24/24	19	378.5	1.0
2/24/24	20	378.5	1.3
2/24/24	21	378.5	2.0
2/24/24	22	375.9	3.0
2/24/24	23	375.9	3.0
2/25/24	0	378.5	2.3
2/25/24	1	378.5	3.3
2/25/24	2	378.5	2.3
2/25/24	3	378.5	1.0
2/25/24	4	378.5	1.0
2/25/24	5	381.0	1.3
2/25/24	6	381.0	1.3
2/25/24	7	381.0	1.0
2/25/24	8	381.0	1.0
2/25/24	9	381.0	1.7
2/25/24	10	381.0	1.0
2/25/24	11	381.0	0.7
2/25/24	12	378.5	0.0
2/25/24	13	378.5	0.3
2/25/24	14	378.5	-0.3
2/25/24	15	378.5	-0.3
2/25/24	16	378.5	0.7
2/25/24	17	375.9	-0.3
2/25/24	18	375.9	1.0
2/25/24	19	375.9	4.0
2/25/24	20	373.4	5.7
2/25/24	21	373.4	6.0
2/25/24	22	373.4	6.0
2/25/24	23	373.4	5.3
2/26/24	0	373.4	5.0
2/26/24	1	375.9	5.0
2/26/24	2	375.9	5.0
2/26/24	3	378.5	5.0
2/26/24	4	378.5	5.0
2/26/24	5	378.5	6.0
2/26/24	6	381.0	4.7
2/26/24	7	381.0	3.0
2/26/24	8	381.0	3.3
2/26/24	9	381.0	3.7
2/26/24	10	381.0	5.0
2/26/24	11	378.5	5.0
2/26/24	12	378.5	4.7
2/26/24	13	378.5	3.3
2/26/24	14	375.9	3.0
2/26/24	15	375.9	3.0
2/26/24	16	378.5	3.0
2/26/24	17	375.9	2.3
2/26/24	18	375.9	4.7
2/26/24	19	375.9	6.0
2/26/24	20	375.9	6.7
2/26/24	21	375.9	7.0
2/26/24	22	373.4	7.0
2/26/24	23	373.4	6.7
2/27/24	0	375.9	6.0
2/27/24	1	375.9	5.0
2/27/24	2	375.9	4.7
2/27/24	3	378.5	3.7
2/27/24	4	378.5	2.7
2/27/24	5	381.0	3.0
2/27/24	6	381.0	2.0
2/27/24	7	381.0	2.0
2/27/24	8	381.0	1.3
2/27/24	9	381.0	0.7
2/27/24	10	381.0	0.0
2/27/24	11	381.0	0.0
2/27/24	12	378.5	0.0
2/27/24	13	378.5	0.0
2/27/24	14	378.5	0.0
2/27/24	15	378.5	0.0
2/27/24	16	378.5	0.0
2/27/24	17	378.5	3.0
2/27/24	18	378.5	3.3
2/27/24	19	378.5	5.0
2/27/24	20	378.5	4.7
2/27/24	21	378.5	4.7
2/27/24	22	378.5	5.0
2/27/24	23	378.5	5.0
2/28/24	0	378.5	5.0
2/28/24	1	378.5	-4.7
2/28/24	2	378.5	-5.7
2/28/24	3	378.5	-7.0
2/28/24	4	381.0	-8.0
2/28/24	5	381.0	-9.3
2/28/24	6	381.0	-10.7
2/28/24	7	381.0	-11.7
2/28/24	8	383.5	-12.3
2/28/24	9	381.0	-13.0
2/28/24	10	381.0	-13.3
2/28/24	11	381.0	-13.7
2/28/24	12	381.0	-13.7
2/28/24	13	381.0	-12.7
2/28/24	14	381.0	-12.3
2/28/24	15	381.0	-10.3
2/28/24	16	383.5	-7.7
2/28/24	17	383.5	-0.3
2/28/24	18	383.5	-3.0
2/28/24	19	381.0	-4.3
2/28/24	20	381.0	-4.0
2/28/24	21	381.0	-3.0
2/28/24	22	383.5	-2.0
2/28/24	23	381.0	-2.0
2/29/24	0	381.0	-3.3
2/29/24	1	381.0	1.7
2/29/24	2	381.0	0.3
2/29/24	3	381.0	-0.3
2/29/24	4	383.5	-0.3
2/29/24	5	383.5	-0.3
2/29/24	6	383.5	-1.3
2/29/24	7	383.5	-2.3
2/29/24	8	383.5	-3.0
2/29/24	9	383.5	-3.0
2/29/24	10	383.5	-3.0
2/29/24	11	383.5	-3.0
2/29/24	12	381.0	-4.3
2/29/24	13	381.0	-5.0
2/29/24	14	383.5	-5.7
2/29/24	15	383.5	-4.7
2/29/24	16	383.5	-2.3
2/29/24	17	386.1	-3.3
2/29/24	18	386.1	-0.3
2/29/24	19	386.1	2.0
2/29/24	20	388.6	4.0
2/29/24	21	388.6	3.0
2/29/24	22	391.2	3.3
2/29/24	23	391.2	4.3
3/1/24	0	393.7	3.0
3/1/24	1	396.2	4.0
3/1/24	2	398.8	2.0
3/1/24	3	401.3	1.3
3/1/24	4	403.9	1.0
3/1/24	5	406.4	0.0
3/1/24	6	406.4	0.0
3/1/24	7	406.4	0.0
3/1/24	8	403.9	0.0
3/1/24	9	403.9	0.0
3/1/24	10	403.9	0.0
3/1/24	11	403.9	0.0
3/1/24	12	401.3	0.0
3/1/24	13	401.3	-0.7
3/1/24	14	401.3	-1.0
3/1/24	15	401.3	-0.3
3/1/24	16	403.9	0.3
3/1/24	17	398.8	-0.3
3/1/24	18	398.8	2.0
3/1/24	19	398.8	4.7
3/1/24	20	398.8	5.0
3/1/24	21	398.8	5.0
3/1/24	22	398.8	5.7
3/1/24	23	398.8	5.3
3/2/24	0	398.8	5.3
3/2/24	1	401.3	4.7
3/2/24	2	401.3	3.0
3/2/24	3	403.9	3.0
3/2/24	4	403.9	3.0
3/2/24	5	406.4	3.3
3/2/24	6	406.4	3.0
3/2/24	7	406.4	2.7
3/2/24	8	406.4	2.3
3/2/24	9	406.4	2.0
3/2/24	10	406.4	2.0
3/2/24	11	403.9	1.3
3/2/24	12	403.9	1.0
3/2/24	13	403.9	1.0
3/2/24	14	403.9	0.7
3/2/24	15	401.3	0.7
3/2/24	16	403.9	1.7
3/2/24	17	401.3	2.0
3/2/24	18	401.3	3.3
3/2/24	19	401.3	4.3
3/2/24	20	401.3	5.0
3/2/24	21	401.3	5.0
3/2/24	22	401.3	5.7
3/2/24	23	401.3	6.0
3/3/24	0	401.3	5.7
3/3/24	1	401.3	5.0
3/3/24	2	403.9	4.7
3/3/24	3	403.9	3.7
3/3/24	4	403.9	2.7
3/3/24	5	406.4	1.7
3/3/24	6	406.4	0.3
3/3/24	7	406.4	1.0
3/3/24	8	406.4	0.3
3/3/24	9	406.4	0.0
3/3/24	10	406.4	0.0
3/3/24	11	403.9	-0.7
3/3/24	12	403.9	-0.7
3/3/24	13	403.9	-1.0
3/3/24	14	403.9	-1.7
3/3/24	15	403.9	-1.7
3/3/24	16	403.9	-2.0
3/3/24	17	403.9	2.0
3/3/24	18	403.9	3.3
3/3/24	19	401.3	3.7
3/3/24	20	401.3	4.7
3/3/24	21	401.3	5.0
3/3/24	22	401.3	5.0
3/3/24	23	401.3	6.0
3/4/24	0	401.3	5.3
3/4/24	1	403.9	3.0
3/4/24	2	403.9	2.0
3/4/24	3	406.4	1.7
3/4/24	4	406.4	1.3
3/4/24	5	406.4	1.0
3/4/24	6	406.4	1.0
3/4/24	7	406.4	0.7
3/4/24	8	406.4	0.0
3/4/24	9	406.4	0.0
3/4/24	10	406.4	-0.7
3/4/24	11	406.4	-1.0
3/4/24	12	406.4	-1.3
3/4/24	13	406.4	-2.0
3/4/24	14	406.4	-2.0
3/4/24	15	406.4	-1.0
3/4/24	16	406.4	-0.3
3/4/24	17	403.9	-1.3
3/4/24	18	403.9	-0.7
3/4/24	19	403.9	0.0
3/4/24	20	403.9	1.0
3/4/24	21	403.9	2.0
3/4/24	22	403.9	2.3
3/4/24	23	403.9	2.7
3/5/24	0	401.3	3.0
3/5/24	1	403.9	1.7
3/5/24	2	403.9	0.7
3/5/24	3	406.4	0.0
3/5/24	4	406.4	-0.3
3/5/24	5	406.4	0.0
3/5/24	6	406.4	0.0
3/5/24	7	406.4	0.0
3/5/24	8	406.4	-0.3
3/5/24	9	406.4	0.0
3/5/24	10	406.4	-0.3
3/5/24	11	406.4	-1.0
3/5/24	12	406.4	-1.3
3/5/24	13	406.4	-2.0
3/5/24	14	406.4	-2.0
3/5/24	15	406.4	-2.3
3/5/24	16	406.4	-1.0
3/5/24	17	406.4	0.0
3/5/24	18	406.4	1.3
3/5/24	19	406.4	1.7
3/5/24	20	406.4	2.7
3/5/24	21	408.9	2.3
3/5/24	22	408.9	2.7
3/5/24	23	408.9	3.0
3/6/24	0	408.9	3.0
3/6/24	1	411.5	2.7
3/6/24	2	411.5	1.3
3/6/24	3	411.5	1.0
3/6/24	4	414.0	0.7
3/6/24	5	411.5	0.0
3/6/24	6	414.0	0.0
3/6/24	13	414.0	0.0
3/6/24	14	414.0	-1.0
3/6/24	15	414.0	-1.0
3/6/24	16	414.0	0.0
3/6/24	17	414.0	1.0
3/6/24	18	414.0	2.0
3/6/24	19	411.5	2.3
3/6/24	20	411.5	2.0
3/6/24	21	411.5	3.0
3/6/24	22	411.5	3.3
3/6/24	23	411.5	4.3
3/7/24	0	411.5	3.7
3/7/24	1	414.0	2.7
3/7/24	2	414.0	1.3
3/7/24	3	414.0	1.0
3/7/24	4	414.0	0.3
3/7/24	5	414.0	0.0
3/7/24	6	414.0	-0.7
3/7/24	7	416.6	-2.0
3/7/24	8	416.6	-2.3
3/7/24	9	416.6	-2.0
3/7/24	10	416.6	-2.3
3/7/24	11	416.6	-3.0
3/7/24	12	416.6	-2.7
3/7/24	13	416.6	-3.0
3/7/24	14	416.6	-3.0
3/7/24	15	416.6	-3.3
3/7/24	16	416.6	-1.7
3/7/24	17	416.6	1.3
3/7/24	18	416.6	2.0
3/7/24	19	414.0	2.0
3/7/24	20	414.0	3.0
3/7/24	21	414.0	3.0
3/7/24	22	414.0	3.0
3/7/24	23	414.0	3.0
3/8/24	0	414.0	3.0
3/8/24	1	414.0	-2.0
3/8/24	2	414.0	-2.0
3/8/24	3	414.0	-2.0
3/8/24	4	411.5	-2.0
3/8/24	5	411.5	-2.3
3/8/24	6	411.5	-3.0
3/8/24	7	414.0	-3.0
3/8/24	8	414.0	-3.0
3/8/24	9	414.0	-3.0
3/8/24	10	416.6	-3.7
3/8/24	11	416.6	-4.0
3/8/24	12	416.6	-4.0
3/8/24	13	416.6	-4.3
3/8/24	14	416.6	-4.3
3/8/24	15	416.6	-4.3
3/8/24	16	416.6	-3.3
3/8/24	17	416.6	0.0
3/8/24	18	414.0	1.3
3/8/24	19	414.0	0.3
3/8/24	20	414.0	0.0
3/8/24	21	414.0	-0.3
3/8/24	22	414.0	-2.0
3/8/24	23	414.0	-1.3
3/9/24	0	414.0	-2.0
3/9/24	1	414.0	-2.0
3/9/24	2	414.0	-2.0
3/9/24	3	414.0	-2.0
3/9/24	4	414.0	-3.0
3/9/24	5	414.0	-3.7
3/9/24	6	414.0	-5.0
3/9/24	7	414.0	-6.0
3/9/24	8	414.0	-6.7
3/9/24	9	414.0	-7.3
3/9/24	10	416.6	-7.3
3/9/24	11	416.6	-7.3
3/9/24	12	416.6	-8.0
3/9/24	13	416.6	-8.0
3/9/24	14	416.6	-8.3
3/9/24	15	416.6	-7.3
3/9/24	16	416.6	-5.0
3/9/24	17	416.6	-1.7
3/9/24	18	416.6	-0.7
3/9/24	19	414.0	0.0
3/9/24	20	414.0	0.0
3/9/24	21	414.0	0.7
3/9/24	22	414.0	0.3
3/9/24	23	414.0	-0.7
3/10/24	0	414.0	-1.3
3/10/24	1	414.0	2.0
3/10/24	2	414.0	0.7
3/10/24	3	414.0	-1.3
3/10/24	4	414.0	-1.3
3/10/24	5	414.0	-2.3
3/10/24	6	414.0	-3.3
3/10/24	7	416.6	-4.7
3/10/24	8	416.6	-5.3
3/10/24	9	416.6	-5.0
3/10/24	10	416.6	-5.7
3/10/24	11	419.1	-5.3
3/10/24	12	419.1	-6.0
3/10/24	13	419.1	-6.3
3/10/24	14	419.1	-6.0
3/10/24	15	419.1	-3.3
3/10/24	16	419.1	-1.3
3/10/24	17	419.1	0.3
3/10/24	18	419.1	1.0
3/10/24	19	419.1	1.7
3/10/24	20	416.6	2.0
3/10/24	21	416.6	2.7
3/10/24	22	416.6	3.0
3/10/24	23	416.6	3.0
3/11/24	0	419.1	5.3
3/11/24	1	419.1	3.3
3/11/24	2	419.1	1.3
3/11/24	3	419.1	0.3
3/11/24	4	419.1	0.0
3/11/24	5	419.1	-0.3
3/11/24	6	419.1	-0.3
3/11/24	7	419.1	0.0
3/11/24	8	421.6	0.0
3/11/24	9	421.6	0.0
3/11/24	10	421.6	1.0
3/11/24	11	421.6	0.3
3/11/24	12	421.6	0.0
3/11/24	13	424.2	0.7
3/11/24	14	426.7	1.3
3/11/24	15	426.7	2.0
3/11/24	16	426.7	2.3
3/11/24	17	426.7	1.7
3/11/24	18	426.7	3.3
3/11/24	19	426.7	5.0
3/11/24	20	424.2	5.7
3/11/24	21	424.2	6.0
3/11/24	22	421.6	6.0
3/11/24	23	421.6	6.0
3/12/24	0	421.6	4.7
3/12/24	1	421.6	4.0
3/12/24	2	421.6	3.0
3/12/24	3	421.6	3.0
3/12/24	4	421.6	3.0
3/12/24	5	421.6	3.0
3/12/24	6	421.6	3.0
3/12/24	7	421.6	2.3
3/12/24	8	424.2	2.0
3/12/24	9	426.7	1.3
3/12/24	10	426.7	0.3
3/12/24	11	426.7	-0.7
3/12/24	12	426.7	-1.0
3/12/24	13	426.7	-1.7
3/12/24	14	426.7	-1.0
3/12/24	15	429.3	0.3
3/12/24	16	426.7	2.7
3/12/24	17	426.7	4.0
3/12/24	18	426.7	5.3
3/12/24	19	424.2	6.0
3/12/24	20	424.2	6.3
3/12/24	21	424.2	7.0
3/12/24	22	421.6	6.3
3/12/24	23	424.2	5.3
3/13/24	0	421.6	1.3
3/13/24	1	421.6	1.0
3/13/24	2	421.6	0.0
3/13/24	3	421.6	-0.3
3/13/24	4	421.6	0.0
3/13/24	5	421.6	0.0
3/13/24	6	421.6	0.0
3/13/24	7	421.6	0.0
3/13/24	8	424.2	0.0
3/13/24	9	424.2	0.0
3/13/24	10	426.7	-0.7
3/13/24	11	426.7	-2.0
3/13/24	12	426.7	-2.0
3/13/24	13	426.7	-2.0
3/13/24	14	426.7	-1.7
3/13/24	15	431.8	-1.0
3/13/24	16	431.8	-0.3
3/13/24	17	429.3	5.0
3/13/24	18	429.3	6.0
3/13/24	19	429.3	6.0
3/13/24	20	426.7	6.0
3/13/24	21	424.2	6.0
3/13/24	22	424.2	5.7
3/13/24	23	424.2	3.7
3/14/24	0	426.7	-2.7
3/14/24	1	424.2	-3.0
3/14/24	2	424.2	-3.0
3/14/24	3	421.6	-4.0
3/14/24	4	421.6	-4.0
3/14/24	5	419.1	-5.0
3/14/24	6	419.1	-5.0
3/14/24	7	421.6	-5.0
3/14/24	8	424.2	-5.0
3/14/24	9	424.2	-5.0
3/14/24	10	426.7	-5.0
3/14/24	11	426.7	-5.3
3/14/24	12	426.7	-6.0
3/14/24	13	426.7	-6.0
3/14/24	14	426.7	-6.0
3/14/24	15	426.7	-5.0
3/14/24	16	429.3	-4.0
3/14/24	17	429.3	0.0
3/14/24	18	426.7	-1.7
3/14/24	19	426.7	-1.7
3/14/24	20	426.7	-0.7
3/14/24	21	426.7	0.0
3/14/24	22	426.7	-2.3
3/14/24	23	431.8	-2.0
3/15/24	0	429.3	-0.7
3/15/24	1	429.3	-1.3
3/15/24	2	429.3	-2.0
3/15/24	3	429.3	-2.7
3/15/24	4	426.7	-2.7
3/15/24	5	424.2	-2.0
3/15/24	6	419.1	-2.0
3/15/24	7	424.2	-2.0
3/15/24	8	424.2	-2.3
3/15/24	9	419.1	-2.0
3/15/24	10	421.6	-2.0
3/15/24	11	426.7	-2.0
3/15/24	12	426.7	-2.0
3/15/24	13	426.7	-2.0
3/15/24	14	429.3	-1.0
3/15/24	15	429.3	0.0
3/15/24	16	429.3	1.3
3/15/24	17	426.7	-3.0
3/15/24	18	426.7	-2.0
3/15/24	19	426.7	-1.7
3/15/24	20	426.7	-0.3
3/15/24	21	429.3	-1.0
3/15/24	22	429.3	-1.3
3/15/24	23	429.3	-1.7
3/16/24	0	429.3	2.3
3/16/24	1	429.3	1.0
3/16/24	2	429.3	1.0
3/16/24	3	431.8	1.0
3/16/24	4	431.8	0.0
3/16/24	5	431.8	0.7
3/16/24	6	431.8	0.0
3/16/24	7	431.8	0.0
3/16/24	8	431.8	0.0
3/16/24	9	431.8	0.0
3/16/24	10	434.3	-1.0
3/16/24	11	434.3	-1.0
3/16/24	12	434.3	-1.0
3/16/24	13	436.9	-2.0
3/16/24	14	436.9	-1.7
3/16/24	15	436.9	-0.7
3/16/24	16	436.9	0.7
3/16/24	17	436.9	2.0
3/16/24	18	436.9	1.7
3/16/24	19	436.9	1.0
3/16/24	20	439.4	1.3
3/16/24	21	439.4	2.3
3/16/24	22	439.4	3.3
3/16/24	23	439.4	2.0
3/17/24	0	439.4	-1.0
3/17/24	1	439.4	-1.0
3/17/24	2	439.4	-1.7
3/17/24	3	439.4	-2.0
3/17/24	4	439.4	-2.0
3/17/24	5	439.4	-2.0
3/17/24	6	439.4	-3.7
3/17/24	7	442.0	-4.7
3/17/24	8	442.0	-4.3
3/17/24	9	444.5	-5.0
3/17/24	10	444.5	-4.3
3/17/24	11	444.5	-3.3
3/17/24	12	447.0	-4.0
3/17/24	13	447.0	-3.3
3/17/24	14	447.0	-3.3
3/17/24	15	447.0	-2.3
3/17/24	16	447.0	0.0
3/17/24	17	447.0	1.7
3/17/24	18	447.0	2.0
3/17/24	19	447.0	1.3
3/17/24	20	447.0	0.0
3/17/24	21	447.0	0.0
3/17/24	22	449.6	0.0
3/17/24	23	449.6	0.0
3/18/24	0	452.1	-0.7
3/18/24	1	454.7	-1.0
3/18/24	2	457.2	-0.3
3/18/24	3	459.7	-1.0
3/18/24	4	462.3	-1.0
3/18/24	5	462.3	-1.3
3/18/24	6	464.8	-2.0
3/18/24	7	464.8	-2.7
3/18/24	8	467.4	-4.0
3/18/24	9	467.4	-3.7
3/18/24	10	467.4	-4.7
3/18/24	11	469.9	-4.7
3/18/24	12	469.9	-4.7
3/18/24	13	469.9	-5.3
3/18/24	14	469.9	-4.0
3/18/24	15	469.9	-2.0
3/18/24	16	469.9	0.7
3/18/24	17	469.9	1.7
3/18/24	18	467.4	2.3
3/18/24	19	467.4	2.3
3/18/24	20	467.4	2.0
3/18/24	21	467.4	2.0
3/18/24	22	469.9	1.7
3/18/24	23	467.4	0.0
3/19/24	0	467.4	4.7
3/19/24	1	467.4	2.7
3/19/24	2	467.4	2.3
3/19/24	3	469.9	2.0
3/19/24	4	469.9	1.0
3/19/24	5	469.9	0.0
3/19/24	6	469.9	0.0
3/19/24	7	469.9	-0.3
3/19/24	8	469.9	-1.3
3/19/24	9	472.4	-1.3
3/19/24	10	472.4	-2.0
3/19/24	11	472.4	-2.0
3/19/24	12	472.4	-2.7
3/19/24	13	472.4	-3.0
3/19/24	14	472.4	-1.7
3/19/24	15	472.4	0.0
3/19/24	16	472.4	2.0
3/19/24	17	472.4	2.7
3/19/24	18	472.4	3.3
3/19/24	19	472.4	5.0
3/19/24	20	472.4	5.0
3/19/24	21	469.9	6.0
3/19/24	22	472.4	6.0
3/19/24	23	469.9	6.0
3/20/24	0	469.9	5.7
3/20/24	1	469.9	3.0
3/20/24	2	469.9	2.3
3/20/24	3	469.9	1.3
3/20/24	4	469.9	0.3
3/20/24	5	469.9	0.0
3/20/24	6	469.9	0.0
3/20/24	7	472.4	-1.0
3/20/24	8	472.4	-1.0
3/20/24	9	472.4	-1.3
3/20/24	10	472.4	-1.3
3/20/24	11	472.4	-2.0
3/20/24	12	472.4	-2.0
3/20/24	13	472.4	-3.0
3/20/24	14	472.4	-1.7
3/20/24	15	472.4	0.3
3/20/24	16	472.4	2.7
3/20/24	17	472.4	3.3
3/20/24	18	472.4	4.7
3/20/24	19	472.4	5.3
3/20/24	20	472.4	5.3
3/20/24	21	472.4	4.7
3/20/24	22	472.4	4.3
3/20/24	23	469.9	5.7
3/21/24	0	469.9	6.0
3/21/24	1	469.9	4.0
3/21/24	2	469.9	3.0
3/21/24	3	469.9	2.3
3/21/24	4	469.9	2.0
3/21/24	5	469.9	1.0
3/21/24	6	469.9	0.7
3/21/24	7	469.9	0.0
3/21/24	8	472.4	0.0
3/21/24	9	472.4	-0.7
3/21/24	10	472.4	-1.0
3/21/24	11	472.4	-1.7
3/21/24	12	472.4	-1.7
3/21/24	13	472.4	-2.0
3/21/24	14	472.4	-0.7
3/21/24	15	475.0	0.7
3/21/24	16	475.0	3.7
3/21/24	17	475.0	5.7
3/21/24	18	475.0	6.7
3/21/24	19	472.4	7.0
3/21/24	22	472.4	8.0
3/21/24	23	472.4	7.3
3/22/24	0	472.4	6.0
3/22/24	1	472.4	7.0
3/22/24	2	469.9	7.0
3/22/24	3	469.9	6.0
3/22/24	4	469.9	5.3
3/22/24	5	469.9	4.3
3/22/24	6	469.9	3.0
3/22/24	7	467.4	2.0
3/22/24	8	467.4	2.0
3/22/24	9	467.4	0.3
3/22/24	10	469.9	0.3
3/22/24	11	472.4	0.0
3/22/24	12	472.4	0.0
3/22/24	13	472.4	-0.3
3/22/24	14	472.4	-0.3
3/22/24	15	472.4	-1.3
3/22/24	16	472.4	0.0
3/22/24	17	472.4	1.3
3/22/24	18	472.4	4.3
3/22/24	19	475.0	6.0
3/22/24	20	472.4	6.3
3/22/24	21	472.4	7.0
3/22/24	22	472.4	8.0
3/22/24	23	472.4	7.7
3/23/24	0	472.4	7.7
3/23/24	1	469.9	6.7
3/23/24	2	469.9	6.0
3/23/24	3	469.9	5.0
3/23/24	4	469.9	3.7
3/23/24	5	469.9	3.0
3/23/24	6	469.9	4.3
3/23/24	7	469.9	5.0
3/23/24	8	467.4	5.0
3/23/24	9	469.9	3.7
3/23/24	10	472.4	5.0
3/23/24	11	469.9	5.0
3/23/24	12	472.4	4.0
3/23/24	13	475.0	4.0
3/23/24	14	472.4	4.3
3/23/24	15	472.4	5.0
3/23/24	16	472.4	5.0
3/23/24	17	472.4	5.7
3/23/24	18	472.4	6.0
3/23/24	19	472.4	7.0
3/23/24	20	472.4	7.3
3/23/24	21	469.9	8.0
3/23/24	22	469.9	8.0
3/23/24	23	472.4	8.0
3/24/24	0	472.4	5.7
3/24/24	1	472.4	2.3
3/24/24	2	472.4	1.3
3/24/24	3	469.9	1.7
3/24/24	4	469.9	0.7
3/24/24	5	467.4	0.0
3/24/24	6	469.9	0.0
3/24/24	7	469.9	0.0
3/24/24	8	467.4	0.0
3/24/24	9	469.9	0.0
3/24/24	10	469.9	0.0
3/24/24	11	467.4	0.0
3/24/24	12	472.4	-1.0
3/24/24	13	472.4	-0.7
3/24/24	14	472.4	-0.7
3/24/24	15	469.9	0.0
3/24/24	16	469.9	-1.0
3/24/24	17	469.9	5.3
3/24/24	18	472.4	5.3
3/24/24	19	472.4	6.0
3/24/24	20	467.4	6.7
3/24/24	21	467.4	6.0
3/24/24	22	469.9	5.7
3/24/24	23	467.4	5.7
3/25/24	0	475.0	-3.0
3/25/24	1	469.9	-3.0
3/25/24	2	469.9	-4.0
3/25/24	3	472.4	-4.0
3/25/24	4	472.4	-4.0
3/25/24	5	469.9	-4.0
3/25/24	6	469.9	-4.0
3/25/24	7	467.4	-4.0
3/25/24	8	464.8	-4.0
3/25/24	9	467.4	-4.0
3/25/24	10	469.9	-4.0
3/25/24	11	462.3	-4.7
3/25/24	12	472.4	-5.0
3/25/24	13	472.4	-5.7
3/25/24	14	472.4	-5.0
3/25/24	15	469.9	-4.7
3/25/24	16	469.9	-3.3
3/25/24	17	467.4	-1.0
3/25/24	18	467.4	-2.0
3/25/24	19	469.9	-2.0
3/25/24	20	472.4	-1.0
3/25/24	21	469.9	-1.3
3/25/24	22	467.4	-2.0
3/25/24	23	467.4	-3.0
3/26/24	0	475.0	-2.7
3/26/24	1	467.4	-3.7
3/26/24	2	467.4	-5.0
3/26/24	3	467.4	-5.0
3/26/24	4	469.9	-5.0
3/26/24	5	469.9	-6.0
3/26/24	6	467.4	-6.0
3/26/24	7	464.8	-6.3
3/26/24	8	467.4	-7.0
3/26/24	9	467.4	-7.3
3/26/24	10	469.9	-7.0
3/26/24	11	467.4	-8.0
3/26/24	12	469.9	-8.0
3/26/24	13	467.4	-7.0
3/26/24	14	467.4	-7.0
3/26/24	15	467.4	-5.7
3/26/24	16	469.9	-3.3
3/26/24	17	469.9	-2.3
3/26/24	18	469.9	-2.0
3/26/24	19	469.9	-2.0
3/26/24	20	469.9	-2.0
3/26/24	21	472.4	-1.3
3/26/24	22	472.4	-2.3
3/26/24	23	472.4	-2.7
3/27/24	0	477.5	-5.0
3/27/24	1	472.4	-5.0
3/27/24	2	472.4	-5.0
3/27/24	3	472.4	-5.0
3/27/24	4	475.0	-5.0
3/27/24	5	475.0	-5.0
3/27/24	6	475.0	-5.0
3/27/24	7	475.0	-5.0
3/27/24	8	475.0	-5.7
3/27/24	9	477.5	-6.0
3/27/24	10	477.5	-6.0
3/27/24	11	477.5	-6.3
3/27/24	12	477.5	-7.0
3/27/24	13	477.5	-6.3
3/27/24	14	480.1	-6.7
3/27/24	15	480.1	-4.0
3/27/24	16	482.6	-2.7
3/27/24	17	482.6	-2.7
3/27/24	18	485.1	-3.0
3/27/24	19	485.1	-1.0
3/27/24	20	485.1	0.0
3/27/24	21	487.7	-1.0
3/27/24	22	487.7	-1.0
3/27/24	23	490.2	-2.7
3/28/24	0	490.2	0.0
3/28/24	1	492.8	-0.7
3/28/24	2	492.8	-1.7
3/28/24	3	492.8	-2.7
3/28/24	4	495.3	-3.0
3/28/24	5	495.3	-3.3
3/28/24	6	495.3	-3.7
3/28/24	7	497.8	-5.0
3/28/24	8	497.8	-5.0
3/28/24	9	497.8	-5.3
3/28/24	10	497.8	-4.3
3/28/24	11	500.4	-4.3
3/28/24	12	500.4	-3.0
3/28/24	13	500.4	-2.7
3/28/24	14	500.4	-0.3
3/28/24	15	500.4	1.7
3/28/24	16	502.9	3.0
3/28/24	17	502.9	-2.0
3/28/24	18	502.9	-1.3
3/28/24	19	502.9	-0.3
3/28/24	20	502.9	0.0
3/28/24	21	502.9	0.0
3/28/24	22	502.9	0.0
3/28/24	23	502.9	0.0
3/29/24	0	502.9	6.0
3/29/24	1	502.9	5.7
3/29/24	2	500.4	5.0
3/29/24	3	500.4	5.0
3/29/24	4	502.9	5.0
3/29/24	5	500.4	5.7
3/29/24	6	500.4	5.0
3/29/24	7	502.9	4.3
3/29/24	8	502.9	3.7
3/29/24	9	502.9	2.7
3/29/24	10	505.5	2.0
3/29/24	11	505.5	1.7
3/29/24	12	505.5	2.0
3/29/24	13	505.5	1.0
3/29/24	14	505.5	1.0
3/29/24	15	505.5	2.0
3/29/24	16	505.5	2.7
3/29/24	17	508.0	4.3
3/29/24	18	508.0	5.0
3/29/24	19	508.0	6.0
3/29/24	20	508.0	6.7
3/29/24	21	508.0	7.0
3/29/24	22	508.0	7.0
3/29/24	23	508.0	6.7
3/30/24	0	515.6	5.0
3/30/24	1	508.0	5.0
3/30/24	2	510.5	5.0
3/30/24	3	510.5	5.0
3/30/24	4	510.5	5.0
3/30/24	5	510.5	5.0
3/30/24	6	513.1	4.7
3/30/24	7	513.1	3.7
3/30/24	8	513.1	3.0
3/30/24	9	515.6	3.0
3/30/24	10	515.6	2.3
3/30/24	11	515.6	2.0
3/30/24	12	515.6	2.7
3/30/24	13	515.6	2.7
3/30/24	14	515.6	3.0
3/30/24	15	515.6	3.0
3/30/24	16	515.6	4.7
3/30/24	17	518.2	3.0
3/30/24	18	518.2	3.3
3/30/24	19	515.6	4.7
3/30/24	20	515.6	5.0
3/30/24	21	515.6	5.0
3/30/24	22	513.1	5.0
3/30/24	23	513.1	5.0
3/31/24	0	515.6	8.0
3/31/24	1	513.1	7.7
3/31/24	2	513.1	7.0
3/31/24	3	510.5	6.7
3/31/24	4	510.5	6.0
3/31/24	5	510.5	6.0
3/31/24	6	510.5	5.7
3/31/24	7	510.5	6.0
3/31/24	8	513.1	5.3
3/31/24	9	513.1	5.0
3/31/24	10	513.1	4.0
3/31/24	11	515.6	3.0
3/31/24	12	515.6	3.0
3/31/24	13	515.6	2.0
3/31/24	14	515.6	2.0
3/31/24	15	515.6	2.3
3/31/24	16	515.6	2.3
3/31/24	17	515.6	5.7
3/31/24	18	515.6	6.3
3/31/24	19	515.6	7.3
3/31/24	20	515.6	8.0
3/31/24	21	515.6	8.3
3/31/24	22	515.6	8.0
3/31/24	23	515.6	8.0
4/1/24	0	515.6	-0.7
4/1/24	1	515.6	-1.0
4/1/24	2	515.6	-1.0
4/1/24	3	515.6	-1.0
4/1/24	4	515.6	-1.0
4/1/24	5	515.6	-1.3
4/1/24	6	515.6	-2.0
4/1/24	7	515.6	-2.3
4/1/24	8	515.6	-3.0
4/1/24	9	515.6	-4.3
4/1/24	10	515.6	-5.0
4/1/24	11	515.6	-5.3
4/1/24	12	515.6	-5.3
4/1/24	13	515.6	-5.0
4/1/24	14	515.6	-3.7
4/1/24	15	515.6	-1.7
4/1/24	16	515.6	0.0
4/1/24	17	515.6	1.3
4/1/24	18	515.6	1.0
4/1/24	19	515.6	1.7
4/1/24	20	515.6	1.0
4/1/24	21	515.6	0.0
4/1/24	22	515.6	0.0
4/1/24	23	515.6	0.3
4/2/24	0	515.6	-1.0
4/2/24	1	515.6	-1.0
4/2/24	2	513.1	-1.7
4/2/24	3	515.6	-2.0
4/2/24	4	515.6	-2.0
4/2/24	5	513.1	-2.0
4/2/24	6	513.1	-2.0
4/2/24	7	513.1	-2.0
4/2/24	8	515.6	-2.0
4/2/24	9	515.6	-2.0
4/2/24	10	515.6	-2.0
4/2/24	11	515.6	-2.0
4/2/24	12	515.6	-2.3
4/2/24	13	515.6	-3.0
4/2/24	14	515.6	-2.3
4/2/24	15	515.6	-1.3
4/2/24	16	515.6	-0.3
4/2/24	17	515.6	0.0
4/2/24	18	515.6	0.7
4/2/24	19	515.6	0.3
4/2/24	20	515.6	0.7
4/2/24	21	515.6	-0.7
4/2/24	22	515.6	0.0
4/2/24	23	513.1	-0.7
4/3/24	0	515.6	5.3
4/3/24	1	515.6	4.7
4/3/24	2	515.6	3.0
4/3/24	3	515.6	1.7
4/3/24	4	513.1	0.0
4/3/24	5	513.1	0.0
4/3/24	6	513.1	0.0
4/3/24	7	513.1	-0.7
4/3/24	8	513.1	-1.0
4/3/24	9	515.6	-2.0
4/3/24	10	515.6	-1.7
4/3/24	11	518.2	-2.7
4/3/24	12	518.2	-2.0
4/3/24	13	520.7	-2.0
4/3/24	14	523.2	-0.7
4/3/24	15	525.8	1.0
4/3/24	16	525.8	4.7
4/3/24	17	525.8	1.0
4/3/24	18	525.8	2.3
4/3/24	19	525.8	3.3
4/3/24	20	525.8	5.0
4/3/24	21	525.8	5.7
4/3/24	22	525.8	6.0
4/3/24	23	525.8	6.0
4/4/24	0	523.2	10.7
4/4/24	1	525.8	9.3
4/4/24	2	525.8	7.0
4/4/24	3	525.8	4.7
4/4/24	4	525.8	3.0
4/4/24	5	523.2	2.7
4/4/24	6	523.2	1.3
4/4/24	7	523.2	1.7
4/4/24	8	523.2	1.3
4/4/24	9	525.8	1.0
4/4/24	10	525.8	0.3
4/4/24	11	528.3	0.7
4/4/24	12	525.8	1.0
4/4/24	13	525.8	2.0
4/4/24	14	528.3	5.7
4/4/24	15	528.3	7.7
4/4/24	16	528.3	9.7
4/4/24	17	528.3	6.7
4/4/24	18	528.3	8.3
4/4/24	19	530.9	10.0
4/4/24	20	530.9	10.0
4/4/24	21	530.9	11.0
4/4/24	22	533.4	11.0
4/4/24	23	530.9	11.0
4/5/24	0	533.4	11.3
4/5/24	1	533.4	10.7
4/5/24	2	530.9	10.0
4/5/24	3	530.9	10.0
4/5/24	4	530.9	9.0
4/5/24	5	530.9	8.3
4/5/24	6	530.9	8.0
4/5/24	7	533.4	7.3
4/5/24	8	533.4	7.0
4/5/24	9	533.4	7.0
4/5/24	10	533.4	7.0
4/5/24	11	533.4	7.0
4/5/24	12	533.4	6.0
4/5/24	13	533.4	6.0
4/5/24	14	533.4	6.0
4/5/24	15	533.4	5.7
4/5/24	16	533.4	6.0
4/5/24	17	533.4	10.7
4/5/24	18	533.4	11.0
4/5/24	19	535.9	11.3
4/5/24	20	535.9	12.0
4/5/24	21	535.9	12.0
4/5/24	22	533.4	11.7
4/5/24	23	533.4	12.0
4/6/24	0	533.4	7.0
4/6/24	1	533.4	6.0
4/6/24	2	533.4	6.0
4/6/24	3	530.9	2.3
4/6/24	4	530.9	0.0
4/6/24	5	530.9	-0.3
4/6/24	6	530.9	-1.7
4/6/24	7	528.3	-2.7
4/6/24	8	525.8	-5.0
4/6/24	9	530.9	-5.0
4/6/24	10	530.9	-5.0
4/6/24	11	530.9	-6.0
4/6/24	12	530.9	-6.0
4/6/24	13	530.9	-6.0
4/6/24	14	533.4	-6.0
4/6/24	15	533.4	-4.3
4/6/24	16	530.9	-4.0
4/6/24	17	530.9	6.7
4/6/24	18	530.9	7.0
4/6/24	19	530.9	7.3
4/6/24	20	530.9	8.0
4/6/24	21	530.9	7.7
4/6/24	22	530.9	8.0
4/6/24	23	530.9	7.7
4/7/24	0	533.4	-5.0
4/7/24	1	530.9	-5.0
4/7/24	2	530.9	-5.0
4/7/24	3	530.9	-5.0
4/7/24	4	530.9	-5.0
4/7/24	5	528.3	-6.0
4/7/24	6	528.3	-6.0
4/7/24	7	528.3	-6.3
4/7/24	8	523.2	-7.0
4/7/24	9	525.8	-7.0
4/7/24	10	528.3	-7.0
4/7/24	11	520.7	-7.7
4/7/24	12	523.2	-8.0
4/7/24	13	528.3	-8.3
4/7/24	14	528.3	-6.7
4/7/24	15	528.3	-5.0
4/7/24	16	528.3	-2.3
4/7/24	17	528.3	-5.3
4/7/24	18	528.3	-3.7
4/7/24	19	528.3	-6.0
4/7/24	20	528.3	-5.3
4/7/24	21	528.3	-3.0
4/7/24	22	528.3	-4.3
4/7/24	23	528.3	-3.0
4/8/24	0	533.4	1.0
4/8/24	1	525.8	0.0
4/8/24	2	528.3	-0.7
4/8/24	3	525.8	-1.7
4/8/24	4	525.8	-2.3
4/8/24	5	525.8	-2.3
4/8/24	6	523.2	-2.7
4/8/24	7	523.2	-3.0
4/8/24	8	520.7	-4.3
4/8/24	9	523.2	-4.7
4/8/24	10	523.2	-5.0
4/8/24	11	523.2	-4.3
4/8/24	12	525.8	-4.3
4/8/24	13	525.8	-3.0
4/8/24	14	525.8	-1.7
4/8/24	15	525.8	-0.3
4/8/24	16	525.8	1.0
4/8/24	17	525.8	-1.3
4/8/24	18	525.8	-0.3
4/8/24	19	525.8	0.3
4/8/24	20	528.3	1.0
4/8/24	21	528.3	1.3
4/8/24	22	530.9	2.0
4/8/24	23	533.4	1.7
4/9/24	0	538.5	-0.3
4/9/24	1	538.5	-1.0
4/9/24	2	538.5	-1.3
4/9/24	3	538.5	-1.3
4/9/24	4	538.5	-2.0
4/9/24	5	538.5	-2.0
4/9/24	6	538.5	-3.0
4/9/24	7	541.0	-3.3
4/9/24	8	541.0	-4.3
4/9/24	9	541.0	-5.0
4/9/24	10	541.0	-5.0
4/9/24	11	543.6	-5.0
4/9/24	12	543.6	-5.7
4/9/24	13	546.1	-5.3
4/9/24	14	546.1	-3.3
4/9/24	15	546.1	-1.0
4/9/24	16	546.1	1.0
4/9/24	17	548.6	2.0
4/9/24	18	546.1	0.7
4/9/24	19	548.6	0.0
4/9/24	20	548.6	0.0
4/9/24	21	548.6	0.0
4/9/24	22	548.6	0.3
4/9/24	23	548.6	1.0
4/10/24	0	548.6	5.3
4/10/24	1	548.6	4.3
4/10/24	2	548.6	3.0
4/10/24	3	548.6	2.0
4/10/24	4	548.6	1.0
4/10/24	5	546.1	0.0
4/10/24	6	546.1	-0.3
4/10/24	7	548.6	-1.0
4/10/24	8	548.6	-1.0
4/10/24	9	548.6	-1.3
4/10/24	10	548.6	-1.0
4/10/24	11	551.2	-1.7
4/10/24	12	551.2	-2.7
4/10/24	13	551.2	-2.0
4/10/24	14	551.2	-0.3
4/10/24	15	551.2	0.3
4/10/24	16	551.2	2.3
4/10/24	17	551.2	3.0
4/10/24	18	551.2	4.3
4/10/24	19	551.2	5.0
4/10/24	20	551.2	5.7
4/10/24	21	551.2	6.3
4/10/24	22	551.2	7.0
4/10/24	23	548.6	6.0
4/11/24	0	548.6	6.0
4/11/24	1	548.6	5.0
4/11/24	2	548.6	4.3
4/11/24	3	548.6	3.0
4/11/24	4	548.6	1.0
4/11/24	5	548.6	0.3
4/11/24	6	548.6	0.0
4/11/24	7	548.6	0.0
4/11/24	8	548.6	-0.3
4/11/24	9	548.6	-1.0
4/11/24	10	548.6	-1.0
4/11/24	11	551.2	-1.7
4/11/24	12	551.2	-1.0
4/11/24	13	551.2	-0.7
4/11/24	14	551.2	1.0
4/11/24	15	553.7	3.7
4/11/24	16	553.7	7.3
4/11/24	17	553.7	4.0
4/11/24	18	553.7	5.3
4/11/24	19	553.7	6.0
4/11/24	20	553.7	6.0
4/11/24	21	553.7	6.3
4/11/24	22	553.7	6.3
4/11/24	23	553.7	6.0
4/12/24	0	553.7	10.0
4/12/24	1	553.7	9.7
4/12/24	2	553.7	6.7
4/12/24	3	553.7	4.7
4/12/24	4	553.7	3.0
4/12/24	5	551.2	2.3
4/12/24	6	551.2	2.0
4/12/24	7	551.2	1.3
4/12/24	8	553.7	1.3
4/12/24	9	553.7	1.0
4/12/24	10	556.3	1.0
4/12/24	11	556.3	1.0
4/12/24	12	556.3	1.0
4/12/24	13	556.3	2.0
4/12/24	14	556.3	4.3
4/12/24	15	556.3	9.3
4/12/24	16	553.7	11.7
4/12/24	17	556.3	8.0
4/12/24	18	556.3	8.3
4/12/24	19	556.3	10.0
4/12/24	20	558.8	10.3
4/12/24	21	558.8	10.7
4/12/24	22	558.8	11.0
4/12/24	23	556.3	11.0
4/13/24	0	553.7	13.0
4/13/24	1	553.7	11.7
4/13/24	2	556.3	9.3
4/13/24	3	556.3	7.3
4/13/24	4	556.3	5.7
4/13/24	5	556.3	5.0
4/13/24	6	556.3	5.7
4/13/24	7	553.7	5.0
4/13/24	8	548.6	5.0
4/13/24	9	553.7	4.0
4/13/24	10	556.3	2.7
4/13/24	11	551.2	2.3
4/13/24	12	553.7	2.0
4/13/24	13	553.7	2.3
4/13/24	14	551.2	4.3
4/13/24	15	551.2	7.0
4/13/24	16	551.2	9.3
4/13/24	17	553.7	13.0
4/13/24	18	553.7	13.7
4/13/24	19	556.3	14.3
4/13/24	20	558.8	14.7
4/13/24	21	558.8	13.7
4/13/24	22	558.8	13.7
4/13/24	23	556.3	13.0
4/14/24	0	553.7	12.7
4/14/24	1	553.7	11.3
4/14/24	2	553.7	9.7
4/14/24	3	553.7	7.7
4/14/24	4	553.7	6.7
4/14/24	5	553.7	6.3
4/14/24	6	553.7	5.7
4/14/24	7	553.7	6.0
4/14/24	8	553.7	6.0
4/14/24	9	553.7	6.7
4/14/24	10	553.7	6.7
4/14/24	11	553.7	5.3
4/14/24	12	553.7	5.7
4/14/24	13	553.7	5.7
4/14/24	14	553.7	7.3
4/14/24	15	553.7	10.0
4/14/24	16	553.7	11.0
4/14/24	17	553.7	10.0
4/14/24	18	553.7	10.7
4/14/24	19	553.7	11.3
4/14/24	20	553.7	12.3
4/14/24	21	553.7	13.0
4/14/24	22	553.7	13.3
4/14/24	23	553.7	13.0
4/15/24	0	553.7	12.7
4/15/24	1	553.7	11.7
4/15/24	2	553.7	10.3
4/15/24	3	551.2	10.0
4/15/24	4	551.2	10.0
4/15/24	5	551.2	10.0
4/15/24	6	548.6	8.0
4/15/24	7	548.6	7.3
4/15/24	8	548.6	6.3
4/15/24	9	548.6	5.0
4/15/24	10	548.6	4.7
4/15/24	11	548.6	2.7
4/15/24	12	548.6	3.0
4/15/24	13	548.6	3.0
4/15/24	14	548.6	3.0
4/15/24	15	548.6	2.0
4/15/24	16	548.6	1.0
4/15/24	17	548.6	11.7
4/15/24	18	548.6	12.0
4/15/24	19	548.6	13.0
4/15/24	20	548.6	13.3
4/15/24	21	548.6	14.7
4/15/24	22	548.6	14.7
4/15/24	23	548.6	14.0
4/16/24	0	548.6	-0.7
4/16/24	1	548.6	-1.3
4/16/24	2	548.6	-2.0
4/16/24	3	548.6	-1.7
4/16/24	4	548.6	-1.3
4/16/24	5	548.6	-1.0
4/16/24	6	548.6	-0.7
4/16/24	7	548.6	-0.7
4/16/24	8	548.6	-0.7
4/16/24	9	548.6	0.0
4/16/24	10	548.6	0.0
4/16/24	11	548.6	-1.0
4/16/24	12	548.6	-1.0
4/16/24	13	548.6	-1.0
4/16/24	14	548.6	0.0
4/16/24	15	548.6	1.0
4/16/24	16	548.6	3.3
4/16/24	17	546.1	2.0
4/16/24	18	546.1	1.0
4/16/24	19	546.1	1.0
4/16/24	20	546.1	0.3
4/16/24	21	546.1	0.3
4/16/24	22	546.1	-0.3
4/16/24	23	546.1	-0.3
4/17/24	0	546.1	8.3
4/17/24	1	546.1	7.7
4/17/24	2	546.1	6.0
4/17/24	3	546.1	4.7
4/17/24	4	546.1	3.0
4/17/24	5	546.1	2.3
4/17/24	6	543.6	1.3
4/17/24	7	541.0	1.0
4/17/24	8	538.5	1.0
4/17/24	9	538.5	0.3
4/17/24	10	538.5	0.3
4/17/24	11	538.5	0.0
4/17/24	12	538.5	0.0
4/17/24	13	538.5	0.7
4/17/24	14	538.5	3.3
4/17/24	15	538.5	6.7
4/17/24	16	538.5	9.3
4/17/24	17	538.5	5.3
4/17/24	18	538.5	6.3
4/17/24	19	538.5	6.3
4/17/24	20	538.5	8.0
4/17/24	21	538.5	8.0
4/17/24	22	538.5	8.3
4/17/24	23	538.5	8.3
4/18/24	0	538.5	12.0
4/18/24	1	538.5	11.0
4/18/24	2	538.5	10.0
4/18/24	3	538.5	8.7
4/18/24	4	538.5	7.7
4/18/24	5	535.9	6.3
4/18/24	6	535.9	5.7
4/18/24	7	530.9	5.0
4/18/24	8	530.9	4.7
4/18/24	9	530.9	4.0
4/18/24	10	530.9	3.3
4/18/24	11	530.9	3.0
4/18/24	12	533.4	2.3
4/18/24	13	533.4	3.3
4/18/24	14	533.4	5.3
4/18/24	15	533.4	7.3
4/18/24	16	533.4	11.0
4/18/24	17	533.4	10.7
4/18/24	18	535.9	11.3
4/18/24	19	535.9	12.0
4/18/24	20	535.9	12.7
4/18/24	21	538.5	12.7
4/18/24	22	538.5	12.0
4/18/24	23	538.5	12.0
4/19/24	0	538.5	12.0
4/19/24	1	541.0	11.7
4/19/24	2	541.0	11.0
4/19/24	3	541.0	10.3
4/19/24	4	541.0	9.0
4/19/24	5	541.0	9.3
4/19/24	6	541.0	8.7
4/19/24	7	541.0	8.0
4/19/24	8	541.0	8.0
4/19/24	9	541.0	7.0
4/19/24	10	541.0	7.0
4/19/24	11	541.0	7.0
4/19/24	12	543.6	6.0
4/19/24	13	543.6	5.7
4/19/24	14	543.6	9.0
4/19/24	15	543.6	9.3
4/19/24	16	543.6	10.0
4/19/24	17	543.6	12.0
4/19/24	18	543.6	12.0
4/19/24	19	543.6	13.0
4/19/24	20	543.6	13.0
4/19/24	21	546.1	13.3
4/19/24	22	548.6	13.7
4/19/24	23	548.6	13.0
4/20/24	0	548.6	12.0
4/20/24	1	548.6	11.3
4/20/24	2	548.6	11.0
4/20/24	3	548.6	9.0
4/20/24	4	548.6	7.0
4/20/24	5	546.1	7.0
4/20/24	6	546.1	6.3
4/20/24	7	543.6	5.3
4/20/24	8	543.6	4.7
4/20/24	9	543.6	4.3
4/20/24	10	541.0	3.3
4/20/24	11	535.9	3.7
4/20/24	12	535.9	3.0
4/20/24	13	535.9	3.7
4/20/24	14	535.9	4.3
4/20/24	15	535.9	6.7
4/20/24	16	535.9	8.7
4/20/24	17	533.4	11.0
4/20/24	18	533.4	11.7
4/20/24	19	533.4	12.0
4/20/24	20	533.4	12.3
4/20/24	21	533.4	12.3
4/20/24	22	533.4	12.3
4/20/24	23	533.4	13.0
4/21/24	0	533.4	11.3
4/21/24	1	533.4	10.3
4/21/24	2	533.4	10.0
4/21/24	3	533.4	9.0
4/21/24	4	533.4	7.7
4/21/24	5	533.4	6.3
4/21/24	6	533.4	4.7
4/21/24	7	530.9	3.7
4/21/24	8	530.9	2.7
4/21/24	9	530.9	2.0
4/21/24	10	530.9	1.3
4/21/24	11	530.9	1.0
4/21/24	12	530.9	0.3
4/21/24	13	530.9	1.3
4/21/24	14	530.9	4.0
4/21/24	15	530.9	7.0
4/21/24	16	528.3	9.0
4/21/24	17	528.3	10.3
4/21/24	18	528.3	11.7
4/21/24	19	525.8	12.3
4/21/24	20	525.8	11.0
4/21/24	21	525.8	11.7
4/21/24	22	525.8	12.0
4/21/24	23	525.8	12.0
4/22/24	0	525.8	13.0
4/22/24	1	525.8	11.7
4/22/24	2	525.8	10.0
4/22/24	3	525.8	7.3
4/22/24	4	525.8	6.0
4/22/24	5	525.8	5.0
4/22/24	6	525.8	3.7
4/22/24	7	525.8	3.3
4/22/24	8	525.8	2.3
4/22/24	9	525.8	3.0
4/22/24	10	525.8	2.7
4/22/24	11	525.8	3.0
4/22/24	12	525.8	2.0
4/22/24	13	525.8	4.3
4/22/24	14	525.8	5.7
4/22/24	15	525.8	10.3
4/22/24	16	525.8	12.0
4/22/24	17	523.2	10.3
4/22/24	18	523.2	11.3
4/22/24	19	523.2	12.7
4/22/24	20	523.2	13.0
4/22/24	21	523.2	13.3
4/22/24	22	523.2	14.3
4/22/24	23	523.2	14.0
4/23/24	0	523.2	15.0
4/23/24	1	523.2	13.3
4/23/24	2	523.2	12.7
4/23/24	3	523.2	10.7
4/23/24	4	523.2	9.0
4/23/24	5	523.2	7.7
4/23/24	6	523.2	7.0
4/23/24	7	523.2	7.7
4/23/24	8	523.2	7.7
4/23/24	9	523.2	7.0
4/23/24	10	523.2	6.0
4/23/24	11	523.2	5.7
4/23/24	12	523.2	5.0
4/23/24	13	523.2	5.7
4/23/24	14	523.2	8.7
4/23/24	15	520.7	12.0
4/23/24	16	520.7	14.0
4/23/24	17	518.2	13.3
4/23/24	18	518.2	15.0
4/23/24	19	518.2	15.7
4/23/24	20	518.2	15.7
4/23/24	21	518.2	16.3
4/23/24	22	518.2	16.0
4/23/24	23	518.2	15.7
4/24/24	0	518.2	15.7
4/24/24	1	518.2	15.0
4/24/24	2	518.2	13.3
4/24/24	3	518.2	11.3
4/24/24	4	518.2	10.3
4/24/24	5	518.2	9.3
4/24/24	6	518.2	8.0
4/24/24	7	518.2	8.0
4/24/24	8	513.1	7.3
4/24/24	9	513.1	7.3
4/24/24	10	513.1	6.7
4/24/24	11	513.1	6.3
4/24/24	12	513.1	6.0
4/24/24	13	513.1	6.3
4/24/24	14	513.1	8.7
4/24/24	15	510.5	11.3
4/24/24	16	510.5	12.3
4/24/24	17	510.5	15.3
4/24/24	18	510.5	15.0
4/24/24	19	510.5	16.3
4/24/24	20	510.5	17.0
4/24/24	21	510.5	16.7
4/24/24	22	510.5	17.0
4/24/24	23	510.5	17.0
4/25/24	0	510.5	15.3
4/25/24	1	510.5	14.0
4/25/24	2	510.5	13.0
4/25/24	3	510.5	12.3
4/25/24	4	510.5	12.0
4/25/24	5	510.5	11.3
4/25/24	6	510.5	10.7
4/25/24	7	510.5	9.7
4/25/24	8	497.8	8.3
4/25/24	9	497.8	7.0
4/25/24	10	497.8	6.0
4/25/24	11	497.8	3.7
4/25/24	12	497.8	3.0
4/25/24	13	497.8	3.0
4/25/24	14	497.8	6.0
4/25/24	15	497.8	8.3
4/25/24	16	497.8	10.0
4/25/24	17	497.8	13.3
4/25/24	18	497.8	14.7
4/25/24	19	497.8	15.0
4/25/24	20	497.8	15.7
4/25/24	21	497.8	16.0
4/25/24	22	497.8	16.0
4/25/24	23	497.8	16.0
4/26/24	0	497.8	3.3
4/26/24	1	497.8	3.0
4/26/24	2	497.8	3.0
4/26/24	3	497.8	2.0
4/26/24	4	497.8	2.0
4/26/24	5	497.8	2.0
4/26/24	6	497.8	2.0
4/26/24	7	497.8	2.0
4/26/24	8	490.2	1.7
4/26/24	9	490.2	1.3
4/26/24	10	490.2	2.0
4/26/24	11	490.2	1.3
4/26/24	12	490.2	1.0
4/26/24	13	490.2	1.0
4/26/24	14	487.7	1.7
4/26/24	15	485.1	3.7
4/26/24	16	485.1	5.0
4/26/24	17	485.1	10.7
4/26/24	18	485.1	10.3
4/26/24	19	485.1	10.0
4/26/24	20	485.1	7.7
4/26/24	21	485.1	6.0
4/26/24	22	485.1	2.7
4/26/24	23	485.1	4.0
4/27/24	0	485.1	2.7
4/27/24	1	485.1	2.0
4/27/24	2	485.1	2.0
4/27/24	3	485.1	1.7
4/27/24	4	485.1	1.3
4/27/24	5	485.1	0.7
4/27/24	6	485.1	0.7
4/27/24	7	485.1	1.0
4/27/24	8	477.5	0.0
4/27/24	9	475.0	0.0
4/27/24	10	475.0	0.0
4/27/24	11	475.0	0.0
4/27/24	12	475.0	0.0
4/27/24	13	475.0	0.0
4/27/24	14	472.4	0.0
4/27/24	15	469.9	0.3
4/27/24	16	467.4	1.0
4/27/24	17	467.4	6.3
4/27/24	18	467.4	6.7
4/27/24	19	467.4	5.7
4/27/24	20	467.4	4.3
4/27/24	21	467.4	4.7
4/27/24	22	467.4	1.0
4/27/24	23	467.4	1.0
4/28/24	0	467.4	1.0
4/28/24	1	464.8	0.3
4/28/24	2	464.8	0.0
4/28/24	3	464.8	0.0
4/28/24	4	464.8	0.0
4/28/24	5	464.8	0.0
4/28/24	6	464.8	0.0
4/28/24	7	464.8	0.0
4/28/24	8	454.7	0.0
4/28/24	9	454.7	0.0
4/28/24	10	454.7	0.0
4/28/24	11	454.7	0.0
4/28/24	12	457.2	0.0
4/28/24	13	459.7	0.0
4/28/24	14	462.3	0.3
4/28/24	15	464.8	1.3
4/28/24	16	464.8	2.7
4/28/24	17	464.8	0.0
4/28/24	18	464.8	0.0
4/28/24	19	467.4	0.3
4/28/24	20	467.4	1.0
4/28/24	21	467.4	1.0
4/28/24	22	467.4	1.0
4/28/24	23	469.9	1.0
4/29/24	0	469.9	3.3
4/29/24	1	469.9	4.0
4/29/24	2	469.9	2.7
4/29/24	3	469.9	2.0
4/29/24	4	469.9	2.0
4/29/24	5	469.9	1.0
4/29/24	6	469.9	0.7
4/29/24	7	469.9	0.0
4/29/24	8	469.9	0.0
4/29/24	9	472.4	0.0
4/29/24	10	472.4	0.0
4/29/24	11	472.4	0.0
4/29/24	12	472.4	0.0
4/29/24	13	472.4	0.3
4/29/24	14	472.4	1.7
4/29/24	15	472.4	3.3
4/29/24	16	472.4	6.0
4/29/24	17	472.4	3.7
4/29/24	18	475.0	4.7
4/29/24	19	475.0	6.0
4/29/24	20	477.5	6.7
4/29/24	21	477.5	2.7
4/29/24	22	480.1	1.7
4/29/24	23	480.1	3.0
4/30/24	0	482.6	10.7
4/30/24	1	482.6	10.0
4/30/24	2	482.6	8.0
4/30/24	3	482.6	7.0
4/30/24	4	482.6	6.0
4/30/24	5	482.6	5.7
4/30/24	6	482.6	6.3
4/30/24	7	482.6	5.7
4/30/24	8	482.6	6.3
4/30/24	9	482.6	6.3
4/30/24	10	482.6	7.0
4/30/24	11	485.1	6.0
4/30/24	12	487.7	5.0
4/30/24	13	487.7	5.3
4/30/24	14	490.2	7.0
4/30/24	15	490.2	9.0
4/30/24	16	490.2	10.3
4/30/24	17	490.2	7.0
4/30/24	18	490.2	8.0
4/30/24	19	490.2	9.0
4/30/24	20	490.2	9.7
4/30/24	21	492.8	10.7
4/30/24	22	492.8	10.7
4/30/24	23	492.8	11.0
5/1/24	0	495.3	13.0
5/1/24	1	495.3	12.3
5/1/24	2	497.8	10.7
5/1/24	3	497.8	8.7
5/1/24	4	497.8	7.3
5/1/24	5	497.8	7.0
5/1/24	6	497.8	8.0
5/1/24	7	497.8	7.7
5/1/24	8	497.8	8.0
5/1/24	9	497.8	8.0
5/1/24	10	497.8	7.7
5/1/24	11	497.8	7.0
5/1/24	12	497.8	6.0
5/1/24	13	497.8	5.0
5/1/24	14	497.8	6.3
5/1/24	15	497.8	8.0
5/1/24	16	497.8	10.0
5/1/24	17	497.8	11.3
5/1/24	18	497.8	12.0
5/1/24	19	497.8	13.0
5/1/24	20	497.8	13.0
5/1/24	21	497.8	14.0
5/1/24	22	497.8	14.7
5/1/24	23	497.8	14.0
5/2/24	0	497.8	5.0
5/2/24	1	497.8	4.3
5/2/24	2	497.8	3.0
5/2/24	3	497.8	3.0
5/2/24	4	497.8	3.0
5/2/24	5	497.8	2.7
5/2/24	6	497.8	1.3
5/2/24	7	497.8	0.7
5/2/24	8	497.8	0.3
5/2/24	9	497.8	0.0
5/2/24	10	497.8	0.0
5/2/24	11	497.8	-0.7
5/2/24	12	497.8	-1.0
5/2/24	13	497.8	0.0
5/2/24	14	497.8	1.3
5/2/24	15	497.8	4.3
5/2/24	16	495.3	6.3
5/2/24	17	495.3	11.3
5/2/24	18	495.3	11.0
5/2/24	19	495.3	11.5
5/2/24	20	495.3	11.3
5/2/24	21	495.3	11.7
5/2/24	22	495.3	9.3
5/2/24	23	495.3	6.7
5/3/24	0	495.3	10.0
5/3/24	1	495.3	8.3
5/3/24	2	495.3	7.3
5/3/24	3	495.3	6.3
5/3/24	4	495.3	5.3
5/3/24	5	495.3	4.7
5/3/24	6	495.3	4.0
5/3/24	7	495.3	3.0
5/3/24	8	495.3	2.7
5/3/24	9	495.3	2.3
5/3/24	10	495.3	3.0
5/3/24	11	492.8	4.7
5/3/24	12	490.2	3.7
5/3/24	13	490.2	5.3
5/3/24	14	490.2	6.7
5/3/24	15	487.7	8.7
5/3/24	16	487.7	10.0
5/3/24	17	487.7	7.7
5/3/24	18	487.7	8.0
5/3/24	19	487.7	10.0
5/3/24	20	487.7	10.0
5/3/24	21	487.7	10.0
5/3/24	22	487.7	11.0
5/3/24	23	487.7	10.7
5/4/24	0	487.7	12.0
5/4/24	1	487.7	11.7
5/4/24	2	487.7	10.3
5/4/24	3	487.7	8.3
5/4/24	4	487.7	7.0
5/4/24	5	487.7	5.7
5/4/24	6	487.7	4.0
5/4/24	7	487.7	2.7
5/4/24	8	487.7	2.0
5/4/24	9	485.1	1.3
5/4/24	10	485.1	1.0
5/4/24	11	485.1	1.0
5/4/24	12	485.1	1.7
5/4/24	13	485.1	3.3
5/4/24	14	485.1	5.7
5/4/24	15	485.1	10.0
5/4/24	16	485.1	12.7
5/4/24	17	485.1	12.0
5/4/24	18	485.1	12.0
5/4/24	19	485.1	12.0
5/4/24	20	485.1	12.3
5/4/24	21	485.1	12.3
5/4/24	22	485.1	12.0
5/4/24	23	485.1	12.3
5/5/24	0	485.1	13.0
5/5/24	1	485.1	11.0
5/5/24	2	485.1	10.0
5/5/24	3	485.1	10.0
5/5/24	4	485.1	9.3
5/5/24	5	485.1	9.0
5/5/24	6	485.1	8.7
5/5/24	7	485.1	9.3
5/5/24	8	485.1	8.7
5/5/24	9	485.1	8.0
5/5/24	10	485.1	8.0
5/5/24	11	482.6	7.3
5/5/24	12	482.6	7.0
5/5/24	13	482.6	7.0
5/5/24	14	482.6	8.7
5/5/24	15	482.6	10.0
5/5/24	16	482.6	10.0
5/5/24	17	482.6	13.3
5/5/24	18	482.6	13.7
5/5/24	19	482.6	13.0
5/5/24	20	482.6	12.0
5/5/24	21	482.6	12.0
5/5/24	22	482.6	12.7
5/5/24	23	482.6	13.7
5/6/24	0	482.6	6.3
5/6/24	1	482.6	6.3
5/6/24	2	482.6	6.0
5/6/24	3	482.6	5.3
5/6/24	4	482.6	4.0
5/6/24	5	482.6	3.7
5/6/24	6	482.6	0.7
5/6/24	7	482.6	-0.3
5/6/24	8	480.1	-1.7
5/6/24	9	467.4	-3.0
5/6/24	10	467.4	-3.0
5/6/24	11	467.4	-3.3
5/6/24	12	467.4	-4.0
5/6/24	13	467.4	-3.0
5/6/24	14	467.4	-2.7
5/6/24	15	467.4	-1.0
5/6/24	16	467.4	0.0
5/6/24	17	467.4	10.7
5/6/24	18	467.4	10.7
5/6/24	19	467.4	10.3
5/6/24	20	472.4	11.0
5/6/24	21	475.0	9.7
5/6/24	22	475.0	9.3
5/6/24	23	475.0	8.3
5/7/24	0	475.0	3.0
5/7/24	1	475.0	3.0
5/7/24	2	475.0	2.0
5/7/24	3	475.0	1.3
5/7/24	4	475.0	1.0
5/7/24	5	475.0	0.3
5/7/24	6	472.4	0.0
5/7/24	7	467.4	0.0
5/7/24	8	462.3	0.0
5/7/24	9	459.7	2.0
5/7/24	10	459.7	2.3
5/7/24	11	459.7	2.0
5/7/24	12	459.7	2.0
5/7/24	13	459.7	3.0
5/7/24	14	459.7	4.0
5/7/24	15	459.7	5.3
5/7/24	16	459.7	6.0
5/7/24	17	459.7	0.0
5/7/24	18	459.7	1.0
5/7/24	19	459.7	1.0
5/7/24	20	459.7	2.0
5/7/24	21	459.7	1.7
5/7/24	22	459.7	1.5
5/7/24	23	459.7	2.3
5/8/24	0	459.7	6.3
5/8/24	1	457.2	4.7
5/8/24	2	457.2	2.3
5/8/24	3	457.2	1.0
5/8/24	4	457.2	0.0
5/8/24	5	454.7	0.0
5/8/24	6	454.7	0.0
5/8/24	7	454.7	-1.0
5/8/24	8	454.7	-1.0
5/8/24	9	454.7	-1.0
5/8/24	10	457.2	-1.0
5/8/24	11	457.2	-1.3
5/8/24	12	457.2	-3.7
5/8/24	13	457.2	-3.0
5/8/24	14	457.2	-2.0
5/8/24	15	457.2	-0.3
5/8/24	16	457.2	0.3
5/8/24	17	457.2	6.7
5/8/24	18	457.2	7.3
5/8/24	19	457.2	8.3
5/8/24	20	459.7	8.0
5/8/24	21	459.7	8.0
5/8/24	22	459.7	7.7
5/8/24	23	459.7	7.3
5/9/24	0	459.7	5.3
5/9/24	1	459.7	3.0
5/9/24	2	459.7	1.7
5/9/24	3	459.7	1.0
5/9/24	4	459.7	0.7
5/9/24	5	459.7	0.0
5/9/24	6	459.7	0.0
5/9/24	7	459.7	-0.3
5/9/24	8	459.7	-0.7
5/9/24	9	462.3	-1.0
5/9/24	10	462.3	-1.0
5/9/24	11	462.3	-1.0
5/9/24	12	462.3	-1.0
5/9/24	13	462.3	-0.7
5/9/24	14	462.3	0.3
5/9/24	15	462.3	2.7
5/9/24	16	462.3	5.0
5/9/24	17	462.3	1.7
5/9/24	18	462.3	3.0
5/9/24	19	462.3	4.3
5/9/24	20	462.3	5.7
5/9/24	21	462.3	6.3
5/9/24	22	462.3	6.7
5/9/24	23	462.3	6.7
5/10/24	0	462.3	2.3
5/10/24	1	462.3	2.0
5/10/24	2	462.3	1.3
5/10/24	3	462.3	0.7
5/10/24	4	462.3	0.3
5/10/24	5	462.3	0.0
5/10/24	6	462.3	0.0
5/10/24	7	462.3	0.0
5/10/24	8	462.3	0.0
5/10/24	9	462.3	0.3
5/10/24	10	462.3	1.3
5/10/24	11	462.3	1.3
5/10/24	12	462.3	1.0
5/10/24	13	459.7	0.0
5/10/24	14	459.7	1.3
5/10/24	15	459.7	2.3
5/10/24	16	457.2	2.0
5/10/24	17	457.2	6.3
5/10/24	18	457.2	5.7
5/10/24	19	457.2	5.3
5/10/24	20	457.2	2.7
5/10/24	21	457.2	0.7
5/10/24	22	457.2	1.7
5/10/24	23	457.2	2.3
5/11/24	0	457.2	2.0
5/11/24	1	457.2	2.0
5/11/24	2	457.2	1.7
5/11/24	3	457.2	1.0
5/11/24	4	457.2	1.0
5/11/24	5	457.2	1.3
5/11/24	6	457.2	1.0
5/11/24	7	454.7	1.7
5/11/24	8	452.1	3.0
5/11/24	9	452.1	1.7
5/11/24	10	452.1	1.3
5/11/24	11	452.1	1.0
5/11/24	12	447.0	2.0
5/11/24	13	447.0	2.0
5/11/24	14	447.0	4.0
5/11/24	15	447.0	4.3
5/11/24	16	447.0	3.3
5/11/24	17	447.0	5.7
5/11/24	18	447.0	5.7
5/11/24	19	447.0	3.7
5/11/24	20	447.0	4.3
5/11/24	21	444.5	2.7
5/11/24	22	444.5	3.0
5/11/24	23	442.0	1.3
5/12/24	0	442.0	2.0
5/12/24	1	436.9	1.7
5/12/24	2	436.9	1.0
5/12/24	3	436.9	1.3
5/12/24	4	431.8	0.7
5/12/24	5	431.8	0.7
5/12/24	6	431.8	0.3
5/12/24	7	431.8	0.0
5/12/24	8	431.8	0.3
5/12/24	9	431.8	0.0
5/12/24	10	431.8	0.0
5/12/24	11	431.8	0.0
5/12/24	12	439.4	0.0
5/12/24	13	444.5	0.0
5/12/24	14	447.0	1.0
5/12/24	15	449.6	2.7
5/12/24	16	452.1	5.0
5/12/24	17	452.1	5.0
5/12/24	18	452.1	3.7
5/12/24	19	452.1	2.3
5/12/24	20	452.1	2.0
5/12/24	21	452.1	4.0
5/12/24	22	452.1	5.0
5/12/24	23	452.1	3.3
5/13/24	0	452.1	7.3
5/13/24	1	452.1	5.0
5/13/24	2	454.7	4.3
5/13/24	3	454.7	4.0
5/13/24	4	457.2	3.7
5/13/24	5	459.7	4.7
5/13/24	6	459.7	3.7
5/13/24	7	462.3	3.3
5/13/24	8	464.8	2.7
5/13/24	9	464.8	2.3
5/13/24	10	464.8	2.0
5/13/24	11	467.4	2.0
5/13/24	12	467.4	2.3
5/13/24	13	467.4	3.7
5/13/24	14	467.4	6.3
5/13/24	15	469.9	9.7
5/13/24	16	469.9	12.3
5/13/24	17	469.9	7.3
5/13/24	18	469.9	8.0
5/13/24	19	467.4	9.3
5/13/24	20	467.4	10.0
5/13/24	21	467.4	11.0
5/13/24	22	467.4	11.0
5/13/24	23	469.9	11.0
5/14/24	0	472.4	15.3
5/14/24	1	472.4	13.3
5/14/24	2	472.4	12.0
5/14/24	3	472.4	10.7
5/14/24	4	472.4	9.7
5/14/24	5	472.4	8.0
5/14/24	6	475.0	6.7
5/14/24	7	477.5	6.0
5/14/24	8	477.5	5.7
5/14/24	9	477.5	5.0
5/14/24	10	480.1	5.3
5/14/24	11	480.1	5.0
5/14/24	12	477.5	5.3
5/14/24	13	480.1	7.0
5/14/24	14	480.1	10.0
5/14/24	15	480.1	12.0
5/14/24	16	482.6	13.3
5/14/24	17	482.6	12.3
5/14/24	18	482.6	11.3
5/14/24	19	482.6	12.7
5/14/24	20	482.6	13.3
5/14/24	21	480.1	13.0
5/14/24	22	480.1	14.3
5/14/24	23	480.1	15.0
5/15/24	0	480.1	8.7
5/15/24	1	480.1	6.0
5/15/24	2	480.1	6.0
5/15/24	3	480.1	6.0
5/15/24	4	482.6	5.0
5/15/24	5	482.6	5.3
5/15/24	6	482.6	5.3
5/15/24	7	482.6	6.0
5/15/24	8	482.6	6.0
5/15/24	9	482.6	5.7
5/15/24	10	482.6	5.0
5/15/24	11	482.6	5.0
5/15/24	12	482.6	4.3
5/15/24	13	482.6	6.0
5/15/24	14	482.6	8.7
5/15/24	15	482.6	10.7
5/15/24	16	482.6	11.0
5/15/24	17	482.6	15.0
5/15/24	18	482.6	14.0
5/15/24	19	482.6	12.3
5/15/24	20	482.6	11.3
5/15/24	21	482.6	10.0
5/15/24	22	482.6	9.0
5/15/24	23	482.6	11.0
5/16/24	0	482.6	13.0
5/16/24	1	482.6	11.7
5/16/24	2	482.6	10.3
5/16/24	3	482.6	10.0
5/16/24	4	482.6	8.7
5/16/24	5	482.6	7.0
5/16/24	6	482.6	5.7
5/16/24	7	482.6	5.0
5/16/24	8	482.6	4.7
5/16/24	9	482.6	4.7
5/16/24	10	482.6	5.0
5/16/24	11	482.6	4.7
5/16/24	12	482.6	4.7
5/16/24	13	482.6	6.3
5/16/24	14	480.1	8.7
5/16/24	15	477.5	10.7
5/16/24	16	477.5	12.0
5/16/24	17	477.5	11.0
5/16/24	18	477.5	11.3
5/16/24	19	477.5	12.0
5/16/24	20	477.5	13.0
5/16/24	21	477.5	13.0
5/16/24	22	477.5	14.7
5/16/24	23	477.5	14.0
5/17/24	0	477.5	13.0
5/17/24	1	477.5	12.7
5/17/24	2	477.5	11.0
5/17/24	3	477.5	9.7
5/17/24	4	477.5	7.3
5/17/24	5	477.5	7.0
5/17/24	6	477.5	6.0
5/17/24	7	477.5	5.7
5/17/24	8	475.0	5.0
5/17/24	9	475.0	4.7
5/17/24	10	475.0	3.3
5/17/24	11	475.0	3.3
5/17/24	12	475.0	3.7
5/17/24	13	475.0	6.7
5/17/24	14	475.0	10.0
5/17/24	15	475.0	13.0
5/17/24	16	475.0	14.7
5/17/24	17	472.4	13.7
5/17/24	18	472.4	14.3
5/17/24	19	472.4	13.3
5/17/24	20	472.4	11.7
5/17/24	21	472.4	12.3
5/17/24	22	472.4	14.0
5/17/24	23	472.4	14.7
5/18/24	0	472.4	17.0
5/18/24	1	472.4	16.7
5/18/24	2	472.4	15.3
5/18/24	3	472.4	12.3
5/18/24	4	472.4	10.7
5/18/24	5	472.4	9.7
5/18/24	6	472.4	8.7
5/18/24	7	472.4	8.0
5/18/24	8	469.9	7.7
5/18/24	9	469.9	7.0
5/18/24	10	469.9	7.0
5/18/24	11	469.9	7.3
5/18/24	12	469.9	7.3
5/18/24	13	469.9	8.0
5/18/24	14	467.4	11.0
5/18/24	15	464.8	13.7
5/18/24	16	462.3	15.0
5/18/24	17	462.3	15.3
5/18/24	18	462.3	16.0
5/18/24	19	462.3	16.0
5/18/24	20	462.3	17.0
5/18/24	21	462.3	17.3
5/18/24	22	462.3	17.7
5/18/24	23	462.3	17.0
5/19/24	0	462.3	16.7
5/19/24	1	462.3	16.0
5/19/24	2	462.3	13.7
5/19/24	3	462.3	12.7
5/19/24	4	462.3	13.0
5/19/24	5	462.3	11.3
5/19/24	6	462.3	10.3
5/19/24	7	462.3	9.5
5/19/24	8	459.7	8.7
5/19/24	9	459.7	9.0
5/19/24	10	459.7	10.0
5/19/24	11	459.7	9.7
5/19/24	12	459.7	8.7
5/19/24	13	459.7	10.0
5/19/24	14	459.7	11.3
5/19/24	15	457.2	12.3
5/19/24	16	457.2	14.7
5/19/24	17	457.2	16.3
5/19/24	18	457.2	16.7
5/19/24	19	457.2	15.7
5/19/24	20	457.2	16.3
5/19/24	21	457.2	17.0
5/19/24	22	457.2	17.0
5/19/24	23	457.2	17.3
5/20/24	0	457.2	16.0
5/20/24	1	457.2	15.7
5/20/24	2	457.2	14.3
5/20/24	3	457.2	12.3
5/20/24	4	457.2	10.7
5/20/24	5	457.2	9.3
5/20/24	6	457.2	9.0
5/20/24	7	457.2	8.7
5/20/24	8	426.7	9.3
5/20/24	9	426.7	9.0
5/20/24	10	426.7	8.0
5/20/24	11	426.7	7.3
5/20/24	12	424.2	6.3
5/20/24	13	424.2	8.3
5/20/24	14	424.2	11.7
5/20/24	15	424.2	13.0
5/20/24	16	421.6	13.3
5/20/24	17	421.6	14.7
5/20/24	18	421.6	15.3
5/20/24	19	421.6	16.0
5/20/24	20	421.6	16.7
5/20/24	21	421.6	16.7
5/20/24	22	421.6	17.0
5/20/24	23	421.6	16.7
5/21/24	0	419.1	12.0
5/21/24	1	419.1	10.7
5/21/24	2	419.1	7.3
5/21/24	3	419.1	6.7
5/21/24	4	419.1	5.3
5/21/24	5	419.1	5.0
5/21/24	6	419.1	6.0
5/21/24	7	403.9	6.0
5/21/24	8	403.9	4.3
5/21/24	9	403.9	5.0
5/21/24	10	403.9	3.7
5/21/24	11	403.9	1.7
5/21/24	12	403.9	1.0
5/21/24	13	403.9	1.3
5/21/24	14	393.7	4.0
5/21/24	15	391.2	5.3
5/21/24	16	391.2	5.0
5/21/24	17	391.2	14.3
5/21/24	18	391.2	14.7
5/21/24	19	391.2	15.7
5/21/24	20	391.2	16.7
5/21/24	21	391.2	15.7
5/21/24	22	391.2	14.0
5/21/24	23	391.2	13.0
5/22/24	0	391.2	6.0
5/22/24	1	391.2	5.7
5/22/24	2	391.2	4.0
5/22/24	3	391.2	2.7
5/22/24	4	391.2	1.0
5/22/24	5	391.2	0.3
5/22/24	6	391.2	0.0
5/22/24	7	391.2	0.0
5/22/24	8	381.0	-0.7
5/22/24	9	378.5	-1.0
5/22/24	10	375.9	-1.3
5/22/24	11	378.5	-1.3
5/22/24	12	375.9	-1.0
5/22/24	13	373.4	1.0
5/22/24	14	370.8	5.0
5/22/24	15	370.8	8.3
5/22/24	16	365.8	11.3
5/22/24	17	365.8	5.0
5/22/24	18	365.8	3.7
5/22/24	19	365.8	3.3
5/22/24	20	365.8	4.7
5/22/24	21	365.8	6.7
5/22/24	22	365.8	4.3
5/22/24	23	365.8	5.7
5/23/24	0	365.8	13.7
5/23/24	1	365.8	13.0
5/23/24	2	365.8	12.0
5/23/24	3	365.8	10.7
5/23/24	4	365.8	9.3
5/23/24	5	365.8	8.0
5/23/24	6	365.8	7.7
5/23/24	7	363.2	7.0
5/23/24	8	355.6	8.3
5/23/24	9	355.6	9.7
5/23/24	10	355.6	7.0
5/23/24	11	355.6	5.3
5/23/24	12	353.1	4.3
5/23/24	13	353.1	7.0
5/23/24	14	350.5	10.3
5/23/24	15	348.0	11.7
5/23/24	16	348.0	12.7
5/23/24	17	345.4	11.7
5/23/24	18	345.4	12.0
5/23/24	19	345.4	13.0
5/23/24	20	345.4	13.0
5/23/24	21	345.4	13.7
5/23/24	22	345.4	14.3
5/23/24	23	345.4	14.3
5/24/24	0	345.4	13.0
5/24/24	1	345.4	11.0
5/24/24	2	345.4	9.0
5/24/24	3	345.4	8.0
5/24/24	4	345.4	7.7
5/24/24	5	345.4	7.0
5/24/24	6	350.5	6.3
5/24/24	7	348.0	6.3
5/24/24	8	348.0	6.0
5/24/24	9	350.5	5.3
5/24/24	10	350.5	3.7
5/24/24	11	350.5	3.0
5/24/24	12	350.5	2.3
5/24/24	13	350.5	5.3
5/24/24	14	353.1	8.3
5/24/24	15	353.1	10.0
5/24/24	16	353.1	11.7
5/24/24	17	353.1	12.7
5/24/24	18	353.1	13.0
5/24/24	19	353.1	14.0
5/24/24	20	355.6	14.3
5/24/24	21	360.7	15.0
5/24/24	22	365.8	15.0
5/24/24	23	370.8	14.0
5/25/24	0	375.9	13.7
5/25/24	1	381.0	13.0
5/25/24	2	383.5	12.3
5/25/24	3	386.1	11.7
5/25/24	4	388.6	11.7
5/25/24	5	391.2	12.0
5/25/24	6	391.2	12.0
5/25/24	7	386.1	11.7
5/25/24	8	378.5	10.7
5/25/24	9	353.1	9.7
5/25/24	10	348.0	8.3
5/25/24	11	332.7	8.0
5/25/24	12	322.6	8.0
5/25/24	13	330.2	8.3
5/25/24	14	340.4	8.7
5/25/24	15	340.4	9.7
5/25/24	16	340.4	10.0
5/25/24	17	340.4	11.7
5/25/24	18	340.4	12.0
5/25/24	19	340.4	13.0
5/25/24	20	345.4	13.3
5/25/24	21	355.6	14.7
5/25/24	22	365.8	14.7
5/25/24	23	378.5	14.7
5/26/24	0	386.1	12.7
5/26/24	1	391.2	7.0
5/26/24	2	396.2	4.7
5/26/24	3	398.8	3.0
5/26/24	4	403.9	3.3
5/26/24	5	401.3	3.0
5/26/24	6	391.2	3.0
5/26/24	7	368.3	2.3
5/26/24	8	320.0	2.0
5/26/24	9	307.3	1.3
5/26/24	10	322.6	1.3
5/26/24	11	327.7	1.0
5/26/24	12	330.2	1.0
5/26/24	13	330.2	2.0
5/26/24	14	327.7	4.0
5/26/24	15	325.1	7.3
5/26/24	16	322.6	8.7
5/26/24	17	322.6	10.0
5/26/24	18	320.0	11.0
5/26/24	19	320.0	10.3
5/26/24	20	320.0	11.3
5/26/24	21	320.0	12.0
5/26/24	22	320.0	13.0
5/26/24	23	320.0	12.7
5/27/24	0	322.6	13.3
5/27/24	1	330.2	12.7
5/27/24	2	335.3	11.3
5/27/24	3	340.4	10.0
5/27/24	4	353.1	7.3
5/27/24	5	360.7	6.7
5/27/24	6	365.8	5.7
5/27/24	7	355.6	4.7
5/27/24	8	320.0	5.0
5/27/24	9	307.3	4.3
5/27/24	10	312.4	3.7
5/27/24	11	315.0	3.3
5/27/24	12	315.0	3.7
5/27/24	13	312.4	6.7
5/27/24	14	309.9	10.0
5/27/24	15	304.8	12.7
5/27/24	16	302.3	14.7
5/27/24	17	302.3	10.3
5/27/24	18	299.7	11.0
5/27/24	19	299.7	11.7
5/27/24	20	299.7	12.7
5/27/24	21	299.7	13.0
5/27/24	22	299.7	13.7
5/27/24	23	299.7	14.0
5/28/24	0	302.3	14.3
5/28/24	1	307.3	13.0
5/28/24	2	312.4	12.3
5/28/24	3	317.5	11.0
5/28/24	4	320.0	9.3
5/28/24	5	320.0	8.0
5/28/24	6	294.6	7.3
5/28/24	7	284.5	7.0
5/28/24	8	292.1	6.3
5/28/24	9	294.6	6.3
5/28/24	10	297.2	6.0
5/28/24	11	297.2	6.0
5/28/24	12	294.6	6.3
5/28/24	13	294.6	9.7
5/28/24	14	292.1	13.3
5/28/24	15	292.1	16.7
5/28/24	16	289.6	17.7
5/28/24	17	289.6	15.0
5/28/24	18	289.6	16.7
5/28/24	19	289.6	16.3
5/28/24	20	292.1	17.0
5/28/24	21	289.6	16.7
5/28/24	22	292.1	16.7
5/28/24	23	289.6	16.0
5/29/24	0	289.6	20.3
5/29/24	1	289.6	19.7
5/29/24	2	289.6	17.0
5/29/24	3	292.1	14.3
5/29/24	4	294.6	11.7
5/29/24	5	294.6	10.7
5/29/24	6	292.1	9.3
5/29/24	7	289.6	8.7
5/29/24	8	289.6	8.0
5/29/24	9	289.6	7.3
5/29/24	10	292.1	7.0
5/29/24	11	289.6	7.7
5/29/24	12	289.6	7.3
5/29/24	13	287.0	11.0
5/29/24	14	281.9	14.0
5/29/24	15	279.4	17.7
5/29/24	16	274.3	18.7
5/29/24	17	274.3	18.3
5/29/24	18	271.8	18.3
5/29/24	19	271.8	19.7
5/29/24	20	274.3	19.7
5/29/24	21	274.3	20.0
5/29/24	22	276.9	20.0
5/29/24	23	279.4	20.3
5/30/24	0	279.4	19.3
5/30/24	1	281.9	18.3
5/30/24	2	281.9	16.7
5/30/24	3	279.4	14.3
5/30/24	4	281.9	11.3
5/30/24	5	279.4	10.3
5/30/24	6	274.3	9.0
5/30/24	7	266.7	8.0
5/30/24	8	256.5	7.0
5/30/24	9	259.1	6.7
5/30/24	10	266.7	6.0
5/30/24	11	266.7	6.0
5/30/24	12	264.2	6.0
5/30/24	13	261.6	9.0
5/30/24	14	259.1	12.0
5/30/24	15	256.5	14.7
5/30/24	16	254.0	16.3
5/30/24	17	251.5	18.0
5/30/24	18	251.5	19.7
5/30/24	19	251.5	19.7
5/30/24	20	251.5	19.0
5/30/24	21	254.0	19.7
5/30/24	22	256.5	19.0
5/30/24	23	259.1	19.3
5/31/24	0	261.6	17.7
5/31/24	1	261.6	17.0
5/31/24	2	264.2	16.0
5/31/24	3	266.7	14.0
5/31/24	4	269.2	11.0
5/31/24	5	266.7	9.7
5/31/24	6	259.1	8.3
5/31/24	7	248.9	7.7
5/31/24	8	231.1	7.0
5/31/24	9	231.1	6.7
5/31/24	10	241.3	6.3
5/31/24	11	243.8	6.0
5/31/24	12	243.8	6.0
5/31/24	13	241.3	8.3
5/31/24	14	241.3	12.0
5/31/24	15	238.8	15.7
5/31/24	16	236.2	16.7
5/31/24	17	233.7	17.3
5/31/24	18	233.7	18.3
5/31/24	19	233.7	18.3
5/31/24	20	233.7	19.0
5/31/24	21	236.2	19.3
5/31/24	22	241.3	19.3
5/31/24	23	246.4	19.0
6/1/24	0	248.9	16.7
6/1/24	1	251.5	16.0
6/1/24	2	254.0	14.7
6/1/24	3	256.5	12.3
6/1/24	4	256.5	10.3
6/1/24	5	251.5	8.7
6/1/24	6	241.3	8.0
6/1/24	7	218.4	7.7
6/1/24	8	198.1	7.0
6/1/24	9	210.8	7.0
6/1/24	10	221.0	6.3
6/1/24	11	223.5	6.7
6/1/24	12	223.5	7.7
6/1/24	13	223.5	10.0
6/1/24	14	218.4	12.7
6/1/24	15	215.9	16.3
6/1/24	16	213.4	19.7
6/1/24	17	210.8	17.0
6/1/24	18	208.3	18.0
6/1/24	19	208.3	18.0
6/1/24	20	210.8	17.3
6/1/24	21	213.4	17.3
6/1/24	22	221.0	17.3
6/1/24	23	226.1	17.7
6/2/24	0	228.6	21.3
6/2/24	1	228.6	20.3
6/2/24	2	228.6	19.0
6/2/24	3	228.6	17.7
6/2/24	4	231.1	15.0
6/2/24	5	228.6	12.3
6/2/24	6	215.9	12.0
6/2/24	7	198.1	10.0
6/2/24	8	177.8	9.7
6/2/24	9	190.5	10.0
6/2/24	10	198.1	10.0
6/2/24	11	200.7	8.0
6/2/24	12	200.7	8.0
6/2/24	13	198.1	11.0
6/2/24	14	195.6	13.7
6/2/24	15	193.0	17.0
6/2/24	16	188.0	18.0
6/2/24	17	185.4	20.0
6/2/24	18	182.9	21.0
6/2/24	19	182.9	21.3
6/2/24	20	182.9	21.0
6/2/24	21	185.4	21.7
6/2/24	22	188.0	22.0
6/2/24	23	193.0	21.7
6/3/24	0	195.6	18.7
6/3/24	1	198.1	18.0
6/3/24	2	198.1	16.3
6/3/24	3	198.1	13.7
6/3/24	4	195.6	12.0
6/3/24	5	193.0	10.7
6/3/24	6	185.4	9.7
6/3/24	7	175.3	8.0
6/3/24	8	165.1	8.0
6/3/24	9	175.3	8.0
6/3/24	10	180.3	8.0
6/3/24	11	180.3	8.3
6/3/24	12	177.8	8.3
6/3/24	13	175.3	11.3
6/3/24	14	172.7	14.3
6/3/24	15	167.6	17.7
6/3/24	16	165.1	18.7
6/3/24	17	165.1	18.7
6/3/24	18	162.6	19.7
6/3/24	19	162.6	20.0
6/3/24	20	162.6	20.0
6/3/24	21	165.1	19.0
6/3/24	22	165.1	19.0
6/3/24	23	167.6	18.7
6/4/24	0	167.6	19.3
6/4/24	1	170.2	18.0
6/4/24	2	170.2	17.7
6/4/24	3	170.2	17.0
6/4/24	4	165.1	14.7
6/4/24	5	162.6	12.7
6/4/24	6	160.0	12.0
6/4/24	7	152.4	10.3
6/4/24	8	157.5	9.3
6/4/24	9	162.6	8.7
6/4/24	10	160.0	8.0
6/4/24	11	160.0	7.7
6/4/24	12	154.9	8.0
6/4/24	13	149.9	8.7
6/4/24	14	142.2	12.3
6/4/24	15	137.2	14.7
6/4/24	16	132.1	16.0
6/4/24	17	132.1	19.7
6/4/24	18	132.1	20.3
6/4/24	19	132.1	20.7
6/4/24	20	132.1	20.7
6/4/24	21	132.1	21.0
6/4/24	22	132.1	20.0
6/4/24	23	134.6	20.0
6/5/24	0	134.6	18.3
6/5/24	1	134.6	17.7
6/5/24	2	134.6	16.0
6/5/24	3	137.2	15.0
6/5/24	4	137.2	13.3
6/5/24	5	134.6	11.3
6/5/24	6	134.6	10.3
6/5/24	7	129.5	9.7
6/5/24	8	127.0	8.7
6/5/24	9	132.1	8.0
6/5/24	10	132.1	8.0
6/5/24	11	129.5	7.0
6/5/24	12	124.5	7.3
6/5/24	13	116.8	10.3
6/5/24	14	114.3	14.0
6/5/24	15	111.8	16.7
6/5/24	16	111.8	19.3
6/5/24	17	109.2	17.0
6/5/24	18	109.2	17.3
6/5/24	19	109.2	18.3
6/5/24	20	109.2	19.3
6/5/24	21	109.2	20.3
6/5/24	22	109.2	20.0
6/5/24	23	109.2	19.0
6/6/24	0	109.2	23.7
6/6/24	1	109.2	22.7
6/6/24	2	106.7	19.7
6/6/24	3	109.2	18.0
6/6/24	4	109.2	16.3
6/6/24	5	106.7	14.0
6/6/24	6	106.7	13.0
6/6/24	7	104.1	12.0
6/6/24	8	104.1	11.0
6/6/24	9	109.2	11.0
6/6/24	10	106.7	10.3
6/6/24	11	104.1	10.0
6/6/24	12	101.6	10.3
6/6/24	13	96.5	12.7
6/6/24	14	91.4	16.0
6/6/24	15	86.4	20.0
6/6/24	16	83.8	22.0
6/6/24	17	83.8	21.0
6/6/24	18	83.8	22.3
6/6/24	19	83.8	23.7
6/6/24	20	83.8	24.3
6/6/24	21	83.8	25.0
6/6/24	22	83.8	25.0
6/6/24	23	83.8	24.7
6/7/24	0	83.8	25.0
6/7/24	1	83.8	24.0
6/7/24	2	83.8	22.7
6/7/24	3	83.8	19.3
6/7/24	4	83.8	16.7
6/7/24	5	83.8	15.7
6/7/24	6	83.8	14.3
6/7/24	7	81.3	13.0
6/7/24	8	81.3	12.7
6/7/24	9	81.3	12.0
6/7/24	10	76.2	12.0
6/7/24	11	73.7	11.3
6/7/24	12	68.6	12.0
6/7/24	13	61.0	15.3
6/7/24	14	53.3	18.3
6/7/24	15	45.7	22.0
6/7/24	16	43.2	24.3
6/7/24	17	40.6	23.0
6/7/24	18	40.6	24.7
6/7/24	19	40.6	25.7
6/7/24	20	40.6	26.0
6/7/24	21	40.6	26.7
6/7/24	22	40.6	26.3
6/7/24	23	40.6	26.0
6/8/24	0	40.6	21.0
6/8/24	1	40.6	20.0
6/8/24	2	40.6	18.0
6/8/24	3	40.6	16.7
6/8/24	4	40.6	15.3
6/8/24	5	40.6	14.7
6/8/24	6	40.6	15.3
6/8/24	7	40.6	16.3
6/8/24	8	40.6	16.7
6/8/24	9	40.6	16.0
6/8/24	10	38.1	16.0
6/8/24	11	33.0	14.3
6/8/24	12	27.9	14.0
6/8/24	13	20.3	16.3
6/8/24	14	12.7	18.0
6/8/24	15	7.6	20.7
6/8/24	16	2.5	22.3
6/8/24	17	2.5	24.0
6/8/24	18	2.5	23.3
6/8/24	19	5.1	24.3
6/8/24	20	5.1	26.0
6/8/24	21	5.1	25.7
6/8/24	22	5.1	24.3
6/8/24	23	5.1	23.3
6/9/24	0	0.0	22.3
6/9/24	1	0.0	21.7
6/9/24	2	0.0	20.7
6/9/24	3	0.0	17.3
6/9/24	4	0.0	16.0
6/9/24	5	0.0	14.0
6/9/24	6	0.0	13.0
6/9/24	7	0.0	12.0
6/9/24	8	0.0	12.0
6/9/24	9	0.0	11.7
6/9/24	10	0.0	11.7
6/9/24	11	0.0	11.0
6/9/24	12	0.0	11.7
6/9/24	13	0.0	14.7
6/9/24	14	0.0	17.3
6/9/24	15	0.0	21.0
6/9/24	16	0.0	22.7
6/9/24	17	0.0	22.7
6/9/24	18	0.0	23.0
6/9/24	19	0.0	23.7
6/9/24	20	0.0	24.7
6/9/24	21	0.0	24.7
6/9/24	22	0.0	24.0
6/9/24	23	0.0	22.7
6/10/24	0	0.0	22.0
6/10/24	1	0.0	21.3
6/10/24	2	0.0	20.3
6/10/24	3	0.0	19.0
6/10/24	4	0.0	18.0
6/10/24	5	0.0	17.0
6/10/24	6	0.0	17.0
6/10/24	7	0.0	15.7
6/10/24	8	0.0	15.7
6/10/24	9	0.0	15.0
6/10/24	10	0.0	14.7
6/10/24	11	0.0	14.3
6/10/24	12	0.0	14.0
6/10/24	13	0.0	14.0
6/10/24	14	0.0	15.0
6/10/24	15	0.0	16.7
6/10/24	16	0.0	18.0
6/10/24	17	0.0	22.0
6/10/24	18	0.0	21.0
6/10/24	19	0.0	21.3
6/10/24	20	0.0	21.0
6/10/24	21	0.0	20.7
6/10/24	22	0.0	21.3
6/10/24	23	0.0	22.7
6/11/24	0	0.0	15.7
6/11/24	1	0.0	15.3
6/11/24	2	0.0	14.7
6/11/24	3	0.0	13.7
6/11/24	4	0.0	12.3
6/11/24	5	0.0	12.3
6/11/24	6	0.0	12.0
6/11/24	7	0.0	12.0
6/11/24	8	0.0	11.3
6/11/24	9	0.0	11.0
6/11/24	10	0.0	11.0
6/11/24	11	0.0	10.3
6/11/24	12	0.0	10.3
6/11/24	13	0.0	12.7
6/11/24	14	0.0	15.0
6/11/24	15	0.0	18.0
6/11/24	16	0.0	20.5
6/11/24	17	0.0	18.0
6/11/24	18	0.0	18.7
6/11/24	19	0.0	19.0
6/11/24	20	0.0	20.0
6/11/24	21	0.0	20.3
6/11/24	22	0.0	19.0
6/11/24	23	0.0	15.0
6/12/24	0	0.0	20.7
6/12/24	1	0.0	20.7
6/12/24	2	0.0	18.3
6/12/24	3	0.0	16.7
6/12/24	4	0.0	15.0
6/12/24	5	0.0	13.7
6/12/24	6	0.0	13.0
6/12/24	7	0.0	12.3
6/12/24	8	0.0	12.0
6/12/24	9	0.0	11.7
6/12/24	10	0.0	11.0
6/12/24	11	0.0	10.7
6/12/24	12	0.0	11.0
6/12/24	13	0.0	13.7
6/12/24	14	0.0	17.0
6/12/24	15	0.0	20.3
6/12/24	16	0.0	22.7
6/12/24	17	0.0	21.0
6/12/24	18	0.0	22.0
6/12/24	19	0.0	22.7
6/12/24	20	0.0	23.0
6/12/24	21	0.0	23.0
6/12/24	22	0.0	24.0
6/12/24	23	0.0	21.7
6/13/24	0	0.0	25.3
6/13/24	1	0.0	24.7
6/13/24	2	0.0	22.7
6/13/24	3	0.0	20.0
6/13/24	4	0.0	17.3
6/13/24	5	0.0	16.0
6/13/24	6	0.0	15.0
6/13/24	7	0.0	14.3
6/13/24	8	0.0	13.0
6/13/24	9	0.0	13.0
6/13/24	10	0.0	13.0
6/13/24	11	0.0	12.7
6/13/24	12	0.0	13.0
6/13/24	13	0.0	15.3
6/13/24	14	0.0	18.0
6/13/24	15	0.0	21.7
6/13/24	16	0.0	23.3
6/13/24	17	0.0	24.0
6/13/24	18	0.0	25.0
6/13/24	19	0.0	24.7
6/13/24	20	0.0	25.0
6/13/24	21	0.0	26.0
6/13/24	22	0.0	25.3
6/13/24	23	0.0	25.3
6/14/24	0	0.0	23.0
6/14/24	1	0.0	20.3
6/14/24	2	0.0	19.3
6/14/24	3	0.0	18.0
6/14/24	4	0.0	17.3
6/14/24	5	0.0	17.3
6/14/24	6	0.0	16.3
6/14/24	7	0.0	15.3
6/14/24	8	0.0	15.0
6/14/24	9	0.0	14.3
6/14/24	10	0.0	13.3
6/14/24	11	0.0	13.0
6/14/24	12	0.0	11.0
6/14/24	13	0.0	8.7
6/14/24	14	0.0	9.7
6/14/24	15	0.0	11.7
6/14/24	16	0.0	13.0
6/14/24	17	0.0	24.3
6/14/24	18	0.0	25.3
6/14/24	19	0.0	25.7
6/14/24	20	0.0	25.0
6/14/24	21	0.0	25.3
6/14/24	22	0.0	25.7
6/14/24	23	0.0	25.3
6/15/24	0	0.0	12.3
6/15/24	1	0.0	13.0
6/15/24	2	0.0	11.7
6/15/24	3	0.0	11.0
6/15/24	4	0.0	10.0
6/15/24	5	0.0	9.0
6/15/24	6	0.0	8.0
6/15/24	7	0.0	7.7
6/15/24	8	0.0	7.0
6/15/24	9	0.0	7.0
6/15/24	10	0.0	7.0
6/15/24	11	0.0	7.0
6/15/24	12	0.0	7.3
6/15/24	13	0.0	10.3
6/15/24	14	0.0	13.7
6/15/24	15	0.0	17.0
6/15/24	16	0.0	19.7
6/15/24	17	0.0	15.7
6/15/24	18	0.0	17.0
6/15/24	19	0.0	17.7
6/15/24	20	0.0	17.0
6/15/24	21	0.0	13.0
6/15/24	22	0.0	11.3
6/15/24	23	0.0	11.7
6/16/24	0	0.0	21.7
6/16/24	1	0.0	21.0
6/16/24	2	0.0	19.3
6/16/24	3	0.0	16.7
6/16/24	4	0.0	15.3
6/16/24	5	0.0	14.0
6/16/24	6	0.0	13.0
6/16/24	7	0.0	12.7
6/16/24	8	0.0	12.0
6/16/24	9	0.0	12.0
6/16/24	10	0.0	12.7
6/16/24	11	0.0	13.0
6/16/24	12	0.0	12.3
6/16/24	13	0.0	13.3
6/16/24	14	0.0	16.3
6/16/24	15	0.0	20.3
6/16/24	16	0.0	21.7
6/16/24	17	0.0	20.3
6/16/24	18	0.0	21.3
6/16/24	19	0.0	21.7
6/16/24	20	0.0	21.3
6/16/24	21	0.0	22.7
6/16/24	22	0.0	22.7
6/16/24	23	0.0	22.0
6/17/24	0	0.0	23.0
6/17/24	1	0.0	22.3
6/17/24	2	0.0	21.3
6/17/24	3	0.0	19.3
6/17/24	4	0.0	17.0
6/17/24	5	0.0	15.3
6/17/24	6	0.0	15.7
6/17/24	7	0.0	16.0
6/17/24	8	0.0	16.3
6/17/24	9	0.0	13.7
6/17/24	10	0.0	13.0
6/17/24	11	0.0	11.3
6/17/24	12	0.0	10.7
6/17/24	13	0.0	13.0
6/17/24	14	0.0	17.0
6/17/24	15	0.0	18.3
6/17/24	16	0.0	19.3
6/17/24	17	0.0	22.3
6/17/24	18	0.0	23.0
6/17/24	19	0.0	23.3
6/17/24	20	0.0	23.3
6/17/24	21	0.0	24.0
6/17/24	22	0.0	23.7
6/17/24	23	0.0	23.0
6/18/24	0	0.0	22.0
6/18/24	1	0.0	21.3
6/18/24	2	0.0	20.3
6/18/24	3	0.0	19.7
6/18/24	4	0.0	19.0
6/18/24	5	0.0	18.0
6/18/24	6	0.0	17.5
6/18/24	7	0.0	17.0
6/18/24	8	0.0	15.7
6/18/24	9	0.0	13.3
6/18/24	10	0.0	10.7
6/18/24	11	0.0	9.7
6/18/24	12	0.0	8.7
6/18/24	13	0.0	9.0
6/18/24	14	0.0	10.0
6/18/24	15	0.0	11.7
6/18/24	16	0.0	14.7
6/18/24	17	0.0	20.7
6/18/24	18	0.0	21.0
6/18/24	19	0.0	22.0
6/18/24	20	0.0	22.0
6/18/24	21	0.0	22.0
6/18/24	22	0.0	22.0
6/18/24	23	0.0	22.3
6/19/24	0	0.0	18.7
6/19/24	1	0.0	17.3
6/19/24	2	0.0	15.7
6/19/24	3	0.0	13.3
6/19/24	4	0.0	12.7
6/19/24	5	0.0	11.3
6/19/24	6	0.0	11.0
6/19/24	7	0.0	11.0
6/19/24	8	0.0	10.3
6/19/24	9	0.0	11.0
6/19/24	10	0.0	11.0
6/19/24	11	0.0	10.7
6/19/24	12	0.0	11.3
6/19/24	13	0.0	14.7
6/19/24	14	0.0	16.3
6/19/24	15	0.0	17.7
6/19/24	16	0.0	18.7
6/19/24	17	0.0	17.0
6/19/24	18	0.0	18.7
6/19/24	19	0.0	18.3
6/19/24	20	0.0	19.7
6/19/24	21	0.0	20.0
6/19/24	22	0.0	20.0
6/19/24	23	0.0	20.0
6/20/24	0	0.0	21.7
6/20/24	1	0.0	21.3
6/20/24	2	0.0	20.3
6/20/24	3	0.0	19.0
6/20/24	4	0.0	18.0
6/20/24	5	0.0	17.0
6/20/24	6	0.0	16.0
6/20/24	7	0.0	16.0
6/20/24	8	0.0	16.0
6/20/24	9	0.0	16.0
6/20/24	10	0.0	15.0
6/20/24	11	0.0	15.0
6/20/24	12	0.0	16.0
6/20/24	13	0.0	16.7
6/20/24	14	0.0	18.0
6/20/24	15	0.0	18.3
6/20/24	16	0.0	18.3
6/20/24	17	0.0	20.0
6/20/24	18	0.0	20.0
6/20/24	19	0.0	21.0
6/20/24	20	0.0	21.0
6/20/24	21	0.0	20.0
6/20/24	22	0.0	20.7
6/20/24	23	0.0	21.0
6/21/24	0	0.0	10.3
6/21/24	1	0.0	9.3
6/21/24	2	0.0	9.0
6/21/24	3	0.0	9.3
6/21/24	4	0.0	8.7
6/21/24	5	0.0	10.0
6/21/24	6	0.0	10.0
6/21/24	7	0.0	10.0
6/21/24	8	0.0	10.0
6/21/24	9	0.0	10.0
6/21/24	10	0.0	10.0
6/21/24	11	0.0	9.7
6/21/24	12	0.0	10.3
6/21/24	13	0.0	13.0
6/21/24	14	0.0	13.0
6/21/24	15	0.0	11.0
6/21/24	16	0.0	11.0
6/21/24	17	0.0	20.3
6/21/24	18	0.0	21.3
6/21/24	19	0.0	21.0
6/21/24	20	0.0	21.7
6/21/24	21	0.0	20.3
6/21/24	22	0.0	16.0
6/21/24	23	0.0	11.3
6/22/24	0	0.0	14.0
6/22/24	1	0.0	12.0
6/22/24	2	0.0	11.0
6/22/24	3	0.0	11.0
6/22/24	4	0.0	11.0
6/22/24	5	0.0	11.0
6/22/24	6	0.0	11.0
6/22/24	7	0.0	11.3
6/22/24	8	0.0	11.3
6/22/24	9	0.0	11.0
6/22/24	10	0.0	11.7
6/22/24	11	0.0	12.0
6/22/24	12	0.0	11.0
6/22/24	13	0.0	13.3
6/22/24	14	0.0	15.7
6/22/24	15	0.0	17.0
6/22/24	16	0.0	18.0
6/22/24	17	0.0	13.3
6/22/24	18	0.0	17.0
6/22/24	19	0.0	16.7
6/22/24	20	0.0	17.3
6/22/24	21	0.0	16.3
6/22/24	22	0.0	17.0
6/22/24	23	0.0	16.3
6/23/24	0	0.0	17.7
6/23/24	1	0.0	17.0
6/23/24	2	0.0	15.3
6/23/24	3	0.0	15.0
6/23/24	4	0.0	14.0
6/23/24	5	0.0	13.0
6/23/24	6	0.0	12.0
6/23/24	7	0.0	12.0
6/23/24	8	0.0	11.0
6/23/24	9	0.0	11.0
6/23/24	10	0.0	10.7
6/23/24	11	0.0	10.7
6/23/24	12	0.0	10.3
6/23/24	13	0.0	13.0
6/23/24	14	0.0	15.7
6/23/24	15	0.0	18.7
6/23/24	16	0.0	20.7
6/23/24	17	0.0	20.3
6/23/24	18	0.0	21.0
6/23/24	19	0.0	21.3
6/23/24	20	0.0	21.0
6/23/24	21	0.0	21.7
6/23/24	22	0.0	22.0
6/23/24	23	0.0	19.3
6/24/24	0	0.0	19.0
6/24/24	1	0.0	19.3
6/24/24	2	0.0	17.3
6/24/24	3	0.0	16.3
6/24/24	4	0.0	15.3
6/24/24	5	0.0	14.0
6/24/24	6	0.0	13.3
6/24/24	7	0.0	13.0
6/24/24	8	0.0	13.0
6/24/24	9	0.0	12.7
6/24/24	10	0.0	12.3
6/24/24	11	0.0	12.0
6/24/24	12	0.0	12.0
6/24/24	13	0.0	14.0
6/24/24	14	0.0	16.3
6/24/24	15	0.0	19.3
6/24/24	16	0.0	21.3
6/24/24	17	0.0	21.7
6/24/24	18	0.0	22.0
6/24/24	19	0.0	22.7
6/24/24	20	0.0	22.7
6/24/24	21	0.0	22.3
6/24/24	22	0.0	21.7
6/24/24	23	0.0	19.3
6/25/24	0	0.0	24.3
6/25/24	1	0.0	23.0
6/25/24	2	0.0	21.7
6/25/24	3	0.0	19.3
6/25/24	4	0.0	17.3
6/25/24	5	0.0	15.7
6/25/24	6	0.0	15.0
6/25/24	7	0.0	14.0
6/25/24	8	0.0	13.0
6/25/24	9	0.0	13.3
6/25/24	10	0.0	12.7
6/25/24	11	0.0	12.3
6/25/24	12	0.0	12.0
6/25/24	13	0.0	15.3
6/25/24	14	0.0	17.3
6/25/24	15	0.0	20.3
6/25/24	16	0.0	22.7
6/25/24	17	0.0	22.0
6/25/24	18	0.0	22.3
6/25/24	19	0.0	23.3
6/25/24	20	0.0	24.0
6/25/24	21	0.0	25.0
6/25/24	22	0.0	25.0
6/25/24	23	0.0	25.0
6/26/24	0	0.0	25.7
6/26/24	1	0.0	24.3
6/26/24	2	0.0	22.3
6/26/24	3	0.0	21.0
6/26/24	4	0.0	18.7
6/26/24	5	0.0	17.7
6/26/24	6	0.0	16.7
6/26/24	7	0.0	16.3
6/26/24	8	0.0	15.7
6/26/24	9	0.0	14.7
6/26/24	10	0.0	14.0
6/26/24	11	0.0	13.0
6/26/24	12	0.0	13.7
6/26/24	13	0.0	15.3
6/26/24	14	0.0	17.0
6/26/24	15	0.0	17.7
6/26/24	16	0.0	18.0
6/26/24	17	0.0	23.7
6/26/24	18	0.0	24.7
6/26/24	19	0.0	25.0
6/26/24	20	0.0	25.3
6/26/24	21	0.0	26.3
6/26/24	22	0.0	25.7
6/26/24	23	0.0	26.0
6/27/24	0	0.0	20.0
6/27/24	1	0.0	19.7
6/27/24	2	0.0	18.0
6/27/24	3	0.0	17.0
6/27/24	4	0.0	15.7
6/27/24	5	0.0	15.0
6/27/24	6	0.0	14.3
6/27/24	7	0.0	14.0
6/27/24	8	0.0	13.7
6/27/24	9	0.0	13.7
6/27/24	10	0.0	13.0
6/27/24	11	0.0	13.3
6/27/24	12	0.0	13.0
6/27/24	13	0.0	12.3
6/27/24	14	0.0	12.3
6/27/24	15	0.0	13.3
6/27/24	16	0.0	16.7
6/27/24	17	0.0	18.3
6/27/24	18	0.0	17.3
6/27/24	19	0.0	17.7
6/27/24	20	0.0	19.0
6/27/24	21	0.0	21.3
6/27/24	22	0.0	21.3
6/27/24	23	0.0	20.7
6/28/24	0	0.0	11.7
6/28/24	1	0.0	11.0
6/28/24	2	0.0	10.0
6/28/24	3	0.0	10.0
6/28/24	4	0.0	9.7
6/28/24	5	0.0	9.3
6/28/24	6	0.0	8.7
6/28/24	7	0.0	9.3
6/28/24	8	0.0	9.0
6/28/24	9	0.0	8.7
6/28/24	10	0.0	8.7
6/28/24	11	0.0	8.7
6/28/24	12	0.0	9.7
6/28/24	13	0.0	10.3
6/28/24	14	0.0	13.0
6/28/24	15	0.0	15.7
6/28/24	16	0.0	17.7
6/28/24	17	0.0	18.7
6/28/24	18	0.0	20.0
6/28/24	19	0.0	20.3
6/28/24	20	0.0	19.0
6/28/24	21	0.0	15.0
6/28/24	22	0.0	15.7
6/28/24	23	0.0	14.3
6/29/24	0	0.0	20.7
6/29/24	1	0.0	19.7
6/29/24	2	0.0	17.7
6/29/24	3	0.0	16.0
6/29/24	4	0.0	14.7
6/29/24	5	0.0	13.3
6/29/24	6	0.0	13.0
6/29/24	7	0.0	13.0
6/29/24	8	0.0	13.0
6/29/24	9	0.0	13.0
6/29/24	10	0.0	12.0
6/29/24	11	0.0	12.0
6/29/24	12	0.0	11.0
6/29/24	13	0.0	13.0
6/29/24	14	0.0	16.0
6/29/24	15	0.0	19.3
6/29/24	16	0.0	21.0
6/29/24	17	0.0	19.7
6/29/24	18	0.0	20.0
6/29/24	19	0.0	20.0
6/29/24	20	0.0	20.7
6/29/24	21	0.0	21.0
6/29/24	22	0.0	21.3
6/29/24	23	0.0	20.0
6/30/24	0	0.0	16.0
6/30/24	1	0.0	15.0
6/30/24	2	0.0	15.3
6/30/24	3	0.0	15.3
6/30/24	4	0.0	15.3
6/30/24	5	0.0	15.7
6/30/24	6	0.0	15.7
6/30/24	7	0.0	15.7
6/30/24	8	0.0	16.3
6/30/24	9	0.0	15.7
6/30/24	10	0.0	15.0
6/30/24	11	0.0	15.0
6/30/24	12	0.0	15.0
6/30/24	13	0.0	16.0
6/30/24	14	0.0	17.3
6/30/24	15	0.0	18.3
6/30/24	16	0.0	19.3
6/30/24	17	0.0	21.7
6/30/24	18	0.0	22.0
6/30/24	19	0.0	22.7
6/30/24	20	0.0	22.0
6/30/24	21	0.0	22.7
6/30/24	22	0.0	21.7
6/30/24	23	0.0	20.7
7/1/24	0	0.0	17.7
7/1/24	1	0.0	18.0
7/1/24	2	0.0	17.7
7/1/24	3	0.0	17.7
7/1/24	4	0.0	16.0
7/1/24	5	0.0	13.7
7/1/24	6	0.0	14.7
7/1/24	7	0.0	13.3
7/1/24	8	0.0	15.3
7/1/24	9	0.0	16.0
7/1/24	10	0.0	15.3
7/1/24	11	0.0	15.0
7/1/24	12	0.0	15.0
7/1/24	13	0.0	13.3
7/1/24	14	0.0	12.3
7/1/24	15	0.0	13.0
7/1/24	16	0.0	15.0
7/1/24	17	0.0	18.3
7/1/24	18	0.0	20.7
7/1/24	19	0.0	21.0
7/1/24	20	0.0	20.3
7/1/24	21	0.0	20.3
7/1/24	22	0.0	20.0
7/1/24	23	0.0	18.3
7/2/24	0	0.0	21.0
7/2/24	1	0.0	20.7
7/2/24	2	0.0	19.0
7/2/24	3	0.0	17.0
7/2/24	4	0.0	16.0
7/2/24	5	0.0	16.3
7/2/24	6	0.0	16.0
7/2/24	7	0.0	14.7
7/2/24	8	0.0	14.3
7/2/24	9	0.0	13.7
7/2/24	10	0.0	13.0
7/2/24	11	0.0	13.0
7/2/24	12	0.0	12.3
7/2/24	13	0.0	13.7
7/2/24	14	0.0	16.0
7/2/24	15	0.0	17.0
7/2/24	16	0.0	17.0
7/2/24	17	0.0	16.0
7/2/24	18	0.0	17.3
7/2/24	19	0.0	18.3
7/2/24	20	0.0	20.0
7/2/24	21	0.0	19.0
7/2/24	22	0.0	20.0
7/2/24	23	0.0	21.0
7/3/24	0	0.0	20.7
7/3/24	1	0.0	20.0
7/3/24	2	0.0	17.3
7/3/24	3	0.0	15.3
7/3/24	4	0.0	13.3
7/3/24	5	0.0	12.0
7/3/24	6	0.0	12.0
7/3/24	7	0.0	11.0
7/3/24	8	0.0	11.0
7/3/24	9	0.0	11.0
7/3/24	10	0.0	10.0
7/3/24	11	0.0	10.3
7/3/24	12	0.0	10.0
7/3/24	13	0.0	12.0
7/3/24	14	0.0	13.7
7/3/24	15	0.0	17.0
7/3/24	16	0.0	19.7
7/3/24	17	0.0	18.3
7/3/24	18	0.0	19.7
7/3/24	19	0.0	20.0
7/3/24	20	0.0	20.7
7/3/24	21	0.0	21.0
7/3/24	22	0.0	21.0
7/3/24	23	0.0	21.0
7/4/24	0	0.0	22.0
7/4/24	1	0.0	22.0
7/4/24	2	0.0	20.3
7/4/24	3	0.0	18.0
7/4/24	4	0.0	15.7
7/4/24	5	0.0	13.7
7/4/24	6	0.0	12.7
7/4/24	7	0.0	11.7
7/4/24	8	0.0	11.0
7/4/24	9	0.0	10.3
7/4/24	10	0.0	9.7
7/4/24	12	0.0	8.0
7/4/24	13	0.0	10.7
7/4/24	14	0.0	13.0
7/4/24	15	0.0	16.3
7/4/24	16	0.0	18.3
7/4/24	17	0.0	21.0
7/4/24	18	0.0	21.3
7/4/24	19	0.0	21.3
7/4/24	20	0.0	22.0
7/4/24	21	0.0	22.0
7/4/24	22	0.0	22.0
7/4/24	23	0.0	22.7
7/5/24	0	0.0	21.3
7/5/24	1	0.0	21.0
7/5/24	2	0.0	18.0
7/5/24	3	0.0	16.7
7/5/24	4	0.0	14.0
7/5/24	5	0.0	12.0
7/5/24	6	0.0	11.0
7/5/24	7	0.0	10.0
7/5/24	8	0.0	9.0
7/5/24	9	0.0	8.3
7/5/24	10	0.0	8.0
7/5/24	11	0.0	7.7
7/5/24	12	0.0	7.0
7/5/24	13	0.0	9.0
7/5/24	14	0.0	12.0
7/5/24	15	0.0	15.3
7/5/24	16	0.0	17.3
7/5/24	17	0.0	19.7
7/5/24	18	0.0	20.0
7/5/24	19	0.0	20.7
7/5/24	20	0.0	21.0
7/5/24	21	0.0	22.0
7/5/24	22	0.0	21.7
7/5/24	23	0.0	22.0
7/6/24	0	0.0	20.0
7/6/24	1	0.0	18.7
7/6/24	2	0.0	17.0
7/6/24	3	0.0	16.0
7/6/24	4	0.0	13.0
7/6/24	5	0.0	11.3
7/6/24	6	0.0	11.0
7/6/24	7	0.0	10.0
7/6/24	8	0.0	10.0
7/6/24	9	0.0	9.3
7/6/24	10	0.0	8.3
7/6/24	11	0.0	8.3
7/6/24	12	0.0	8.0
7/6/24	13	0.0	11.0
7/6/24	14	0.0	13.7
7/6/24	15	0.0	17.7
7/6/24	16	0.0	18.0
7/6/24	17	0.0	18.7
7/6/24	18	0.0	20.0
7/6/24	19	0.0	20.7
7/6/24	20	0.0	21.0
7/6/24	21	0.0	21.7
7/6/24	22	0.0	21.7
7/6/24	23	0.0	21.0
7/7/24	0	0.0	22.0
7/7/24	1	0.0	21.3
7/7/24	2	0.0	20.0
7/7/24	3	0.0	17.0
7/7/24	4	0.0	14.7
7/7/24	5	0.0	12.3
7/7/24	6	0.0	11.7
7/7/24	7	0.0	11.3
7/7/24	8	0.0	11.7
7/7/24	9	0.0	10.7
7/7/24	10	0.0	10.0
7/7/24	11	0.0	9.3
7/7/24	12	0.0	9.0
7/7/24	13	0.0	11.3
7/7/24	14	0.0	14.3
7/7/24	15	0.0	17.7
7/7/24	16	0.0	20.7
7/7/24	17	0.0	19.3
7/7/24	18	0.0	20.0
7/7/24	19	0.0	20.7
7/7/24	20	0.0	21.0
7/7/24	21	0.0	21.3
7/7/24	22	0.0	22.0
7/7/24	23	0.0	22.0
7/8/24	0	0.0	22.0
7/8/24	1	0.0	21.0
7/8/24	2	0.0	18.0
7/8/24	3	0.0	18.0
7/8/24	4	0.0	15.0
7/8/24	5	0.0	12.7
7/8/24	6	0.0	12.0
7/8/24	7	0.0	11.3
7/8/24	8	0.0	10.7
7/8/24	9	0.0	10.0
7/8/24	10	0.0	10.0
7/8/24	11	0.0	10.0
7/8/24	12	0.0	9.0
7/8/24	13	0.0	11.0
7/8/24	14	0.0	14.0
7/8/24	15	0.0	16.7
7/8/24	16	0.0	19.0
7/8/24	17	0.0	21.7
7/8/24	18	0.0	22.0
7/8/24	19	0.0	22.3
7/8/24	20	0.0	23.0
7/8/24	21	0.0	23.0
7/8/24	22	0.0	23.0
7/8/24	23	0.0	22.7
7/9/24	0	0.0	21.0
7/9/24	1	0.0	19.7
7/9/24	2	0.0	17.7
7/9/24	3	0.0	17.0
7/9/24	4	0.0	14.0
7/9/24	5	0.0	12.7
7/9/24	6	0.0	11.3
7/9/24	7	0.0	11.3
7/9/24	8	0.0	10.7
7/9/24	9	0.0	10.7
7/9/24	10	0.0	10.3
7/9/24	11	0.0	9.7
7/9/24	12	0.0	10.0
7/9/24	13	0.0	11.7
7/9/24	14	0.0	14.3
7/9/24	15	0.0	18.0
7/9/24	16	0.0	20.7
7/9/24	17	0.0	20.0
7/9/24	18	0.0	20.3
7/9/24	19	0.0	21.3
7/9/24	20	0.0	21.7
7/9/24	21	0.0	22.0
7/9/24	22	0.0	22.0
7/9/24	23	0.0	22.0
7/10/24	0	0.0	23.0
7/10/24	1	0.0	20.7
7/10/24	2	0.0	19.7
7/10/24	3	0.0	18.7
7/10/24	4	0.0	16.3
7/10/24	5	0.0	15.3
7/10/24	6	0.0	13.3
7/10/24	7	0.0	12.3
7/10/24	8	0.0	12.0
7/10/24	9	0.0	11.7
7/10/24	10	0.0	11.3
7/10/24	11	0.0	11.0
7/10/24	12	0.0	10.7
7/10/24	13	0.0	12.7
7/10/24	14	0.0	15.7
7/10/24	15	0.0	18.3
7/10/24	16	0.0	21.7
7/10/24	17	0.0	21.7
7/10/24	18	0.0	22.0
7/10/24	19	0.0	22.3
7/10/24	20	0.0	23.7
7/10/24	21	0.0	24.0
7/10/24	22	0.0	22.7
7/10/24	23	0.0	23.0
7/11/24	0	0.0	23.3
7/11/24	1	0.0	22.7
7/11/24	2	0.0	21.3
7/11/24	3	0.0	19.0
7/11/24	4	0.0	17.0
7/11/24	5	0.0	15.7
7/11/24	6	0.0	15.0
7/11/24	7	0.0	15.3
7/11/24	8	0.0	15.0
7/11/24	9	0.0	13.7
7/11/24	10	0.0	13.0
7/11/24	11	0.0	12.7
7/11/24	12	0.0	12.0
7/11/24	13	0.0	13.7
7/11/24	14	0.0	16.7
7/11/24	15	0.0	19.7
7/11/24	16	0.0	22.3
7/11/24	17	0.0	22.7
7/11/24	18	0.0	23.0
7/11/24	19	0.0	22.7
7/11/24	20	0.0	25.0
7/11/24	21	0.0	25.0
7/11/24	22	0.0	25.0
7/11/24	23	0.0	24.3
7/12/24	0	0.0	24.7
7/12/24	1	0.0	23.0
7/12/24	2	0.0	22.3
7/12/24	3	0.0	19.3
7/12/24	4	0.0	17.0
7/12/24	5	0.0	16.3
7/12/24	6	0.0	15.0
7/12/24	7	0.0	15.0
7/12/24	8	0.0	14.7
7/12/24	9	0.0	14.0
7/12/24	10	0.0	13.7
7/12/24	11	0.0	14.0
7/12/24	12	0.0	14.0
7/12/24	13	0.0	15.0
7/12/24	14	0.0	18.0
7/12/24	15	0.0	21.0
7/12/24	16	0.0	24.0
7/12/24	17	0.0	23.3
7/12/24	18	0.0	23.3
7/12/24	19	0.0	24.3
7/12/24	20	0.0	25.3
7/12/24	21	0.0	24.7
7/12/24	22	0.0	25.7
7/12/24	23	0.0	25.3
7/13/24	0	0.0	21.7
7/13/24	1	0.0	21.0
7/13/24	2	0.0	19.0
7/13/24	3	0.0	17.3
7/13/24	4	0.0	15.7
7/13/24	5	0.0	15.0
7/13/24	6	0.0	14.7
7/13/24	7	0.0	14.3
7/13/24	8	0.0	13.0
7/13/24	9	0.0	13.0
7/13/24	10	0.0	13.0
7/13/24	11	0.0	13.0
7/13/24	12	0.0	13.0
7/13/24	13	0.0	14.3
7/13/24	14	0.0	17.0
7/13/24	15	0.0	19.7
7/13/24	16	0.0	23.0
7/13/24	17	0.0	25.0
7/13/24	18	0.0	25.7
7/13/24	19	0.0	26.0
7/13/24	20	0.0	28.0
7/13/24	21	0.0	26.3
7/13/24	22	0.0	25.3
7/13/24	23	0.0	24.0
7/14/24	0	0.0	20.7
7/14/24	1	0.0	20.0
7/14/24	2	0.0	18.3
7/14/24	3	0.0	17.3
7/14/24	4	0.0	16.3
7/14/24	5	0.0	16.7
7/14/24	6	0.0	17.3
7/14/24	7	0.0	17.3
7/14/24	8	0.0	17.3
7/14/24	9	2.5	17.0
7/14/24	10	2.5	16.3
7/14/24	11	2.5	15.0
7/14/24	12	0.0	15.0
7/14/24	13	0.0	15.3
7/14/24	14	0.0	17.7
7/14/24	15	0.0	21.3
7/14/24	16	0.0	23.7
7/14/24	17	0.0	25.3
7/14/24	18	0.0	26.3
7/14/24	19	0.0	26.3
7/14/24	20	0.0	22.0
7/14/24	21	0.0	18.7
7/14/24	22	0.0	20.3
7/14/24	23	0.0	20.7
7/15/24	0	0.0	19.0
7/15/24	1	0.0	18.0
7/15/24	2	0.0	18.0
7/15/24	3	0.0	17.3
7/15/24	4	0.0	16.0
7/15/24	5	0.0	16.3
7/15/24	6	0.0	17.0
7/15/24	7	0.0	16.7
7/15/24	8	0.0	16.7
7/15/24	9	0.0	15.7
7/15/24	10	0.0	15.3
7/15/24	11	0.0	14.7
7/15/24	12	0.0	15.0
7/15/24	13	0.0	15.0
7/15/24	14	0.0	17.7
7/15/24	15	0.0	20.7
7/15/24	16	0.0	22.3
7/15/24	17	0.0	25.0
7/15/24	18	0.0	25.3
7/15/24	19	0.0	23.7
7/15/24	20	0.0	22.7
7/15/24	21	0.0	21.3
7/15/24	22	0.0	19.7
7/15/24	23	0.0	20.3
7/16/24	0	0.0	21.0
7/16/24	1	0.0	21.0
7/16/24	2	0.0	19.0
7/16/24	3	0.0	17.7
7/16/24	4	0.0	15.7
7/16/24	5	0.0	14.7
7/16/24	6	0.0	14.0
7/16/24	7	0.0	13.0
7/16/24	8	0.0	13.0
7/16/24	9	0.0	13.0
7/16/24	10	0.0	13.3
7/16/24	11	0.0	13.0
7/16/24	12	0.0	12.7
7/16/24	13	0.0	15.0
7/16/24	14	0.0	16.7
7/16/24	15	0.0	20.0
7/16/24	16	0.0	22.0
7/16/24	17	0.0	24.0
7/16/24	18	0.0	25.0
7/16/24	19	0.0	24.0
7/16/24	20	0.0	23.7
7/16/24	21	0.0	24.7
7/16/24	22	0.0	22.3
7/16/24	23	0.0	21.0
7/17/24	0	0.0	17.7
7/17/24	1	0.0	16.3
7/17/24	2	0.0	14.7
7/17/24	3	0.0	12.7
7/17/24	4	0.0	12.3
7/17/24	5	0.0	11.3
7/17/24	6	0.0	11.0
7/17/24	7	0.0	11.0
7/17/24	8	0.0	11.0
7/17/24	9	0.0	12.0
7/17/24	10	0.0	11.3
7/17/24	11	0.0	11.3
7/17/24	12	0.0	11.0
7/17/24	13	0.0	12.3
7/17/24	14	0.0	15.3
7/17/24	15	0.0	17.3
7/17/24	16	0.0	20.7
7/17/24	17	0.0	23.0
7/17/24	18	0.0	23.7
7/17/24	19	0.0	25.0
7/17/24	20	0.0	24.7
7/17/24	21	0.0	25.3
7/17/24	22	0.0	22.0
7/17/24	23	0.0	14.3
7/18/24	0	0.0	22.0
7/18/24	1	0.0	21.7
7/18/24	2	0.0	19.7
7/18/24	3	0.0	17.7
7/18/24	4	0.0	16.3
7/18/24	5	0.0	16.0
7/18/24	6	0.0	15.0
7/18/24	7	0.0	15.3
7/18/24	8	0.0	16.3
7/18/24	9	0.0	16.0
7/18/24	10	0.0	15.3
7/18/24	11	0.0	14.3
7/18/24	12	0.0	13.0
7/18/24	13	0.0	14.3
7/18/24	14	0.0	16.7
7/18/24	15	2.5	19.0
7/18/24	16	0.0	21.3
7/18/24	17	0.0	22.0
7/18/24	18	0.0	23.0
7/18/24	19	0.0	22.7
7/18/24	20	0.0	24.0
7/18/24	21	0.0	22.0
7/18/24	22	2.5	23.3
7/18/24	23	2.5	23.3
7/19/24	0	2.5	13.7
7/19/24	1	0.0	13.0
7/19/24	2	0.0	12.7
7/19/24	3	0.0	12.0
7/19/24	4	0.0	11.0
7/19/24	5	0.0	11.7
7/19/24	6	0.0	11.0
7/19/24	7	0.0	11.3
7/19/24	8	0.0	11.3
7/19/24	9	0.0	11.0
7/19/24	10	0.0	11.7
7/19/24	11	0.0	11.0
7/19/24	12	0.0	12.3
7/19/24	13	0.0	12.3
7/19/24	14	0.0	14.3
7/19/24	15	0.0	16.0
7/19/24	16	0.0	19.0
7/19/24	17	0.0	22.3
7/19/24	18	0.0	22.0
7/19/24	19	0.0	21.3
7/19/24	20	0.0	21.7
7/19/24	21	0.0	18.3
7/19/24	22	0.0	14.0
7/19/24	23	0.0	12.7
7/20/24	0	0.0	22.0
7/20/24	1	0.0	21.3
7/20/24	2	0.0	19.7
7/20/24	3	0.0	17.7
7/20/24	4	0.0	16.3
7/20/24	5	0.0	15.7
7/20/24	6	0.0	15.0
7/20/24	7	0.0	15.3
7/20/24	8	0.0	15.0
7/20/24	9	0.0	14.3
7/20/24	10	0.0	14.0
7/20/24	11	0.0	14.0
7/20/24	12	0.0	14.0
7/20/24	13	0.0	16.0
7/20/24	14	0.0	17.0
7/20/24	15	0.0	18.7
7/20/24	16	0.0	19.7
7/20/24	17	0.0	20.7
7/20/24	18	0.0	22.0
7/20/24	19	0.0	22.7
7/20/24	20	0.0	22.0
7/20/24	21	0.0	21.3
7/20/24	22	0.0	21.3
7/20/24	23	0.0	22.0
7/21/24	0	0.0	19.3
7/21/24	1	0.0	17.7
7/21/24	2	0.0	16.7
7/21/24	3	0.0	15.3
7/21/24	4	0.0	14.3
7/21/24	5	2.5	14.0
7/21/24	6	2.5	13.7
7/21/24	7	2.5	13.7
7/21/24	8	2.5	12.7
7/21/24	9	2.5	13.3
7/21/24	10	2.5	12.0
7/21/24	11	2.5	12.0
7/21/24	12	2.5	11.0
7/21/24	13	0.0	12.3
7/21/24	14	0.0	14.7
7/21/24	15	2.5	16.3
7/21/24	16	2.5	19.0
7/21/24	17	2.5	20.7
7/21/24	18	2.5	19.7
7/21/24	19	2.5	20.3
7/21/24	20	2.5	19.3
7/21/24	21	2.5	20.0
7/21/24	22	2.5	20.3
7/21/24	23	2.5	21.0
7/22/24	0	2.5	20.3
7/22/24	1	0.0	19.7
7/22/24	2	2.5	18.0
7/22/24	3	2.5	17.3
7/22/24	4	2.5	15.7
7/22/24	5	2.5	13.3
7/22/24	6	2.5	12.0
7/22/24	7	2.5	11.7
7/22/24	8	2.5	11.0
7/22/24	9	2.5	11.0
7/22/24	10	2.5	11.0
7/22/24	11	2.5	10.3
7/22/24	12	0.0	10.0
7/22/24	13	0.0	11.0
7/22/24	14	0.0	12.7
7/22/24	15	0.0	16.0
7/22/24	16	0.0	17.7
7/22/24	17	0.0	19.3
7/22/24	18	0.0	20.3
7/22/24	19	0.0	17.3
7/22/24	20	0.0	17.0
7/22/24	21	0.0	19.3
7/22/24	22	0.0	21.3
7/22/24	23	0.0	22.0
7/23/24	0	0.0	21.0
7/23/24	1	0.0	20.3
7/23/24	2	0.0	17.7
7/23/24	3	0.0	16.0
7/23/24	4	0.0	14.7
7/23/24	5	2.5	13.0
7/23/24	6	2.5	12.0
7/23/24	7	2.5	12.0
7/23/24	8	2.5	11.3
7/23/24	9	2.5	11.0
7/23/24	10	2.5	11.0
7/23/24	11	2.5	11.0
7/23/24	12	0.0	12.3
7/23/24	13	0.0	12.7
7/23/24	14	0.0	14.3
7/23/24	15	0.0	16.7
7/23/24	16	0.0	19.3
7/23/24	17	0.0	19.3
7/23/24	18	0.0	19.3
7/23/24	19	0.0	20.0
7/23/24	20	0.0	21.0
7/23/24	21	0.0	21.0
7/23/24	22	0.0	22.0
7/23/24	23	0.0	21.7
7/24/24	0	0.0	22.7
7/24/24	1	0.0	21.3
7/24/24	2	2.5	20.0
7/24/24	3	2.5	17.0
7/24/24	4	2.5	15.7
7/24/24	5	2.5	14.7
7/24/24	6	2.5	13.3
7/24/24	7	2.5	14.0
7/24/24	8	2.5	13.7
7/24/24	9	2.5	15.0
7/24/24	10	2.5	14.7
7/24/24	11	2.5	13.0
7/24/24	12	2.5	13.0
7/24/24	13	2.5	13.7
7/24/24	14	0.0	16.0
7/24/24	15	0.0	18.7
7/24/24	16	0.0	21.3
7/24/24	17	0.0	20.3
7/24/24	18	0.0	21.7
7/24/24	19	0.0	22.3
7/24/24	20	0.0	23.3
7/24/24	21	0.0	23.0
7/24/24	22	0.0	24.0
7/24/24	23	0.0	23.0
7/25/24	0	0.0	25.0
7/25/24	1	0.0	22.7
7/25/24	2	0.0	21.7
7/25/24	3	0.0	20.7
7/25/24	4	0.0	20.0
7/25/24	5	0.0	19.0
7/25/24	6	0.0	17.3
7/25/24	7	2.5	17.0
7/25/24	8	2.5	16.0
7/25/24	9	2.5	16.0
7/25/24	10	2.5	15.3
7/25/24	11	2.5	15.0
7/25/24	12	0.0	15.0
7/25/24	13	0.0	15.7
7/25/24	14	0.0	17.3
7/25/24	15	0.0	20.7
7/25/24	16	0.0	22.7
7/25/24	17	0.0	24.0
7/25/24	18	0.0	24.7
7/25/24	19	0.0	25.3
7/25/24	20	0.0	25.0
7/25/24	21	0.0	26.0
7/25/24	22	0.0	25.7
7/25/24	23	0.0	25.3
7/26/24	0	0.0	21.3
7/26/24	1	0.0	20.0
7/26/24	2	0.0	18.7
7/26/24	3	0.0	18.0
7/26/24	4	0.0	17.7
7/26/24	5	0.0	17.7
7/26/24	6	0.0	17.0
7/26/24	7	0.0	16.0
7/26/24	8	2.5	15.3
7/26/24	9	2.5	15.3
7/26/24	10	2.5	14.7
7/26/24	11	2.5	13.7
7/26/24	12	0.0	13.7
7/26/24	13	0.0	14.0
7/26/24	14	0.0	15.0
7/26/24	15	0.0	15.0
7/26/24	16	0.0	13.3
7/26/24	17	0.0	24.7
7/26/24	18	0.0	26.0
7/26/24	19	0.0	26.0
7/26/24	20	0.0	23.3
7/26/24	21	0.0	24.0
7/26/24	22	0.0	25.3
7/26/24	23	0.0	25.3
7/27/24	0	0.0	22.7
7/27/24	1	0.0	21.7
7/27/24	2	0.0	20.3
7/27/24	3	0.0	18.0
7/27/24	4	0.0	17.0
7/27/24	5	0.0	16.3
7/27/24	6	0.0	15.0
7/27/24	7	0.0	15.0
7/27/24	8	2.5	14.7
7/27/24	9	2.5	14.7
7/27/24	10	0.0	13.7
7/27/24	11	0.0	15.7
7/27/24	12	0.0	15.0
7/27/24	13	2.5	14.3
7/27/24	14	2.5	14.7
7/27/24	15	2.5	16.7
7/27/24	16	0.0	20.3
7/27/24	17	0.0	15.5
7/27/24	18	0.0	20.3
7/27/24	19	0.0	22.3
7/27/24	20	0.0	23.3
7/27/24	21	0.0	24.7
7/27/24	22	0.0	24.0
7/27/24	23	0.0	23.0
7/28/24	0	0.0	23.0
7/28/24	1	0.0	23.0
7/28/24	2	0.0	22.0
7/28/24	3	0.0	21.0
7/28/24	4	0.0	18.7
7/28/24	5	0.0	17.0
7/28/24	6	0.0	16.7
7/28/24	7	0.0	16.3
7/28/24	8	0.0	15.3
7/28/24	9	0.0	13.0
7/28/24	10	0.0	12.3
7/28/24	11	0.0	12.0
7/28/24	12	0.0	11.0
7/28/24	13	0.0	12.3
7/28/24	14	2.5	14.7
7/28/24	15	2.5	18.7
7/28/24	16	0.0	20.3
7/28/24	17	0.0	21.3
7/28/24	18	0.0	22.3
7/28/24	19	0.0	23.3
7/28/24	20	0.0	23.0
7/28/24	21	0.0	24.3
7/28/24	22	0.0	25.0
7/28/24	23	0.0	24.3
7/29/24	0	0.0	23.0
7/29/24	1	0.0	22.3
7/29/24	2	0.0	21.0
7/29/24	3	0.0	18.7
7/29/24	4	0.0	16.7
7/29/24	5	0.0	15.3
7/29/24	6	0.0	14.7
7/29/24	7	0.0	13.7
7/29/24	8	0.0	13.0
7/29/24	9	0.0	12.7
7/29/24	10	0.0	12.3
7/29/24	11	0.0	12.0
7/29/24	12	0.0	12.0
7/29/24	13	2.5	13.0
7/29/24	14	0.0	15.3
7/29/24	15	0.0	19.0
7/29/24	16	0.0	21.7
7/29/24	17	0.0	21.3
7/29/24	18	0.0	22.0
7/29/24	19	0.0	23.0
7/29/24	20	0.0	23.0
7/29/24	21	0.0	23.3
7/29/24	22	0.0	23.3
7/29/24	23	0.0	23.0
7/30/24	0	0.0	23.3
7/30/24	1	0.0	22.7
7/30/24	2	0.0	21.0
7/30/24	3	0.0	18.3
7/30/24	4	0.0	16.0
7/30/24	5	0.0	15.0
7/30/24	6	0.0	14.3
7/30/24	7	0.0	13.7
7/30/24	8	0.0	13.0
7/30/24	9	0.0	12.7
7/30/24	10	0.0	12.0
7/30/24	11	0.0	12.0
7/30/24	12	0.0	12.0
7/30/24	13	0.0	13.3
7/30/24	14	0.0	15.7
7/30/24	15	0.0	19.3
7/30/24	16	0.0	22.3
7/30/24	17	0.0	22.3
7/30/24	18	0.0	22.0
7/30/24	19	0.0	22.0
7/30/24	20	0.0	22.3
7/30/24	21	0.0	24.0
7/30/24	22	0.0	24.3
7/30/24	23	0.0	25.0
7/31/24	0	0.0	24.7
7/31/24	1	0.0	23.0
7/31/24	2	0.0	21.0
7/31/24	3	0.0	19.7
7/31/24	4	0.0	17.0
7/31/24	5	0.0	16.0
7/31/24	6	0.0	14.7
7/31/24	7	0.0	13.7
7/31/24	8	0.0	13.0
7/31/24	9	0.0	13.0
7/31/24	10	0.0	12.0
7/31/24	11	2.5	11.3
7/31/24	12	2.5	11.0
7/31/24	13	2.5	12.3
7/31/24	14	2.5	15.7
7/31/24	15	2.5	19.0
7/31/24	16	0.0	22.3
7/31/24	17	0.0	22.7
7/31/24	18	0.0	24.0
7/31/24	19	0.0	25.0
7/31/24	20	0.0	25.0
7/31/24	21	0.0	25.3
7/31/24	22	0.0	24.7
7/31/24	23	0.0	24.3
8/1/24	0	0.0	26.0
8/1/24	1	0.0	25.0
8/1/24	2	0.0	22.3
8/1/24	3	0.0	20.0
8/1/24	4	0.0	17.3
8/1/24	5	0.0	16.3
8/1/24	6	0.0	15.0
8/1/24	7	0.0	14.3
8/1/24	8	0.0	13.3
8/1/24	9	0.0	13.0
8/1/24	10	0.0	13.0
8/1/24	11	0.0	13.0
8/1/24	12	0.0	13.0
8/1/24	13	0.0	13.7
8/1/24	14	2.5	16.3
8/1/24	15	0.0	19.7
8/1/24	16	0.0	22.7
8/1/24	17	0.0	24.3
8/1/24	18	0.0	24.3
8/1/24	19	0.0	25.7
8/1/24	20	0.0	26.0
8/1/24	21	0.0	26.0
8/1/24	22	0.0	26.0
8/1/24	23	0.0	26.3
8/2/24	0	0.0	26.7
8/2/24	1	0.0	24.7
8/2/24	2	0.0	23.3
8/2/24	3	0.0	22.3
8/2/24	4	0.0	21.3
8/2/24	5	0.0	20.3
8/2/24	6	0.0	19.7
8/2/24	7	0.0	18.3
8/2/24	8	0.0	18.3
8/2/24	9	2.5	17.3
8/2/24	10	2.5	18.0
8/2/24	11	2.5	16.7
8/2/24	12	2.5	16.3
8/2/24	13	2.5	16.7
8/2/24	14	2.5	17.7
8/2/24	15	0.0	20.0
8/2/24	16	0.0	22.7
8/2/24	17	0.0	25.3
8/2/24	18	0.0	27.0
8/2/24	19	0.0	27.3
8/2/24	20	0.0	27.3
8/2/24	21	0.0	27.7
8/2/24	22	0.0	27.3
8/2/24	23	0.0	27.3
8/3/24	0	0.0	21.0
8/3/24	1	0.0	20.0
8/3/24	2	0.0	18.3
8/3/24	3	0.0	17.0
8/3/24	4	0.0	16.0
8/3/24	5	0.0	15.0
8/3/24	6	0.0	15.3
8/3/24	7	2.5	15.3
8/3/24	8	2.5	15.0
8/3/24	9	2.5	15.0
8/3/24	10	2.5	13.7
8/3/24	11	2.5	13.3
8/3/24	12	2.5	12.7
8/3/24	13	2.5	13.3
8/3/24	14	2.5	16.0
8/3/24	15	0.0	19.0
8/3/24	16	0.0	22.0
8/3/24	17	0.0	24.7
8/3/24	18	0.0	25.7
8/3/24	19	0.0	26.3
8/3/24	20	0.0	25.0
8/3/24	21	0.0	22.3
8/3/24	22	0.0	21.7
8/3/24	23	0.0	20.7
8/4/24	0	0.0	21.3
8/4/24	1	0.0	21.0
8/4/24	2	0.0	20.0
8/4/24	3	0.0	20.0
8/4/24	4	0.0	19.3
8/4/24	5	0.0	19.3
8/4/24	6	0.0	20.0
8/4/24	7	2.5	18.3
8/4/24	8	2.5	17.3
8/4/24	9	2.5	16.7
8/4/24	10	2.5	16.3
8/4/24	11	2.5	15.0
8/4/24	12	2.5	14.7
8/4/24	13	2.5	14.7
8/4/24	14	2.5	17.0
8/4/24	15	0.0	19.0
8/4/24	16	0.0	22.0
8/4/24	17	0.0	24.3
8/4/24	18	0.0	26.0
8/4/24	19	0.0	27.0
8/4/24	20	0.0	27.0
8/4/24	21	0.0	27.7
8/4/24	22	0.0	26.3
8/4/24	23	0.0	21.7
8/5/24	0	0.0	22.0
8/5/24	1	0.0	21.7
8/5/24	2	0.0	20.3
8/5/24	3	0.0	17.7
8/5/24	4	0.0	16.7
8/5/24	5	0.0	15.7
8/5/24	6	0.0	15.0
8/5/24	7	0.0	14.7
8/5/24	8	2.5	14.0
8/5/24	9	2.5	13.3
8/5/24	10	2.5	13.0
8/5/24	11	2.5	12.7
8/5/24	12	2.5	13.0
8/5/24	13	2.5	14.0
8/5/24	14	2.5	17.0
8/5/24	15	2.5	19.7
8/5/24	16	0.0	23.0
8/5/24	17	0.0	24.0
8/5/24	18	0.0	24.0
8/5/24	19	0.0	23.7
8/5/24	20	0.0	22.7
8/5/24	21	0.0	21.3
8/5/24	22	0.0	20.0
8/5/24	23	0.0	21.7
8/6/24	0	0.0	20.0
8/6/24	1	0.0	17.7
8/6/24	2	0.0	17.3
8/6/24	3	0.0	16.7
8/6/24	4	0.0	15.0
8/6/24	5	0.0	15.0
8/6/24	6	2.5	15.0
8/6/24	7	2.5	15.0
8/6/24	8	2.5	15.0
8/6/24	9	2.5	15.7
8/6/24	10	2.5	16.7
8/6/24	11	2.5	16.7
8/6/24	12	2.5	16.0
8/6/24	13	2.5	15.3
8/6/24	14	2.5	17.3
8/6/24	15	0.0	20.3
8/6/24	16	0.0	22.7
8/6/24	17	0.0	25.0
8/6/24	18	0.0	25.0
8/6/24	19	0.0	21.3
8/6/24	20	0.0	23.0
8/6/24	21	0.0	23.3
8/6/24	22	0.0	22.0
8/6/24	23	0.0	21.0
8/7/24	0	0.0	20.0
8/7/24	1	0.0	20.0
8/7/24	2	0.0	19.0
8/7/24	3	0.0	18.0
8/7/24	4	0.0	17.0
8/7/24	5	0.0	16.7
8/7/24	6	0.0	16.0
8/7/24	7	0.0	16.0
8/7/24	8	2.5	15.3
8/7/24	9	2.5	15.0
8/7/24	10	2.5	13.3
8/7/24	11	2.5	12.7
8/7/24	12	2.5	12.0
8/7/24	13	2.5	12.7
8/7/24	14	0.0	15.7
8/7/24	15	0.0	17.0
8/7/24	16	0.0	19.0
8/7/24	17	0.0	24.3
8/7/24	18	0.0	23.5
8/7/24	19	0.0	22.7
8/7/24	20	0.0	21.3
8/7/24	21	0.0	19.0
8/7/24	22	0.0	19.7
8/7/24	23	0.0	20.3
8/8/24	0	0.0	20.0
8/8/24	1	0.0	18.3
8/8/24	2	0.0	18.7
8/8/24	3	0.0	19.0
8/8/24	4	0.0	17.7
8/8/24	5	0.0	16.7
8/8/24	6	0.0	15.7
8/8/24	7	2.5	15.0
8/8/24	8	0.0	14.3
8/8/24	9	2.5	13.0
8/8/24	10	2.5	12.0
8/8/24	11	2.5	12.3
8/8/24	12	2.5	12.0
8/8/24	13	2.5	12.3
8/8/24	14	2.5	15.7
8/8/24	15	2.5	18.7
8/8/24	16	0.0	21.3
8/8/24	17	0.0	21.7
8/8/24	18	0.0	23.0
8/8/24	19	0.0	22.3
8/8/24	20	0.0	24.0
8/8/24	21	0.0	24.7
8/8/24	22	0.0	24.3
8/8/24	23	0.0	22.3
8/9/24	0	0.0	16.3
8/9/24	1	0.0	16.7
8/9/24	2	0.0	16.0
8/9/24	3	0.0	15.7
8/9/24	4	0.0	15.0
8/9/24	5	0.0	15.0
8/9/24	6	0.0	14.3
8/9/24	7	0.0	15.0
8/9/24	8	0.0	14.0
8/9/24	9	0.0	13.7
8/9/24	10	2.5	13.0
8/9/24	11	2.5	13.3
8/9/24	12	2.5	13.7
8/9/24	13	2.5	13.7
8/9/24	14	2.5	14.7
8/9/24	15	0.0	15.3
8/9/24	16	0.0	16.7
8/9/24	17	0.0	23.7
8/9/24	18	0.0	25.0
8/9/24	19	0.0	25.3
8/9/24	20	0.0	24.0
8/9/24	21	0.0	20.5
8/9/24	22	0.0	16.3
8/9/24	23	0.0	16.0
8/10/24	0	0.0	17.0
8/10/24	1	0.0	16.3
8/10/24	2	0.0	14.7
8/10/24	3	0.0	13.3
8/10/24	4	0.0	11.3
8/10/24	5	0.0	11.0
8/10/24	6	0.0	12.0
8/10/24	7	0.0	12.0
8/10/24	8	0.0	11.0
8/10/24	9	0.0	11.0
8/10/24	10	0.0	11.0
8/10/24	11	2.5	11.0
8/10/24	12	2.5	11.0
8/10/24	13	0.0	11.7
8/10/24	14	0.0	13.0
8/10/24	15	0.0	16.3
8/10/24	16	0.0	17.3
8/10/24	17	0.0	18.7
8/10/24	18	0.0	19.7
8/10/24	19	0.0	18.7
8/10/24	20	0.0	16.3
8/10/24	21	0.0	17.0
8/10/24	22	0.0	16.0
8/10/24	23	0.0	16.0
8/11/24	0	2.5	20.3
8/11/24	1	2.5	19.3
8/11/24	2	2.5	17.7
8/11/24	3	0.0	17.0
8/11/24	4	2.5	12.7
8/11/24	5	0.0	12.0
8/11/24	6	2.5	12.7
8/11/24	7	2.5	12.0
8/11/24	8	2.5	12.0
8/11/24	9	2.5	12.0
8/11/24	10	2.5	12.0
8/11/24	11	2.5	12.0
8/11/24	12	2.5	11.7
8/11/24	13	2.5	12.7
8/11/24	14	2.5	13.0
8/11/24	15	2.5	13.3
8/11/24	16	2.5	13.3
8/11/24	17	2.5	17.3
8/11/24	18	0.0	15.0
8/11/24	19	0.0	16.0
8/11/24	20	0.0	19.0
8/11/24	21	0.0	19.7
8/11/24	22	0.0	20.7
8/11/24	23	0.0	20.3
8/12/24	0	0.0	21.3
8/12/24	1	0.0	19.7
8/12/24	2	0.0	18.3
8/12/24	3	2.5	17.3
8/12/24	4	2.5	12.3
8/12/24	5	0.0	10.7
8/12/24	6	2.5	11.0
8/12/24	7	2.5	10.7
8/12/24	8	2.5	10.7
8/12/24	9	2.5	10.7
8/12/24	10	2.5	11.3
8/12/24	11	2.5	12.7
8/12/24	12	2.5	12.0
8/12/24	13	2.5	11.7
8/12/24	14	2.5	13.3
8/12/24	15	2.5	15.5
8/12/24	16	0.0	16.3
8/12/24	17	0.0	14.3
8/12/24	18	0.0	17.0
8/12/24	19	0.0	19.7
8/12/24	20	0.0	20.7
8/12/24	21	0.0	21.7
8/12/24	22	0.0	22.0
8/12/24	23	0.0	22.0
8/13/24	0	0.0	19.3
8/13/24	1	0.0	18.5
8/13/24	2	0.0	16.3
8/13/24	3	0.0	15.0
8/13/24	4	0.0	15.3
8/13/24	5	0.0	15.0
8/13/24	6	0.0	14.3
8/13/24	7	0.0	13.0
8/13/24	8	0.0	12.7
8/13/24	9	0.0	11.3
8/13/24	10	0.0	11.0
8/13/24	11	0.0	11.7
8/13/24	12	0.0	12.0
8/13/24	13	0.0	12.0
8/13/24	14	0.0	14.0
8/13/24	15	0.0	17.7
8/13/24	16	0.0	18.0
8/13/24	17	0.0	18.0
8/13/24	18	0.0	19.3
8/13/24	19	0.0	17.0
8/13/24	20	0.0	16.7
8/13/24	21	0.0	17.0
8/13/24	22	0.0	19.0
8/13/24	23	0.0	20.0
8/14/24	0	0.0	14.0
8/14/24	1	0.0	13.7
8/14/24	2	0.0	12.0
8/14/24	3	0.0	10.0
8/14/24	4	0.0	10.0
8/14/24	5	0.0	10.0
8/14/24	6	0.0	10.3
8/14/24	7	0.0	10.0
8/14/24	8	0.0	10.0
8/14/24	9	0.0	9.7
8/14/24	10	0.0	9.3
8/14/24	11	0.0	9.0
8/14/24	12	0.0	9.0
8/14/24	13	0.0	9.7
8/14/24	14	0.0	11.3
8/14/24	15	0.0	13.3
8/14/24	16	0.0	17.0
8/14/24	17	0.0	18.3
8/14/24	18	0.0	18.0
8/14/24	19	0.0	13.0
8/14/24	20	0.0	12.0
8/14/24	21	0.0	12.0
8/14/24	22	0.0	12.7
8/14/24	23	0.0	13.0
8/15/24	0	0.0	20.0
8/15/24	1	0.0	18.7
8/15/24	2	0.0	17.3
8/15/24	3	0.0	15.3
8/15/24	4	0.0	12.7
8/15/24	5	0.0	11.7
8/15/24	6	0.0	11.3
8/15/24	7	0.0	11.0
8/15/24	8	0.0	10.0
8/15/24	9	0.0	10.0
8/15/24	10	0.0	9.7
8/15/24	11	0.0	9.3
8/15/24	12	0.0	9.7
8/15/24	13	0.0	11.0
8/15/24	14	0.0	13.3
8/15/24	15	0.0	15.0
8/15/24	16	0.0	19.0
8/15/24	17	0.0	17.3
8/15/24	18	0.0	19.3
8/15/24	19	0.0	19.3
8/15/24	20	0.0	19.0
8/15/24	21	0.0	20.0
8/15/24	22	0.0	20.3
8/15/24	23	0.0	20.0
8/16/24	0	0.0	22.3
8/16/24	1	0.0	21.3
8/16/24	2	0.0	19.7
8/16/24	3	0.0	17.7
8/16/24	4	0.0	16.3
8/16/24	5	0.0	15.0
8/16/24	6	0.0	14.0
8/16/24	7	0.0	13.7
8/16/24	8	0.0	13.0
8/16/24	9	0.0	13.0
8/16/24	10	0.0	12.3
8/16/24	11	0.0	12.0
8/16/24	12	2.5	12.0
8/16/24	13	0.0	13.0
8/16/24	14	0.0	15.0
8/16/24	15	0.0	18.3
8/16/24	16	0.0	21.0
8/16/24	17	0.0	19.7
8/16/24	18	0.0	20.7
8/16/24	19	0.0	22.0
8/16/24	20	0.0	21.7
8/16/24	21	0.0	22.7
8/16/24	22	0.0	23.0
8/16/24	23	0.0	23.0
8/17/24	0	0.0	23.3
8/17/24	1	0.0	22.3
8/17/24	2	0.0	20.0
8/17/24	3	0.0	17.7
8/17/24	4	0.0	15.7
8/17/24	5	0.0	14.7
8/17/24	6	0.0	13.7
8/17/24	7	0.0	12.7
8/17/24	8	0.0	12.0
8/17/24	9	0.0	12.0
8/17/24	10	0.0	12.0
8/17/24	11	0.0	12.3
8/17/24	12	0.0	12.3
8/17/24	13	0.0	13.0
8/17/24	14	0.0	16.0
8/17/24	15	0.0	19.7
8/17/24	16	0.0	22.3
8/17/24	17	0.0	22.3
8/17/24	18	0.0	23.0
8/17/24	19	0.0	23.7
8/17/24	20	0.0	24.3
8/17/24	21	0.0	25.0
8/17/24	22	0.0	25.0
8/17/24	23	0.0	24.7
8/18/24	0	0.0	17.3
8/18/24	1	0.0	16.7
8/18/24	2	0.0	15.3
8/18/24	3	0.0	16.7
8/18/24	4	0.0	14.0
8/18/24	5	0.0	12.0
8/18/24	6	0.0	11.7
8/18/24	7	0.0	11.0
8/18/24	8	0.0	11.0
8/18/24	9	0.0	11.0
8/18/24	10	0.0	11.0
8/18/24	11	0.0	11.0
8/18/24	12	0.0	12.0
8/18/24	13	0.0	12.0
8/18/24	14	0.0	14.0
8/18/24	15	0.0	15.3
8/18/24	16	0.0	17.7
8/18/24	17	0.0	23.3
8/18/24	18	0.0	22.3
8/18/24	19	0.0	22.3
8/18/24	20	0.0	21.3
8/18/24	21	0.0	18.0
8/18/24	22	0.0	15.3
8/18/24	23	0.0	16.0
8/19/24	0	0.0	16.3
8/19/24	1	0.0	16.7
8/19/24	2	0.0	15.0
8/19/24	3	0.0	14.0
8/19/24	4	0.0	13.0
8/19/24	5	0.0	13.0
8/19/24	6	0.0	13.0
8/19/24	7	0.0	13.0
8/19/24	8	0.0	13.7
8/19/24	9	0.0	14.3
8/19/24	10	0.0	15.0
8/19/24	11	0.0	14.7
8/19/24	12	0.0	14.7
8/19/24	13	0.0	15.0
8/19/24	14	0.0	17.0
8/19/24	15	0.0	18.7
8/19/24	16	0.0	20.3
8/19/24	17	0.0	20.0
8/19/24	18	0.0	20.3
8/19/24	19	0.0	15.3
8/19/24	20	0.0	14.0
8/19/24	21	0.0	16.3
8/19/24	22	0.0	16.0
8/19/24	23	0.0	16.0
8/20/24	0	0.0	14.0
8/20/24	1	0.0	14.0
8/20/24	2	0.0	13.7
8/20/24	3	0.0	12.7
8/20/24	4	0.0	13.0
8/20/24	5	0.0	12.0
8/20/24	6	0.0	12.0
8/20/24	7	0.0	12.0
8/20/24	8	0.0	12.0
8/20/24	9	0.0	11.3
8/20/24	10	0.0	11.0
8/20/24	11	0.0	11.7
8/20/24	12	0.0	11.3
8/20/24	13	0.0	12.0
8/20/24	14	0.0	15.0
8/20/24	15	0.0	17.7
8/20/24	16	0.0	21.0
8/20/24	17	0.0	21.3
8/20/24	18	0.0	21.3
8/20/24	19	0.0	22.3
8/20/24	20	0.0	19.0
8/20/24	21	0.0	18.7
8/20/24	22	0.0	18.0
8/20/24	23	0.0	15.7
8/21/24	0	0.0	22.0
8/21/24	1	0.0	21.0
8/21/24	2	0.0	18.7
8/21/24	3	0.0	17.3
8/21/24	4	0.0	16.7
8/21/24	5	0.0	16.0
8/21/24	6	0.0	15.3
8/21/24	7	0.0	16.3
8/21/24	8	0.0	16.7
8/21/24	9	0.0	14.0
8/21/24	10	0.0	15.0
8/21/24	11	0.0	15.3
8/21/24	12	0.0	14.7
8/21/24	13	0.0	15.0
8/21/24	14	0.0	15.0
8/21/24	15	0.0	16.0
8/21/24	16	0.0	17.3
8/21/24	17	0.0	22.3
8/21/24	18	0.0	22.0
8/21/24	19	0.0	23.0
8/21/24	20	0.0	22.7
8/21/24	21	0.0	23.0
8/21/24	22	0.0	24.0
8/21/24	23	0.0	22.7
8/22/24	0	0.0	20.7
8/22/24	1	0.0	17.7
8/22/24	2	0.0	15.7
8/22/24	3	0.0	12.3
8/22/24	4	0.0	11.3
8/22/24	5	0.0	11.3
8/22/24	6	0.0	11.3
8/22/24	7	0.0	11.0
8/22/24	8	0.0	11.0
8/22/24	9	0.0	11.3
8/22/24	10	0.0	11.7
8/22/24	11	0.0	11.0
8/22/24	12	0.0	12.0
8/22/24	13	0.0	12.0
8/22/24	14	0.0	12.3
8/22/24	15	0.0	14.7
8/22/24	16	0.0	16.3
8/22/24	17	0.0	17.0
8/22/24	18	0.0	20.0
8/22/24	19	0.0	21.0
8/22/24	20	0.0	20.7
8/22/24	21	0.0	20.3
8/22/24	22	0.0	21.3
8/22/24	23	0.0	21.0
8/23/24	0	0.0	17.0
8/23/24	1	0.0	16.0
8/23/24	2	0.0	15.0
8/23/24	3	0.0	13.7
8/23/24	4	0.0	13.0
8/23/24	5	0.0	13.7
8/23/24	6	0.0	15.0
8/23/24	7	0.0	13.7
8/23/24	8	0.0	14.0
8/23/24	9	0.0	14.3
8/23/24	10	0.0	13.7
8/23/24	11	0.0	13.3
8/23/24	12	0.0	14.3
8/23/24	13	0.0	14.0
8/23/24	14	0.0	14.0
8/23/24	15	0.0	14.3
8/23/24	16	0.0	15.7
8/23/24	17	0.0	16.3
8/23/24	18	0.0	16.7
8/23/24	19	0.0	15.3
8/23/24	20	0.0	13.3
8/23/24	21	0.0	14.3
8/23/24	22	0.0	15.5
8/23/24	23	0.0	17.0
8/24/24	0	0.0	11.7
8/24/24	1	0.0	12.0
8/24/24	2	0.0	11.7
8/24/24	3	0.0	12.3
8/24/24	4	2.5	12.0
8/24/24	5	0.0	11.0
8/24/24	6	0.0	11.3
8/24/24	7	0.0	12.0
8/24/24	8	0.0	12.0
8/24/24	9	0.0	12.7
8/24/24	10	0.0	12.3
8/24/24	11	0.0	11.7
8/24/24	12	0.0	11.7
8/24/24	13	0.0	12.3
8/24/24	14	0.0	14.0
8/24/24	15	0.0	14.7
8/24/24	16	0.0	15.7
8/24/24	17	0.0	16.3
8/24/24	18	0.0	18.3
8/24/24	19	0.0	18.7
8/24/24	20	0.0	18.0
8/24/24	21	0.0	19.7
8/24/24	22	0.0	19.0
8/24/24	23	0.0	14.0
8/25/24	0	0.0	16.0
8/25/24	1	0.0	15.7
8/25/24	2	0.0	12.3
8/25/24	3	0.0	11.3
8/25/24	4	0.0	10.0
8/25/24	5	0.0	10.7
8/25/24	6	0.0	11.7
8/25/24	7	0.0	11.3
8/25/24	8	0.0	11.3
8/25/24	9	0.0	11.3
8/25/24	10	0.0	11.0
8/25/24	11	0.0	11.7
8/25/24	12	0.0	10.7
8/25/24	13	0.0	10.7
8/25/24	14	0.0	13.0
8/25/24	15	0.0	15.7
8/25/24	16	0.0	15.0
8/25/24	17	0.0	15.0
8/25/24	18	0.0	15.0
8/25/24	19	0.0	16.0
8/25/24	20	0.0	16.0
8/25/24	21	0.0	16.0
8/25/24	22	0.0	16.0
8/25/24	23	0.0	16.5
8/26/24	0	0.0	10.3
8/26/24	1	0.0	8.7
8/26/24	2	0.0	8.0
8/26/24	3	0.0	9.3
8/26/24	4	0.0	10.7
8/26/24	5	0.0	10.3
8/26/24	6	0.0	11.0
8/26/24	7	0.0	9.7
8/26/24	8	0.0	10.0
8/26/24	9	0.0	9.3
8/26/24	10	0.0	9.3
8/26/24	11	0.0	10.7
8/26/24	12	0.0	10.7
8/26/24	13	0.0	10.7
8/26/24	14	0.0	11.7
8/26/24	15	0.0	13.0
8/26/24	16	0.0	16.0
8/26/24	17	0.0	15.7
8/26/24	18	0.0	16.3
8/26/24	19	0.0	16.3
8/26/24	20	0.0	14.3
8/26/24	21	0.0	11.0
8/26/24	22	0.0	10.3
8/26/24	23	0.0	10.3
8/27/24	0	0.0	19.0
8/27/24	1	0.0	17.3
8/27/24	2	0.0	15.0
8/27/24	3	0.0	12.7
8/27/24	4	0.0	12.0
8/27/24	18	0.0	16.7
8/27/24	19	0.0	17.3
8/27/24	20	0.0	18.7
8/27/24	21	0.0	20.0
8/27/24	22	0.0	20.0
8/27/24	23	0.0	18.7
8/28/24	0	0.0	19.7
8/28/24	1	0.0	20.3
8/28/24	2	0.0	19.0
8/28/24	3	0.0	15.0
8/28/24	4	0.0	13.7
8/28/24	5	0.0	12.7
8/28/24	6	0.0	12.0
8/28/24	7	0.0	11.0
8/28/24	8	0.0	11.0
8/28/24	9	0.0	10.3
8/28/24	10	0.0	10.0
8/28/24	11	0.0	10.0
8/28/24	12	0.0	10.0
8/28/24	13	0.0	9.7
8/28/24	14	0.0	9.7
8/28/24	15	0.0	12.0
8/28/24	16	0.0	13.7
8/28/24	17	0.0	17.0
8/28/24	18	0.0	20.0
8/28/24	19	0.0	19.7
8/28/24	20	0.0	21.0
8/28/24	21	0.0	20.3
8/28/24	22	0.0	21.0
8/28/24	23	0.0	21.0
8/29/24	0	0.0	19.7
8/29/24	1	0.0	17.7
8/29/24	2	0.0	15.7
8/29/24	3	0.0	15.0
8/29/24	4	0.0	14.0
8/29/24	5	0.0	14.3
8/29/24	6	0.0	13.7
8/29/24	7	0.0	12.3
8/29/24	8	0.0	11.0
8/29/24	9	0.0	10.7
8/29/24	10	0.0	10.0
8/29/24	11	0.0	9.3
8/29/24	12	0.0	9.0
8/29/24	13	0.0	9.3
8/29/24	14	0.0	11.7
8/29/24	15	0.0	14.7
8/29/24	16	0.0	17.0
8/29/24	17	0.0	19.3
8/29/24	18	0.0	20.0
8/29/24	19	0.0	20.7
8/29/24	20	0.0	21.0
8/29/24	21	0.0	20.0
8/29/24	22	0.0	20.0
8/29/24	23	0.0	20.0
8/30/24	0	0.0	18.7
8/30/24	1	0.0	17.7
8/30/24	2	0.0	15.3
8/30/24	3	0.0	13.3
8/30/24	4	0.0	12.0
8/30/24	5	0.0	11.3
8/30/24	6	0.0	11.0
8/30/24	7	0.0	10.3
8/30/24	8	0.0	10.0
8/30/24	9	0.0	9.7
8/30/24	10	0.0	8.3
8/30/24	11	0.0	8.3
8/30/24	12	0.0	8.0
8/30/24	13	0.0	9.0
8/30/24	14	0.0	12.0
8/30/24	15	0.0	15.0
8/30/24	16	0.0	18.0
8/30/24	17	0.0	18.3
8/30/24	18	0.0	20.0
8/30/24	19	0.0	21.0
8/30/24	20	0.0	21.0
8/30/24	21	0.0	20.3
8/30/24	22	0.0	19.7
8/30/24	23	0.0	19.5
8/31/24	0	0.0	21.0
8/31/24	1	0.0	17.7
8/31/24	2	0.0	17.0
8/31/24	3	0.0	15.0
8/31/24	4	0.0	13.0
8/31/24	5	0.0	12.0
8/31/24	6	0.0	11.0
8/31/24	7	0.0	11.0
8/31/24	8	0.0	11.0
8/31/24	9	0.0	11.0
8/31/24	10	0.0	11.0
8/31/24	11	0.0	10.3
8/31/24	12	0.0	9.3
8/31/24	13	0.0	9.3
8/31/24	14	0.0	11.0
8/31/24	15	0.0	14.0
8/31/24	16	0.0	17.7
8/31/24	17	0.0	20.0
8/31/24	18	0.0	20.3
8/31/24	19	0.0	20.0
8/31/24	20	0.0	20.3
8/31/24	21	0.0	20.7
8/31/24	22	0.0	21.7
8/31/24	23	0.0	22.0
9/1/24	0	0.0	20.3
9/1/24	1	0.0	18.7
9/1/24	2	0.0	17.3
9/1/24	3	0.0	15.3
9/1/24	4	0.0	15.7
9/1/24	5	0.0	15.3
9/1/24	6	0.0	15.0
9/1/24	7	0.0	15.3
9/1/24	8	0.0	15.3
9/1/24	9	0.0	13.7
9/1/24	10	0.0	12.7
9/1/24	11	0.0	11.7
9/1/24	12	0.0	11.0
9/1/24	13	0.0	11.3
9/1/24	14	0.0	13.7
9/1/24	15	0.0	16.0
9/1/24	16	0.0	19.3
9/1/24	17	0.0	19.7
9/1/24	18	0.0	21.3
9/1/24	19	0.0	21.3
9/1/24	20	0.0	22.0
9/1/24	21	0.0	21.0
9/1/24	22	0.0	21.0
9/1/24	23	0.0	21.0
9/2/24	0	0.0	17.0
9/2/24	1	0.0	15.7
9/2/24	2	0.0	14.3
9/2/24	3	0.0	13.0
9/2/24	4	0.0	12.7
9/2/24	5	0.0	12.3
9/2/24	6	0.0	12.0
9/2/24	7	0.0	13.0
9/2/24	8	0.0	13.0
9/2/24	9	0.0	12.0
9/2/24	10	0.0	12.0
9/2/24	11	0.0	12.7
9/2/24	12	0.0	12.0
9/2/24	13	0.0	11.3
9/2/24	14	0.0	12.7
9/2/24	15	0.0	14.3
9/2/24	16	0.0	17.0
9/2/24	17	0.0	20.3
9/2/24	18	0.0	21.3
9/2/24	19	0.0	21.7
9/2/24	20	0.0	21.0
9/2/24	21	0.0	19.7
9/2/24	22	0.0	17.0
9/2/24	23	0.0	16.3
9/3/24	0	0.0	17.3
9/3/24	1	0.0	15.7
9/3/24	2	0.0	15.3
9/3/24	3	0.0	13.3
9/3/24	4	0.0	12.0
9/3/24	5	0.0	11.3
9/3/24	6	0.0	11.0
9/3/24	7	0.0	10.3
9/3/24	8	0.0	9.7
9/3/24	9	0.0	10.0
9/3/24	10	0.0	9.3
9/3/24	11	0.0	9.0
9/3/24	12	0.0	8.3
9/3/24	13	0.0	8.7
9/3/24	14	0.0	12.0
9/3/24	15	2.5	14.7
9/3/24	16	2.5	18.0
9/3/24	17	2.5	18.3
9/3/24	18	0.0	19.3
9/3/24	19	2.5	19.7
9/3/24	20	2.5	21.0
9/3/24	21	2.5	21.3
9/3/24	22	2.5	21.0
9/3/24	23	2.5	17.7
9/4/24	0	2.5	22.0
9/4/24	1	2.5	20.7
9/4/24	2	2.5	19.0
9/4/24	3	2.5	17.3
9/4/24	4	2.5	15.7
9/4/24	5	2.5	14.0
9/4/24	6	0.0	12.3
9/4/24	7	0.0	12.0
9/4/24	8	0.0	11.0
9/4/24	9	0.0	10.7
9/4/24	10	0.0	10.0
9/4/24	11	0.0	10.0
9/4/24	12	0.0	10.0
9/4/24	13	0.0	10.3
9/4/24	14	0.0	12.0
9/4/24	15	0.0	16.0
9/4/24	16	0.0	19.0
9/4/24	17	0.0	20.0
9/4/24	18	0.0	21.0
9/4/24	19	2.5	22.0
9/4/24	20	2.5	22.0
9/4/24	21	2.5	22.3
9/4/24	22	2.5	21.7
9/4/24	23	2.5	22.3
9/5/24	0	2.5	21.3
9/5/24	1	2.5	20.3
9/5/24	2	2.5	18.0
9/5/24	3	2.5	15.7
9/5/24	4	2.5	13.3
9/5/24	5	0.0	12.3
9/5/24	6	0.0	12.0
9/5/24	7	0.0	11.0
9/5/24	8	0.0	10.7
9/5/24	9	0.0	10.7
9/5/24	10	0.0	10.3
9/5/24	11	0.0	10.7
9/5/24	12	0.0	10.7
9/5/24	13	0.0	10.3
9/5/24	14	0.0	11.0
9/5/24	15	0.0	14.0
9/5/24	16	2.5	16.0
9/5/24	17	2.5	21.0
9/5/24	18	0.0	21.0
9/5/24	19	2.5	22.0
9/5/24	20	2.5	21.7
9/5/24	21	2.5	23.0
9/5/24	22	2.5	23.0
9/5/24	23	2.5	21.7
9/6/24	0	2.5	17.3
9/6/24	1	2.5	16.0
9/6/24	2	2.5	15.3
9/6/24	3	2.5	13.7
9/6/24	4	2.5	12.0
9/6/24	5	2.5	11.7
9/6/24	6	2.5	10.7
9/6/24	7	2.5	10.7
9/6/24	8	2.5	10.0
9/6/24	9	2.5	9.7
9/6/24	10	2.5	8.7
9/6/24	11	2.5	8.0
9/6/24	12	2.5	7.7
9/6/24	13	2.5	8.0
9/6/24	14	2.5	10.7
9/6/24	15	2.5	13.3
9/6/24	16	2.5	16.0
9/6/24	17	2.5	17.7
9/6/24	18	0.0	18.7
9/6/24	19	2.5	19.7
9/6/24	20	2.5	20.0
9/6/24	21	2.5	20.0
9/6/24	22	2.5	19.7
9/6/24	23	2.5	18.7
9/7/24	0	2.5	20.7
9/7/24	1	2.5	19.0
9/7/24	2	2.5	16.7
9/7/24	3	2.5	14.7
9/7/24	4	2.5	13.7
9/7/24	5	2.5	12.3
9/7/24	6	0.0	12.0
9/7/24	7	0.0	11.7
9/7/24	8	0.0	10.7
9/7/24	9	0.0	10.3
9/7/24	10	0.0	10.3
9/7/24	11	0.0	10.3
9/7/24	12	2.5	10.0
9/7/24	13	2.5	10.3
9/7/24	14	2.5	12.0
9/7/24	15	2.5	15.3
9/7/24	16	2.5	17.7
9/7/24	17	2.5	18.0
9/7/24	18	0.0	19.3
9/7/24	19	2.5	20.7
9/7/24	20	2.5	21.7
9/7/24	21	2.5	22.3
9/7/24	22	2.5	22.3
9/7/24	23	2.5	22.0
9/8/24	0	2.5	20.3
9/8/24	1	2.5	19.0
9/8/24	2	2.5	17.0
9/8/24	3	5.1	14.7
9/8/24	4	2.5	14.7
9/8/24	5	2.5	14.0
9/8/24	6	2.5	12.7
9/8/24	7	2.5	11.7
9/8/24	8	2.5	11.0
9/8/24	9	0.0	10.3
9/8/24	10	2.5	10.3
9/8/24	11	2.5	10.0
9/8/24	12	2.5	10.3
9/8/24	13	2.5	10.0
9/8/24	14	2.5	12.7
9/8/24	15	2.5	15.7
9/8/24	16	2.5	19.0
9/8/24	17	2.5	19.3
9/8/24	18	0.0	20.0
9/8/24	19	2.5	20.7
9/8/24	20	2.5	21.0
9/8/24	21	2.5	21.7
9/8/24	22	2.5	21.3
9/8/24	23	2.5	21.0
9/9/24	0	2.5	17.3
9/9/24	1	2.5	15.7
9/9/24	2	2.5	14.3
9/9/24	3	5.1	13.0
9/9/24	4	2.5	12.0
9/9/24	5	2.5	12.0
9/9/24	6	2.5	11.0
9/9/24	7	2.5	11.0
9/9/24	8	2.5	10.0
9/9/24	9	0.0	9.3
9/9/24	10	0.0	9.3
9/9/24	11	0.0	8.0
9/9/24	12	2.5	8.0
9/9/24	13	2.5	8.3
9/9/24	14	2.5	11.3
9/9/24	15	2.5	14.3
9/9/24	16	2.5	18.0
9/9/24	17	2.5	20.0
9/9/24	18	0.0	20.0
9/9/24	19	2.5	20.0
9/9/24	20	2.5	18.7
9/9/24	21	2.5	19.7
9/9/24	22	2.5	18.7
9/9/24	23	2.5	17.3
9/10/24	0	2.5	16.0
9/10/24	1	2.5	15.0
9/10/24	2	2.5	13.7
9/10/24	3	5.1	12.7
9/10/24	4	5.1	11.7
9/10/24	5	2.5	11.0
9/10/24	6	0.0	10.0
9/10/24	7	0.0	9.7
9/10/24	8	0.0	9.7
9/10/24	9	0.0	8.5
9/10/24	10	0.0	8.3
9/10/24	11	0.0	8.0
9/10/24	12	0.0	7.7
9/10/24	13	2.5	8.7
9/10/24	14	2.5	12.0
9/10/24	15	2.5	14.7
9/10/24	16	2.5	18.3
9/10/24	17	2.5	20.3
9/10/24	18	0.0	21.0
9/10/24	19	2.5	20.0
9/10/24	20	2.5	18.3
9/10/24	21	2.5	18.7
9/10/24	22	2.5	19.7
9/10/24	23	2.5	17.0
9/11/24	0	2.5	16.0
9/11/24	1	2.5	14.3
9/11/24	2	2.5	13.0
9/11/24	3	5.1	12.0
9/11/24	4	5.1	11.0
9/11/24	5	2.5	10.7
9/11/24	6	0.0	10.0
9/11/24	7	0.0	10.0
9/11/24	8	0.0	10.0
9/11/24	9	0.0	10.0
9/11/24	10	0.0	10.0
9/11/24	11	0.0	10.0
9/11/24	12	0.0	10.0
9/11/24	13	0.0	10.3
9/11/24	14	2.5	11.3
9/11/24	15	2.5	13.3
9/11/24	16	2.5	15.0
9/11/24	17	2.5	18.5
9/11/24	18	0.0	17.0
9/11/24	19	2.5	19.3
9/11/24	20	2.5	18.3
9/11/24	21	2.5	15.3
9/11/24	22	2.5	17.3
9/11/24	23	2.5	17.0
9/12/24	0	2.5	19.0
9/12/24	1	2.5	17.7
9/12/24	2	2.5	16.3
9/12/24	3	5.1	16.0
9/12/24	4	5.1	15.7
9/12/24	5	2.5	14.7
9/12/24	6	0.0	14.3
9/12/24	7	0.0	14.7
9/12/24	8	0.0	14.7
9/12/24	9	0.0	14.3
9/12/24	10	0.0	14.0
9/12/24	11	0.0	14.3
9/12/24	12	0.0	13.7
9/12/24	13	0.0	13.3
9/12/24	14	0.0	14.7
9/12/24	15	2.5	16.0
9/12/24	16	2.5	17.3
9/12/24	17	2.5	16.7
9/12/24	18	0.0	18.7
9/12/24	19	2.5	16.0
9/12/24	20	2.5	15.3
9/12/24	21	2.5	17.0
9/12/24	22	2.5	19.3
9/12/24	23	2.5	20.0
9/13/24	0	2.5	19.7
9/13/24	1	2.5	18.0
9/13/24	2	2.5	17.3
9/13/24	3	2.5	16.3
9/13/24	4	2.5	15.7
9/13/24	5	2.5	15.0
9/13/24	6	0.0	15.3
9/13/24	7	0.0	15.0
9/13/24	8	0.0	14.0
9/13/24	9	0.0	12.5
9/13/24	10	0.0	11.3
9/13/24	11	0.0	10.7
9/13/24	12	2.5	9.0
9/13/24	13	2.5	8.0
9/13/24	14	2.5	11.0
9/13/24	15	2.5	14.3
9/13/24	16	2.5	16.5
9/13/24	17	2.5	17.7
9/13/24	18	0.0	18.7
9/13/24	19	2.5	19.0
9/13/24	20	2.5	19.3
9/13/24	21	2.5	20.0
9/13/24	22	5.1	20.3
9/13/24	23	5.1	20.7
9/14/24	0	5.1	19.3
9/14/24	1	5.1	17.0
9/14/24	2	5.1	15.7
9/14/24	3	5.1	13.0
9/14/24	4	2.5	11.7
9/14/24	5	2.5	10.3
9/14/24	6	2.5	9.3
9/14/24	7	2.5	9.0
9/14/24	8	2.5	8.0
9/14/24	9	2.5	8.0
9/14/24	10	2.5	8.0
9/14/24	11	2.5	8.3
9/14/24	12	2.5	7.3
9/14/24	13	5.1	7.7
9/14/24	14	2.5	11.0
9/14/24	15	2.5	14.0
9/14/24	16	2.5	17.7
9/14/24	17	2.5	17.0
9/14/24	18	0.0	18.7
9/14/24	19	2.5	20.0
9/14/24	20	2.5	20.7
9/14/24	21	5.1	21.0
9/14/24	22	2.5	20.7
9/14/24	23	2.5	20.0
9/15/24	0	2.5	21.3
9/15/24	1	2.5	19.0
9/15/24	2	5.1	17.3
9/15/24	3	2.5	15.0
9/15/24	4	5.1	13.0
9/15/24	5	5.1	11.7
9/15/24	6	2.5	11.0
9/15/24	7	2.5	10.0
9/15/24	8	2.5	10.0
9/15/24	9	2.5	10.0
9/15/24	10	2.5	10.0
9/15/24	11	2.5	10.7
9/15/24	12	2.5	11.0
9/15/24	13	2.5	11.0
9/15/24	14	2.5	13.7
9/15/24	15	2.5	14.3
9/15/24	16	2.5	12.7
9/15/24	17	2.5	19.3
9/15/24	18	0.0	20.7
9/15/24	19	2.5	21.3
9/15/24	20	2.5	21.7
9/15/24	21	2.5	22.0
9/15/24	22	2.5	22.7
9/15/24	23	2.5	22.3
9/16/24	0	2.5	17.0
9/16/24	1	2.5	16.3
9/16/24	2	2.5	14.7
9/16/24	3	2.5	13.3
9/16/24	4	5.1	13.0
9/16/24	5	2.5	12.7
9/16/24	6	2.5	13.3
9/16/24	7	2.5	14.3
9/16/24	8	0.0	15.0
9/16/24	9	0.0	13.7
9/16/24	10	0.0	11.7
9/16/24	11	0.0	11.3
9/16/24	12	2.5	10.0
9/16/24	13	2.5	9.7
9/16/24	14	2.5	10.0
9/16/24	15	2.5	10.0
9/16/24	16	2.5	9.7
9/16/24	17	2.5	14.7
9/16/24	18	0.0	17.0
9/16/24	19	2.5	18.7
9/16/24	20	2.5	19.0
9/16/24	21	2.5	19.7
9/16/24	22	2.5	18.5
9/16/24	23	2.5	18.0
9/17/24	0	2.5	12.3
9/17/24	1	2.5	10.7
9/17/24	2	2.5	11.0
9/17/24	3	5.1	11.0
9/17/24	4	5.1	12.0
9/17/24	5	2.5	13.0
9/17/24	6	2.5	13.0
9/17/24	7	0.0	13.0
9/17/24	8	0.0	13.0
9/17/24	9	0.0	13.0
9/17/24	10	0.0	13.0
9/17/24	11	2.5	13.0
9/17/24	12	2.5	13.0
9/17/24	13	2.5	13.0
9/17/24	14	2.5	13.3
9/17/24	15	2.5	13.3
9/17/24	16	2.5	13.7
9/17/24	17	2.5	10.3
9/17/24	18	0.0	12.7
9/17/24	19	2.5	13.3
9/17/24	20	2.5	13.7
9/17/24	21	2.5	15.0
9/17/24	22	2.5	14.3
9/17/24	23	2.5	14.0
9/18/24	0	2.5	13.7
9/18/24	1	2.5	12.3
9/18/24	2	2.5	11.3
9/18/24	3	2.5	10.7
9/18/24	4	2.5	9.7
9/18/24	5	2.5	8.7
9/18/24	6	2.5	8.0
9/18/24	7	0.0	7.7
9/18/24	8	0.0	7.0
9/18/24	9	0.0	7.0
9/18/24	10	0.0	7.0
9/18/24	11	0.0	6.3
9/18/24	12	2.5	5.3
9/18/24	13	2.5	5.0
9/18/24	14	2.5	8.0
9/18/24	15	2.5	11.3
9/18/24	16	2.5	13.0
9/18/24	17	2.5	13.3
9/18/24	18	0.0	10.0
9/18/24	19	2.5	9.7
9/18/24	20	2.5	13.7
9/18/24	21	2.5	14.7
9/18/24	22	2.5	15.0
9/18/24	23	2.5	15.0
9/19/24	0	2.5	15.7
9/19/24	1	2.5	13.3
9/19/24	2	2.5	11.7
9/19/24	3	5.1	10.7
9/19/24	4	5.1	9.7
9/19/24	5	5.1	9.7
9/19/24	6	5.1	8.3
9/19/24	7	5.1	8.0
9/19/24	8	5.1	7.3
9/19/24	9	5.1	7.0
9/19/24	10	5.1	7.0
9/19/24	11	5.1	6.7
9/19/24	12	5.1	6.3
9/19/24	13	5.1	6.3
9/19/24	14	5.1	8.7
9/19/24	15	5.1	12.0
9/19/24	16	2.5	15.3
9/19/24	17	2.5	15.0
9/19/24	18	0.0	16.3
9/19/24	19	2.5	17.0
9/19/24	20	2.5	17.7
9/19/24	21	2.5	18.0
9/19/24	22	5.1	18.0
9/19/24	23	5.1	17.0
9/20/24	0	5.1	16.7
9/20/24	1	5.1	15.7
9/20/24	2	5.1	14.0
9/20/24	3	5.1	13.3
9/20/24	4	5.1	12.3
9/20/24	5	5.1	12.3
9/20/24	6	5.1	13.0
9/20/24	7	2.5	13.0
9/20/24	8	2.5	13.0
9/20/24	9	2.5	13.0
9/20/24	10	2.5	13.7
9/20/24	11	2.5	14.3
9/20/24	12	2.5	13.7
9/20/24	13	2.5	13.0
9/20/24	14	2.5	13.3
9/20/24	15	2.5	14.7
9/20/24	16	2.5	16.3
9/20/24	17	2.5	16.0
9/20/24	18	0.0	17.7
9/20/24	19	2.5	18.3
9/20/24	20	2.5	20.3
9/20/24	21	2.5	19.7
9/20/24	22	2.5	19.0
9/20/24	23	2.5	17.7
9/21/24	0	2.5	18.3
9/21/24	1	2.5	16.3
9/21/24	2	2.5	13.7
9/21/24	3	5.1	12.0
9/21/24	4	5.1	10.0
9/21/24	5	2.5	9.7
9/21/24	6	2.5	8.3
9/21/24	7	2.5	8.0
9/21/24	8	0.0	8.0
9/21/24	9	0.0	7.3
9/21/24	10	2.5	7.3
9/21/24	11	2.5	6.3
9/21/24	12	2.5	6.0
9/21/24	13	2.5	7.0
9/21/24	14	2.5	10.5
9/21/24	15	2.5	14.3
9/21/24	16	2.5	17.3
9/21/24	17	2.5	17.0
9/21/24	18	0.0	18.0
9/21/24	19	2.5	20.0
9/21/24	20	2.5	19.7
9/21/24	21	2.5	20.0
9/21/24	22	2.5	20.0
9/21/24	23	2.5	19.7
9/22/24	0	2.5	8.3
9/22/24	1	2.5	7.7
9/22/24	2	2.5	6.7
9/22/24	3	5.1	6.0
9/22/24	4	5.1	5.0
9/22/24	5	2.5	3.3
9/22/24	6	2.5	3.0
9/22/24	7	2.5	3.0
9/22/24	8	0.0	3.0
9/22/24	9	0.0	3.0
9/22/24	10	0.0	3.0
9/22/24	11	0.0	4.0
9/22/24	12	2.5	3.7
9/22/24	13	2.5	4.3
9/22/24	14	2.5	5.0
9/22/24	15	2.5	5.0
9/22/24	16	2.5	6.0
9/22/24	17	2.5	16.7
9/22/24	18	0.0	15.7
9/22/24	19	2.5	11.3
9/22/24	20	2.5	7.3
9/22/24	21	2.5	7.3
9/22/24	22	2.5	8.0
9/22/24	23	2.5	8.3
9/23/24	0	2.5	11.3
9/23/24	1	2.5	10.3
9/23/24	2	2.5	9.0
9/23/24	3	5.1	7.7
9/23/24	4	5.1	6.7
9/23/24	5	2.5	6.0
9/23/24	6	0.0	5.3
9/23/24	7	0.0	5.0
9/23/24	8	0.0	5.0
9/23/24	9	0.0	4.3
9/23/24	10	0.0	3.7
9/23/24	11	0.0	3.0
9/23/24	12	0.0	3.3
9/23/24	13	2.5	3.7
9/23/24	14	2.5	6.0
9/23/24	15	2.5	9.0
9/23/24	16	2.5	12.0
9/23/24	17	2.5	7.0
9/23/24	18	0.0	9.7
9/23/24	19	2.5	11.3
9/23/24	20	2.5	12.7
9/23/24	21	2.5	12.7
9/23/24	22	2.5	13.0
9/23/24	23	2.5	12.0
9/24/24	0	2.5	14.0
9/24/24	1	2.5	13.0
9/24/24	2	2.5	11.0
9/24/24	3	5.1	9.3
9/24/24	4	5.1	7.7
9/24/24	5	2.5	7.3
9/24/24	6	2.5	6.5
9/24/24	7	0.0	6.0
9/24/24	8	0.0	6.0
9/24/24	9	0.0	5.7
9/24/24	10	0.0	5.3
9/24/24	11	0.0	5.0
9/24/24	12	2.5	5.0
9/24/24	13	2.5	5.7
9/24/24	14	2.5	7.7
9/24/24	15	2.5	11.0
9/24/24	16	2.5	14.7
9/24/24	17	2.5	14.7
9/24/24	18	0.0	15.3
9/24/24	19	2.5	16.0
9/24/24	20	2.5	15.7
9/24/24	21	2.5	16.7
9/24/24	22	2.5	16.7
9/24/24	23	2.5	15.7
9/25/24	0	2.5	18.0
9/25/24	1	2.5	15.7
9/25/24	2	2.5	14.0
9/25/24	3	5.1	11.7
9/25/24	4	5.1	10.5
9/25/24	5	2.5	10.3
9/25/24	6	2.5	10.0
9/25/24	7	0.0	10.0
9/25/24	8	0.0	9.7
9/25/24	9	2.5	9.7
9/25/24	10	2.5	9.7
9/25/24	11	2.5	9.7
9/25/24	12	2.5	8.5
9/25/24	13	2.5	9.0
9/25/24	14	2.5	12.0
9/25/24	15	2.5	15.7
9/25/24	16	2.5	19.0
9/25/24	17	2.5	17.0
9/25/24	18	0.0	18.3
9/25/24	19	2.5	20.0
9/25/24	20	2.5	20.3
9/25/24	21	2.5	21.0
9/25/24	22	2.5	20.3
9/25/24	23	2.5	20.0
9/26/24	0	2.5	20.3
9/26/24	1	2.5	18.7
9/26/24	2	2.5	15.7
9/26/24	3	5.1	13.7
9/26/24	4	5.1	12.3
9/26/24	5	2.5	12.0
9/26/24	6	2.5	11.0
9/26/24	7	0.0	11.0
9/26/24	8	2.5	10.3
9/26/24	9	2.5	10.0
9/26/24	10	2.5	10.0
9/26/24	11	2.5	10.0
9/26/24	12	2.5	10.0
9/26/24	13	2.5	10.3
9/26/24	14	2.5	12.0
9/26/24	15	2.5	16.0
9/26/24	16	2.5	20.0
9/26/24	17	2.5	21.0
9/26/24	18	0.0	22.0
9/26/24	19	2.5	23.0
9/26/24	20	2.5	23.0
9/26/24	21	2.5	23.0
9/26/24	22	2.5	23.0
9/26/24	23	2.5	22.3
9/27/24	0	2.5	20.3
9/27/24	1	2.5	18.3
9/27/24	2	2.5	15.7
9/27/24	3	5.1	13.3
9/27/24	4	5.1	12.3
9/27/24	5	2.5	11.3
9/27/24	6	2.5	11.0
9/27/24	7	2.5	10.0
9/27/24	8	2.5	10.0
9/27/24	9	2.5	9.7
9/27/24	10	2.5	9.0
9/27/24	11	2.5	8.7
9/27/24	12	2.5	9.0
9/27/24	13	2.5	10.0
9/27/24	14	2.5	12.7
9/27/24	15	2.5	16.7
9/27/24	16	2.5	19.7
9/27/24	17	2.5	21.0
9/27/24	18	0.0	21.7
9/27/24	19	2.5	21.7
9/27/24	20	2.5	22.3
9/27/24	21	2.5	22.0
9/27/24	22	5.1	22.0
9/27/24	23	5.1	21.3
9/28/24	0	5.1	17.0
9/28/24	1	2.5	16.0
9/28/24	2	2.5	16.0
9/28/24	3	5.1	15.3
9/28/24	4	5.1	14.3
9/28/24	5	5.1	13.0
9/28/24	6	2.5	12.3
9/28/24	7	2.5	12.0
9/28/24	8	0.0	11.7
9/28/24	9	0.0	12.7
9/28/24	10	0.0	13.0
9/28/24	11	2.5	11.7
9/28/24	12	2.5	11.3
9/28/24	13	2.5	12.0
9/28/24	14	2.5	14.3
9/28/24	15	2.5	17.3
9/28/24	16	2.5	19.7
9/28/24	17	2.5	21.7
9/28/24	18	-2537.5	22.0
9/28/24	19		22.7
9/28/24	20		20.7
9/28/24	21		18.3
9/28/24	22		18.0
9/28/24	23		17.3
9/29/24	0		19.5
9/29/24	1		16.7
9/29/24	2		15.0
9/29/24	3		14.0
9/29/24	4		13.0
9/29/24	5		12.3
9/29/24	6		12.3
9/29/24	7		12.3
9/29/24	8		12.0
9/29/24	9		14.3
9/29/24	10		13.3
9/29/24	11		12.7
9/29/24	12		12.0
9/29/24	13		11.3
9/29/24	14		13.3
9/29/24	15		17.0
9/29/24	16		19.5
9/29/24	17		21.3
9/29/24	18		22.0
9/29/24	19		22.3
9/29/24	20		21.7
9/29/24	21		21.0
9/29/24	22		21.3
9/29/24	23		21.0
			20.7
			21.7
			21.7
			22.7
			19.0
			17.0
			16.0
			0.0
